callsign,freq_mhz,city,state,class,erp_kw,lat,lon
KABN,0.96,Kenai,AK,B,1.0,60.56664,-151.13472
KAGV,1.11,Big Lake,AK,B,10.0,61.63364,-149.79556
KBBI,0.89,Homer,AK,A,10.0,59.66994,-151.44603
KBRW,0.68,Barrow,AK,A,10.0,71.25625,-156.52903
KBYR,0.7,Anchorage,AK,A,10.0,61.20639,-149.92444
KCAM,0.79,Glennallen,AK,B,5.0,62.11397,-145.53744
KCBF,0.82,Fairbanks,AK,A,10.0,64.80819,-147.49658
KCHU,0.77,Valdez,AK,A,9.7,61.11058,-146.26286
KDLG,0.67,Dillingham,AK,A,10.0,59.04453,-158.45414
KENI,0.65,Anchorage,AK,A,50.0,61.16556,-149.82831
KFAR,0.66,Fairbanks,AK,A,10.0,64.80819,-147.49658
KFBX,0.97,Fairbanks,AK,B,10.0,64.87958,-147.67714
KFQD,0.75,Anchorage,AK,A,50.0,61.33778,-150.03639
KGTL,0.62,Homer,AK,B,5.0,59.68356,-151.63297
KHAR,0.59,Anchorage,AK,B,5.0,61.11944,-149.89747
KIAM,0.63,Nenana,AK,B,10.0,64.47814,-149.0885
KICY,0.85,Nome,AK,A,50.0,64.48756,-165.31453
KIFW,1.23,Sitka,AK,B,1.0,57.05714,-135.33567
KINY,0.8,Juneau,AK,B,10.0,58.30106,-134.44233
KJNO,0.63,Juneau,AK,B,5.0,58.32939,-134.47317
KJNP,1.17,North Pole,AK,A,50.0,64.75903,-147.32631
KLAM,1.45,Cordova,AK,B,0.25,60.53836,-145.76169
KNOM,0.78,Nome,AK,A,25.0,64.48703,-165.30206
KNSA,0.93,Unalakleet,AK,B,4.2,63.88706,-160.69358
KOAN,1.08,Anchorage,AK,A,10.0,61.11944,-149.89747
KOTZ,0.72,Kotzebue,AK,A,10.0,66.83878,-162.57086
KPEN,0.84,Kenai,AK,B,5.0,60.50997,-151.27222
KSDP,0.83,Sand Point,AK,B,1.0,55.34944,-160.47256
KSLD,1.14,Soldotna,AK,B,10.0,60.52331,-151.05861
KSRM,0.92,Soldotna,AK,B,5.0,60.51303,-151.19083
KTKN,0.93,Ketchikan,AK,B,5.0,55.33911,-131.63864
KTZN,0.55,Anchorage,AK,B,5.0,61.16556,-149.82831
KVAK,1.23,Valdez,AK,B,1.0,61.12058,-146.25897
KVHZ,1.43,Wasilla,AK,B,1.0,61.61781,-149.28833
KVNT,1.02,Eagle River,AK,A,10.0,61.48472,-149.76611
KXXJ,1.33,Juneau,AK,B,10.0,58.30106,-134.44233
KYUK,0.64,Bethel,AK,A,10.0,60.78242,-161.88572
KZPA,0.9,Fort Yukon,AK,B,5.0,66.55633,-145.20372
WAAX,0.57,Gadsden,AL,B,5.0,33.97928,-86.00247
WABF,1.48,Mobile,AL,B,5.0,30.71992,-88.07111
WACQ,0.58,Tuskegee,AL,D,0.5,32.37681,-85.65772
WACT,1.42,Tuscaloosa,AL,D,5.0,33.17511,-87.555
WAFN,1.31,Somerville,AL,D,1.0,34.54036,-86.90417
WAGG,0.61,Birmingham,AL,B,5.0,33.49428,-86.8725
WALQ,1.13,Carrville,AL,D,25.0,32.45486,-85.93247
WANI,1.4,Opelika,AL,C,1.0,32.65736,-85.42411
WAPC,0.88,Clanton,AL,D,1.0,32.87528,-86.62489
WAPI,1.07,Birmingham,AL,B,50.0,33.55206,-86.91111
WARB,0.7,Dothan,AL,D,1.6,31.43878,-85.28939
WASG,0.54,Daphne,AL,D,2.5,30.74603,-88.09417
WATV,0.9,Birmingham,AL,D,0.845,33.5365,-86.88417
WAUD,1.23,Auburn,AL,C,1.0,32.62792,-85.46022
WAVU,0.63,Albertville,AL,D,1.0,34.23869,-86.16636
WAYE,1.22,Birmingham,AL,D,1.0,33.47706,-86.88333
WBHP,0.8,Decatur,AL,D,1.0,34.59869,-87.00667
WBHY,0.84,Mobile,AL,D,10.0,30.76408,-88.11
WBIB,1.11,Centreville,AL,D,1.0,32.96706,-87.15028
WBSA,1.3,Boaz,AL,D,1.0,34.21397,-86.15275
WBTG,1.29,Sheffield,AL,D,1.0,34.77425,-87.67058
WBXR,1.14,Hazel Green,AL,D,15.0,34.95314,-86.645
WCKA,0.81,Jacksonville,AL,B,50.0,33.84956,-85.76275
WCRL,1.57,Oneonta,AL,D,2.5,33.95456,-86.47219
WDIG,1.45,Dothan,AL,C,1.0,31.21961,-85.3705
WDJL,1.0,Huntsville,AL,D,1.1,34.77981,-86.65444
WDNG,1.45,Anniston,AL,C,1.0,33.66428,-85.84942
WDSA,1.32,Dothan,AL,D,1.0,31.2485,-85.38883
WEBJ,1.24,Brewton,AL,C,1.0,31.10989,-87.05997
WEIS,0.99,Centre,AL,D,1.0,34.15008,-85.68525
WENN,1.32,Birmingham,AL,D,5.0,33.5615,-86.86028
WERC,0.96,Birmingham,AL,B,5.0,33.534,-86.85194
WERM,1.22,Fairhope,AL,D,1.0,30.51103,-87.90361
WEUP,1.7,Huntsville,AL,B,10.0,34.75897,-86.64306
WEUV,1.19,Moulton,AL,D,2.5,34.48203,-87.30114
WFEB,1.34,Sylacauga,AL,C,1.0,33.17122,-86.23247
WFHK,1.43,Pell City,AL,D,5.0,33.58622,-86.32636
WFXO,1.05,Alexander City,AL,D,1.0,32.95094,-85.98525
WFZX,1.49,Anniston,AL,C,1.0,33.68761,-85.83025
WGAD,0.93,Rainbow City,AL,B,5.0,33.98567,-86.03747
WGMP,1.17,Montgomery,AL,D,0.85,32.45486,-86.29053
WGOK,0.9,Mobile,AL,B,1.0,30.70881,-88.06472
WGOL,0.92,Russellville,AL,D,1.0,34.51397,-87.71531
WGSV,1.27,Guntersville,AL,D,1.0,34.30869,-86.29553
WGYV,1.38,Greenville,AL,D,1.0,31.83375,-86.60192
WHBB,1.49,Selma,AL,C,1.0,32.43403,-87.01111
WHEP,1.31,Foley,AL,D,2.5,30.44408,-87.68108
WHIY,1.6,Huntsville,AL,B,5.0,34.75897,-86.64306
WHMA,1.39,Anniston,AL,B,5.0,33.70872,-85.85386
WHOG,1.12,Hobson City,AL,D,0.5,33.614,-85.85525
WHTY,1.46,Phenix City/Columbus,AL,B,4.0,32.43292,-84.9505
WIEZ,1.49,Decatur,AL,C,1.0,34.58731,-86.98694
WIJD,1.27,Prichard,AL,D,5.0,30.74603,-88.09417
WIXI,1.36,Jasper,AL,D,12.0,33.82011,-87.27389
WJAM,1.34,Selma,AL,C,1.0,32.42542,-86.99639
WJLD,1.4,Fairfield,AL,C,1.0,33.47678,-86.88361
WJLX,1.24,Jasper,AL,C,1.0,33.81511,-87.27194
WJNZ,1.0,Robertsdale,AL,D,1.0,30.53714,-87.705
WJOX,0.69,Birmingham,AL,B,50.0,33.45067,-86.92194
WJRD,1.15,Tuscaloosa,AL,B,20.0,33.24956,-87.60861
WJTW,1.48,Bridgeport,AL,D,1.0,34.94286,-85.70719
WJUS,1.31,Marion,AL,D,5.0,32.63597,-87.30222
WKAC,1.08,Athens,AL,D,5.0,34.83703,-86.97444
WKAX,1.5,Russellville,AL,D,1.0,34.52842,-87.71142
WKLF,1.0,Clanton,AL,D,1.0,32.83208,-86.69331
WKWL,1.23,Florala,AL,C,1.0,31.00572,-86.33133
WLAY,1.45,Muscle Shoals,AL,C,1.0,34.67731,-87.72086
WLDX,0.99,Fayette,AL,D,1.0,33.68511,-87.82114
WLOR,1.55,Huntsville,AL,D,50.0,34.85258,-86.65278
WLPR,0.96,Prichard,AL,D,6.0,30.76408,-88.11
WLVS,1.34,Florence,AL,C,1.0,34.79731,-87.66503
WLWE,1.36,Roanoke,AL,D,1.0,33.184,-85.40578
WMGJ,1.24,Gadsden,AL,C,1.0,34.00122,-86.02997
WMGY,0.8,Montgomery,AL,D,1.0,32.41361,-86.29028
WMHZ,1.34,Holt,AL,C,1.0,33.21456,-87.48944
WMMA,1.48,Irondale,AL,D,5.0,33.54844,-86.66556
WMSP,0.74,Montgomery,AL,B,10.0,32.42181,-86.16414
WMXB,1.28,Tuscaloosa,AL,B,5.0,33.21872,-87.56806
WNGL,1.41,Mobile,AL,B,5.0,30.70686,-88.06194
WNTM,0.71,Mobile,AL,B,1.0,30.72047,-88.05944
WNWF,1.47,Evergreen,AL,D,1.0,31.44156,-86.93553
WOOF,0.56,Dothan,AL,D,5.0,31.21822,-85.35272
WOPP,1.29,Opp,AL,B,2.5,31.291,-86.23078
WOZK,0.9,Ozark,AL,D,1.0,31.45544,-85.68272
WQCR,1.5,Alabaster,AL,D,2.3,33.20761,-86.75944
WRAB,1.38,Arab,AL,D,1.0,34.33508,-86.46861
WRBZ,1.25,Wetumpka,AL,D,2.0,32.41361,-86.29028
WRMG,1.43,Red Bay,AL,D,1.0,34.41428,-88.13642
WTAZ,1.58,Oxford,AL,D,2.5,33.59153,-85.82883
WTBC,1.23,Tuscaloosa,AL,C,1.0,33.21928,-87.50861
WTBF,0.97,Troy,AL,D,5.0,31.83489,-85.93328
WTDR,1.35,Gadsden,AL,B,5.0,34.01758,-86.08747
WTKI,1.45,Huntsville,AL,C,1.0,34.72508,-86.60417
WTLM,1.52,Opelika,AL,D,1.0,32.65736,-85.42411
WTLS,1.3,Tallassee,AL,D,1.2,32.51097,-85.89247
WTOF,1.11,Bay Minette,AL,D,10.0,30.86964,-87.76917
WTSK,0.79,Tuscaloosa,AL,D,5.0,33.18817,-87.58972
WTXK,1.21,Pike Road,AL,D,10.0,32.29264,-86.21719
WUMP,0.73,Madison,AL,D,1.0,34.69619,-86.73861
WURL,0.76,Moody,AL,D,1.0,33.58706,-86.47164
WVNA,1.59,Tuscumbia,AL,D,1.0,34.67731,-87.72086
WVNN,0.77,Athens,AL,D,7.0,34.75064,-86.79944
WVSA,1.38,Vernon,AL,D,5.0,33.79594,-88.11753
WVSM,1.5,Rainsville,AL,D,1.0,34.49897,-85.84275
WWGC,1.09,Albertville,AL,D,0.5,34.26453,-86.27886
WWIC,1.05,Scottsboro,AL,D,1.0,34.67314,-86.05303
WWTM,1.39,Mooresville,AL,D,0.35,34.67244,-86.81406
WXJC,0.85,Birmingham,AL,B,50.0,33.62372,-86.74583
WXKD,0.92,Brantley,AL,D,0.45,31.70739,-86.21994
WXQW,0.66,Fairhope,AL,D,10.0,30.59742,-87.88278
WXVI,1.6,Montgomery,AL,B,5.0,32.39458,-86.28914
WYAM,0.89,Hartselle,AL,D,2.5,34.56675,-86.91278
WYDE,1.26,Birmingham,AL,D,5.0,33.52483,-86.78611
WYEA,1.29,Sylacauga,AL,D,1.0,33.19556,-86.23389
WZGX,1.45,Bessemer,AL,C,1.0,33.42317,-86.95472
WZKD,0.95,Montgomery,AL,D,1.0,32.42153,-86.16442
WZMG,0.91,Pepperell,AL,D,0.65,32.65736,-85.42411
WZOB,1.25,Fort Payne,AL,D,5.0,34.43981,-85.75331
WZZA,1.41,Tuscumbia,AL,D,0.5,34.70814,-87.69308
KAAB,1.13,Batesville,AR,D,1.0,35.74453,-91.63931
KAAY,1.09,Little Rock,AR,B,50.0,34.60039,-92.22411
KAFN,0.69,Benton,AR,D,0.25,34.53258,-92.57128
KAGE,1.58,Van Buren,AR,D,1.0,35.39175,-94.33189
KAGH,0.8,Crossett,AR,D,0.24,33.13483,-91.94708
KARN,0.92,Little Rock,AR,B,5.0,34.77231,-92.24597
KARV,0.61,Russellville,AR,B,1.0,35.29897,-93.15267
KASZ,1.19,White Hall,AR,B,25.0,34.28369,-92.12764
KAWW,1.37,Heber Springs,AR,D,1.0,35.48619,-92.03486
KBHS,1.42,Hot Springs,AR,D,5.0,34.45536,-93.05739
KBJT,1.59,Fordyce,AR,D,4.7,33.80289,-92.43625
KBTA,1.34,Batesville,AR,C,1.0,35.74425,-91.63931
KBTM,1.23,Jonesboro,AR,C,1.0,35.84144,-90.66244
KCAB,0.98,Dardanelle,AR,D,5.0,35.22231,-93.16906
KCAT,1.34,Pine Bluff,AR,C,1.0,34.21317,-92.03153
KCCB,1.26,Corning,AR,D,1.0,36.40006,-90.58483
KDMS,1.29,El Dorado,AR,D,0.5,33.23736,-92.66517
KDQN,1.39,De Queen,AR,D,0.5,34.03261,-94.32881
KDRS,1.49,Paragould,AR,C,1.0,36.05033,-90.46233
KELD,1.4,El Dorado,AR,C,1.0,33.23736,-92.66517
KFAY,1.03,Farmington,AR,B,6.0,36.10953,-94.18381
KFFA,1.36,Helena,AR,D,1.0,34.52761,-90.63011
KFFK,1.39,Decatur,AR,D,0.8,36.4115,-94.45081
KFOG,1.25,Little Rock,AR,B,2.0,34.70147,-92.21736
KFPW,1.23,Fort Smith,AR,C,1.0,35.39175,-94.33189
KFSW,1.65,Ft. Smith,AR,B,10.0,35.27481,-94.45994
KGFL,1.11,Clinton,AR,D,5.0,35.55842,-92.45906
KGMR,1.36,Clarksville,AR,D,0.5,35.47258,-93.49131
KHGZ,0.67,Glenwood,AR,D,5.0,34.32567,-93.55769
KHOZ,0.9,Harrison,AR,D,1.0,36.24314,-93.11211
KISR,0.95,Fort Smith,AR,B,1.0,35.43286,-94.4705
KJBN,1.05,Little Rock,AR,D,1.0,34.76619,-92.29403
KLRG,0.88,Sheridan,AR,B,50.0,34.69342,-92.30597
KLTK,1.14,Centerton,AR,D,5.0,36.36397,-94.34828
KLYR,1.54,Ozark,AR,D,0.5,35.48786,-93.81214
KMTL,0.76,Sherwood,AR,D,10.0,34.82619,-92.20542
KNBY,1.28,Newport,AR,D,1.0,35.61064,-91.25069
KNEA,0.97,Jonesboro,AR,D,1.0,35.85481,-90.72928
KNHD,1.45,Camden,AR,C,1.0,33.56372,-92.84378
KNWA,1.6,Bellefonte,AR,D,1.0,36.24703,-93.08517
KOSE,0.86,Wilson,AR,D,1.0,35.68425,-89.98258
KPBI,1.25,Fayetteville,AR,D,0.92,36.04064,-94.27575
KPOC,1.42,Pocahontas,AR,D,1.0,36.27728,-90.95456
KQIS,1.34,Bethel Heights,AR,C,1.0,36.21203,-94.12742
KQPN,0.73,West Memphis,AR,B,1.0,35.24619,-90.14703
KREB,1.19,Gentry,AR,D,3.0,36.4115,-94.45081
KRLW,1.32,Walnut Ridge,AR,D,1.0,36.06619,-90.94011
KTCS,1.41,Fort Smith,AR,D,1.0,35.27786,-94.37661
KTHS,1.48,Green Forest,AR,D,5.0,36.36175,-93.56131
KTLO,1.24,Mountain Home,AR,C,0.83,36.35644,-92.35933
KTUV,1.44,Little Rock,AR,B,5.0,34.71286,-92.28014
KUOA,1.29,Siloam Springs,AR,D,5.0,36.19119,-94.56633
KURM,0.79,Rogers,AR,B,5.0,36.30286,-94.11325
KVDW,1.53,England,AR,D,2.5,34.54592,-91.98458
KVMA,0.63,Magnolia,AR,D,1.0,33.29986,-93.23267
KVOM,0.8,Morrilton,AR,D,0.25,35.15786,-92.76794
KVRC,1.24,Arkadelphia,AR,C,1.0,34.11092,-93.05044
KWAK,1.24,Stuttgart,AR,C,0.96,34.48567,-91.55986
KWHN,1.32,Fort Smith,AR,B,5.0,35.41703,-94.36522
KWXT,1.49,Dardanelle,AR,C,1.0,35.21897,-93.12739
KWYN,1.4,Wynne,AR,C,1.0,35.25619,-90.79678
KXJK,0.95,Forrest City,AR,D,5.0,34.98147,-90.85761
KYNG,1.59,Springdale,AR,D,2.5,36.207,-94.11944
KZNG,1.34,Hot Springs,AR,C,1.0,34.49536,-93.02433
KZTS,1.38,North Little Rock,AR,B,5.0,34.88036,-92.23375
KZYP,1.31,Malvern,AR,D,1.0,34.37369,-92.83017
WGUE,1.18,Turrell,AR,D,5.0,35.14203,-90.13508
KAAA,1.23,Kingman,AZ,C,1.0,35.16361,-114.07078
KAFF,0.93,Flagstaff,AZ,D,5.0,35.19056,-111.67767
KAJM,1.58,Tempe,AZ,B,24.0,33.38922,-111.99875
KAPR,0.93,Douglas,AZ,D,2.5,31.369,-109.52978
KATO,1.23,Safford,AZ,C,1.0,32.8295,-109.75508
KAZG,1.44,Scottsdale,AZ,D,5.0,33.47867,-111.94069
KAZM,0.78,Sedona,AZ,D,5.0,34.86056,-111.82056
KBLU,0.56,Yuma,AZ,B,1.0,32.72339,-114.64356
KBSZ,1.26,Apache Junction,AZ,D,4.5,33.38228,-111.53653
KCEE,0.69,Tucson,AZ,D,0.25,32.25314,-110.96286
KCUB,1.29,Tucson,AZ,B,1.0,32.27703,-110.98119
KCUZ,1.49,Clifton,AZ,C,1.0,33.04172,-109.29508
KCYK,1.4,Yuma,AZ,C,1.0,32.65172,-114.65106
KDJI,1.27,Holbrook,AZ,D,5.0,34.90586,-110.19094
KDRI,0.83,Tucson,AZ,B,50.0,32.44425,-111.0915
KDUS,1.06,Tempe,AZ,B,5.0,33.362,-111.96819
KFFN,1.49,Tucson,AZ,C,1.0,32.24897,-110.92536
KFLG,1.0,Bullhead City,AZ,D,1.0,35.16944,-114.63469
KFNN,1.51,Mesa,AZ,D,22.0,33.69281,-112.00319
KFNX,1.1,Cave Creek,AZ,B,50.0,33.79781,-111.99236
KFYI,0.55,Phoenix,AZ,B,5.0,33.38811,-112.00681
KGME,0.91,Phoenix,AZ,B,5.0,33.53336,-112.12236
KGMS,0.94,Tucson,AZ,B,1.0,32.20092,-111.01869
KGVY,1.08,Green Valley,AZ,D,1.0,31.92925,-110.99703
KHIL,1.25,Willcox,AZ,D,5.0,32.26675,-109.83339
KIDR,0.74,Phoenix,AZ,B,1.0,33.36533,-112.10903
KIHP,1.31,Mesa,AZ,B,3.4,33.362,-111.96819
KIKO,1.34,Apache Junction,AZ,C,1.0,33.38228,-111.53653
KJAA,1.24,Globe,AZ,C,1.0,33.38089,-110.75761
KKNT,0.96,Phoenix,AZ,B,5.0,33.69281,-112.00319
KMOG,1.42,Payson,AZ,D,3.0,34.26669,-111.31569
KNAI,0.86,Phoenix,AZ,B,0.94,33.42061,-112.12764
KNOT,1.45,Prescott,AZ,C,1.0,34.54503,-112.44683
KNST,0.79,Tucson,AZ,B,5.0,32.24842,-111.00897
KNTR,0.98,Lake Havasu City,AZ,D,1.0,34.50333,-114.35856
KNUV,1.19,Tolleson,AZ,D,0.64,33.49358,-112.13922
KNXN,1.47,Sierra Vista,AZ,D,2.5,31.54869,-110.24508
KOFA,1.32,Yuma,AZ,D,0.73,32.68975,-114.50092
KOY,1.23,Phoenix,AZ,C,1.0,33.43617,-112.11014
KPGE,1.34,Page,AZ,C,1.0,36.90556,-111.45794
KPHX,1.48,Phoenix,AZ,D,1.0,33.38922,-111.99875
KPXQ,1.36,Glendale,AZ,B,50.0,33.50783,-112.21767
KQNA,1.13,Prescott Valley,AZ,D,1.0,34.62947,-112.31683
KRVZ,1.4,Springerville,AZ,C,1.0,34.13811,-109.27147
KSAZ,0.58,Marana,AZ,B,5.0,32.45314,-111.28511
KSUN,1.4,Phoenix,AZ,C,1.0,33.38978,-111.99847
KTAN,1.42,Sierra Vista,AZ,B,1.5,31.54647,-110.27536
KTAR,0.62,Phoenix,AZ,B,5.0,33.47894,-112.00236
KTBA,0.76,Tuba City,AZ,D,0.25,36.13167,-111.25042
KTKT,0.99,Tucson,AZ,B,10.0,32.25536,-111.00953
KTNN,0.66,Window Rock,AZ,B,50.0,35.895,-109.14203
KTUC,1.4,Tucson,AZ,C,1.0,32.27703,-110.98119
KTZR,1.45,Tucson,AZ,C,1.0,32.20119,-110.94731
KUAZ,1.55,Tucson,AZ,D,50.0,32.37258,-111.09844
KVNA,0.6,Flagstaff,AZ,D,1.0,35.19056,-111.67767
KVOI,1.03,Cortaro,AZ,B,10.0,32.34758,-111.07261
KVWM,0.97,Show Low,AZ,D,5.0,34.21117,-110.00622
KXEG,1.28,Phoenix,AZ,D,2.5,33.49358,-112.13922
KXEW,1.6,South Tucson,AZ,B,1.0,32.19619,-110.98453
KXSL,1.47,Show Low,AZ,D,5.0,34.26364,-110.03928
KXXT,1.01,Tolleson,AZ,B,23.0,33.50781,-112.21767
KYBC,1.6,Cottonwood,AZ,D,1.0,34.72086,-111.99933
KYCA,1.49,Prescott,AZ,C,1.0,34.55086,-112.46322
KYET,1.17,Golden Valley,AZ,D,6.0,35.21306,-114.11467
KZZZ,1.49,Bullhead City,AZ,C,1.0,35.16889,-114.63858
KABC,0.79,Los Angeles,CA,B,6.6,34.01944,-118.34647
KAFY,1.1,Bakersfield,CA,B,4.2,35.44994,-118.94761
KAHI,0.95,Auburn,CA,B,5.0,38.85767,-121.02856
KAHZ,1.6,Pomona,CA,B,5.0,34.03,-117.72728
KALI,0.9,West Covina,CA,D,5.0,34.03,-117.72728
KATA,1.34,Arcata,CA,C,1.0,40.85347,-124.08478
KATD,0.99,Pittsburg,CA,B,10.0,38.50464,-121.18106
KAVL,0.61,Lancaster,CA,B,4.9,34.70608,-118.17758
KAZA,1.29,Gilroy,CA,D,1.5,36.96356,-121.4905
KAZN,1.3,Pasadena,CA,B,23.0,34.11889,-118.08256
KBFP,0.8,Bakersfield,CA,B,1.0,35.34553,-118.99344
KBIF,0.9,Fresno,CA,B,1.0,36.69161,-119.68042
KBLA,1.58,Santa Monica,CA,B,50.0,34.08556,-118.25758
KBLF,1.49,Red Bluff,CA,C,1.0,40.1935,-122.21667
KBOV,1.23,Bishop,CA,C,1.0,37.34547,-118.39622
KBRE,1.66,Merced,CA,B,10.0,37.278,-120.62742
KBRT,0.74,Costa Mesa,CA,D,50.0,33.82892,-117.63922
KCAA,1.05,Loma Linda,CA,D,1.4,33.98947,-117.18697
KCAL,1.41,Redlands,CA,B,2.0,34.11083,-117.15392
KCBC,0.77,Manteca,CA,B,50.0,37.79742,-120.88467
KCBL,1.34,Fresno,CA,C,1.0,36.76411,-119.78653
KCBQ,1.17,San Diego,CA,B,50.0,32.89506,-116.92614
KCBS,0.74,San Francisco,CA,B,50.0,38.13964,-122.53025
KCEO,1.0,Vista,CA,B,10.0,33.23281,-117.27058
KCFJ,0.57,Alturas,CA,D,5.0,41.30544,-120.51494
KCHJ,1.01,Delano,CA,B,5.0,35.81106,-119.32261
KCLU,1.34,Santa Barbara,CA,C,0.74,34.41878,-119.687
KCNR,1.46,Shasta,CA,B,0.75,40.55375,-122.3825
KCVR,1.57,Lodi,CA,B,1.0,38.08603,-121.21689
KCVV,1.24,Sacramento,CA,C,1.0,38.58797,-121.46911
KDAC,1.23,Fort Bragg,CA,C,1.0,39.44294,-123.78114
KDIA,1.64,Vallejo,CA,B,10.0,37.89547,-122.32525
KDOW,1.22,Palo Alto,CA,D,5.0,37.48439,-122.13553
KDYA,1.19,Vallejo,CA,D,3.0,38.13408,-122.42664
KEAR,0.61,San Francisco,CA,B,5.0,37.84936,-122.29664
KECR,0.91,El Cajon,CA,B,5.0,32.89561,-116.92642
KEIB,1.15,Los Angeles,CA,B,50.0,34.03333,-117.98422
KEJB,1.48,Eureka,CA,B,5.0,40.74097,-124.20256
KEJY,0.76,Eureka,CA,B,0.5,40.80042,-124.12867
KERI,1.41,Bakersfield,CA,B,1.0,35.35192,-118.959
KERN,1.23,Bakersfield,CA,C,1.0,35.34803,-119.01011
KESP,0.97,Modesto,CA,B,1.0,37.68964,-120.95439
KEST,1.45,San Francisco,CA,C,1.0,37.71606,-122.39497
KEYQ,0.98,Fresno,CA,D,0.5,36.74106,-119.85431
KEZY,1.24,San Bernardino,CA,C,0.7,34.07222,-117.29867
KFAX,1.1,San Francisco,CA,B,50.0,37.63217,-122.13136
KFBK,1.53,Sacramento,CA,A,50.0,38.84822,-121.48383
KFI,0.64,Los Angeles,CA,A,50.0,33.87972,-118.01394
KFIA,0.71,Carmichael,CA,B,25.0,38.83267,-121.31856
KFIG,1.43,Fresno,CA,B,5.0,36.89078,-119.65931
KFIV,1.36,Modesto,CA,B,4.0,37.68964,-120.95439
KFOO,1.44,Riverside,CA,B,1.0,34.02669,-117.35839
KFOX,1.65,Torrance,CA,B,10.0,34.01944,-118.34564
KFPT,0.79,Clovis,CA,B,5.0,36.84411,-119.68792
KFRN,1.28,Long Beach,CA,B,0.43,33.89169,-118.18564
KFSD,1.45,Escondido,CA,C,1.0,33.11725,-117.12003
KFSG,1.69,Roseville,CA,B,10.0,38.74767,-121.49356
KFSQ,1.27,Thousand Palms,CA,B,5.0,33.85114,-116.39417
KFWB,0.98,Los Angeles,CA,B,5.0,34.06972,-118.19397
KGB,0.76,San Diego,CA,B,5.0,32.84256,-117.02586
KGBA,1.49,Heber,CA,C,1.0,32.742,-115.55306
KGBN,1.19,Anaheim,CA,B,20.0,33.945,-117.86311
KGED,1.68,Fresno,CA,B,10.0,36.66022,-119.68458
KGEN,1.37,Tulare,CA,D,0.71,36.20439,-119.56567
KGEO,1.18,Wasco-Greenacres,CA,B,10.0,35.57133,-119.32483
KGSV,0.66,Oildale,CA,B,8.0,35.45272,-118.94536
KHJ,0.93,Los Angeles,CA,B,5.0,34.08556,-118.25758
KHOT,1.25,Madera,CA,D,0.5,36.96606,-120.036
KHPY,1.67,Moreno Valley,CA,B,10.0,34.01169,-117.18503
KHTK,1.14,Sacramento,CA,B,50.0,38.39269,-121.19856
KHTS,1.22,Canyon Country,CA,B,1.0,34.46528,-118.40286
KHTY,0.97,Bakersfield,CA,B,1.0,35.44994,-118.94761
KIFM,1.32,West Sacramento,CA,B,5.0,38.63631,-121.55356
KIGS,0.62,Hanford,CA,B,1.0,36.32633,-119.56736
KIHC,0.89,Arroyo Grande,CA,B,5.0,35.14553,-120.52183
KIHH,1.4,Eureka,CA,C,0.79,40.80264,-124.13894
KIID,1.47,Sacramento,CA,B,5.0,38.59158,-121.46383
KION,1.46,Salinas,CA,B,10.0,36.73303,-121.59328
KIQI,1.01,San Francisco,CA,B,10.0,37.82603,-122.31136
KIQS,1.56,Willows,CA,D,0.25,39.52878,-122.17025
KIRN,0.67,Simi Valley,CA,B,5.0,34.31944,-118.71647
KIRV,1.51,Fresno,CA,D,10.0,36.71161,-119.83403
KIXW,0.96,Apple Valley,CA,D,5.0,34.51667,-117.22728
KJAY,1.43,Sacramento,CA,D,0.5,38.50464,-121.56189
KJDJ,1.03,San Luis Obispo,CA,B,2.5,35.29942,-120.67433
KJOP,1.24,Lemoore,CA,C,0.25,36.313,-119.73097
KJPG,1.05,Frazier Park,CA,D,10.0,35.02442,-118.919
KJPR,1.33,Shasta Lake City,CA,B,1.0,40.67986,-122.26806
KKDD,1.29,San Bernardino,CA,B,5.0,34.12417,-117.23808
KKGX,0.92,Palm Springs,CA,B,5.0,33.85808,-116.495
KKJL,1.4,San Luis Obispo,CA,C,1.0,35.26414,-120.66656
KKMC,0.88,Gonzales,CA,B,10.0,36.56275,-121.43578
KKSF,0.91,Oakland,CA,B,20.0,37.89575,-122.32469
KKSM,1.32,Oceanside,CA,B,0.5,33.20225,-117.33892
KKXX,0.93,Paradise,CA,D,1.0,39.72683,-121.68025
KKZI,1.31,Barstow,CA,D,1.0,34.91414,-117.01864
KLAA,0.83,Orange,CA,B,50.0,33.92864,-117.61672
KLAC,0.57,Los Angeles,CA,B,5.0,34.06972,-118.19425
KLBS,1.33,Los Banos,CA,B,0.42,37.09744,-120.83186
KLHC,1.35,Bakersfield,CA,D,1.0,35.34969,-118.98122
KLIB,1.11,Roseville,CA,B,5.0,38.73933,-121.21494
KLIV,1.59,San Jose,CA,B,6.2,37.32967,-121.86717
KLLK,1.25,Willits,CA,B,5.0,39.39933,-123.32333
KLOA,1.24,Ridgecrest,CA,C,0.82,35.63439,-117.67172
KLOC,1.39,Turlock,CA,B,5.0,37.52994,-120.69464
KLOK,1.17,San Jose,CA,B,50.0,37.35772,-121.87244
KLSD,1.36,San Diego,CA,B,5.0,32.73033,-117.08447
KLTX,1.39,Long Beach,CA,B,5.0,33.89169,-118.18508
KLXR,1.23,Redding,CA,C,1.0,40.55375,-122.3825
KLZN,1.49,Susanville,CA,C,0.95,40.44378,-120.64411
KMBX,0.7,Soledad,CA,B,2.5,36.46414,-121.29881
KMBY,1.24,Monterey,CA,C,1.0,36.61553,-121.89939
KMET,1.49,Banning,CA,C,1.0,33.93031,-116.92308
KMJ,0.58,Fresno,CA,B,50.0,36.65911,-119.34733
KMJC,0.62,Mount Shasta,CA,D,1.0,41.31906,-122.31083
KMKY,1.31,Oakland,CA,B,5.0,37.82408,-122.32053
KMPC,1.54,Los Angeles,CA,B,50.0,34.07861,-118.18564
KMPG,1.52,Hollister,CA,D,5.0,36.83494,-121.41967
KMPH,0.84,Modesto,CA,B,5.0,37.70936,-120.72714
KMRB,1.43,San Gabriel,CA,B,50.0,34.11889,-118.08256
KMYC,1.41,Marysville,CA,B,5.0,39.13822,-121.55525
KMZT,1.26,Beverly Hills,CA,B,20.0,34.24917,-118.45481
KNBR,0.68,San Francisco,CA,A,50.0,37.54717,-122.23442
KNCO,0.83,Grass Valley,CA,B,5.0,39.21489,-121.01439
KNEW,0.96,Oakland,CA,B,5.0,37.82769,-122.31581
KNRO,1.4,Redding,CA,C,1.0,40.55847,-122.33111
KNSN,1.24,San Diego,CA,C,0.55,32.69422,-117.12225
KNWH,1.25,Yucca Valley,CA,D,0.8,34.13083,-116.37083
KNWQ,1.14,Palm Springs,CA,B,10.0,33.86086,-116.47306
KNWZ,0.97,Coachella,CA,B,5.0,33.68669,-116.15861
KNX,1.07,Los Angeles,CA,A,50.0,33.85975,-118.34981
KNZR,1.56,Bakersfield,CA,A,25.0,35.30831,-119.04706
KOBO,1.45,Yuba City,CA,C,0.166,39.10594,-121.65669
KOGO,0.6,San Diego,CA,B,9.0,32.84256,-117.02586
KOMY,1.34,La Selva Beach,CA,C,1.0,36.96189,-121.98192
KOSJ,1.49,Santa Barbara,CA,C,1.0,34.41889,-119.68708
KOSS,1.38,Lancaster,CA,D,1.0,34.71192,-118.17703
KOWL,1.49,South Lake Tahoe,CA,C,1.0,38.94269,-119.95794
KOXR,0.91,Oxnard,CA,B,5.0,34.28278,-119.12761
KPAY,1.29,Chico,CA,B,5.0,39.71044,-121.78886
KPMO,1.3,Mendocino,CA,D,5.0,39.34239,-123.78194
KPOD,1.24,Crescent City,CA,C,1.0,41.75956,-124.19231
KPRL,1.23,Paso Robles,CA,C,1.0,35.65608,-120.68572
KPRZ,1.21,San Marcos-Poway,CA,B,20.0,33.06947,-117.19392
KPWK,1.35,San Bernardino,CA,B,5.0,34.09361,-117.30006
KPYV,1.34,Oroville,CA,C,1.0,39.50878,-121.59942
KQEQ,1.21,Fowler,CA,B,5.0,36.7705,-119.92319
KQMS,1.67,Redding,CA,B,10.0,40.55847,-122.33111
KQTE,1.45,Helendale,CA,C,0.76,34.76664,-117.24756
KRAC,1.37,Red Bluff,CA,D,4.0,40.1935,-122.21667
KRDU,1.13,Dinuba,CA,B,5.0,36.48411,-119.26678
KRKC,1.49,King City,CA,C,1.0,36.22608,-121.12492
KRLA,0.87,Glendale,CA,B,50.0,34.13694,-118.22703
KRML,1.41,Carmel,CA,D,0.5,36.53636,-121.90467
KROP,1.3,Brawley,CA,B,1.0,33.11561,-115.5135
KRPU,1.21,Rocklin,CA,D,5.0,38.46269,-121.13133
KRRS,1.46,Santa Rosa,CA,D,1.0,38.37019,-122.72861
KRXA,0.54,Carmel Valley,CA,B,10.0,36.65997,-121.54244
KRZR,1.4,Visalia,CA,C,1.0,36.35383,-119.28483
KSAC,0.89,Olivehurst,CA,B,10.0,38.50797,-121.5805
KSBQ,1.48,Santa Maria,CA,D,1.0,34.95053,-120.49044
KSCO,1.08,Santa Cruz,CA,D,10.0,36.96153,-121.98203
KSDO,1.13,San Diego,CA,B,10.0,32.85117,-116.96503
KSFB,1.26,San Francisco,CA,B,5.0,37.71606,-122.39497
KSFN,1.51,Piedmont,CA,B,8.0,37.81714,-122.28719
KSFO,0.81,San Francisco,CA,A,50.0,37.52633,-122.10164
KSJX,1.5,San Jose,CA,B,10.0,37.35772,-121.87244
KSMA,1.24,Santa Maria,CA,C,1.0,34.95053,-120.49183
KSMH,1.62,West Sacramento,CA,B,10.0,38.58797,-121.46911
KSPA,1.51,Ontario,CA,B,10.0,34.09472,-117.61367
KSPN,0.71,Los Angeles,CA,B,34.0,34.11389,-117.99839
KSRO,1.35,Santa Rosa,CA,B,5.0,38.43936,-122.74861
KSTE,0.65,Rancho Cordova,CA,B,21.4,38.47964,-121.27828
KSTN,1.42,Stockton,CA,B,5.0,37.92547,-121.24661
KSUE,1.24,Susanville,CA,C,1.0,40.39572,-120.62875
KSZL,1.23,Barstow,CA,C,1.0,34.91219,-117.02836
KTAP,1.6,Santa Maria,CA,D,0.47,34.97997,-120.45433
KTCT,1.05,San Mateo,CA,B,50.0,37.6505,-122.15164
KTGE,1.57,Salinas,CA,B,5.0,36.66053,-121.54244
KTIE,0.59,San Bernardino,CA,B,2.5,34.07222,-117.29867
KTIP,1.45,Porterville,CA,C,1.0,36.09528,-119.05222
KTKZ,1.38,Sacramento,CA,B,5.0,38.50797,-121.5805
KTMS,0.99,Santa Barbara,CA,B,5.0,34.47083,-119.67681
KTNK,1.41,Lompoc,CA,D,0.5,34.66303,-120.38378
KTNQ,1.02,Los Angeles,CA,B,50.0,34.03333,-117.98422
KTNS,1.06,Oakhurst,CA,D,5.0,37.29606,-119.60736
KTOX,1.34,Needles,CA,C,1.0,34.85278,-114.62275
KTPI,1.34,Mojave,CA,C,1.0,35.03969,-118.15008
KTRB,0.86,San Francisco,CA,B,50.0,37.63244,-122.13081
KTYM,1.46,Inglewood,CA,B,5.0,34.0075,-118.36592
KUBA,1.6,Yuba City,CA,B,5.0,39.106,-121.65608
KUHL,1.44,Santa Maria,CA,B,5.0,34.98386,-120.45378
KUKI,1.4,Ukiah,CA,C,1.0,39.16822,-123.21389
KUNX,1.4,Santa Paula,CA,C,1.0,34.33,-119.09289
KURS,1.04,San Diego,CA,D,0.36,32.69422,-117.12225
KUTY,1.47,Palmdale,CA,B,5.0,34.66528,-118.012
KUZZ,0.55,Bakersfield,CA,B,5.0,35.34025,-118.93956
KVEC,0.92,San Luis Obispo,CA,B,1.0,35.29942,-120.67433
KVEN,1.52,Port Hueneme,CA,B,10.0,34.16722,-119.13483
KVGC,1.34,Jackson,CA,C,0.44,38.35575,-120.76994
KVIN,0.92,Ceres,CA,B,0.5,37.59686,-121.07189
KVIP,0.54,Redding,CA,D,2.5,40.62347,-122.28139
KVLI,1.14,Lake Isabella,CA,D,1.0,35.63217,-118.47619
KVMI,1.27,Tulare,CA,B,5.0,36.16828,-119.25428
KVML,1.45,Sonora,CA,C,0.94,38.00825,-120.36325
KVNR,1.48,Santa Ana,CA,B,5.0,33.75169,-117.91144
KVON,1.44,Napa,CA,B,5.0,38.26242,-122.28331
KVSM,1.38,Santa Maria,CA,B,0.65,34.97997,-120.45433
KVTA,1.59,Ventura,CA,B,5.0,34.23694,-119.20344
KVTO,1.4,Berkeley,CA,C,1.0,37.84936,-122.29664
KVTR,1.59,Victorville,CA,D,0.5,34.5375,-117.31256
KVVN,1.43,Santa Clara,CA,B,1.0,37.32967,-121.86717
KWAC,1.49,Bakersfield,CA,C,0.64,35.34806,-119.01
KWDJ,1.36,Ridgecrest,CA,D,1.0,35.61606,-117.64394
KWG,1.23,Stockton,CA,C,0.9,37.95936,-121.25883
KWKW,1.33,Los Angeles,CA,B,5.0,34.01944,-118.34647
KWQQ,1.32,Hemet,CA,B,0.5,33.74975,-116.99892
KWRM,1.37,Corona,CA,B,1.1,33.96931,-117.63456
KWRN,1.55,Apple Valley,CA,B,5.0,34.53667,-117.15697
KWRU,1.3,Fresno,CA,B,5.0,36.7705,-119.75097
KWST,1.43,El Centro,CA,D,1.0,32.80756,-115.53917
KWSW,0.98,Eureka,CA,B,5.0,40.80042,-124.12867
KWSX,1.28,Stockton,CA,B,1.0,37.98269,-121.2305
KWVE,1.11,Pasadena,CA,B,50.0,34.11389,-117.99839
KWXY,1.34,Cathedral City,CA,C,1.0,33.80197,-116.46306
KXBX,1.27,Lakeport,CA,D,0.5,39.01378,-122.89528
KXEX,1.55,Fresno,CA,B,5.0,36.7705,-119.92319
KXO,1.23,El Centro,CA,C,0.83,32.80672,-115.54639
KXTK,1.28,Arroyo Grande,CA,B,10.0,35.14553,-120.52183
KYAA,1.2,Soquel,CA,B,25.0,36.66053,-121.54244
KYNO,0.94,Fresno,CA,B,50.0,36.48883,-119.32678
KYNS,1.34,San Luis Obispo,CA,C,0.79,35.23414,-120.67683
KYOS,1.48,Merced,CA,D,4.3,37.29189,-120.43519
KYPA,1.23,Los Angeles,CA,C,1.0,34.08556,-118.25758
KZDG,1.55,San Francisco,CA,B,10.0,37.533,-122.27525
KZER,1.25,Santa Barbara,CA,B,2.5,34.41833,-119.81903
KZNB,1.49,Petaluma,CA,C,1.0,38.22686,-122.62247
KZSB,1.29,Santa Barbara,CA,D,0.5,34.41889,-119.68708
KZSF,1.37,San Jose,CA,B,5.0,37.35772,-121.87244
KZSJ,1.12,San Martin,CA,D,5.0,36.96356,-121.4905
KAMP,1.43,Aurora,CO,B,10.0,39.56306,-104.92997
KAVP,1.45,Colona,CO,C,1.0,38.38778,-107.67506
KBGV,1.24,Monte Vista,CO,C,1.0,37.60278,-106.15003
KBJD,1.65,Denver,CO,B,10.0,39.79889,-104.97053
KBLJ,1.4,La Junta,CO,C,1.0,37.98722,-103.56744
KBNO,1.28,Denver,CO,B,5.0,39.60139,-104.98053
KCEG,0.89,Fountain,CO,D,2.5,38.81889,-104.77608
KCFC,1.49,Boulder,CO,C,0.29,39.96469,-105.23583
KCOL,0.6,Wellington,CO,B,5.0,40.64997,-105.04803
KCRN,1.12,Limon,CO,D,50.0,39.27444,-104.16219
KCRT,1.24,Trinidad,CO,C,0.25,37.14586,-104.51219
KCSF,1.3,Colorado Springs,CO,B,5.0,38.81278,-104.81469
KCSJ,0.59,Pueblo,CO,B,1.0,38.35833,-104.63747
KDCO,1.34,Denver,CO,C,1.0,39.68333,-105.00719
KDFD,0.76,Thornton,CO,B,50.0,40.00914,-104.93969
KDGO,1.24,Durango,CO,C,1.0,37.305,-107.85756
KDMT,1.69,Arvada,CO,B,10.0,39.65583,-105.07469
KDZA,1.23,Pueblo,CO,C,1.0,38.27778,-104.65469
KEPN,1.6,Lakewood,CO,B,5.0,39.65556,-105.07497
KFCS,1.58,Colorado Springs,CO,D,10.0,38.71972,-104.72164
KFEL,0.97,Pueblo,CO,D,3.2,38.26583,-104.67942
KFKA,1.31,Greeley,CO,B,5.0,40.36553,-104.73275
KFTM,1.4,Fort Morgan,CO,C,1.0,40.25469,-103.84772
KGIW,1.45,Alamosa,CO,C,1.0,37.47222,-105.85419
KGKG,1.34,Salida,CO,C,1.0,38.53194,-106.01556
KGLN,0.98,Glenwood Springs,CO,B,2.0,39.55275,-107.33061
KGNU,1.39,Denver,CO,D,5.0,39.65806,-105.01414
KGRE,1.45,Greeley,CO,C,1.0,40.43747,-104.72414
KHNC,1.36,Johnstown,CO,B,10.0,40.38636,-104.90581
KHOW,0.63,Denver,CO,B,5.0,39.90997,-104.91442
KIIX,1.41,Fort Collins,CO,B,1.0,40.59275,-105.10553
KIUP,0.93,Durango,CO,D,5.0,37.305,-107.85756
KIXD,1.48,Pueblo,CO,D,1.0,38.31556,-104.61803
KJJD,1.17,Windsor,CO,D,1.0,40.46275,-104.91358
KJMP,0.87,Pierce,CO,B,1.2,40.60692,-104.68914
KJOL,0.62,Grand Junction,CO,D,5.0,39.12636,-108.63758
KJYE,1.4,Delta,CO,C,1.0,38.76053,-108.09175
KKCL,1.55,Golden,CO,B,0.99,39.89192,-105.23944
KKSB,1.23,Steamboat Springs,CO,C,1.0,40.48858,-106.84978
KKSE,0.95,Parker,CO,B,5.0,39.87497,-104.93386
KLDC,1.22,Denver,CO,D,1.0,39.65806,-105.01414
KLLV,0.55,Breen,CO,D,1.8,37.18389,-108.08231
KLMR,0.92,Lamar,CO,B,5.0,38.11472,-102.62158
KLTT,0.67,Commerce City,CO,B,50.0,39.95553,-104.73108
KLVG,0.78,Fountain,CO,D,0.5,38.81889,-104.77608
KLVZ,0.81,Brighton,CO,B,2.2,40.02803,-104.82303
KLZ,0.56,Denver,CO,B,5.0,39.84331,-104.95442
KMXA,1.09,Aurora,CO,B,50.0,39.66472,-104.65719
KNAB,1.14,Burlington,CO,D,1.0,39.29472,-102.26075
KNAM,1.49,Silt,CO,C,0.74,39.56025,-107.652
KNRV,1.15,Englewood,CO,B,10.0,39.605,-104.84081
KNUS,0.71,Denver,CO,B,5.0,39.95525,-104.85081
KNZZ,1.1,Grand Junction,CO,B,50.0,38.95164,-108.42008
KOA,0.85,Denver,CO,A,50.0,39.50611,-104.76636
KPKE,1.49,Gunnison,CO,C,1.0,38.56583,-106.92617
KPLS,1.51,Littleton,CO,B,10.0,39.86889,-104.92747
KPOF,0.91,Denver,CO,B,5.0,39.84639,-105.03358
KPPF,1.04,Monument,CO,D,15.0,38.81889,-104.77608
KQSC,1.53,Colorado Springs,CO,D,15.0,38.81889,-104.77608
KRAI,0.55,Craig,CO,B,5.0,40.54581,-107.53172
KRCN,1.06,Longmont,CO,D,50.0,40.28081,-104.94081
KRDO,1.24,Colorado Springs,CO,C,1.0,38.82861,-104.83942
KRDZ,1.44,Wray,CO,D,5.0,40.08222,-102.19075
KRKS,0.99,Denver,CO,B,6.5,39.79917,-104.97053
KRKY,0.93,Granby,CO,D,4.5,40.04056,-105.93697
KSIR,1.01,Brush,CO,B,25.0,40.31386,-103.59217
KSTC,1.23,Sterling,CO,C,1.0,40.61778,-103.17856
KTMM,1.34,Grand Junction,CO,C,1.0,39.12636,-108.63731
KUBC,0.58,Montrose,CO,B,5.0,38.42556,-107.88311
KUBE,1.35,Pueblo,CO,B,1.3,38.35778,-104.63917
KVCU,1.19,Boulder,CO,D,6.8,39.96469,-105.23583
KVFC,0.74,Cortez,CO,B,1.0,37.34944,-108.54203
KVOR,0.74,Colorado Springs,CO,B,3.3,39.08389,-104.71192
KWRP,0.69,Pueblo,CO,D,0.25,38.29667,-104.64692
KWUF,1.4,Pagosa Springs,CO,C,1.0,37.25667,-107.01892
KXJJ,1.57,Loveland,CO,D,1.0,40.49331,-105.18192
KXRE,1.49,Manitou Springs,CO,C,0.5,38.86194,-104.92608
KZNT,1.46,Colorado Springs,CO,B,5.0,38.82611,-104.74192
WADS,0.69,Ansonia,CT,D,3.2,41.34619,-73.11372
WATR,1.32,Waterbury,CT,B,5.0,41.53675,-73.03067
WATX,1.22,Hamden,CT,B,1.0,41.37731,-72.92844
WAVZ,1.3,New Haven,CT,B,1.0,41.28786,-72.94622
WAXB,0.85,Ridgefield,CT,D,2.5,41.29092,-73.48733
WBOM,1.47,Meriden,CT,B,2.5,41.554,-72.8015
WDRC,1.36,Hartford,CT,B,5.0,41.81317,-72.69564
WELI,0.96,New Haven,CT,B,5.0,42.37064,-72.93706
WFIF,1.5,Milford,CT,D,5.0,41.19258,-73.10094
WFNW,1.38,Naugatuck,CT,B,3.5,41.51067,-73.05456
WGCH,1.49,Greenwich,CT,C,1.0,41.02703,-73.63264
WHDD,1.02,Sharon,CT,D,2.5,41.97647,-73.52372
WICC,0.6,Bridgeport,CT,B,1.0,41.16008,-73.16428
WICH,1.31,Norwich,CT,B,5.0,41.55289,-72.07564
WILI,1.4,Willimantic,CT,C,1.0,41.71511,-72.18925
WINE,0.94,Brookfield,CT,D,0.68,41.49314,-73.42872
WINY,1.35,Putnam,CT,D,5.0,41.90289,-71.89481
WKND,1.48,Windsor,CT,D,0.5,41.85289,-72.67814
WLAD,0.8,Danbury,CT,B,1.0,41.37425,-73.44594
WLAT,0.91,New Britain,CT,B,5.0,41.71622,-72.80983
WLIS,1.42,Old Saybrook,CT,B,5.0,41.32733,-72.38869
WMRD,1.15,Middletown,CT,D,2.5,41.55733,-72.61981
WNEZ,1.23,Manchester,CT,C,1.0,41.77622,-72.55703
WNLK,1.35,Norwalk,CT,B,1.0,41.11508,-73.43456
WNTY,0.99,Southington,CT,D,2.5,41.58317,-72.88317
WNWW,1.29,West Hartford,CT,D,0.49,41.79678,-72.79675
WPOP,1.41,Hartford,CT,B,5.0,41.69289,-72.75147
WPRX,1.12,Bristol,CT,B,1.0,41.65817,-72.94706
WRYM,0.84,New Britain,CT,D,1.0,41.68622,-72.72925
WSDK,1.55,Bloomfield,CT,B,5.0,41.86317,-72.73314
WSHU,1.26,Westport,CT,D,0.688,41.12817,-73.39011
WSNG,0.61,Torrington,CT,B,1.0,41.75789,-73.05122
WSTC,1.4,Stamford,CT,C,0.78,41.04703,-73.52622
WTIC,1.08,Hartford,CT,A,50.0,41.77761,-72.80483
WWCO,1.24,Waterbury,CT,C,1.0,41.56647,-73.05594
WXLM,0.98,Groton,CT,D,1.0,41.38483,-72.06981
WYBC,1.34,New Haven,CT,C,1.0,41.29258,-72.95289
WZKZ,1.45,Bridgeport,CT,C,1.0,41.21953,-73.20178
WFED,1.5,Washington,DC,A,50.0,39.04206,-77.04608
WOL,1.45,Washington,DC,C,0.37,38.95539,-77.00386
WQOF,1.26,Washington,DC,B,35.0,38.99983,-77.05719
WSBN,0.63,Washington,DC,B,10.0,39.134,-77.30358
WTEM,0.98,Washington,DC,B,50.0,38.96206,-76.97303
WUST,1.12,Washington,DC,D,50.0,38.86928,-76.89608
WYCB,1.34,Washington,DC,C,1.0,38.95539,-77.00386
WDEL,1.15,Wilmington,DE,B,5.0,39.81594,-75.52964
WDOV,1.41,Dover,DE,B,5.0,39.20094,-75.56492
WILM,1.45,Wilmington,DE,C,1.0,39.73422,-75.5285
WJWL,0.9,Georgetown,DE,D,1.0,38.70733,-75.40492
WNCL,0.93,Milford,DE,D,0.5,38.92761,-75.48853
WSUX,1.28,Seaford,DE,B,0.84,38.61317,-75.58631
WTMC,1.38,Wilmington,DE,D,0.25,39.70011,-75.60769
WWTX,1.29,Wilmington,DE,D,2.5,39.73428,-75.52853
WACC,0.83,Hialeah,FL,B,4.1,25.77317,-80.42089
WAFC,0.59,Clewiston,FL,B,0.93,26.72978,-80.91339
WAFZ,1.49,Immokalee,FL,C,0.56,26.40981,-81.42981
WAJD,1.39,Gainesville,FL,D,5.0,29.66581,-82.29039
WAMA,1.55,Tampa,FL,D,10.0,27.91861,-82.39472
WAMT,1.19,Pine Castle Sky Lake,FL,B,4.7,28.46694,-81.37453
WAOC,1.42,St. Augustine,FL,B,2.0,29.85053,-81.33008
WAQI,0.71,Miami,FL,B,50.0,25.96897,-80.37867
WAUC,1.31,Wauchula,FL,B,5.0,27.53031,-81.81869
WAVP,1.39,Avon Park,FL,D,1.0,27.61808,-81.49675
WAVS,1.17,Davie,FL,B,5.0,26.07786,-80.21728
WAXY,0.79,South Miami,FL,B,5.0,25.75706,-80.63922
WAYR,0.55,Fleming Island,FL,B,5.0,30.07275,-81.78981
WBGC,1.24,Chipley,FL,C,1.0,30.77214,-85.55853
WBOB,0.6,Jacksonville,FL,B,50.0,30.30025,-81.75928
WBRD,1.42,Palmetto,FL,B,2.5,27.54531,-82.57425
WBSR,1.45,Pensacola,FL,C,1.0,30.45264,-87.2405
WBZT,1.23,West Palm Beach,FL,C,1.0,26.7595,-80.14422
WCCF,1.58,Punta Gorda,FL,B,1.25,26.89394,-82.05064
WCGL,1.36,Jacksonville,FL,D,5.0,30.27608,-81.63647
WCNZ,1.66,Marco Island,FL,B,10.0,25.99203,-81.62481
WCOA,1.37,Pensacola,FL,B,5.0,30.44964,-87.26303
WCVC,1.33,Tallahassee,FL,D,3.2,30.50964,-84.33517
WCXS,1.48,Arcadia,FL,D,1.0,27.22894,-81.85758
WDAE,0.62,St. Petersburg,FL,B,5.6,27.87725,-82.59039
WDBO,0.58,Orlando,FL,B,5.0,28.62,-81.40953
WDCF,1.35,Dade City,FL,B,1.0,28.33472,-82.18953
WDIZ,1.32,Venice,FL,B,5.0,27.10533,-82.39953
WDJA,1.42,Delray Beach,FL,B,5.0,26.45647,-80.09922
WDJZ,1.59,South Daytona,FL,D,1.0,29.20192,-81.02467
WDMC,0.92,Melbourne,FL,B,8.0,28.12114,-80.71978
WDSR,1.34,Lake City,FL,C,1.0,30.15578,-82.63706
WDVH,0.98,Gainesville,FL,D,5.0,29.62414,-82.28844
WDWR,1.23,Pensacola,FL,C,0.79,30.43331,-87.21908
WDYZ,0.66,Altamonte Springs,FL,B,3.5,28.69333,-81.34894
WEBY,1.33,Milton,FL,D,25.0,30.51825,-87.08219
WEFL,0.76,Tequesta,FL,B,3.0,26.99561,-80.19256
WELE,1.38,Ormond Beach,FL,B,5.0,29.26942,-81.08144
WENG,1.53,Englewood,FL,D,1.0,26.97117,-82.32314
WEWC,1.16,Callahan,FL,B,5.0,30.37469,-81.74094
WEXY,1.52,Wilton Manors,FL,B,5.0,26.17425,-80.15728
WFFG,1.3,Marathon,FL,B,2.5,24.69153,-81.10814
WFLA,0.97,Tampa,FL,B,25.0,28.02086,-82.60925
WFLF,0.54,Pine Hills,FL,B,50.0,28.48167,-81.66175
WFLL,1.4,Fort Lauderdale,FL,C,1.0,26.17397,-80.15756
WFOY,1.24,St. Augustine,FL,C,0.5,29.85053,-81.33008
WFRF,1.07,Tallahassee,FL,D,10.0,30.50964,-84.33517
WFTL,0.85,West Palm Beach,FL,B,50.0,26.54203,-80.74144
WFTW,1.26,Fort Walton Beach,FL,D,2.5,30.41381,-86.62772
WFXJ,0.93,Jacksonville,FL,B,5.0,30.28608,-81.74761
WGES,0.68,St. Petersburg,FL,D,0.8,27.85669,-82.62372
WGUL,0.86,Dunedin,FL,B,5.0,27.99892,-82.70011
WHBO,1.04,Pinellas Park,FL,B,3.6,27.84753,-82.77233
WHNR,1.36,Cypress Gardens,FL,B,5.0,28.02142,-81.70036
WHNZ,1.25,Tampa,FL,B,25.0,28.02086,-82.60925
WHOO,1.08,Winter Park,FL,D,6.0,28.46694,-81.37453
WHOT,1.59,Palm River-Clair Mel,FL,B,9.8,27.94808,-82.39619
WINZ,0.94,Miami,FL,B,50.0,25.96036,-80.27006
WIOD,0.61,Miami,FL,B,50.0,25.71122,-80.47506
WIPC,1.28,Lake Wales,FL,D,1.0,27.92531,-81.60425
WIRA,1.4,Fort Pierce,FL,C,1.0,27.43558,-80.36117
WITS,1.34,Sebring,FL,C,1.0,27.50864,-81.42203
WIWA,1.27,Eatonville,FL,B,25.0,28.56778,-81.42703
WIXC,1.06,Titusville,FL,B,50.0,28.66333,-80.92117
WIYD,1.26,Palatka,FL,D,0.4,29.65219,-81.59203
WJBR,1.01,Seffner,FL,B,50.0,27.99058,-82.25147
WJBW,1.0,Jupiter,FL,D,0.65,26.93922,-80.11644
WJCC,1.7,Miami Springs,FL,B,10.0,25.90092,-80.36367
WJCM,1.05,Sebring,FL,D,1.0,27.50864,-81.42203
WJNJ,1.32,Jacksonville,FL,D,16.0,30.32886,-81.69481
WJNO,1.29,West Palm Beach,FL,B,10.0,26.76422,-80.2045
WJNX,1.33,Fort Pierce,FL,B,5.0,27.45586,-80.367
WJSB,1.05,Crestview,FL,D,3.1,30.76714,-86.58522
WJXL,1.01,Jacksonville Beach,FL,B,50.0,30.29942,-82.00706
WJXO,1.58,Chattahoochee,FL,D,10.0,30.67075,-84.83547
WKAT,1.45,Miami,FL,C,1.0,25.83981,-80.1895
WKFL,1.17,Bushnell,FL,D,1.0,28.70889,-82.12647
WKIQ,1.24,Eustis,FL,C,0.79,28.83889,-81.69592
WKQK,1.3,Cocoa Beach,FL,B,5.0,28.34417,-80.76811
WKTZ,1.22,Jacksonville,FL,D,1.0,30.32525,-81.57064
WKWF,1.6,Key West,FL,B,0.5,24.57181,-81.74008
WLAA,1.6,Winter Garden,FL,D,2.2,28.56833,-81.51869
WLBE,0.79,Leesburg-Eustis,FL,B,5.0,28.82861,-81.78592
WLCC,0.76,Brandon,FL,B,10.0,28.02503,-82.28369
WLKF,1.43,Lakeland,FL,B,5.0,28.04114,-81.93536
WLQH,0.94,Chiefland,FL,D,0.78,29.51553,-82.88456
WLQY,1.32,Hollywood,FL,B,5.0,26.03175,-80.27811
WLSS,0.93,Sarasota,FL,B,5.0,27.35506,-82.38481
WLTG,1.43,Upper Grand Lagoon,FL,D,0.125,30.17908,-85.78189
WLVJ,1.02,Boynton Beach,FL,B,4.7,26.47425,-80.20283
WMBM,1.49,Miami Beach,FL,C,1.0,25.76983,-80.13617
WMEN,0.64,Royal Palm Beach,FL,B,7.5,26.75533,-80.36644
WMFJ,1.45,Daytona Beach,FL,C,1.0,29.22525,-81.02478
WMGG,1.47,Egypt Lake,FL,B,2.8,28.01197,-82.49786
WMMB,1.24,Melbourne,FL,C,1.0,28.07808,-80.59839
WMMV,1.35,Cocoa,FL,B,1.0,28.36639,-80.752
WMOP,0.9,Ocala,FL,D,2.7,29.23803,-82.12092
WMYM,0.99,Kendall,FL,B,7.5,25.62678,-80.52089
WMYR,1.41,Fort Myers,FL,B,5.0,26.62342,-81.85481
WNDB,1.15,Daytona Beach,FL,B,1.0,29.23525,-81.07172
WNDO,1.52,Apopka,FL,B,5.0,28.6525,-81.49425
WNMA,1.21,Miami Springs,FL,B,47.0,25.90036,-80.36339
WNNR,0.97,Jacksonville,FL,D,1.0,30.38581,-81.66758
WNRP,1.62,Gulf Breeze,FL,B,10.0,30.43686,-87.22025
WNTF,1.58,Bithlo,FL,D,10.0,28.53667,-81.08478
WNVY,1.07,Cantonment,FL,D,15.0,30.57992,-87.28831
WNZF,1.55,Bunnell,FL,D,5.5,29.46942,-81.26644
WOCA,1.37,Ocala,FL,D,5.0,29.20136,-82.15175
WOIR,1.43,Homestead,FL,B,5.0,25.45261,-80.51672
WOKB,1.68,Winter Garden,FL,B,10.0,28.56917,-81.51869
WOKC,1.57,Okeechobee,FL,D,0.8,27.21617,-80.81144
WOKV,0.69,Jacksonville,FL,B,50.0,30.13247,-81.69981
WONN,1.23,Lakeland,FL,C,1.0,28.04003,-81.96064
WONQ,1.03,Oviedo,FL,B,45.0,28.67528,-81.16644
WORL,0.95,Orlando,FL,B,12.0,28.53583,-81.44869
WOTS,1.22,Kissimmee,FL,D,1.0,28.32444,-81.39536
WPBR,0.98,Pompano Beach,FL,B,5.0,26.18056,-80.22058
WPCF,1.29,Panama City Beach,FL,D,0.27,30.17908,-85.78189
WPGS,0.84,Mims,FL,D,1.0,28.73917,-80.88367
WPLK,0.8,Palatka,FL,B,1.0,29.65219,-81.59203
WPNN,0.79,Pensacola,FL,D,1.0,30.45269,-87.24053
WPNS,1.14,Destin,FL,D,3.0,30.50964,-86.47606
WPRD,1.44,Winter Park,FL,B,5.0,28.58861,-81.38119
WPSL,1.59,Port St. Lucie,FL,D,5.0,27.30811,-80.307
WPSO,1.5,New Port Richey,FL,D,0.25,28.25944,-82.729
WPSP,1.19,Royal Palm Beach,FL,B,0.69,26.81728,-80.25172
WQAM,0.56,Miami,FL,B,4.1,25.83981,-80.1895
WQBA,1.14,Miami,FL,B,50.0,25.76789,-80.48589
WQBN,1.3,Temple Terrace,FL,D,5.0,27.94781,-82.39564
WQBQ,1.41,Leesburg,FL,D,5.0,28.78139,-81.89147
WQHL,1.25,Live Oak,FL,D,1.0,30.28744,-82.96542
WQOP,1.46,Jacksonville,FL,B,15.0,30.32803,-81.74678
WQOS,1.08,Coral Gables,FL,B,50.0,25.74844,-80.54617
WQVN,1.36,North Miami,FL,B,9.3,25.83981,-80.1895
WQXM,1.46,Bartow,FL,D,10.0,27.90975,-81.85786
WRBD,1.23,Gainesville,FL,C,1.0,29.68247,-82.41317
WRHC,1.55,Coral Gables,FL,B,0.5,25.74372,-80.31422
WRLZ,1.16,St. Cloud,FL,B,2.5,28.27111,-81.33311
WRNE,0.98,Gulf Breeze,FL,B,4.0,30.48575,-87.08358
WROD,1.34,Daytona Beach,FL,C,1.0,29.18886,-81.00756
WROS,1.05,Jacksonville,FL,D,5.0,30.35414,-81.739
WRSO,0.81,Orlovista,FL,D,2.0,28.57028,-81.43314
WRUF,0.85,Gainesville,FL,B,5.0,29.64303,-82.42011
WRZN,0.72,Hernando,FL,B,10.0,28.92275,-82.37231
WSBB,1.23,New Smyrna Beach,FL,C,1.0,29.03275,-80.91728
WSDO,1.4,Sanford,FL,C,1.0,28.80139,-81.25144
WSDV,1.45,Sarasota,FL,C,1.0,27.33672,-82.57344
WSIR,1.49,Winter Haven,FL,C,1.0,28.01419,-81.75036
WSOS,1.17,St. Augustine Beach,FL,D,0.71,29.91831,-81.39036
WSRF,1.58,Fort Lauderdale,FL,B,10.0,26.07786,-80.21728
WSRQ,1.22,Sarasota,FL,D,0.77,27.32422,-82.49592
WSTU,1.45,Stuart,FL,C,1.0,27.21506,-80.25644
WSUA,1.26,Miami,FL,B,50.0,25.77317,-80.42089
WSVU,0.96,North Palm Beach,FL,B,2.4,26.81728,-80.25172
WSWN,0.9,Belle Glade,FL,D,1.0,26.71228,-80.68283
WTAL,1.45,Tallahassee,FL,C,1.0,30.42908,-84.3285
WTAN,1.34,Clearwater,FL,C,1.0,27.97281,-82.7965
WTBN,0.57,Pinellas Park,FL,B,0.25,27.99947,-82.70011
WTIS,1.11,Tampa,FL,D,10.0,27.91864,-82.39481
WTJV,1.49,Deland,FL,C,1.0,29.01831,-81.2995
WTKE,1.49,Milton,FL,C,1.0,30.62519,-87.04831
WTLN,0.99,Orlando,FL,B,50.0,28.57444,-81.46258
WTLY,1.27,Tallahassee,FL,D,5.0,30.42908,-84.3285
WTMN,1.43,Gainesville,FL,D,10.0,29.62414,-82.28844
WTMP,1.15,Egypt Lake,FL,B,10.0,28.01197,-82.49786
WTMY,1.28,Sarasota,FL,D,0.3,27.33672,-82.57344
WTPA,1.34,Lantana,FL,C,0.81,26.62033,-80.08058
WTTB,1.49,Vero Beach,FL,C,1.0,27.62031,-80.41672
WTWB,1.57,Auburndale,FL,D,5.0,28.07586,-81.82175
WTWD,0.91,Plant City,FL,B,5.0,27.99086,-82.20842
WTYS,1.34,Marianna,FL,C,0.78,30.76353,-85.23103
WUNA,1.48,Ocoee,FL,D,1.0,28.55806,-81.54092
WURN,1.04,Miami,FL,B,50.0,25.84317,-80.41978
WVLG,0.64,Wildwood,FL,B,0.93,28.90469,-81.95981
WVOJ,1.57,Fernandina Beach,FL,D,10.0,30.67608,-81.45953
WVTJ,0.61,Pensacola,FL,D,0.5,30.45269,-87.24053
WVVO,1.14,Orlando,FL,D,5.0,28.58028,-81.42092
WWAB,1.33,Lakeland,FL,D,1.0,28.04475,-81.97425
WWBA,0.82,Largo,FL,B,50.0,27.90864,-82.78067
WWBC,1.51,Cocoa,FL,D,50.0,28.35361,-80.77894
WWBF,1.13,Bartow,FL,B,2.5,27.90892,-81.82564
WWCD,1.07,Solana,FL,B,1.8,26.89394,-82.05064
WWCL,1.44,Lehigh Acres,FL,B,5.0,26.60258,-81.55897
WWFE,0.67,Miami,FL,B,50.0,25.85786,-80.48089
WWFL,1.34,Clermont,FL,C,1.0,28.58333,-81.70508
WWJB,1.45,Brooksville,FL,C,1.0,28.55083,-82.41703
WWMI,1.38,St. Petersburg,FL,B,9.8,27.87114,-82.61733
WWNN,1.47,Pompano Beach,FL,B,30.0,26.18064,-80.22061
WWPR,1.49,Bradenton,FL,C,0.8,27.47697,-82.53564
WWRF,1.38,Lake Worth,FL,D,1.0,26.62311,-80.07197
WWTK,0.73,Lake Placid,FL,B,0.5,27.40725,-81.43203
WXBN,0.88,Sweetwater,FL,B,4.0,25.74928,-80.547
WXYB,1.52,Indian Rocks Beach,FL,D,1.0,27.84447,-82.77233
WYBT,1.0,Blountstown,FL,D,5.0,30.45436,-85.04214
WYGM,0.74,Orlando,FL,B,50.0,28.48167,-81.66175
WYMM,1.53,Jacksonville,FL,D,50.0,30.36414,-81.74817
WYND,1.31,Deland,FL,D,10.4,28.99942,-81.29811
WZAZ,1.4,Jacksonville,FL,C,1.0,30.31819,-81.53972
WZCC,1.24,Cross City,FL,C,1.0,29.60994,-83.13403
WZEP,1.46,Defuniak Springs,FL,D,10.0,30.72936,-86.11772
WZHR,1.4,Zephyrhills,FL,C,1.0,28.28194,-82.20814
WZKO,1.35,Fort Myers,FL,D,2.0,26.62564,-81.84119
WZNZ,1.6,Atlantic Beach,FL,D,2.7,30.32497,-81.42981
WZTA,1.37,Vero Beach,FL,D,1.0,27.60058,-80.39228
WAFS,1.19,Atlanta,GA,D,25.0,33.80956,-84.35381
WALG,1.59,Albany,GA,D,3.3,31.621,-84.15297
WAOK,1.38,Atlanta,GA,B,25.0,33.76094,-84.47825
WAOS,1.6,Austell,GA,D,20.0,33.80956,-84.65689
WAWO,1.4,Alma,GA,C,1.0,31.53075,-82.46236
WAYX,1.23,Waycross,GA,C,1.0,31.19383,-82.32292
WAZX,1.55,Smyrna,GA,D,50.0,33.85789,-84.64411
WBAF,1.09,Barnesville,GA,D,1.0,33.05375,-84.13519
WBBT,1.34,Lyons,GA,C,1.0,32.21353,-82.33178
WBGA,1.49,Brunswick,GA,C,0.6,31.16189,-81.47428
WBHF,1.45,Cartersville,GA,C,1.0,34.18592,-84.80356
WBIN,0.64,Atlanta,GA,B,50.0,33.76206,-84.45797
WBLJ,1.23,Dalton,GA,C,1.0,34.75611,-84.95097
WBML,1.35,Warner Robins,GA,B,15.0,32.61681,-83.64992
WBMZ,1.36,Metter,GA,D,1.0,32.39906,-82.04317
WBOJ,1.27,Columbus,GA,D,5.0,32.46514,-85.02272
WCEH,0.61,Hawkinsville,GA,D,0.5,32.28072,-83.4435
WCFO,1.16,East Point,GA,D,50.0,33.82622,-84.6055
WCGA,1.1,Woodbine,GA,D,10.0,31.04744,-81.74622
WCHK,1.29,Canton,GA,B,10.0,34.25231,-84.46353
WCHM,1.49,Clarkesville,GA,C,0.79,34.60758,-83.53739
WCLA,1.47,Claxton,GA,B,1.0,32.16714,-81.90178
WCNN,0.68,North Atlanta,GA,B,50.0,33.96178,-84.26325
WCON,1.45,Cornelia,GA,C,1.0,34.51594,-83.53878
WDAK,0.54,Columbus,GA,D,4.0,32.43292,-84.9505
WDAL,1.43,Dalton,GA,D,2.1,34.75611,-84.95097
WDCY,1.52,Douglasville,GA,D,2.7,33.76372,-84.68911
WDDO,0.98,Perry,GA,D,2.6,32.55569,-83.73714
WDMG,0.86,Douglas,GA,B,5.0,31.50658,-82.81931
WDPC,1.5,Dallas,GA,D,5.0,33.94456,-84.82439
WDUN,0.55,Gainesville,GA,B,10.0,34.33567,-83.79211
WDWD,0.59,Atlanta,GA,B,12.0,33.84539,-84.64439
WDXQ,1.44,Cochran,GA,D,0.94,32.41211,-83.36156
WDYN,0.98,Rossville,GA,D,2.5,34.96528,-85.29972
WEBS,1.03,Calhoun,GA,D,5.0,34.49036,-84.91772
WEZO,1.23,Augusta,GA,C,1.0,33.45403,-82.02956
WFAM,1.05,Augusta,GA,D,5.0,33.45569,-81.93844
WFDR,1.37,Manchester,GA,D,2.3,32.88736,-84.59825
WFNS,1.35,Blackshear,GA,D,2.5,31.31244,-82.23317
WFOM,1.23,Marietta,GA,C,1.0,33.92733,-84.50217
WFTD,1.08,Marietta,GA,D,50.0,34.02344,-84.668
WGAA,1.34,Cedartown,GA,C,1.0,34.03483,-85.25217
WGAC,0.58,Augusta,GA,B,5.0,33.51236,-82.07983
WGAU,1.34,Athens,GA,C,1.0,33.94122,-83.3985
WGGA,1.24,Gainesville,GA,C,1.0,34.31706,-83.82906
WGIG,1.44,Brunswick,GA,B,5.0,31.16883,-81.53706
WGJK,1.36,Rome,GA,D,0.5,34.26925,-85.183
WGKA,0.92,Atlanta,GA,B,14.0,33.80983,-84.35631
WGRA,0.79,Cairo,GA,D,1.0,30.90242,-84.23406
WGST,0.72,Hogansville,GA,D,7.97,33.06511,-84.95633
WGTJ,1.33,Murrayville,GA,D,1.0,34.37011,-83.94825
WGUN,0.95,Valdosta,GA,D,3.5,30.80381,-83.35544
WHGH,0.84,Thomasville,GA,D,10.0,30.79853,-83.93933
WHJD,0.92,Hazlehurst,GA,D,0.5,31.85436,-82.56653
WHLJ,1.4,Moultrie,GA,C,1.0,31.16547,-83.76544
WIFN,1.34,Atlanta,GA,C,1.0,33.749,-84.40714
WIGO,1.57,Morrow,GA,D,5.0,33.6015,-84.31103
WIHB,1.28,Macon,GA,D,5.0,32.80458,-83.60433
WIOL,1.58,Columbus,GA,D,2.1,32.45208,-84.97356
WISK,0.99,Lawrenceville,GA,D,2.5,33.95317,-83.97075
WJAT,0.8,Swainsboro,GA,B,1.0,32.58211,-82.35597
WJBB,1.3,Winder,GA,D,0.65,33.92789,-83.72683
WJEM,1.15,Valdosta,GA,D,2.3,30.84714,-83.23708
WJJC,1.27,Commerce,GA,D,1.0,34.21594,-83.43572
WJTH,0.9,Calhoun,GA,B,1.0,34.46119,-84.8955
WJUL,1.23,Hiawassee,GA,C,1.0,34.94286,-83.77406
WJYZ,0.96,Albany,GA,B,5.0,31.61822,-84.17519
WJZA,1.1,Hapeville,GA,D,5.0,33.72872,-84.32214
WKEU,1.45,Griffin,GA,C,1.0,33.24011,-84.24853
WKKP,1.41,Mcdonough,GA,D,2.5,33.42983,-84.13103
WKLY,0.98,Hartwell,GA,D,1.0,34.35789,-82.97625
WKNG,1.06,Tallapoosa,GA,D,15.0,33.73511,-85.25217
WKTF,1.55,Vienna,GA,D,10.0,32.12989,-83.79544
WKUN,1.49,Monroe,GA,C,1.0,33.81039,-83.70017
WKVQ,1.54,Eatonton,GA,D,10.0,33.32208,-83.41739
WKWN,1.42,Trenton,GA,D,2.5,34.86203,-85.49969
WLAG,1.24,La Grange,GA,C,1.0,33.04011,-85.02411
WLAQ,1.41,Rome,GA,B,1.0,34.26008,-85.20522
WLBA,1.13,Gainesville,GA,D,10.0,34.27928,-83.77572
WLBB,1.33,Carrollton,GA,D,1.0,33.5715,-85.0505
WLOP,1.37,Jesup,GA,D,5.0,31.60189,-81.93317
WLOV,1.37,Washington,GA,D,1.0,33.73403,-82.71931
WLTA,1.4,Alpharetta,GA,C,1.0,34.06372,-84.27603
WMAC,0.94,Macon,GA,B,50.0,32.88514,-83.73047
WMDG,1.26,East Point,GA,D,5.1,33.6965,-84.47464
WMGE,1.67,Dry Branch,GA,B,10.0,32.80458,-83.60433
WMGR,0.93,Bainbridge,GA,D,5.0,30.90667,-84.55028
WMLB,1.69,Avondale Estates,GA,B,10.0,33.80956,-84.35381
WMLT,1.33,Dublin,GA,D,1.0,32.56378,-82.87153
WMNZ,1.05,Montezuma,GA,D,0.25,32.29822,-84.03381
WMTM,1.3,Moultrie,GA,D,5.0,31.17019,-83.74711
WMVG,1.45,Milledgeville,GA,C,1.0,33.08292,-83.25017
WNEA,1.3,Newnan,GA,D,1.0,33.37539,-84.7855
WNEG,0.63,Toccoa,GA,D,5.0,34.56789,-83.32378
WNIV,0.97,Atlanta,GA,D,5.0,33.80983,-84.35381
WOKA,1.31,Douglas,GA,D,0.5,31.52353,-82.87264
WOKS,1.34,Columbus,GA,C,1.0,32.45208,-84.97356
WPAA,1.19,St. Marys,GA,D,1.8,30.76333,-81.61083
WPAX,1.24,Thomasville,GA,C,1.0,30.83711,-83.97894
WPBS,1.04,Conyers,GA,D,50.0,33.68094,-84.02881
WPCH,1.31,West Point,GA,D,1.0,32.89681,-85.15661
WPEH,1.42,Louisville,GA,D,1.0,33.01347,-82.39236
WPGY,1.58,Ellijay,GA,D,0.5,34.69925,-84.47825
WPLO,0.61,Grayson,GA,D,1.5,33.95317,-83.97075
WPTB,0.85,Statesboro,GA,D,1.0,32.46572,-81.83261
WQCH,1.59,Lafayette,GA,D,5.0,34.71564,-85.26772
WQXI,0.79,Atlanta,GA,B,28.0,33.81178,-84.35353
WRCG,1.42,Columbus,GA,D,5.0,32.46514,-85.02272
WRFC,0.96,Athens,GA,B,5.0,33.99928,-83.4335
WRGA,1.47,Rome,GA,B,5.0,34.30147,-85.15522
WRLA,1.49,West Point,GA,C,1.0,32.87403,-85.19217
WROM,0.71,Rome,GA,D,1.0,34.25314,-85.15522
WRWH,1.35,Cleveland,GA,D,1.0,34.58647,-83.76683
WRZX,1.4,Newnan,GA,C,0.7,33.37539,-84.7855
WSB,0.75,Atlanta,GA,A,50.0,33.844,-84.25325
WSEG,1.4,Savannah,GA,C,0.65,32.07492,-81.07122
WSFB,1.49,Quitman,GA,C,1.0,30.78103,-83.57489
WSFN,0.79,Brunswick,GA,D,0.5,31.14467,-81.58206
WSNT,1.49,Sandersville,GA,C,1.0,32.97322,-82.80931
WSOK,1.23,Savannah,GA,C,1.0,32.0705,-81.07817
WSRA,1.25,Albany,GA,D,1.0,31.61683,-84.15881
WSTT,0.73,Thomasville,GA,D,5.0,30.71325,-84.13878
WTHB,1.55,Augusta,GA,D,5.0,33.50014,-81.934
WTIF,1.34,Tifton,GA,C,1.0,31.47131,-83.48656
WTKS,1.29,Savannah,GA,B,5.3,32.08936,-81.14594
WTNL,1.39,Reidsville,GA,D,0.28,32.08742,-82.12983
WTTI,1.53,Dalton,GA,D,1.0,34.78425,-85.04522
WTWA,1.24,Thomson,GA,C,0.6,33.47236,-82.51708
WUFE,1.26,Baxley,GA,D,5.0,31.79936,-82.41181
WUFF,0.71,Eastman,GA,D,2.5,32.22183,-83.21767
WUXL,1.4,Macon,GA,C,1.0,32.85208,-83.65294
WVGC,1.4,Elberton,GA,C,1.0,34.114,-82.88097
WVLD,1.45,Valdosta,GA,C,0.86,30.83492,-83.29906
WVOP,0.97,Vidalia,GA,D,4.0,32.22019,-82.43514
WWNS,1.24,Statesboro,GA,C,0.71,32.45544,-81.77428
WWSZ,1.42,Decatur,GA,D,1.0,33.78706,-84.24797
WWWE,1.31,Decatur,GA,D,2.5,33.77256,-84.28169
WXAG,1.47,Athens,GA,D,1.0,33.98733,-83.33794
WXEM,1.46,Buford,GA,B,5.0,34.12094,-83.97631
WXJO,1.12,Douglasville,GA,D,1.0,33.76344,-84.74106
WXKG,1.01,Atlanta,GA,D,50.0,33.69872,-84.28964
WXKO,1.15,Fort Valley,GA,D,1.0,32.57625,-83.90464
WXLI,1.23,Dublin,GA,C,0.7,32.52267,-82.89986
WXRS,1.59,Swainsboro,GA,D,2.5,32.55711,-82.34125
WYIS,1.41,Mcrae,GA,D,1.0,32.05711,-82.86542
WYKG,1.43,Covington,GA,B,3.9,33.62067,-83.88436
WYNF,1.34,Augusta,GA,C,1.0,33.49375,-81.99761
WYPZ,0.9,Macon,GA,D,2.0,32.84958,-83.60211
WYTH,1.25,Madison,GA,D,1.0,33.57931,-83.47767
WYYZ,1.49,Jasper,GA,C,1.0,34.47564,-84.43686
WYZE,1.48,Atlanta,GA,D,7.0,33.6965,-84.47464
WYZI,0.81,Royston,GA,D,0.23,34.28067,-83.11903
WZOT,1.22,Rockmart,GA,D,0.5,34.004,-85.05606
WZQZ,1.18,Trion,GA,D,5.0,34.47286,-85.32522
WZYN,0.81,Hahira,GA,D,2.5,30.87492,-83.25153
KGUM,0.567,Agana,GU,B,10.0,13.39111,144.76175
KICH,0.63,Agana,GU,B,10.0,13.44806,144.75611
KTWG,0.801,Agana,GU,B,10.0,13.45194,144.70889
KUSG,1.35,Agana,GU,B,0.25,13.45667,144.67222
KAOI,1.11,Kihei,HI,B,5.0,20.81936,-156.45142
KCIK,0.74,Kihei,HI,B,2.0,20.78856,-156.46417
KGU,0.76,Honolulu,HI,B,10.0,21.29158,-157.86083
KHCM,0.88,Honolulu,HI,B,2.0,21.29158,-157.86083
KHKA,1.5,Honolulu,HI,B,5.0,21.33186,-157.89083
KHLO,0.85,Hilo,HI,B,5.0,19.69356,-155.04867
KHNR,0.69,Honolulu,HI,B,10.0,21.29158,-157.86083
KHVH,0.83,Honolulu,HI,B,11.0,21.32083,-157.87278
KHXM,1.37,Pearl City,HI,B,0.25,21.43519,-157.98861
KIKI,0.99,Honolulu,HI,B,5.7,21.32083,-157.87278
KIPA,1.06,Hilo,HI,D,1.0,19.69356,-155.04867
KKEA,1.42,Honolulu,HI,B,5.0,21.32075,-157.87694
KKNE,0.94,Waipahu,HI,B,10.0,21.44528,-158.06361
KLHT,1.04,Honolulu,HI,B,10.0,21.33186,-157.89083
KMVI,0.9,Kahului,HI,B,5.0,20.78853,-156.46419
KNDI,1.27,Honolulu,HI,B,5.0,21.32075,-157.87694
KNUI,0.55,Wailuku,HI,B,1.0,20.78856,-156.46417
KPHI,1.13,Honolulu,HI,B,1.0,21.43519,-157.98861
KPRP,0.65,Honolulu,HI,B,10.0,21.44528,-158.06361
KPUA,0.67,Hilo,HI,B,5.0,19.78078,-155.08756
KSSK,0.59,Honolulu,HI,B,7.8,21.32083,-157.87278
KUAI,0.57,Eleele,HI,B,1.0,21.98881,-159.40306
KWOE,1.24,Kahului,HI,B,5.0,20.81936,-156.45142
KZOO,1.21,Honolulu,HI,B,1.0,21.29158,-157.86083
KADR,1.4,Elkader,IA,C,1.0,42.84914,-91.41208
KASI,1.43,Ames,IA,D,1.0,42.03831,-93.68161
KAYL,0.99,Storm Lake,IA,D,0.25,42.63469,-95.16972
KBIZ,1.24,Ottumwa,IA,C,1.0,41.00003,-92.38992
KBKB,1.36,Fort Madison,IA,D,1.0,40.65836,-91.27236
KBUR,1.49,Burlington,IA,C,0.76,40.82392,-91.14264
KCFI,1.25,Cedar Falls,IA,B,0.5,42.54414,-92.48825
KCHA,1.58,Charles City,IA,D,0.49,43.05328,-92.67072
KCHE,1.44,Cherokee,IA,D,0.39,42.78914,-95.5525
KCII,1.38,Washington,IA,D,0.5,41.30503,-91.71017
KCIM,1.38,Carroll,IA,D,0.5,42.03775,-94.88444
KCJJ,1.63,Iowa City,IA,B,10.0,41.60086,-91.50128
KCLN,1.39,Clinton,IA,D,1.0,41.90947,-90.22458
KCNZ,1.65,Cedar Falls,IA,B,10.0,42.41306,-92.43769
KCOB,1.28,Newton,IA,D,0.73,41.73639,-93.02019
KCOG,1.4,Centerville,IA,C,0.42,40.74639,-92.90519
KCPS,1.15,Burlington,IA,D,0.5,40.85308,-91.13625
KDAO,1.19,Marshalltown,IA,D,0.25,42.07139,-92.92214
KDEC,1.24,Decorah,IA,C,1.0,43.30969,-91.8085
KDLF,1.26,Boone,IA,D,5.0,42.04858,-93.89856
KDLS,1.31,Perry,IA,B,0.5,41.83275,-94.03772
KDLX,1.15,Des Moines,IA,B,2.5,41.4525,-93.68133
KDSN,1.53,Denison,IA,D,0.5,42.03611,-95.32917
KDTH,1.37,Dubuque,IA,B,5.0,42.485,-90.64431
KFJB,1.23,Marshalltown,IA,C,1.0,42.06417,-92.96769
KGLO,1.3,Mason City,IA,B,5.0,43.05358,-93.20492
KGRN,1.41,Grinnell,IA,D,0.5,41.74444,-92.70603
KGYM,1.6,Cedar Rapids,IA,B,5.0,41.97083,-91.53378
KICD,1.24,Spencer,IA,C,1.0,43.16581,-95.14639
KIFG,1.51,Iowa Falls,IA,D,1.0,42.51358,-93.21603
KILJ,1.13,Mount Pleasant,IA,D,0.25,40.96058,-91.58489
KILR,1.07,Estherville,IA,D,0.25,43.42911,-94.82333
KIWA,1.55,Sheldon,IA,D,0.283,43.18136,-95.86586
KJAN,1.22,Atlantic,IA,D,0.178,41.41722,-95.00444
KLEE,1.48,Ottumwa,IA,D,0.25,41.02444,-92.48242
KLEM,1.41,Le Mars,IA,D,1.0,42.81778,-96.16336
KLGZ,1.6,Algona,IA,B,1.0,43.06803,-94.30469
KLNG,1.56,Council Bluffs,IA,D,10.0,41.20778,-95.90694
KMA,0.96,Shenandoah,IA,B,5.0,40.78,-95.35667
KMAQ,1.32,Maquoketa,IA,D,0.5,42.09058,-90.62875
KMCD,1.57,Fairfield,IA,D,0.25,41.00558,-92.01878
KMJM,1.36,Cedar Rapids,IA,D,1.0,41.92444,-91.61544
KMNS,0.62,Sioux City,IA,B,1.0,42.37361,-96.44836
KMRY,1.45,Cedar Rapids,IA,C,1.0,42.00694,-91.70825
KMZN,0.74,Oskaloosa,IA,D,0.229,41.32083,-92.64575
KNIA,1.32,Knoxville,IA,D,0.5,41.33056,-93.10964
KNWS,1.09,Waterloo,IA,D,1.0,42.44389,-92.29944
KOAK,1.08,Red Oak,IA,D,0.25,41.0175,-95.20528
KOEL,0.95,Oelwein,IA,B,5.0,42.65581,-91.90072
KOKX,1.31,Keokuk,IA,B,1.0,40.38061,-91.35264
KPSZ,0.94,Des Moines,IA,B,10.0,41.47639,-93.37411
KPTY,1.33,Waterloo,IA,B,5.0,42.46694,-92.26658
KQMG,1.22,Independence,IA,D,0.25,42.47556,-91.87406
KRIB,1.49,Mason City,IA,C,1.0,43.13497,-93.20797
KRNI,1.01,Mason City,IA,D,0.76,43.14192,-93.11131
KRNT,1.35,Des Moines,IA,B,5.0,41.55861,-93.57939
KROS,1.34,Clinton,IA,C,1.0,41.86003,-90.20514
KSCJ,1.36,Sioux City,IA,B,5.0,42.55667,-96.33697
KSIB,1.52,Creston,IA,D,1.0,41.03778,-94.39414
KSOU,1.09,Sioux Center,IA,D,0.5,43.05608,-96.17169
KVFD,1.4,Fort Dodge,IA,C,0.85,42.47886,-94.20303
KWAY,1.47,Waverly,IA,D,1.0,42.70358,-92.47269
KWBG,1.59,Boone,IA,B,1.0,42.02275,-93.87689
KWLC,1.24,Decorah,IA,C,1.0,43.30969,-91.8085
KWMT,0.54,Fort Dodge,IA,D,5.0,42.49581,-94.20942
KWPC,0.86,Muscatine,IA,D,0.25,41.44281,-91.07597
KWSL,1.47,Sioux City,IA,D,2.3,42.41194,-96.42697
KXEL,1.54,Waterloo,IA,A,50.0,42.17972,-92.31075
KXIC,0.8,Iowa City,IA,D,1.0,41.68753,-91.54433
KXLQ,1.49,Indianola,IA,C,0.5,41.35667,-93.588
KXNO,1.46,Des Moines,IA,B,5.0,41.64583,-93.53689
KYFR,0.92,Shenandoah,IA,B,5.0,40.62278,-95.24525
KZWC,1.57,Webster City,IA,D,0.232,42.46775,-93.79689
WDBQ,1.49,Dubuque,IA,C,1.0,42.50278,-90.70681
WHO,1.04,Des Moines,IA,A,50.0,41.65278,-93.3505
WMT,0.6,Cedar Rapids,IA,B,5.0,42.06111,-91.54517
WOC,1.42,Davenport,IA,B,5.0,41.55003,-90.47708
WOI,0.64,Ames,IA,B,5.0,41.99278,-93.69106
WSUI,0.91,Iowa City,IA,B,5.0,41.52392,-91.50322
KACH,1.34,Preston,ID,C,1.0,42.12436,-111.84661
KART,1.4,Jerome,ID,C,1.0,42.73075,-114.53894
KBAR,1.23,Burley,ID,C,1.0,42.53464,-113.81586
KBFI,1.45,Bonners Ferry,ID,C,1.0,48.68883,-116.33547
KBGN,1.06,Caldwell,ID,D,10.0,43.72017,-116.53375
KBOI,0.67,Boise,ID,B,50.0,43.42878,-116.32956
KBRV,0.8,Soda Springs,ID,D,10.0,42.64408,-111.61217
KCID,1.49,Caldwell,ID,C,1.0,43.66572,-116.63458
KDIL,0.94,Jerome,ID,B,0.41,42.72742,-114.62783
KEZJ,1.45,Twin Falls,ID,C,1.0,42.54325,-114.47142
KFXD,0.63,Boise,ID,D,5.0,43.51564,-116.33364
KGEM,1.14,Boise,ID,B,10.0,43.59628,-116.25094
KHLY,1.44,Hailey,ID,D,0.27,43.54964,-114.32228
KIDO,0.58,Nampa,ID,B,20.0,43.42878,-116.32956
KIGO,1.42,St. Anthony,ID,D,32.0,43.66714,-111.87136
KKOO,1.26,Weiser,ID,D,8.4,44.06211,-116.90711
KKRK,0.97,Rupert,ID,D,1.0,42.60222,-113.72333
KLER,1.3,Orofino,ID,B,5.0,46.47797,-116.24375
KLIX,1.31,Twin Falls,ID,B,5.0,42.55158,-114.36836
KMHI,1.24,Mountain Home,ID,C,1.0,43.15072,-115.70814
KMHR,0.95,Boise,ID,D,3.5,43.62767,-116.50875
KNBL,1.26,Idaho Falls,ID,D,5.0,43.52075,-111.99331
KOFE,1.24,St. Maries,ID,C,1.0,47.32047,-116.54822
KORT,1.23,Grangeville,ID,C,1.0,45.931,-116.13153
KOUU,1.29,Pocatello,ID,D,50.0,42.95742,-112.43025
KOZE,0.95,Lewiston,ID,B,5.0,46.39211,-117.03517
KRPL,1.4,Moscow,ID,C,1.0,46.74628,-117.01933
KRXK,1.23,Rexburg,ID,C,1.0,43.84714,-111.78497
KRXR,1.48,Filer,ID,D,1.3,42.72742,-114.62783
KSEI,0.93,Pocatello,ID,B,5.0,42.96214,-112.49803
KSPD,0.79,Boise,ID,D,1.0,43.56572,-116.33789
KSPT,1.4,Sandpoint,ID,C,1.0,48.30436,-116.54325
KSPZ,0.98,Ammon,ID,B,5.0,43.52297,-112.01081
KSRA,0.96,Salmon,ID,D,1.0,45.18381,-113.87089
KTFI,1.27,Twin Falls,ID,B,5.0,42.54325,-114.47142
KTIK,1.35,Nampa,ID,B,5.0,43.54933,-116.4115
KTRP,1.45,Notus,ID,C,1.0,43.84544,-116.75681
KVNI,1.08,Coeur D'Alene,ID,B,10.0,47.61631,-116.72075
KVSI,1.45,Montpelier,ID,C,1.0,42.31714,-111.32297
KWIK,1.24,Pocatello,ID,C,0.96,42.92408,-112.45942
KXQZ,1.34,Wendell,ID,C,1.0,42.72381,-114.67061
KYWN,0.89,Meridian,ID,D,50.0,43.46017,-116.24233
KSGM,0.98,Chester,IL,B,1.0,37.78783,-89.90594
WAKO,0.91,Lawrenceville,IL,D,0.5,38.72311,-87.65364
WAUR,1.55,Somonauk,IL,D,0.38,41.66836,-88.56842
WBBM,0.78,Chicago,IL,A,35.0,41.93419,-88.07283
WBEL,1.38,South Beloit,IL,B,5.0,42.45947,-89.02872
WBGX,1.57,Harvey,IL,B,1.1,41.60392,-87.67922
WBGZ,1.57,Alton,IL,D,1.0,38.92811,-90.21761
WBYS,1.56,Canton,IL,D,0.25,40.54447,-90.02094
WCAZ,1.51,Carthage,IL,D,0.33,40.40867,-91.17014
WCGO,1.59,Evanston,IL,D,8.7,42.03531,-87.70339
WCIL,1.02,Carbondale,IL,D,1.0,37.72533,-89.25703
WCKG,1.53,Elmhurst,IL,D,0.36,41.86278,-87.92389
WCMY,1.43,Ottawa,IL,D,0.5,41.34808,-88.80425
WCPT,0.82,Willow Springs,IL,B,5.8,41.98142,-87.77228
WCRA,1.09,Effingham,IL,D,0.64,39.10722,-88.56222
WDAN,1.49,Danville,IL,C,1.0,40.14947,-87.62642
WDLM,0.96,East Moline,IL,D,0.52,41.41586,-90.39931
WDQN,1.58,Duquoin,IL,D,0.17,38.03228,-89.24175
WDWS,1.4,Champaign,IL,C,1.0,40.08447,-88.24811
WDYS,1.48,Somonauk,IL,D,0.25,41.66836,-88.56842
WDZ,1.05,Decatur,IL,B,1.0,39.81503,-89.00231
WEBQ,1.24,Harrisburg,IL,C,1.0,37.71756,-88.54367
WEEF,1.43,Deerfield,IL,B,1.6,42.13947,-87.88533
WEUR,1.49,Oak Park,IL,C,1.0,41.88114,-87.79394
WFIW,1.39,Fairfield,IL,D,0.71,38.3795,-88.32589
WFMB,1.45,Springfield,IL,C,1.0,39.76006,-89.6515
WFRL,1.57,Freeport,IL,B,1.0,42.31253,-89.59456
WFRX,1.3,West Frankfort,IL,D,1.0,37.8845,-88.92894
WFXN,1.23,Moline,IL,C,1.0,41.48169,-90.53042
WGGH,1.15,Marion,IL,D,5.0,37.72978,-88.89561
WGIL,1.4,Galesburg,IL,C,0.74,40.94281,-90.34431
WGN,0.72,Chicago,IL,A,50.0,42.01167,-88.03528
WGRB,1.39,Chicago,IL,B,5.0,41.73697,-87.70006
WHCO,1.23,Sparta,IL,C,1.0,38.12367,-89.72233
WHOW,1.52,Clinton,IL,D,5.0,40.09531,-88.96425
WIBH,1.44,Anna,IL,D,0.5,37.44589,-89.25008
WIHM,1.41,Taylorville,IL,D,1.0,39.54394,-89.27508
WIJR,0.88,Highland,IL,B,1.7,38.75644,-89.65508
WILL,0.58,Urbana,IL,D,5.0,40.08086,-88.23617
WILY,1.21,Centralia,IL,D,10.0,38.482,-89.14897
WIND,0.56,Chicago,IL,B,5.0,41.56503,-87.41975
WINI,1.42,Murphysboro,IL,D,0.42,37.75728,-89.23342
WIRL,1.29,Peoria,IL,B,5.0,40.62336,-89.59094
WITY,0.98,Danville,IL,B,1.0,40.07808,-87.63892
WIXN,1.46,Dixon,IL,D,1.0,41.82725,-89.4865
WJBC,1.23,Bloomington,IL,C,1.0,40.45031,-89.01175
WJBM,1.48,Jerseyville,IL,D,0.5,39.11283,-90.31206
WJIL,1.55,Jacksonville,IL,D,1.0,39.72228,-90.19539
WJOL,1.34,Joliet,IL,C,1.0,41.53503,-88.05422
WJPF,1.34,Herrin,IL,C,0.77,37.8345,-89.02786
WKAN,1.32,Kankakee,IL,B,1.0,41.13558,-87.81947
WKBM,0.93,Sandwich,IL,B,2.5,41.60725,-88.45314
WKEI,1.45,Kewanee,IL,C,0.5,41.22669,-89.93483
WKJR,1.46,Rantoul,IL,D,0.5,40.31031,-88.21506
WKRO,1.49,Cairo,IL,C,1.0,37.04339,-89.18397
WKRS,1.22,Waukegan,IL,D,1.0,42.34975,-87.88147
WKTA,1.33,Evanston,IL,D,5.0,42.13947,-87.88533
WKZI,0.8,Casey,IL,B,0.25,39.30447,-87.97142
WLBK,1.36,Dekalb,IL,D,1.0,41.93836,-88.75092
WLDS,1.18,Jacksonville,IL,D,1.0,39.7345,-90.19733
WLIQ,1.53,Quincy,IL,D,1.4,39.93089,-91.42958
WLLM,1.37,Lincoln,IL,D,1.0,40.14006,-89.38619
WLPO,1.22,Lasalle,IL,B,1.0,41.30392,-89.09564
WLS,0.89,Chicago,IL,A,50.0,41.55586,-87.84839
WLUV,1.52,Loves Park,IL,D,0.5,42.33003,-89.08289
WMAY,0.97,Springfield,IL,B,1.0,39.86172,-89.54233
WMBD,1.47,Peoria,IL,B,5.0,40.57281,-89.53344
WMCL,1.06,Mcleansboro,IL,D,2.5,38.1045,-88.56339
WMFN,0.64,Peotone,IL,B,4.4,41.30114,-87.83533
WMIX,0.94,Mount Vernon,IL,B,5.0,38.37061,-88.92339
WMOK,0.92,Metropolis,IL,B,1.0,37.15339,-88.70922
WMVP,1.0,Chicago,IL,A,50.0,41.54225,-88.03478
WNTA,1.33,Rockford,IL,D,1.0,42.22558,-89.04706
WNVR,1.03,Vernon Hills,IL,D,10.0,42.25281,-88.39592
WNWI,1.08,Oak Lawn,IL,B,5.0,41.64281,-87.64561
WPEO,1.02,Peoria,IL,D,1.0,40.69808,-89.52536
WPJX,1.5,Zion,IL,D,0.25,42.45531,-87.90092
WPMB,1.5,Vandalia,IL,D,0.25,38.95783,-89.12283
WRAM,1.33,Monmouth,IL,D,1.0,40.94975,-90.57208
WRDZ,1.3,La Grange,IL,B,4.5,41.67475,-87.76256
WRHL,1.06,Rochelle,IL,D,0.25,41.92336,-89.05842
WRIK,0.75,Brookport,IL,D,0.5,37.142,-88.6495
WRLL,1.45,Cicero,IL,C,1.0,41.83253,-87.70561
WRMN,1.41,Elgin,IL,B,1.0,42.00586,-88.29869
WRMS,0.79,Beardstown,IL,D,0.5,40.00311,-90.39761
WROK,1.44,Rockford,IL,B,5.0,42.27919,-89.03761
WROY,1.46,Carmi,IL,D,1.0,38.08256,-88.20169
WRTO,1.2,Chicago,IL,B,20.0,41.66197,-87.63006
WRYT,1.08,Edwardsville,IL,D,0.5,38.7995,-89.90011
WSBC,1.24,Chicago,IL,C,1.0,41.98142,-87.77228
WSCR,0.67,Chicago,IL,A,50.0,41.93419,-88.07283
WSDR,1.24,Sterling,IL,C,0.5,41.81642,-89.67039
WSDZ,1.26,Belleville,IL,B,20.0,38.45867,-89.9615
WSFS,0.95,Chicago,IL,B,1.0,41.86086,-87.68672
WSIQ,1.35,Salem,IL,D,0.43,38.63228,-88.91728
WSMI,1.54,Litchfield,IL,D,1.0,39.17256,-89.57064
WSOY,1.34,Decatur,IL,C,1.0,39.81503,-89.00231
WSQR,1.18,Sycamore,IL,D,0.9,42.00669,-88.67786
WTAD,0.93,Quincy,IL,B,5.0,39.89,-91.42369
WTAX,1.24,Springfield,IL,C,1.0,39.79339,-89.60511
WTAY,1.57,Robinson,IL,D,0.25,39.00811,-87.77808
WTFN,1.28,Aurora,IL,B,1.0,41.76947,-88.24564
WTIM,0.87,Assumption,IL,D,0.5,39.48725,-88.95869
WVBP,1.35,Peoria,IL,B,1.0,40.59475,-89.59456
WVEL,1.14,Pekin,IL,D,5.0,40.60336,-89.62567
WVLN,0.74,Olney,IL,D,0.25,38.70033,-88.08142
WVON,1.69,Berwyn,IL,B,10.0,41.73725,-87.70117
WWHN,1.51,Joliet,IL,D,1.0,41.51392,-88.05283
WXES,1.11,Chicago,IL,D,4.2,41.92808,-88.007
WYLL,1.16,Chicago,IL,B,15.0,41.57308,-87.99367
WZOE,1.49,Princeton,IL,C,1.0,41.35225,-89.46814
WAKE,1.5,Valparaiso,IN,D,1.0,41.44336,-87.04836
WAMW,1.58,Washington,IN,D,0.5,38.64589,-87.27944
WAOV,1.45,Vincennes,IN,C,1.0,38.70728,-87.49503
WASK,1.45,Lafayette,IN,C,1.0,40.40225,-86.84972
WAWK,1.14,Kendallville,IN,D,0.25,41.4545,-85.26331
WBAA,0.92,West Lafayette,IN,B,5.0,40.34142,-86.88361
WBAT,1.4,Marion,IN,C,1.0,40.56114,-85.69164
WBGW,1.33,Evansville,IN,B,5.0,38.05256,-87.59531
WBIW,1.34,Bedford,IN,C,1.0,38.87311,-86.47611
WBNL,1.54,Boonville,IN,D,0.25,38.06617,-87.27417
WBRI,1.5,Indianapolis,IN,D,5.0,39.87031,-86.08806
WBZQ,1.3,Huntington,IN,D,0.5,40.87533,-85.47414
WCMR,1.27,Elkhart,IN,B,5.0,41.62117,-85.96111
WCSI,1.01,Columbus,IN,D,0.33,39.18672,-85.95
WCVL,1.55,Crawfordsville,IN,D,0.25,40.06561,-86.93361
WEOA,1.4,Evansville,IN,C,1.0,37.93811,-87.52778
WFCV,1.09,Fort Wayne,IN,D,2.5,41.08367,-85.07553
WFNB,1.13,Brazil,IN,D,0.5,39.51225,-87.13836
WFNI,1.07,Indianapolis,IN,B,50.0,39.95586,-86.35833
WGAB,1.18,Newburgh,IN,D,0.67,37.9545,-87.41861
WGBF,1.28,Evansville,IN,B,5.0,37.99586,-87.47667
WGL,1.25,Fort Wayne,IN,B,2.3,41.02117,-85.16275
WGLL,1.57,Auburn,IN,D,0.5,41.33367,-85.05219
WGNR,1.47,Anderson,IN,D,1.0,40.06197,-85.71025
WHBU,1.24,Anderson,IN,C,0.7,40.07367,-85.69942
WHLY,1.58,South Bend,IN,B,1.0,41.68589,-86.16472
WILO,1.57,Frankfort,IN,B,0.25,40.27781,-86.48528
WIMS,1.42,Michigan City,IN,B,5.0,41.67781,-86.93614
WIOE,1.45,Fort Wayne,IN,C,1.0,41.07061,-85.11942
WIOU,1.35,Kokomo,IN,B,5.0,40.41697,-86.11361
WITZ,0.99,Jasper,IN,D,1.0,38.35061,-86.94056
WJCP,1.46,North Vernon,IN,D,1.0,38.99617,-85.65053
WJOB,1.23,Hammond,IN,C,1.0,41.59697,-87.47919
WKAM,1.46,Goshen,IN,B,2.5,41.58728,-85.81944
WKBV,1.49,Richmond,IN,C,1.0,39.82811,-84.93247
WKJG,1.38,Fort Wayne,IN,B,5.0,41.00422,-85.09914
WKVI,1.52,Knox,IN,D,1.8,41.32161,-86.60594
WLOI,1.54,La Porte,IN,D,0.25,41.63367,-86.75919
WLPK,1.58,Connersville,IN,D,0.245,39.63756,-85.14581
WLRS,1.57,New Albany,IN,B,1.5,38.32783,-85.78219
WLTH,1.37,Gary,IN,D,1.0,41.57142,-87.31725
WMRI,0.86,Marion,IN,B,1.0,40.55336,-85.64581
WMUN,1.34,Muncie,IN,C,1.0,40.16172,-85.37803
WMYJ,1.54,Martinsville,IN,D,0.5,39.40867,-86.41944
WNDE,1.26,Indianapolis,IN,B,5.0,39.86503,-86.06192
WNDI,1.55,Sullivan,IN,D,0.25,39.07561,-87.39919
WNDZ,0.75,Portage,IN,D,15.0,41.56364,-87.15503
WNTS,1.59,Beech Grove,IN,B,5.0,39.73922,-86.09136
WOCC,1.55,Corydon,IN,D,0.25,38.19061,-86.13331
WOWO,1.19,Fort Wayne,IN,B,50.0,40.99644,-85.35164
WPFR,1.48,Terre Haute,IN,D,0.244,39.50144,-87.38647
WPGW,1.44,Portland,IN,D,0.5,40.43617,-85.01553
WPIW,1.59,Mt. Vernon,IN,D,0.5,37.93422,-87.92836
WRAY,1.25,Princeton,IN,D,1.0,38.357,-87.59031
WRIN,1.56,Rensselaer,IN,D,1.0,40.96142,-87.15197
WRSW,1.48,Warsaw,IN,B,1.0,41.22256,-85.83806
WSAL,1.23,Logansport,IN,C,1.0,40.75447,-86.31111
WSBT,0.96,South Bend,IN,B,5.0,41.61672,-86.21694
WSEZ,1.56,Paoli,IN,D,0.25,38.53811,-86.47889
WSHY,1.41,Lafayette,IN,D,0.26,40.36169,-86.87806
WSLM,1.22,Salem,IN,D,5.0,38.61533,-86.08608
WSVX,1.52,Shelbyville,IN,D,0.26,39.55811,-85.77025
WSWI,0.82,Evansville,IN,D,0.25,37.96478,-87.66836
WSYW,0.81,Indianapolis,IN,D,0.25,39.72561,-86.18556
WTCA,1.05,Plymouth,IN,B,0.25,41.31839,-86.31139
WTCJ,1.23,Tell City,IN,C,0.85,37.92589,-86.72194
WTLC,1.31,Indianapolis,IN,B,5.0,39.71894,-86.17583
WTRC,1.34,Elkhart,IN,C,1.0,41.6745,-85.9475
WTRE,1.33,Greensburg,IN,D,0.5,39.32811,-85.50164
WWCA,1.27,Gary,IN,B,1.0,41.52781,-87.37669
WWZN,1.37,Bloomington,IN,B,5.0,39.19006,-86.63444
WXGO,1.27,Madison,IN,D,1.0,38.74117,-85.36133
WXLW,0.95,Indianapolis,IN,D,1.0,39.85144,-86.24444
WXNT,1.43,Indianapolis,IN,B,5.0,39.83836,-86.19889
WXVW,1.45,Jeffersonville,IN,C,1.0,38.29481,-85.75192
WZZB,1.39,Seymour,IN,D,1.0,38.97589,-85.88914
KABI,1.56,Abilene,KS,D,0.25,38.92944,-97.24642
KAYS,1.4,Hays,KS,C,1.0,38.89139,-99.36789
KBUF,1.03,Holcomb,KS,B,2.5,38.00031,-100.89878
KCCV,0.76,Overland Park,KS,D,6.0,39.04056,-94.50967
KCNW,1.38,Fairway,KS,D,2.5,39.07194,-94.68303
KCZZ,1.48,Mission,KS,B,1.0,39.06806,-94.70275
KDTD,1.34,Kansas City,KS,C,1.0,39.11389,-94.67942
KFH,1.24,Wichita,KS,C,0.63,37.71833,-97.31839
KFKB,1.07,Wichita,KS,B,10.0,37.76139,-97.33339
KFRM,0.55,Salina,KS,D,5.0,39.43444,-97.66058
KGGF,0.69,Coffeyville,KS,B,10.0,37.14647,-95.47858
KGGS,1.34,Garden City,KS,C,1.0,37.96892,-100.93267
KGNO,1.37,Dodge City,KS,B,5.0,37.76003,-100.09847
KGSO,1.41,Wichita,KS,B,5.0,37.73472,-97.352
KINA,0.91,Salina,KS,D,0.5,38.76444,-97.54197
KIND,1.01,Independence,KS,D,0.25,37.26172,-95.76664
KIOL,1.37,Iola,KS,D,0.5,37.90197,-95.40747
KIUL,1.24,Garden City,KS,C,1.0,37.99781,-100.90739
KJCK,1.42,Junction City,KS,B,1.0,39.02583,-96.81028
KJRG,0.95,Newton,KS,D,0.5,38.04417,-97.37281
KKAN,1.49,Phillipsburg,KS,C,1.0,39.79222,-99.33231
KKLE,1.55,Winfield,KS,D,0.25,37.23642,-97.02558
KKLO,1.41,Leavenworth,KS,B,5.0,39.27333,-94.90775
KKOW,0.86,Pittsburg,KS,B,10.0,37.41283,-94.638
KKOY,1.46,Chanute,KS,D,1.0,37.68839,-95.47025
KLEY,1.13,Wellington,KS,D,0.25,37.24114,-97.40144
KLKC,1.54,Parsons,KS,D,0.25,37.34311,-95.23219
KLQR,1.51,Larned,KS,D,1.0,38.165,-99.10178
KLWN,1.32,Lawrence,KS,B,0.5,38.93472,-95.28692
KMAJ,1.44,Topeka,KS,B,5.0,39.01861,-95.57303
KMAN,1.35,Manhattan,KS,D,0.5,39.21056,-96.55667
KMCP,1.54,Mcpherson,KS,D,0.25,38.33861,-97.66839
KMDO,1.6,Fort Scott,KS,D,0.77,37.78367,-94.70025
KMMM,1.29,Pratt,KS,B,5.0,37.64281,-98.67786
KNCK,1.39,Concordia,KS,D,0.5,39.56611,-97.68475
KNDY,1.57,Marysville,KS,D,0.25,39.85778,-96.64919
KNSS,1.33,Wichita,KS,B,5.0,37.71308,-97.24783
KOFO,1.22,Ottawa,KS,D,0.25,38.58444,-95.26608
KPHN,1.36,El Dorado,KS,B,1.0,37.81308,-96.81253
KQAM,1.48,Wichita,KS,B,5.0,37.73917,-97.27089
KQNK,1.53,Norton,KS,D,1.0,39.82694,-99.86928
KQYX,1.45,Galena,KS,C,0.94,37.0695,-94.54717
KRSL,0.99,Russell,KS,D,0.25,38.90611,-98.86119
KSAL,1.15,Salina,KS,B,5.0,38.88417,-97.51753
KSCB,1.27,Liberal,KS,D,5.0,37.05947,-100.90183
KSEK,1.34,Pittsburg,KS,C,1.0,37.39561,-94.67858
KSGL,0.9,Wichita,KS,D,0.25,37.69253,-97.382
KSMM,1.47,Liberal,KS,D,1.0,37.06531,-100.86683
KSOK,1.28,Arkansas City,KS,D,1.0,37.08614,-97.03308
KTOP,1.49,Topeka,KS,C,1.0,39.0775,-95.67969
KULY,1.42,Ulysses,KS,B,1.0,37.54808,-101.36406
KVGB,1.59,Great Bend,KS,B,5.0,38.31389,-98.79342
KVOE,1.4,Emporia,KS,C,1.0,38.38614,-96.17694
KVSV,1.19,Beloit,KS,D,2.3,39.44806,-98.0795
KWBW,1.45,Hutchinson,KS,C,1.0,38.07278,-97.96506
KWOD,1.66,Kansas City,KS,B,10.0,39.07194,-94.68303
KXXX,0.79,Colby,KS,D,5.0,39.39306,-101.00211
KYUL,1.31,Scott City,KS,D,0.5,38.52642,-100.91208
KYYS,1.25,Kansas City,KS,B,25.0,39.185,-94.458
WIBW,0.58,Topeka,KS,B,5.0,39.08472,-95.78303
WAIN,1.27,Columbia,KY,D,1.0,37.10728,-85.27831
WAKY,0.62,Louisville,KY,B,0.5,38.31644,-85.70219
WBCE,1.2,Wickliffe,KY,D,1.0,36.98172,-89.07756
WBFC,1.47,Stanton,KY,D,2.5,37.88286,-83.88214
WBRT,1.32,Bardstown,KY,D,1.0,37.81922,-85.48606
WBVR,1.34,Bowling Green,KY,C,1.0,37.00947,-86.4525
WBZB,1.13,Murray,KY,D,1.5,36.63561,-88.31947
WCBL,1.29,Benton,KY,D,5.0,36.85867,-88.33642
WCBR,1.11,Richmond,KY,D,0.34,37.75064,-84.20603
WCDS,1.23,Glasgow,KY,C,0.75,37.00478,-85.94081
WCGW,0.77,Nicholasville,KY,D,1.0,37.88536,-84.52939
WCLU,1.49,Glasgow,KY,C,1.0,36.98394,-85.87219
WCMI,1.34,Ashland,KY,C,1.0,38.46758,-82.59683
WCND,0.94,Shelbyville,KY,D,0.25,38.21342,-85.17106
WCTT,0.68,Corbin,KY,B,0.77,36.90258,-84.0805
WCVG,1.32,Covington,KY,B,0.5,39.04561,-84.50828
WCVX,1.16,Florence,KY,B,5.0,38.96922,-84.68217
WCYN,1.4,Cynthiana,KY,C,0.5,38.40564,-84.29217
WDFB,1.17,Junction City,KY,D,1.0,37.59619,-84.83856
WDOC,1.31,Prestonsburg,KY,D,5.0,37.69592,-82.75656
WDXR,1.45,Paducah,KY,C,0.25,37.05228,-88.60089
WEKB,1.46,Elkhorn City,KY,D,5.0,37.30706,-82.33125
WEKG,0.81,Jackson,KY,D,5.0,37.57814,-83.40519
WEKT,1.07,Elkton,KY,D,0.5,36.80922,-87.16056
WEKY,1.34,Richmond,KY,C,1.0,37.71675,-84.30689
WFIA,0.9,Louisville,KY,D,0.93,38.26592,-85.71386
WFKN,1.22,Franklin,KY,D,0.25,36.73892,-86.57833
WFLW,1.36,Monticello,KY,D,1.0,36.83731,-84.86383
WFMW,0.73,Madisonville,KY,D,0.5,37.35867,-87.49583
WFSR,0.97,Harlan,KY,D,5.0,36.86731,-83.32658
WFTG,1.4,London,KY,C,0.69,37.14175,-84.07911
WFTM,1.24,Maysville,KY,C,1.0,38.63619,-83.76047
WFXY,1.49,Middlesboro,KY,C,1.0,36.61294,-83.70925
WGOH,1.37,Grayson,KY,D,5.0,38.32897,-82.97572
WGTK,0.97,Louisville,KY,B,5.0,38.31814,-85.74414
WHAS,0.84,Louisville,KY,A,50.0,38.26119,-85.42858
WHBE,0.68,Newburg,KY,B,1.0,38.092,-85.68219
WHBN,1.42,Harrodsburg,KY,D,1.0,37.73425,-84.81383
WHIR,1.23,Danville,KY,C,1.0,37.67397,-84.76578
WHLN,1.41,Harlan,KY,D,5.0,36.84981,-83.39464
WHOP,1.23,Hopkinsville,KY,C,1.0,36.88172,-87.51222
WHVO,1.48,Hopkinsville,KY,D,1.0,36.87089,-87.51194
WIDS,0.57,Russell Springs,KY,D,0.5,37.09422,-85.08022
WIEL,1.4,Elizabethtown,KY,C,1.0,37.74422,-85.81358
WIRV,1.55,Irvine,KY,D,1.0,37.71592,-83.97464
WJKY,1.06,Jamestown,KY,D,1.0,37.02533,-85.073
WKCB,1.34,Hindman,KY,C,1.0,37.32928,-83.00461
WKCM,1.16,Hawesville,KY,D,2.5,37.90561,-86.75806
WKCT,0.93,Bowling Green,KY,D,1.0,37.03361,-86.44028
WKDO,1.56,Liberty,KY,D,1.0,37.30619,-84.91717
WKDP,1.33,Corbin,KY,D,5.0,36.93897,-84.07883
WKDZ,1.11,Cadiz,KY,D,0.79,36.88256,-87.84558
WKIC,1.39,Hazard,KY,D,5.0,37.23925,-83.21072
WKJK,1.08,Louisville,KY,B,10.0,38.30811,-85.82914
WKKS,1.57,Vanceburg,KY,D,1.0,38.59731,-83.34714
WKLB,1.29,Manchester,KY,D,5.0,37.13758,-83.78047
WKRD,0.79,Louisville,KY,B,5.0,38.19283,-85.52053
WKXO,1.5,Berea,KY,D,0.25,37.58675,-84.30106
WKYH,0.6,Paintsville,KY,D,5.0,37.78925,-82.78433
WKYW,1.49,Frankfort,KY,C,1.0,38.20342,-84.91356
WKYX,0.57,Paducah,KY,B,1.0,37.01478,-88.61283
WLAP,0.63,Lexington,KY,B,5.0,38.12369,-84.44578
WLBN,1.59,Lebanon,KY,D,1.0,37.59867,-85.24636
WLBQ,1.57,Morgantown,KY,D,1.0,37.21922,-86.68917
WLCB,1.43,Buffalo,KY,D,1.0,37.53033,-85.71358
WLCK,1.25,Scottsville,KY,D,0.86,36.74033,-86.17525
WLCR,1.04,Mt Washington,KY,D,1.5,38.00311,-85.68078
WLLV,1.24,Louisville,KY,C,0.53,38.23056,-85.82222
WLOC,1.15,Munfordville,KY,D,1.0,37.26922,-85.91553
WLOU,1.35,Louisville,KY,B,2.2,38.23119,-85.82275
WLRT,1.25,Nicholasville,KY,D,0.5,37.90508,-84.55689
WLSI,0.9,Pikeville,KY,D,3.5,37.46594,-82.55097
WLUE,1.6,Eminence,KY,D,0.32,38.35256,-85.18578
WLXG,1.3,Lexington,KY,B,2.5,38.09731,-84.52911
WMIK,0.56,Middlesboro,KY,D,2.5,36.62731,-83.71436
WMJL,1.5,Marion,KY,D,0.175,37.33783,-88.06753
WMJR,1.38,Nicholasville,KY,D,5.0,37.90758,-84.47828
WMST,1.15,Mt. Sterling,KY,D,2.5,38.04481,-83.90131
WMTA,1.38,Central City,KY,D,0.5,37.27533,-87.14639
WMTL,0.87,Leitchfield,KY,D,0.5,37.51117,-86.28747
WNBS,1.34,Murray,KY,C,1.0,36.62839,-88.30114
WNES,1.05,Central City,KY,D,1.0,37.26922,-87.14222
WNGO,1.32,Mayfield,KY,D,1.0,36.76033,-88.63894
WNKW,1.48,Neon,KY,D,1.0,37.1665,-82.62017
WNOP,0.74,Newport,KY,D,2.5,39.09478,-84.583
WOKT,1.08,Cannonsburg,KY,D,1.8,38.38619,-82.69794
WOMI,1.49,Owensboro,KY,C,0.83,37.74144,-87.11611
WPAD,1.56,Paducah,KY,D,1.0,37.05228,-88.60089
WPKE,1.24,Pikeville,KY,C,1.0,37.48089,-82.52625
WPKY,1.58,Princeton,KY,D,0.25,37.12061,-87.85864
WPRT,0.96,Prestonsburg,KY,D,3.8,37.64619,-82.796
WQEZ,1.37,Fort Campbell,KY,D,1.0,36.64117,-87.43361
WQJM,1.23,Pineville,KY,C,1.0,36.76869,-83.71631
WRUS,0.61,Russellville,KY,D,1.8,36.84447,-86.9225
WRVK,1.46,Mount Vernon,KY,D,1.2,37.39703,-84.32911
WSEK,0.91,Burnside,KY,D,0.43,37.02953,-84.60633
WSFC,1.24,Somerset,KY,C,0.79,37.11758,-84.61161
WSIP,1.49,Paintsville,KY,C,1.0,37.80592,-82.76683
WSON,0.86,Henderson,KY,B,0.5,37.85311,-87.53667
WTCO,1.45,Campbellsville,KY,C,1.0,37.33533,-85.37581
WTCW,0.92,Whitesburg,KY,D,4.2,37.14622,-82.76683
WTKY,1.37,Tompkinsville,KY,D,2.1,36.72422,-85.68136
WTLO,1.48,Somerset,KY,D,1.0,37.08064,-84.66078
WTTL,1.31,Madisonville,KY,D,1.0,37.33672,-87.54472
WUCO,1.55,Morganfield,KY,D,0.145,37.66783,-87.92947
WVJS,1.42,Owensboro,KY,D,0.98,37.77506,-87.15889
WVLK,0.59,Lexington,KY,B,5.0,38.11175,-84.57744
WWKU,1.45,Plum Springs,KY,C,1.0,37.01033,-86.42389
WWKY,0.99,Winchester,KY,D,1.0,38.01397,-84.15436
WWTF,1.58,Georgetown,KY,D,10.0,38.16814,-84.59356
WWXL,1.45,Manchester,KY,C,1.0,37.15119,-83.76242
WYGH,1.44,Paris,KY,D,1.0,38.22508,-84.24967
WYMC,1.43,Mayfield,KY,B,1.0,36.78672,-88.6545
WYWY,0.95,Barbourville,KY,D,1.0,36.84119,-83.87269
WZXI,1.28,Lancaster,KY,D,1.0,37.63231,-84.56717
KAGY,1.51,Port Sulphur,LA,D,1.0,29.48439,-89.70422
KANE,1.24,New Iberia,LA,C,1.0,30.01769,-91.83622
KAOK,1.4,Lake Charles,LA,C,1.0,30.23631,-93.16739
KASO,1.24,Minden,LA,C,1.0,32.63069,-93.28239
KBCL,1.07,Bossier City,LA,D,0.25,32.53736,-93.72461
KBRH,1.26,Baton Rouge,LA,D,5.0,30.46075,-91.24372
KCLF,1.5,New Roads,LA,D,0.85,30.73547,-91.43317
KDBS,1.41,Alexandria,LA,D,1.0,31.32664,-92.48961
KEEL,0.71,Shreveport,LA,B,50.0,32.68347,-93.85933
KEUN,1.49,Eunice,LA,C,1.0,30.47158,-92.41431
KFXZ,1.52,Lafayette,LA,B,10.0,30.28103,-92.01483
KGLA,0.83,Norco,LA,B,5.0,30.05019,-90.37814
KIOU,1.48,Shreveport,LA,D,1.0,32.57431,-93.74294
KJIN,1.49,Houma,LA,C,1.0,29.57078,-90.72842
KJMJ,0.58,Alexandria,LA,B,5.0,31.30853,-92.41597
KKAY,1.59,White Castle,LA,D,1.0,30.18381,-91.10761
KKNO,0.75,Gretna,LA,D,0.25,29.88769,-90.08425
KLCL,1.47,Lake Charles,LA,B,5.0,30.25881,-93.26878
KLEB,1.6,Golden Meadow,LA,D,0.72,29.3955,-90.26703
KLLA,1.57,Leesville,LA,D,0.63,31.14131,-93.29572
KMLB,0.54,Monroe,LA,D,4.0,32.62208,-92.06431
KMRC,1.43,Morgan City,LA,D,0.5,29.75103,-91.17344
KNCB,1.32,Vivian,LA,D,5.0,32.90236,-93.98297
KNIR,1.36,New Iberia,LA,D,1.0,30.02575,-91.82233
KOKA,0.98,Shreveport,LA,D,5.0,32.52625,-93.82211
KPEL,1.42,Lafayette,LA,B,1.0,30.27742,-92.06428
KRJO,1.68,Monroe,LA,B,10.0,32.45681,-92.01847
KROF,0.96,Abbeville,LA,D,1.0,30.01131,-92.12261
KRUS,1.49,Ruston,LA,C,1.0,32.51347,-92.66569
KSIG,1.45,Crowley,LA,C,1.0,30.22936,-92.34986
KSLO,1.23,Opelousas,LA,C,1.0,30.52519,-92.10622
KSYB,1.3,Shreveport,LA,D,5.0,32.53014,-93.80461
KSYL,0.97,Alexandria,LA,D,1.0,31.32664,-92.48961
KTIB,0.64,Thibodaux,LA,B,5.0,29.85158,-90.91342
KTKC,1.46,Springhill,LA,B,1.0,33.00792,-93.47878
KTTP,1.11,Pineville,LA,D,2.0,31.36464,-92.45431
KVOL,1.33,Lafayette,LA,B,5.0,30.24158,-92.05872
KVPI,1.05,Ville Platte,LA,D,0.25,30.69436,-92.31292
KWDF,0.84,Ball,LA,D,8.0,31.37797,-92.47431
KWKH,1.13,Shreveport,LA,A,50.0,32.70514,-93.88211
WABL,1.57,Amite,LA,D,0.5,30.70881,-90.52536
WBOK,1.23,New Orleans,LA,C,1.0,29.98853,-90.04592
WCKW,1.01,Garyville,LA,D,0.5,30.07658,-90.62147
WFNO,1.54,Gretna,LA,D,1.0,29.88769,-90.08425
WFPR,1.4,Hammond,LA,C,1.0,30.50881,-90.50508
WGSO,0.99,New Orleans,LA,B,0.6,29.95714,-90.15925
WJBO,1.15,Baton Rouge,LA,B,15.0,30.46325,-91.26956
WODT,1.28,New Orleans,LA,B,5.0,29.89547,-90.00453
WOMN,1.11,Franklinton,LA,D,1.0,30.85964,-90.16592
WPFC,1.55,Baton Rouge,LA,D,5.0,30.50214,-91.21094
WPYR,1.38,Baton Rouge,LA,D,5.0,30.46103,-91.22317
WQNO,0.69,New Orleans,LA,B,9.1,29.96353,-89.95867
WSHO,0.8,New Orleans,LA,B,1.0,29.84519,-90.11092
WSLA,1.56,Slidell,LA,D,1.0,30.25242,-89.76283
WUBR,0.91,Baton Rouge,LA,D,1.2,30.63547,-91.16567
WVOG,0.6,New Orleans,LA,D,1.0,29.95714,-90.15925
WWL,0.87,New Orleans,LA,A,50.0,29.83742,-90.13203
WWWL,1.35,New Orleans,LA,B,5.0,29.92492,-90.03453
WXOK,1.46,Port Allen,LA,B,4.0,30.46075,-91.24372
WYLD,0.94,New Orleans,LA,B,10.0,29.89936,-90.00481
WACE,0.73,Chicopee,MA,D,5.0,42.10925,-72.61064
WACM,1.27,Springfield,MA,B,1.0,42.10183,-72.62247
WAMG,0.89,Dedham,MA,B,25.0,42.24731,-71.42478
WARA,1.32,Attleboro,MA,B,5.0,41.95928,-71.32644
WARE,1.25,Ware,MA,B,5.0,42.24536,-72.20758
WAZN,1.47,Watertown,MA,B,1.4,42.41369,-71.21061
WBEC,1.42,Pittsfield,MA,B,1.0,42.44453,-73.27817
WBIX,1.26,Boston,MA,B,5.0,42.27456,-71.04172
WBMS,1.46,Brockton,MA,D,5.0,42.05039,-71.06117
WBNW,1.12,Concord,MA,B,5.0,42.44842,-71.427
WBRK,1.34,Pittsfield,MA,C,1.0,42.45008,-73.21483
WBSM,1.42,New Bedford,MA,B,5.0,41.65067,-70.91558
WBZ,1.03,Boston,MA,A,50.0,42.279,-70.87561
WCAP,0.98,Lowell,MA,B,5.0,42.65453,-71.36144
WCCM,1.49,Haverhill,MA,C,1.0,42.77286,-71.09978
WCMX,1.0,Leominster,MA,D,1.0,42.52369,-71.73481
WCRN,0.83,Worcester,MA,B,50.0,42.24731,-71.93064
WEEI,0.85,Boston,MA,B,50.0,42.27817,-71.26672
WESO,0.97,Southbridge,MA,D,1.0,42.06647,-71.99064
WESX,1.23,Nahant,MA,C,0.45,42.45286,-70.98006
WEZE,0.59,Boston,MA,B,5.0,42.40678,-71.08672
WFGL,0.96,Fitchburg,MA,B,2.5,42.59008,-71.82814
WFPB,1.17,Orleans,MA,D,0.67,41.78067,-70.01003
WGAW,1.34,Gardner,MA,C,1.0,42.59258,-71.98842
WGTX,1.24,West Yarmouth,MA,C,1.0,41.63539,-70.23447
WHLL,1.45,Springfield,MA,C,1.0,42.10925,-72.61064
WHMP,1.4,Northampton,MA,C,1.0,42.32675,-72.65731
WHTB,1.4,Fall River,MA,C,1.0,41.68983,-71.14478
WHYN,0.56,Springfield,MA,B,5.0,42.19369,-72.68342
WILD,1.09,Boston,MA,D,2.6,42.275,-71.04167
WIZZ,1.52,Greenfield,MA,D,1.0,42.58897,-72.61758
WJDA,1.3,Quincy,MA,D,1.0,42.25983,-70.97617
WJIB,0.72,Cambridge,MA,B,5.0,42.40667,-71.0875
WKOX,1.43,Everett,MA,D,2.5,42.43592,-70.99256
WLLH,1.4,Lawrence,MA,C,1.0,42.70758,-71.16367
WLYN,1.36,Lynn,MA,D,0.7,42.45286,-70.98006
WMEX,1.51,Quincy,MA,D,10.0,42.27372,-71.04117
WMRC,1.49,Milford,MA,C,1.0,42.13675,-71.51339
WNAW,1.23,North Adams,MA,C,1.0,42.68425,-73.10594
WNBH,1.34,New Bedford,MA,C,1.0,41.6415,-70.95892
WNBP,1.45,Newburyport,MA,C,1.0,42.82314,-70.86117
WNEB,1.23,Worcester,MA,C,1.0,42.27314,-71.82258
WNNW,0.8,Lawrence,MA,B,3.0,42.67397,-71.19006
WNNZ,0.64,Westfield,MA,B,50.0,42.17953,-72.75092
WNTN,1.55,Cambridge,MA,D,6.7,42.38703,-71.13867
WORC,1.31,Worcester,MA,B,5.0,42.22203,-71.81675
WPKZ,1.28,Fitchburg,MA,B,5.0,42.59453,-71.83619
WPLM,1.39,Plymouth,MA,B,5.0,41.96817,-70.70114
WQOM,1.06,Natick,MA,B,50.0,42.24731,-71.42478
WQVD,0.7,Orange-Athol,MA,D,2.5,42.58481,-72.28064
WQVR,0.94,Webster,MA,D,1.0,42.05481,-71.83258
WRCA,1.33,Watertown,MA,B,25.0,42.289,-71.18867
WRKO,0.68,Boston,MA,B,50.0,42.49036,-71.21756
WROL,0.95,Boston,MA,D,5.0,42.43592,-70.99256
WSAR,1.48,Fall River,MA,B,5.0,41.724,-71.18867
WSBS,0.86,Great Barrington,MA,D,2.7,42.21481,-73.34483
WSPR,1.49,West Springfield,MA,C,0.47,42.09869,-72.62869
WTAG,0.58,Worcester,MA,B,5.0,42.33703,-71.82036
WUBG,1.57,Methuen,MA,D,44.0,42.67397,-71.19006
WUNR,1.6,Brookline,MA,B,20.0,42.289,-71.18867
WVBF,1.53,Middleborough Center,MA,D,5.0,41.88233,-71.06339
WVEI,1.44,Worcester,MA,B,5.0,42.28981,-71.84619
WVNE,0.76,Leicester,MA,D,25.0,42.24925,-72.07758
WWDJ,1.15,Boston,MA,B,5.0,42.41342,-71.21061
WXKS,1.2,Newton,MA,B,50.0,42.289,-71.18867
CBW,0.99,Winnipeg,MB,A,50.0,49.83667,-97.51225
WACA,0.9,Laurel,MD,B,1.9,39.08261,-76.83831
WAMD,0.97,Aberdeen,MD,B,0.3,39.50983,-76.19356
WARK,1.49,Hagerstown,MD,C,1.0,39.62647,-77.71083
WBAL,1.09,Baltimore,MD,A,50.0,39.37594,-76.77219
WBMD,0.75,Baltimore,MD,D,0.8,39.31178,-76.49108
WCAO,0.6,Baltimore,MD,B,5.0,39.42983,-76.76136
WCBC,1.27,Cumberland,MD,B,5.0,39.67453,-78.77975
WCBM,0.68,Baltimore,MD,B,50.0,39.37428,-76.85775
WCMD,1.23,Cumberland,MD,C,1.0,39.64397,-78.74197
WCTN,0.95,Potomac-Cabin John,MD,D,2.5,39.03678,-77.20219
WCTR,1.53,Chestertown,MD,D,1.0,39.2265,-76.08856
WDMV,0.7,Walkersville,MD,D,5.0,39.45761,-77.32386
WDON,1.54,Wheaton,MD,D,5.0,39.014,-77.02914
WFBR,1.59,Glen Burnie,MD,B,1.0,39.17678,-76.62192
WFMD,0.93,Frederick,MD,B,5.0,39.41539,-77.46108
WFOA,1.23,Baltimore,MD,C,0.6,39.30178,-76.56886
WFRB,0.56,Frostburg,MD,D,5.0,39.68353,-78.96503
WFSI,0.86,Baltimore,MD,D,2.5,39.31206,-76.49025
WHAG,1.41,Halfway,MD,D,1.0,39.61758,-77.73778
WHFS,1.05,Silver Spring,MD,D,2.0,39.04206,-77.04608
WHGM,1.33,Havre De Grace,MD,D,1.0,39.56575,-76.11886
WHGT,1.59,Maugansville,MD,D,15.0,39.80647,-77.77889
WJDY,1.47,Salisbury,MD,D,5.0,38.39178,-75.64631
WJEJ,1.24,Hagerstown,MD,C,1.0,39.66675,-77.72472
WJFK,1.58,Morningside,MD,B,50.0,38.86928,-76.89608
WJKI,1.32,Salisbury,MD,D,1.0,38.36094,-75.61631
WJZ,1.3,Baltimore,MD,B,5.0,39.33344,-76.76997
WKDI,0.84,Denton,MD,D,1.0,38.89817,-75.85244
WKHZ,1.46,Easton,MD,B,1.0,38.77039,-76.08161
WLXE,1.6,Rockville,MD,D,1.015,39.09761,-77.15164
WMET,1.16,Gaithersburg,MD,B,50.0,39.18789,-77.21525
WMSG,1.05,Oakland,MD,D,1.0,39.39233,-79.39811
WNAV,1.43,Annapolis,MD,B,5.0,38.98344,-76.52219
WNST,1.57,Towson,MD,B,5.0,39.41789,-76.55608
WOLB,1.01,Baltimore,MD,D,0.25,39.30178,-76.56886
WPTX,1.69,Lexington Park,MD,B,10.0,38.28292,-76.5605
WQLL,1.37,Pikesville,MD,B,50.0,39.43983,-76.35525
WSHE,0.82,Frederick,MD,B,4.3,39.41178,-77.47194
WSRY,1.55,Elkton,MD,D,0.25,39.59456,-75.79578
WTBO,1.45,Cumberland,MD,C,1.0,39.64614,-78.75197
WTGM,0.96,Salisbury,MD,B,5.0,38.429,-75.62353
WTHU,1.45,Thurmont,MD,C,0.5,39.62706,-77.40278
WTTR,1.47,Westminster,MD,B,0.54,39.57733,-77.02247
WWIN,1.4,Baltimore,MD,C,0.5,39.30178,-76.56886
WWRC,0.57,Bethesda,MD,B,5.0,39.13428,-77.30358
WYRE,0.81,Annapolis,MD,D,0.25,38.97039,-76.50747
WZHF,1.39,Capitol Heights,MD,B,9.0,38.86928,-76.89608
WBAE,1.49,Portland,ME,C,1.0,43.66342,-70.27089
WBAN,1.34,Veazie,ME,C,1.0,44.85286,-68.67836
WCME,0.9,Brunswick,ME,D,0.7,43.91167,-70.02444
WDEA,1.37,Ellsworth,ME,B,5.0,44.46675,-68.46919
WEGP,1.39,Presque Isle,ME,B,5.0,46.65406,-68.04992
WFST,0.6,Caribou,ME,D,5.0,46.88672,-68.04503
WGAN,0.56,Portland,ME,B,5.0,43.69008,-70.31756
WGUY,1.23,Veazie,ME,C,1.0,44.84731,-68.67864
WHTP,1.28,Gardiner,ME,D,0.25,44.24897,-69.81339
WHZP,1.4,Veazie,ME,C,1.0,44.84731,-68.67864
WIGY,1.24,Lewiston,ME,C,1.0,44.11536,-70.24811
WJZN,1.4,Augusta,ME,C,1.0,44.29208,-69.77328
WLAM,1.47,Lewiston,ME,B,5.0,44.06314,-70.2495
WLOB,1.31,Portland,ME,B,5.0,43.68953,-70.33422
WLVP,0.87,Gorham,ME,B,10.0,43.66286,-70.49422
WMDR,1.34,Augusta,ME,C,1.0,44.32811,-69.7645
WPNO,1.45,South Paris,ME,C,1.0,44.22119,-70.52811
WRED,1.44,Westbrook,ME,B,1.0,43.68036,-70.37906
WSKW,1.16,Skowhegan,ME,B,10.0,44.74533,-69.69283
WSYY,1.24,Millinocket,ME,C,1.0,45.67339,-68.71808
WTOS,0.91,Bangor,ME,B,5.0,44.78092,-68.74725
WVAE,1.4,Biddeford,ME,C,1.0,43.48175,-70.48589
WWSF,1.22,Sanford,ME,D,1.0,43.43147,-70.76172
WXME,0.78,Monticello,ME,D,5.0,46.34172,-67.81725
WZON,0.62,Bangor,ME,B,5.0,44.82981,-68.78336
KTGG,1.54,Okemos,MI,D,0.4,42.72031,-84.51969
WAAM,1.6,Ann Arbor,MI,B,5.0,42.19225,-83.68578
WABJ,1.49,Adrian,MI,C,1.0,41.90072,-84.0135
WAGN,1.34,Menominee,MI,C,1.0,45.10747,-87.60706
WAKV,0.98,Otsego,MI,D,1.0,42.45919,-85.73281
WATT,1.24,Cadillac,MI,C,1.0,44.22417,-85.40006
WBCH,1.22,Hastings,MI,D,0.25,42.62614,-85.27806
WBET,1.23,Sturgis,MI,C,1.0,41.76978,-85.41914
WBFN,1.4,Battle Creek,MI,C,1.0,42.30422,-85.19222
WBRN,1.46,Big Rapids,MI,B,5.0,43.66364,-85.48172
WCAR,1.09,Livonia,MI,B,0.25,42.32947,-83.36189
WCBY,1.24,Cheboygan,MI,C,1.0,45.65833,-84.49003
WCCW,1.31,Traverse City,MI,D,15.0,44.76722,-85.69056
WCCY,1.4,Houghton,MI,C,1.0,47.13492,-88.56483
WCHB,1.34,Royal Oak,MI,C,1.0,42.46947,-83.11492
WCHT,0.6,Escanaba,MI,D,0.57,45.80525,-87.17042
WCSR,1.34,Hillsdale,MI,C,0.5,41.92811,-84.63606
WCXI,1.16,Fenton,MI,B,15.0,42.54419,-83.55994
WDBC,0.68,Escanaba,MI,B,6.0,45.76303,-87.09486
WDEO,0.99,Ypsilanti,MI,B,9.2,42.26475,-83.613
WDFN,1.13,Detroit,MI,B,50.0,42.11089,-83.19769
WDMJ,1.32,Marquette,MI,D,5.0,46.54522,-87.44458
WDTK,1.4,Detroit,MI,C,1.0,42.40614,-83.11214
WDTW,1.31,Dearborn,MI,B,5.0,42.26392,-83.25436
WFAT,0.93,Battle Creek,MI,B,5.0,42.29197,-85.18333
WFDF,0.91,Farmington Hills,MI,B,50.0,42.06589,-83.39411
WFER,1.23,Iron River,MI,C,1.0,46.06522,-88.63819
WFLT,1.42,Flint,MI,D,0.5,43.02197,-83.643
WFUR,1.57,Grand Rapids,MI,B,1.0,42.95392,-85.69781
WFYC,1.28,Alma,MI,D,1.0,43.36892,-84.60528
WGDN,1.35,Gladwin,MI,D,0.25,43.95086,-84.50944
WGHA,1.37,Grand Haven,MI,D,0.5,43.03808,-86.2295
WGLM,1.38,Greenville,MI,B,1.0,43.15836,-85.25447
WGTO,0.91,Cassopolis,MI,D,1.0,41.95394,-86.01639
WHAK,0.96,Rogers City,MI,D,5.0,45.39806,-83.92194
WHFB,1.06,Benton Harbor,MI,D,3.0,42.07892,-86.46697
WHTC,1.45,Holland,MI,C,1.0,42.79475,-86.10614
WIBM,1.45,Jackson,MI,C,0.81,42.23725,-84.36439
WIDG,0.94,St. Ignace,MI,D,5.0,45.86222,-84.782
WILS,1.32,Lansing,MI,B,25.0,42.62197,-84.64386
WION,1.43,Ionia,MI,B,4.7,43.00447,-85.08583
WIOS,1.48,Tawas City-East Tawa,MI,D,1.0,44.26336,-83.54497
WJIM,1.24,Lansing,MI,C,0.89,42.72003,-84.51969
WJKN,1.51,Jackson,MI,D,0.42,42.22139,-84.4345
WJMK,1.25,Bridgeport,MI,B,5.0,43.34197,-83.89914
WJMS,0.59,Ironwood,MI,D,5.0,46.42439,-90.20933
WJNL,1.21,Kingsley,MI,D,10.0,44.55944,-85.59361
WJR,0.76,Detroit,MI,A,50.0,42.16808,-83.21492
WJRW,1.34,Grand Rapids,MI,C,1.0,42.95142,-85.69864
WKAR,0.87,East Lansing,MI,D,10.0,42.70614,-84.47525
WKBZ,1.09,Muskegon,MI,D,1.0,43.27669,-86.25394
WKEG,1.03,Sterling Heights,MI,D,5.0,42.60475,-82.91103
WKHM,0.97,Jackson,MI,B,1.0,42.19281,-84.42883
WKLA,1.45,Ludington,MI,C,1.0,43.95139,-86.42453
WKMI,1.36,Kalamazoo,MI,B,5.0,42.32669,-85.52583
WKNW,1.4,Sault Sainte Marie,MI,C,1.0,46.48836,-84.32919
WKYO,1.36,Caro,MI,B,1.0,43.45892,-83.39411
WKZO,0.59,Kalamazoo,MI,B,5.0,42.34864,-85.56333
WLBY,1.29,Saline,MI,D,0.5,42.20475,-83.78856
WLCM,1.39,Holt,MI,B,5.0,42.56725,-84.86611
WLCO,1.53,Lapeer,MI,D,5.0,43.02669,-83.28439
WLEW,1.34,Bad Axe,MI,C,1.0,43.80086,-83.023
WLJN,1.4,Elmwood Township,MI,C,0.64,44.77667,-85.66203
WLJW,1.37,Cadillac,MI,B,5.0,44.23167,-85.41256
WLQV,1.5,Detroit,MI,B,50.0,42.23114,-83.19936
WMAX,1.44,Bay City,MI,B,5.0,43.52419,-83.96608
WMBN,1.34,Petoskey,MI,C,1.0,45.34722,-84.967
WMIC,0.66,Sandusky,MI,D,1.0,43.39281,-82.83494
WMIQ,1.45,Iron Mountain,MI,C,1.0,45.82106,-88.05458
WMJH,0.81,Rockford,MI,D,3.6,43.11808,-85.57947
WMKM,1.44,Inkster,MI,B,1.0,42.25614,-83.36328
WMKT,1.27,Charlevoix,MI,B,27.0,45.27278,-85.25228
WMMI,0.83,Shepherd,MI,D,1.0,43.56169,-84.75
WMPC,1.23,Lapeer,MI,C,1.0,43.07947,-83.30967
WMPL,0.92,Hancock,MI,D,1.0,47.10131,-88.59067
WMPX,1.49,Midland,MI,C,0.98,43.61475,-84.22083
WMUZ,1.2,Taylor,MI,B,50.0,42.15669,-83.33217
WNBY,1.45,Newberry,MI,C,1.0,46.31333,-85.51067
WNIL,1.29,Niles,MI,D,0.5,41.82283,-86.28417
WNWZ,1.41,Grand Rapids,MI,D,1.0,42.98725,-85.62392
WNZK,0.69,Dearborn Heights,MI,B,2.5,42.09867,-83.32994
WOAP,1.08,Owosso,MI,D,1.0,43.03086,-84.17803
WOOD,1.3,Grand Rapids,MI,B,20.0,42.75614,-85.65669
WPHM,1.45,Port Huron,MI,C,1.0,42.97697,-82.46436
WPNW,1.26,Zeeland,MI,B,10.0,42.73225,-86.10169
WPON,1.46,Walled Lake,MI,B,0.67,42.54419,-83.55994
WPRR,1.68,Ada,MI,B,10.0,42.93586,-85.45725
WQXO,1.4,Munising,MI,C,1.0,46.40406,-86.64567
WQYQ,1.4,St. Joseph,MI,C,0.88,42.08419,-86.44392
WRCI,1.52,Three Rivers,MI,D,0.43,41.92867,-85.6375
WRDT,0.56,Monroe,MI,D,0.5,41.89117,-83.42744
WSAM,1.4,Saginaw,MI,C,1.0,43.41669,-83.91803
WSDS,1.48,Salem Township,MI,B,0.75,42.26169,-83.61939
WSGW,0.79,Saginaw,MI,B,5.0,43.46114,-83.81331
WSLI,1.48,Kentwood,MI,B,2.0,42.84336,-85.61864
WSMZ,0.85,Muskegon,MI,B,1.0,43.13475,-86.26144
WSNL,0.6,Flint,MI,B,0.44,42.90753,-83.83522
WSOO,1.23,Sault St. Marie,MI,C,1.0,46.44031,-84.37697
WTCM,0.58,Traverse City,MI,B,50.0,44.72167,-85.70508
WTIQ,1.49,Manistique,MI,C,1.0,45.96414,-86.27708
WTKA,1.05,Ann Arbor,MI,B,10.0,42.14614,-83.65994
WTKG,1.23,Grand Rapids,MI,C,1.0,42.99503,-85.67669
WTVB,1.59,Coldwater,MI,B,5.0,41.9095,-85.00581
WUNN,1.11,Mason,MI,D,1.0,42.55186,-84.40525
WVFN,0.73,East Lansing,MI,D,0.5,42.64586,-84.56081
WVHF,1.14,Kentwood,MI,D,5.0,42.93586,-85.45725
WWCK,1.57,Flint,MI,D,1.0,43.01086,-83.65078
WWJ,0.95,Detroit,MI,B,50.0,42.01922,-83.23964
WWMN,1.11,Petoskey,MI,D,10.0,45.33472,-84.92617
WWSJ,1.58,St. Johns,MI,D,1.0,42.97058,-84.54969
WXLA,1.18,Dimondale,MI,D,10.0,42.65031,-84.58025
WXYT,1.27,Detroit,MI,B,50.0,42.02756,-83.34494
WYGR,1.53,Wyoming,MI,D,0.5,42.92725,-85.74725
WZAM,0.97,Ishpeming,MI,D,0.25,46.50556,-87.54
WZOX,1.66,Kalamazoo,MI,B,10.0,42.23644,-85.57694
KAKK,1.57,Walker,MN,B,9.5,47.07883,-94.59056
KASM,1.15,Albany,MN,D,2.1,45.63136,-94.60028
KATE,1.45,Albert Lea,MN,C,1.0,43.63328,-93.37106
KAUS,1.48,Austin,MN,B,1.0,43.62219,-92.99075
KBEW,1.56,Blue Earth,MN,D,1.0,43.6455,-94.09275
KBMO,1.29,Benson,MN,D,0.33,45.31831,-95.56364
KBMW,1.45,Breckenridge,MN,C,1.0,46.28053,-96.58842
KBRF,1.25,Fergus Falls,MN,B,5.0,46.27339,-96.04575
KBUN,1.45,Bemidji,MN,C,1.0,47.4655,-94.90583
KCHK,1.35,New Prague,MN,D,0.5,44.57747,-93.50467
KCUE,1.25,Red Wing,MN,D,1.0,44.53719,-92.52269
KDAH,0.65,Nashwauk,MN,B,10.0,47.37522,-93.01575
KDAL,0.61,Duluth,MN,B,5.0,46.7205,-92.17686
KDHL,0.92,Faribault,MN,B,3.3,44.26303,-93.27439
KDIO,1.35,Ortonville,MN,D,0.67,45.34969,-96.45256
KDIZ,1.57,Golden Valley,MN,B,4.0,44.98858,-93.35217
KDJS,1.59,Willmar,MN,D,1.0,45.08525,-95.00556
KDLM,1.34,Detroit Lakes,MN,C,1.0,46.83719,-95.83839
KDMA,1.46,Montevideo,MN,B,1.0,44.93467,-95.74781
KDOM,1.58,Windom,MN,D,1.0,43.86133,-95.0975
KDUZ,1.26,Hutchinson,MN,D,1.0,44.90664,-94.36664
KDWA,1.46,Hastings,MN,D,1.0,44.73719,-92.82853
KDWC,0.8,Luverne,MN,D,0.5,43.65025,-96.17225
KEYL,1.4,Long Prairie,MN,C,1.0,45.96247,-94.86947
KFAN,1.27,Rochester,MN,B,5.0,43.97969,-92.44767
KFIL,1.06,Preston,MN,D,1.0,43.68053,-92.14183
KFOW,1.17,Waseca,MN,D,2.5,44.04469,-93.38578
KFSP,1.23,Mankato,MN,C,1.0,44.16831,-93.91106
KFXN,0.69,Minneapolis,MN,D,1.7,45.02331,-93.38161
KGFK,1.59,East Grand Forks,MN,B,5.0,47.87803,-97.00703
KGHS,1.23,International Falls,MN,C,0.46,48.59133,-93.38181
KGLB,1.31,Glencoe,MN,B,2.5,44.77803,-94.12803
KHWK,1.38,Winona,MN,D,2.2,44.03372,-91.60528
KJJK,1.02,Fergus Falls,MN,D,1.9,46.24528,-95.97972
KJOQ,1.49,Duluth,MN,C,1.0,46.72439,-92.11992
KKAQ,1.46,Thief River Falls,MN,D,2.5,48.12358,-96.14225
KKBJ,1.36,Bemidji,MN,B,5.0,47.44217,-94.86611
KKCQ,1.48,Fosston,MN,D,5.0,47.56414,-95.72447
KKIN,0.93,Aitkin,MN,B,2.5,46.5405,-93.65636
KKMS,0.98,Richfield,MN,B,5.0,44.78831,-93.21522
KKOJ,1.19,Jackson,MN,D,5.0,43.52914,-95.00167
KLFD,1.41,Litchfield,MN,D,0.5,45.11719,-94.55389
KLGR,1.49,Redwood Falls,MN,C,1.0,44.54247,-95.13278
KLIZ,1.38,Brainerd,MN,B,5.0,46.33192,-94.17417
KLOH,1.05,Pipestone,MN,B,9.38,43.99525,-96.34503
KLTF,0.96,Little Falls,MN,D,5.0,46.00442,-94.32861
KMHL,1.4,Marshall,MN,C,1.0,44.44969,-95.76225
KMNQ,1.47,Brooklyn Park,MN,B,5.0,45.08803,-93.38328
KMNV,1.4,St. Paul,MN,C,1.0,44.95775,-93.20661
KMRS,1.23,Morris,MN,C,1.0,45.60303,-95.88756
KNSI,1.45,St. Cloud,MN,C,1.0,45.53914,-94.16833
KNSP,1.43,Staples,MN,D,1.0,46.35942,-94.78225
KNUJ,0.86,New Ulm,MN,D,1.0,44.28608,-94.43081
KOZY,1.32,Grand Rapids,MN,B,5.0,47.17272,-93.453
KPMI,1.3,Bemidji,MN,B,2.5,47.44217,-94.86611
KPRM,0.87,Park Rapids,MN,B,50.0,46.92831,-95.00642
KQAQ,0.97,Austin,MN,B,5.0,43.70747,-92.94603
KRBT,1.34,Eveleth,MN,C,1.0,47.48194,-92.53194
KRFO,1.39,Owatonna,MN,D,0.5,44.07386,-93.18022
KROC,1.34,Rochester,MN,C,1.0,44.02969,-92.49211
KROX,1.26,Crookston,MN,B,1.0,47.79775,-96.58756
KRWB,1.41,Roseau,MN,D,1.0,48.84511,-95.72625
KRWC,1.36,Buffalo,MN,D,0.5,45.16664,-93.91997
KSKK,1.07,Verndale,MN,B,5.0,46.39525,-94.96531
KSTP,1.5,St. Paul,MN,A,50.0,45.02553,-93.04411
KSUM,1.37,Fairmont,MN,B,1.0,43.62911,-94.48358
KTIS,0.9,Minneapolis,MN,B,50.0,44.98997,-92.98133
KTLK,1.13,Minneapolis,MN,B,50.0,44.64664,-93.39217
KTNF,0.95,St. Louis Park,MN,B,1.0,44.86886,-93.41994
KTOE,1.42,Mankato,MN,B,5.0,44.16831,-93.9105
KTRF,1.23,Thief River Falls,MN,C,1.0,48.12969,-96.18669
KUOM,0.77,Minneapolis,MN,D,5.0,44.99831,-93.18856
KVBR,1.34,Brainerd,MN,C,1.0,46.34803,-94.18194
KVXR,1.28,Moorhead,MN,B,5.0,46.81942,-96.76592
KWAD,0.92,Wadena,MN,B,1.0,46.37025,-95.15392
KWLM,1.34,Willmar,MN,C,1.0,45.13331,-95.04333
KWNO,1.23,Winona,MN,C,1.0,44.03372,-91.60528
KWOA,0.73,Worthington,MN,D,1.0,43.62997,-95.67833
KXRA,1.49,Alexandria,MN,C,1.0,45.86831,-95.36336
KXSS,1.39,Waite Park,MN,B,2.5,45.54192,-94.26167
KYCR,1.44,Golden Valley,MN,B,5.0,44.98886,-93.35189
KYES,1.18,Rockville,MN,B,50.0,45.36192,-94.29944
KYMN,1.08,Northfield,MN,D,1.0,44.48664,-93.10578
WBHR,0.66,Sauk Rapids,MN,B,10.0,45.60497,-94.13944
WBKK,0.82,Wilton,MN,B,10.0,47.39133,-95.07806
WCCO,0.83,Minneapolis,MN,A,50.0,45.17775,-93.34883
WCMP,1.35,Pine City,MN,D,1.0,45.81939,-92.99606
WCTS,1.03,Maplewood,MN,B,50.0,44.86692,-92.90078
WEBC,0.56,Duluth,MN,B,5.0,46.64356,-91.98603
WELY,1.45,Ely,MN,C,0.77,47.89436,-91.86403
WJON,1.24,St. Cloud,MN,C,1.0,45.55997,-94.13944
WKLK,1.23,Cloquet,MN,C,0.72,46.74939,-92.42158
WLOL,1.33,Minneapolis,MN,B,9.7,44.78386,-93.34411
WMFG,1.24,Hibbing,MN,C,1.0,47.40828,-92.95131
WMIN,1.01,Sauk Rapids,MN,B,2.5,45.60497,-94.13944
WPVW,1.19,Wabasha,MN,D,1.0,44.34608,-91.97822
WQPM,1.3,Princeton,MN,D,1.0,45.55275,-93.58192
WQRM,0.85,Duluth,MN,D,50.0,46.65522,-92.21131
WREY,0.63,St. Paul,MN,B,3.0,44.86692,-92.90078
WVAL,0.8,Sauk Rapids,MN,B,2.6,45.60497,-94.13944
WWTC,1.28,Minneapolis,MN,B,10.0,44.78831,-93.21522
WWWI,1.27,Baxter,MN,D,5.0,46.29861,-94.27833
WXYG,0.54,Sauk Rapids,MN,B,0.85,45.60497,-94.13944
WZFG,1.1,Dilworth,MN,B,50.0,46.76219,-96.67231
KAAN,0.87,Bethany,MO,D,0.93,40.25639,-94.15661
KALM,1.29,Thayer,MO,D,1.0,36.55644,-91.55153
KAPE,1.55,Cape Girardeau,MO,D,5.0,37.2795,-89.55981
KATZ,1.6,St. Louis,MO,B,6.0,38.61728,-90.08289
KBCV,1.57,Hollister,MO,B,5.0,36.6145,-93.21381
KBFL,1.06,Springfield,MO,D,0.47,37.22589,-93.35936
KBNN,0.75,Lebanon,MO,D,5.0,37.68642,-92.69322
KBOA,1.54,Kennett,MO,D,1.0,36.25311,-90.04897
KBOB,1.55,Springfield,MO,D,5.0,37.19497,-93.31814
KBTC,1.25,Houston,MO,D,0.98,37.32922,-91.89875
KBTN,1.42,Neosho,MO,D,1.0,36.84783,-94.32022
KCAX,1.22,Branson,MO,D,1.0,36.71894,-93.23908
KCHI,1.01,Chillicothe,MO,D,0.25,39.76419,-93.55606
KCMO,0.71,Kansas City,MO,B,10.0,39.31889,-94.49689
KCRV,1.37,Caruthersville,MO,D,1.0,36.21394,-89.69036
KCTE,1.51,Independence,MO,D,10.0,39.07056,-94.44967
KCTO,1.16,Cleveland,MO,B,5.0,38.67389,-94.608
KCWJ,1.03,Blue Springs,MO,B,5.0,39.04556,-94.23522
KCXL,1.14,Liberty,MO,D,4.0,39.23833,-94.39994
KDEX,1.59,Dexter,MO,D,0.62,36.78894,-89.90786
KDHX,1.01,St. Louis,MO,D,0.16,38.63589,-90.19594
KDMO,1.49,Carthage,MO,C,1.0,37.18283,-94.36217
KDMR,1.19,Kansas City,MO,B,5.0,39.06361,-94.5105
KDRO,1.49,Sedalia,MO,C,0.78,38.67642,-93.25464
KESJ,1.55,St. Joseph,MO,B,2.5,39.8275,-94.81108
KEXS,1.09,Excelsior Springs,MO,D,10.0,39.29417,-94.2605
KFAL,0.9,Fulton,MO,D,1.0,38.86617,-91.95436
KFEQ,0.68,St. Joseph,MO,B,5.0,39.82861,-94.80581
KFMO,1.24,Flat River,MO,C,1.0,37.85283,-90.52042
KFMZ,1.47,Brookfield,MO,D,0.5,39.84058,-93.08131
KFNZ,0.61,Kansas City,MO,B,5.0,38.98417,-94.62856
KFRU,1.4,Columbia,MO,C,1.0,38.96253,-92.30408
KFUO,0.85,Clayton,MO,D,3.8,38.52422,-90.23931
KGIR,1.22,Cape Girardeau,MO,D,0.25,37.30006,-89.49008
KGMY,1.4,Springfield,MO,C,1.0,37.19617,-93.32269
KHMO,1.07,Hannibal,MO,B,5.0,39.6295,-91.37597
KHOJ,1.46,St. Charles,MO,B,12.0,38.83478,-90.469
KICK,1.34,Springfield,MO,C,1.0,37.09283,-93.26658
KIIK,1.27,Waynesville,MO,D,0.5,37.82836,-92.17433
KIRX,1.45,Kirksville,MO,C,1.0,40.20669,-92.57547
KJCW,1.1,Webb City,MO,D,5.0,37.10644,-94.28078
KJFF,1.4,Festus,MO,C,1.0,38.23228,-90.39733
KJPW,1.39,Waynesville,MO,D,5.0,37.81919,-92.15183
KJXX,1.17,Jackson,MO,D,0.25,37.382,-89.65342
KKOZ,1.43,Ava,MO,D,0.5,36.93006,-92.65544
KLEX,1.57,Lexington,MO,D,0.25,39.18722,-93.83439
KLID,1.34,Poplar Bluff,MO,C,1.0,36.76756,-90.36983
KLIK,1.24,Jefferson City,MO,C,1.0,38.56392,-92.18936
KLPW,1.22,Union,MO,D,1.0,38.48256,-91.04431
KLTI,1.56,Macon,MO,D,1.0,39.70947,-92.46408
KMAL,1.47,Malden,MO,D,1.0,36.55228,-89.97842
KMBZ,0.98,Kansas City,MO,B,9.0,39.04028,-94.50856
KMIS,1.05,Portageville,MO,D,0.6,36.42533,-89.69147
KMMO,1.3,Marshall,MO,D,1.0,39.13419,-93.22214
KMOX,1.12,St. Louis,MO,A,50.0,38.72256,-90.05511
KMOZ,1.59,Rolla,MO,D,1.0,37.94447,-91.81183
KMRF,1.51,Marshfield,MO,D,5.0,37.31922,-92.96211
KMRN,1.36,Cameron,MO,D,0.5,39.68472,-94.23967
KMVG,0.89,Gladstone,MO,D,1.0,39.06361,-94.51056
KNEM,1.24,Nevada,MO,C,0.5,37.86031,-94.38189
KNIM,1.58,Maryville,MO,D,0.48,40.39194,-94.96803
KOKO,1.45,Warrensburg,MO,C,1.0,38.77556,-93.72022
KPRT,1.59,Kansas City,MO,D,1.0,39.06806,-94.53633
KPWB,1.14,Piedmont,MO,D,1.0,37.14144,-90.70317
KRAP,1.35,Washington,MO,D,0.5,38.57894,-90.99931
KREI,0.8,Farmington,MO,D,1.0,37.79228,-90.41011
KRHW,1.52,Sikeston,MO,B,5.0,36.82367,-89.59592
KRLL,1.42,California,MO,D,0.5,38.63669,-92.58353
KRMO,0.99,Cassville,MO,D,2.5,36.93756,-93.92519
KRMS,1.15,Osage Beach,MO,D,0.84,38.08808,-92.73825
KROL,1.43,Carrollton,MO,D,0.5,39.33281,-93.53772
KSIM,1.4,Sikeston,MO,C,1.0,36.87006,-89.60897
KSIS,1.05,Sedalia,MO,D,1.0,38.73419,-93.22547
KSIV,1.32,Clayton,MO,B,4.6,38.60728,-90.354
KSMO,1.34,Salem,MO,C,1.0,37.62672,-91.53597
KSTL,0.69,St. Louis,MO,D,1.0,38.617,-90.1715
KSWM,0.94,Aurora,MO,D,1.0,36.99422,-93.71631
KTGR,1.58,Columbia,MO,D,0.214,38.96253,-92.30408
KTRS,0.55,St. Louis,MO,B,5.0,38.66256,-90.12872
KTTN,1.6,Trenton,MO,D,0.5,40.08333,-93.55856
KTTR,1.49,Rolla,MO,C,1.0,37.94447,-91.74489
KTUI,1.56,Sullivan,MO,D,1.0,38.19506,-91.18681
KWIX,1.23,Moberly,MO,C,0.49,39.40308,-92.43269
KWOC,0.93,Poplar Bluff,MO,B,5.0,36.72117,-90.36983
KWOS,0.95,Jefferson City,MO,B,5.0,38.52031,-92.17853
KWPM,1.45,West Plains,MO,C,1.0,36.74117,-91.83375
KWRE,0.73,Warrenton,MO,D,1.0,38.82228,-91.13764
KWRT,1.37,Boonville,MO,D,1.0,38.94558,-92.77075
KWTO,0.56,Springfield,MO,B,5.0,36.9445,-93.22158
KWUL,0.92,St. Louis,MO,B,0.45,38.75922,-90.05011
KXEO,1.34,Mexico,MO,C,0.96,39.16669,-91.86211
KXFN,1.38,St. Louis,MO,B,2.0,38.52389,-90.23828
KYFI,0.63,St.,MO,B,5.0,38.67172,-90.11456
KYMO,1.08,East Prairie,MO,D,0.5,36.797,-89.35536
KYOO,1.2,Bolivar,MO,D,1.0,37.62114,-93.40186
KYRO,1.28,Troy,MO,D,0.66,39.05367,-90.99653
KYSJ,1.27,St. Joseph,MO,D,1.0,39.74417,-94.78803
KZIM,0.96,Cape Girardeau,MO,B,5.0,37.31644,-89.48508
KZRG,1.31,Joplin,MO,B,5.0,37.11756,-94.54494
KZYM,1.23,Joplin,MO,C,0.56,37.07617,-94.54244
WEW,0.77,St. Louis,MO,D,1.0,38.62172,-90.07622
WHB,0.81,Kansas City,MO,B,50.0,39.30583,-94.57522
WMBH,1.56,Joplin,MO,D,0.5,37.08922,-94.563
KKMP,1.44,Garapan-Saipan,MP,B,1.1,15.15778,145.71806
WABG,0.96,Greenwood,MS,B,1.0,33.55511,-90.20564
WABO,0.99,Waynesboro,MS,D,1.0,31.67794,-88.67031
WAML,1.34,Collins,MS,C,1.0,31.63461,-89.57314
WAMY,1.58,Amory,MS,D,1.0,33.97594,-88.49144
WANG,1.49,Biloxi,MS,C,1.0,30.39408,-88.99947
WAPF,1.14,Mccomb,MS,D,1.0,31.24767,-90.42067
WBIP,1.4,Booneville,MS,C,1.0,34.63925,-88.57589
WCHJ,1.47,Brookhaven,MS,D,1.0,31.56294,-90.44758
WCJU,1.45,Columbia,MS,C,1.0,31.23739,-89.84008
WCLD,1.49,Cleveland,MS,C,1.0,33.73372,-90.71397
WCPC,0.94,Houston,MS,D,31.0,33.92872,-89.00978
WELO,0.58,Tupelo,MS,D,0.77,34.23817,-88.69533
WELZ,1.46,Belzoni,MS,D,1.0,33.17344,-90.48092
WESY,1.58,Leland,MS,D,1.0,33.37956,-90.92983
WFOR,1.4,Hattiesburg,MS,C,1.0,31.33517,-89.32644
WFQY,0.97,Brandon,MS,D,0.35,32.27403,-90.01369
WGCM,1.24,Gulfport,MS,C,0.94,30.42936,-89.01892
WGVM,1.26,Greenville,MS,D,1.0,33.42233,-91.02817
WHJA,0.89,Laurel,MS,D,10.0,31.52489,-89.242
WHOC,1.49,Philadelphia,MS,C,1.0,32.76458,-89.13006
WHSY,0.95,Hattiesburg,MS,D,5.0,31.376,-89.33033
WIIN,0.78,Ridgeland,MS,D,4.4,32.38681,-90.16314
WIZK,1.57,Bay Springs,MS,D,3.2,31.96572,-89.30089
WJBI,1.29,Batesville,MS,D,0.73,34.30372,-89.98314
WJDX,0.62,Jackson,MS,B,5.0,32.38236,-90.19064
WJNT,1.18,Pearl,MS,B,50.0,32.29542,-90.11508
WJQS,1.4,Jackson,MS,C,1.0,32.32014,-90.19036
WKCU,1.35,Corinth,MS,D,0.9,34.90814,-88.50172
WKMQ,1.06,Tupelo,MS,D,0.96,34.25511,-88.69006
WKRA,1.11,Holly Springs,MS,D,1.0,34.78647,-89.41675
WLEE,1.57,Winona,MS,D,1.0,33.46456,-89.73647
WLRC,0.85,Walnut,MS,D,0.94,34.94619,-88.87894
WMEJ,1.19,Bay St. Louis,MS,D,5.0,30.32381,-89.35089
WMER,1.39,Meridian,MS,D,5.0,32.34486,-88.69228
WMGO,1.37,Canton,MS,D,1.0,32.62681,-90.02981
WMIS,1.24,Natchez,MS,C,1.0,31.52072,-91.38594
WMOG,0.91,Meridian,MS,B,5.0,32.39375,-88.66894
WMOX,1.01,Meridian,MS,B,10.0,32.39514,-88.65783
WMSO,1.24,Southaven,MS,C,0.58,34.98258,-90.01258
WNAT,1.45,Natchez,MS,C,1.0,31.55933,-91.39178
WNAU,1.47,New Albany,MS,B,2.5,34.49678,-89.0145
WNIX,1.33,Greenville,MS,D,3.8,33.41011,-91.01761
WNLA,1.39,Indianola,MS,D,1.0,33.47817,-90.64119
WOAD,1.3,Jackson,MS,B,3.6,32.38681,-90.16314
WOCJ,1.44,Pontotoc,MS,D,1.0,34.25289,-88.96006
WOEG,1.22,Hazlehurst,MS,D,0.164,31.89267,-90.40231
WPMO,1.58,Pascagoula-Moss Point,MS,D,1.5,30.38381,-88.53531
WQFX,1.13,Gulfport,MS,D,1.0,30.38936,-89.10642
WQMS,1.5,Quitman,MS,D,1.0,32.06431,-88.72422
WRJW,1.32,Picayune,MS,D,5.0,30.51853,-89.64478
WROA,1.39,Gulfport,MS,D,0.9,30.42936,-89.01892
WROX,1.45,Clarksdale,MS,C,1.0,34.21122,-90.57844
WRPM,1.17,Poplarville,MS,D,1.0,30.81547,-89.50672
WSFZ,0.93,Jackson,MS,D,3.7,32.38681,-90.16314
WSJC,0.81,Magee,MS,B,50.0,31.86683,-89.69314
WTUP,1.49,Tupelo,MS,C,1.0,34.25511,-88.69006
WTWG,1.05,Columbus,MS,D,1.0,33.51011,-88.41281
WTWZ,1.12,Clinton,MS,D,10.0,32.35097,-90.33953
WTYL,1.29,Tylertown,MS,D,1.0,31.13072,-90.13703
WVBG,1.49,Vicksburg,MS,C,1.0,32.34569,-90.86733
WVGG,1.44,Lucedale,MS,D,5.0,30.93297,-88.60586
WWZQ,1.24,Aberdeen,MS,C,1.0,33.809,-88.54256
WXTN,1.0,Benton,MS,D,5.0,33.11097,-90.03925
WZQK,1.24,Flowood,MS,C,0.88,32.30097,-90.13675
KATL,0.77,Miles City,MT,B,10.0,46.39611,-105.77944
KATQ,1.07,Plentywood,MT,D,5.0,48.76697,-104.54578
KBLG,0.91,Billings,MT,D,1.0,45.75356,-108.51681
KBOW,0.55,Butte,MT,B,5.0,45.97019,-112.58142
KBOZ,1.09,Bozeman,MT,B,5.0,45.61603,-111.08856
KBUL,0.97,Billings,MT,B,5.0,45.743,-108.54403
KCAP,0.95,Helena,MT,B,5.0,46.67439,-112.01889
KDBM,1.49,Dillon,MT,C,1.0,45.23625,-112.64681
KEIN,1.31,Great Falls,MT,B,5.0,47.52217,-111.38914
KERR,0.75,Polson,MT,B,50.0,47.64272,-114.12456
KFLN,0.96,Baker,MT,D,5.0,46.37528,-104.27411
KGEZ,0.6,Kalispell,MT,B,5.0,48.16106,-114.28181
KGHL,0.79,Billings,MT,B,5.0,45.82467,-108.41125
KGLE,0.59,Glendive,MT,D,1.0,47.09722,-104.78636
KGRZ,1.45,Missoula,MT,C,1.0,46.87742,-114.04428
KGVO,1.29,Missoula,MT,B,5.0,46.82964,-114.08011
KHDN,1.23,Hardin,MT,C,1.0,45.71525,-107.60036
KHNK,1.24,Whitefish,MT,C,0.4,48.39553,-114.32069
KHTC,1.49,Malmstrom Afb,MT,C,1.0,47.47914,-111.24192
KIKC,1.25,Forsyth,MT,D,5.0,46.25833,-106.68975
KJCR,1.24,Billings,MT,C,1.0,45.758,-108.49847
KJJR,0.88,Whitefish,MT,B,10.0,48.39553,-114.32069
KKGR,0.68,East Helena,MT,D,5.0,46.56883,-111.90972
KLCB,1.23,Libby,MT,C,1.0,48.3705,-115.53961
KLTZ,1.24,Glasgow,MT,C,1.0,48.21861,-106.64611
KLYQ,1.24,Hamilton,MT,C,1.0,46.25964,-114.16508
KMMS,1.45,Bozeman,MT,C,1.0,45.69828,-111.02883
KMON,0.56,Great Falls,MT,B,5.0,47.42467,-111.28969
KMPT,0.93,East Missoula,MT,D,5.0,46.87742,-114.04428
KMTA,1.05,Miles City,MT,D,10.0,46.40111,-105.65222
KOFI,1.18,Kalispell,MT,B,50.0,48.19775,-114.25181
KOJM,0.61,Havre,MT,B,1.0,48.58,-109.64908
KPRK,1.34,Livingston,MT,C,1.0,45.67244,-110.53992
KQDE,1.34,Evergreen,MT,C,1.0,48.23886,-114.25347
KQDI,1.45,Great Falls,MT,C,0.72,47.4655,-111.32358
KSEN,1.15,Shelby,MT,B,10.0,48.48108,-111.88475
KVCK,1.45,Wolf Point,MT,C,1.0,48.08836,-105.65667
KWYS,0.92,West Yellowstone,MT,D,1.0,44.64881,-111.098
KXGF,1.4,Great Falls,MT,C,0.68,47.4655,-111.32358
KXGN,1.4,Glendive,MT,C,1.0,47.09444,-104.71442
KXLO,1.23,Lewistown,MT,C,1.0,47.07108,-109.40964
KXTL,1.37,Butte,MT,B,1.0,46.00575,-112.63253
KYLT,1.34,Missoula,MT,C,1.0,46.88214,-113.9865
KYWL,1.48,Belgrade,MT,B,1.0,45.77075,-111.22467
KYYA,0.73,Billings,MT,D,5.0,45.758,-108.49875
WAAV,0.98,Leland,NC,D,5.0,34.24822,-78.00056
WACB,0.86,Taylorsville,NC,D,0.25,35.93264,-81.17175
WADE,1.34,Wadesboro,NC,C,1.0,34.95267,-80.04978
WAGR,1.34,Lumberton,NC,C,1.0,34.59961,-79.00892
WAGY,1.32,Forest City,NC,D,1.0,35.35456,-81.87931
WAIZ,0.63,Hickory,NC,D,1.0,35.72292,-81.27786
WAME,0.55,Statesville,NC,D,0.5,35.79347,-80.85397
WARR,1.52,Warrenton,NC,D,5.0,36.40514,-78.13556
WATA,1.45,Boone,NC,C,1.0,36.21653,-81.7015
WAUG,0.75,New Hope,NC,D,0.5,35.79125,-78.61917
WAVQ,1.4,Jacksonville,NC,C,1.0,34.74906,-77.41386
WAYN,0.9,Rockingham,NC,B,1.0,34.92517,-79.74283
WAZZ,1.49,Fayetteville,NC,C,1.0,35.0685,-78.90225
WBAG,1.15,Burlington-Graham,NC,D,1.0,36.11347,-79.44975
WBFJ,1.55,Winston-Salem,NC,D,1.0,36.10931,-80.24533
WBHN,1.59,Bryson City,NC,D,0.5,35.42814,-83.43822
WBIG,1.47,Greensboro,NC,B,10.0,36.15042,-79.91308
WBLA,1.44,Elizabethtown,NC,D,5.0,34.62572,-78.62417
WBLO,0.79,Thomasville,NC,D,10.0,35.96153,-80.03669
WBRM,1.25,Marion,NC,D,5.0,35.68567,-82.03456
WBT,1.11,Charlotte,NC,A,50.0,35.13236,-80.88953
WBTE,0.99,Windsor,NC,D,1.0,35.96683,-76.948
WCAB,0.59,Rutherfordton,NC,D,1.0,35.39317,-81.92289
WCBQ,1.34,Oxford,NC,C,1.0,36.30764,-78.57667
WCBT,1.23,Roanoke Rapids,NC,C,1.0,36.44597,-77.66386
WCGC,1.27,Belmont,NC,B,10.0,35.25153,-81.05703
WCHL,1.36,Chapel Hill,NC,B,5.0,35.93847,-79.02639
WCIS,0.76,Morganton,NC,D,3.5,35.79458,-81.71983
WCKB,0.78,Dunn,NC,D,7.0,35.2835,-78.59667
WCLN,1.17,Clinton,NC,D,5.0,35.02267,-78.34917
WCLW,1.13,Eden,NC,D,1.0,36.52264,-79.76503
WCNC,1.24,Elizabeth City,NC,C,1.0,36.31072,-76.23189
WCOG,1.32,Greensboro,NC,B,5.0,36.15042,-79.91308
WCOK,1.06,Sparta,NC,D,1.1,36.48208,-81.09286
WCPS,0.76,Tarboro,NC,D,1.0,35.92906,-77.56997
WCRU,0.96,Dallas,NC,B,10.0,35.30097,-81.17008
WCSL,1.59,Cherryville,NC,D,10.0,35.37431,-81.40425
WCVP,0.6,Murphy,NC,D,1.0,35.06675,-83.99936
WCXN,1.17,Claremont,NC,D,7.7,35.72625,-81.14758
WDEX,1.43,Monroe,NC,B,2.5,34.98458,-80.60367
WDJS,1.43,Mount Olive,NC,B,10.0,35.20044,-78.12278
WDLX,0.93,Washington,NC,B,5.0,35.52683,-77.07494
WDNC,0.62,Durham,NC,D,1.5,35.96792,-78.88778
WDRU,1.03,Creedmoor,NC,D,50.0,36.17875,-78.75806
WDSL,1.52,Mocksville,NC,D,5.0,35.88069,-80.54033
WDUR,1.49,Durham,NC,C,1.0,35.96792,-78.88778
WDYT,1.22,Kings Mountain,NC,D,25.0,35.28681,-81.17425
WEAL,1.51,Greensboro,NC,D,0.82,36.06181,-79.79281
WECU,1.57,Winterville,NC,B,2.5,35.53775,-77.41811
WEEB,0.99,Southern Pines,NC,D,10.0,35.19628,-79.41253
WEED,1.39,Rocky Mount,NC,D,5.0,35.96211,-77.82608
WENC,1.22,Whiteville,NC,D,5.0,34.3085,-78.71642
WETC,0.54,Wendell-Zebulon,NC,B,10.0,35.86931,-78.43194
WEWO,1.46,Laurinburg,NC,B,5.0,34.7835,-79.51089
WEZZ,0.97,Canton,NC,D,5.0,35.53289,-82.86597
WFAY,1.23,Fayetteville,NC,C,1.0,35.07156,-78.87392
WFMC,0.73,Goldsboro,NC,D,1.0,35.37378,-78.01111
WFMO,0.86,Fairmont,NC,D,1.0,34.51767,-79.10503
WFNC,0.64,Fayetteville,NC,B,10.0,35.07961,-78.93253
WFSC,1.05,Franklin,NC,D,5.0,35.21119,-83.36847
WGAI,0.56,Elizabeth City,NC,B,1.0,36.33794,-76.24661
WGAS,1.42,South Gastonia,NC,D,0.5,35.18292,-81.20814
WGBR,1.15,Goldsboro,NC,B,5.0,35.37406,-78.01139
WGCR,0.72,Pisgah Forest,NC,D,50.0,35.25289,-82.67428
WGFY,1.48,Charlotte,NC,B,12.0,35.28486,-80.87592
WGHB,1.25,Farmville,NC,B,5.0,35.60489,-77.57442
WGIV,1.37,Pineville,NC,D,5.0,35.21792,-80.89314
WGNC,1.45,Gastonia,NC,C,1.0,35.27569,-81.20092
WGOS,1.07,High Point,NC,D,1.0,35.91625,-80.01642
WGSP,1.31,Charlotte,NC,D,5.0,35.25653,-80.86425
WHBK,1.46,Marshall,NC,D,5.0,35.80122,-82.67986
WHIP,1.35,Mooresville,NC,D,1.0,35.60125,-80.81397
WHKP,1.45,Hendersonville,NC,C,0.97,35.339,-82.45539
WHKY,1.29,Hickory,NC,B,50.0,35.72653,-81.30036
WHNC,0.89,Henderson,NC,D,1.0,36.33569,-78.36944
WHPY,1.59,Clayton,NC,D,5.0,35.64711,-78.50556
WHVN,1.24,Charlotte,NC,C,1.0,35.26406,-80.77019
WIAM,0.9,Williamston,NC,B,1.0,35.85767,-77.04244
WIDU,1.6,Fayetteville,NC,D,5.0,35.0985,-78.88642
WIOZ,0.55,Pinehurst,NC,B,1.0,35.15128,-79.47753
WISE,1.31,Asheville,NC,B,5.0,35.61928,-82.57236
WIXE,1.19,Monroe,NC,D,5.0,34.96153,-80.54422
WIZS,1.45,Henderson,NC,C,1.0,36.33747,-78.41944
WJCV,1.29,Jacksonville,NC,D,5.0,34.76628,-77.39081
WJNC,1.24,Jacksonville,NC,C,1.0,34.74906,-77.41386
WJRI,1.34,Lenoir,NC,C,1.0,35.89431,-81.55814
WJRM,1.39,Troy,NC,D,1.0,35.36208,-79.86033
WKBC,0.8,North Wilkesboro,NC,B,1.0,36.18792,-81.14147
WKDX,1.25,Hamlet,NC,D,1.0,34.88517,-79.68033
WKEW,1.4,Greensboro,NC,C,0.76,36.06181,-79.79281
WKGX,1.08,Lenoir,NC,D,5.0,35.91069,-81.55953
WKIX,0.85,Raleigh,NC,D,9.0,35.79403,-78.76167
WKJV,1.38,Asheville,NC,B,25.0,35.60539,-82.59181
WKJW,1.01,Black Mountain,NC,D,47.0,35.5915,-82.41456
WKOO,0.71,Rose Hill,NC,D,2.5,34.8635,-78.0375
WKRK,1.32,Murphy,NC,D,5.0,35.11175,-84.00853
WKSK,0.58,West Jefferson,NC,D,5.0,36.41094,-81.49594
WKTE,1.09,King,NC,D,1.0,36.29681,-80.37144
WKXR,1.26,Asheboro,NC,B,5.0,35.72403,-79.80558
WKYK,0.94,Burnsville,NC,B,4.6,35.92567,-82.27208
WLLN,1.37,Lillington,NC,D,5.0,35.38794,-78.80586
WLLQ,1.53,Chapel Hill,NC,D,10.0,35.96875,-79.0025
WLLY,1.35,Wilson,NC,D,1.0,35.7235,-77.92081
WLNC,1.3,Laurinburg,NC,D,0.5,34.7835,-79.43922
WLNR,1.23,Kinston,NC,C,1.0,35.25878,-77.60886
WLOE,1.49,Eden,NC,C,1.0,36.50597,-79.77142
WLON,1.05,Lincolnton,NC,D,1.0,35.49125,-81.26731
WLSG,1.34,Wilmington,NC,C,1.0,34.26742,-77.92575
WLWL,0.77,Rockingham,NC,D,5.0,34.92517,-79.78617
WLXN,1.44,Lexington,NC,D,5.3,35.92042,-80.25033
WMFA,1.4,Raeford,NC,C,1.0,34.97878,-79.20864
WMFD,0.63,Wilmington,NC,B,0.8,34.27211,-77.97417
WMFR,1.23,High Point,NC,C,1.0,35.95569,-80.00586
WMNC,1.43,Morganton,NC,D,2.7,35.75264,-81.72175
WMPM,1.27,Smithfield,NC,D,5.0,35.526,-78.33333
WMRV,1.45,Spring Lake,NC,C,0.95,35.18656,-78.95947
WMXF,1.4,Waynesville,NC,C,1.0,35.504,-82.97347
WMYN,1.42,Mayodan,NC,D,1.0,36.41514,-79.98697
WNCA,1.57,Siler City,NC,B,5.0,35.73319,-79.49197
WNCT,1.07,Greenville,NC,D,5.0,35.60322,-77.42608
WNNC,1.23,Newton,NC,C,1.0,35.67236,-81.23647
WNOS,1.45,New Bern,NC,C,1.0,35.101,-77.0755
WNOW,1.03,Mint Hill,NC,D,9.4,35.14069,-80.60006
WOBX,1.53,Wanchese,NC,D,0.25,35.86461,-75.64961
WOGR,1.54,Charlotte,NC,D,2.4,35.27403,-80.86092
WOHS,1.39,Shelby,NC,D,0.7,35.29125,-81.56731
WPAQ,0.74,Mount Airy,NC,D,10.0,36.53458,-80.59644
WPCM,0.92,Burlington-Graham,NC,D,5.0,36.09764,-79.48614
WPEK,0.88,Fairview,NC,D,5.0,35.54678,-82.47067
WPET,0.95,Greensboro,NC,D,0.54,36.06181,-79.79281
WPFJ,1.48,Franklin,NC,D,5.0,35.17969,-83.35292
WPIP,0.88,Winston-Salem,NC,D,1.8,36.04403,-80.18172
WPJL,1.24,Raleigh,NC,C,1.0,35.77375,-78.61889
WPOL,1.34,Winston-Salem,NC,C,1.0,36.07403,-80.25506
WPTF,0.68,Raleigh,NC,B,50.0,35.79403,-78.76111
WPTL,0.92,Canton,NC,D,0.5,35.52094,-82.80653
WPYB,1.13,Benson,NC,D,6.5,35.361,-78.56889
WPZS,0.61,Charlotte,NC,B,5.0,35.30097,-80.88814
WQDR,0.57,Raleigh,NC,D,1.0,35.79319,-78.76111
WQTM,1.48,Fair Bluff,NC,D,10.0,34.32322,-79.00169
WRCS,0.97,Ahoskie,NC,D,1.0,36.27961,-77.03275
WREV,1.22,Reidsville,NC,D,1.0,36.38606,-79.65072
WRGC,0.54,Sylva,NC,B,1.0,35.39192,-83.24875
WRJD,1.41,Durham,NC,B,5.0,36.02903,-78.84972
WRKB,1.46,Kannapolis,NC,D,2.0,35.48736,-80.60478
WRMT,1.49,Rocky Mount,NC,C,1.0,35.93267,-77.82997
WRNA,1.14,China Grove,NC,D,1.0,35.57236,-80.58894
WRRZ,0.88,Clinton,NC,D,1.0,34.97794,-78.30389
WRTG,1.0,Garner,NC,D,1.0,35.73069,-78.60306
WRXO,1.43,Roxboro,NC,D,1.0,36.36792,-78.99917
WSAT,1.28,Salisbury,NC,D,0.85,35.68833,-80.49556
WSGH,1.04,Lewisville,NC,D,1.1,36.13142,-80.501
WSIC,1.4,Statesville,NC,C,1.0,35.80264,-80.89147
WSJS,0.6,Winston-Salem,NC,B,5.0,36.11681,-80.357
WSKY,1.23,Asheville,NC,C,1.0,35.619,-82.57181
WSME,1.12,Camp Lejeune,NC,D,6.0,34.71767,-77.28217
WSML,1.2,Graham,NC,B,10.0,36.13375,-79.47031
WSMX,1.5,Winston-Salem,NC,D,0.14,36.07403,-80.25506
WSMY,1.4,Weldon,NC,C,1.0,36.41208,-77.61803
WSPC,1.01,Albemarle,NC,D,1.0,35.38708,-80.192
WSQL,1.24,Brevard,NC,C,1.0,35.22317,-82.70542
WSRP,0.91,Jacksonville,NC,B,5.0,34.796,-77.48969
WSSG,1.3,Goldsboro,NC,D,1.0,35.40239,-78.02194
WSTP,1.49,Salisbury,NC,C,0.6,35.68833,-80.49556
WSVM,1.49,Valdese,NC,C,1.0,35.74597,-81.59397
WSYD,1.3,Mount Airy,NC,B,5.0,36.50347,-80.59283
WTCG,0.87,Mount Holly,NC,D,5.0,35.27375,-80.86092
WTIK,1.31,Durham,NC,B,5.0,36.02514,-78.90194
WTLK,1.57,Taylorsville,NC,B,0.9,35.93186,-81.17131
WTOB,0.98,Winston-Salem,NC,D,1.3,36.11125,-80.24311
WTOE,1.47,Spruce Pine,NC,D,5.0,35.90678,-82.10567
WTRU,0.83,Kernersville,NC,B,50.0,36.19958,-80.20672
WTSB,1.09,Selma,NC,D,9.0,35.616,-78.40889
WTXY,1.54,Whiteville,NC,D,1.0,34.32322,-78.71281
WTZQ,1.6,Hendersonville,NC,D,5.0,35.31483,-82.43261
WVOE,1.59,Chadbourn,NC,D,1.0,34.35156,-78.84364
WWDR,1.08,Murfreesboro,NC,D,0.93,36.44017,-77.13581
WWGP,1.05,Sanford,NC,D,1.0,35.44072,-79.21447
WWMC,1.01,Kinston,NC,D,1.0,35.28433,-77.66442
WWNB,1.49,New Bern,NC,C,1.0,35.13322,-77.06522
WWNC,0.57,Asheville,NC,B,5.0,35.59706,-82.60653
WWNT,1.38,Winston-Salem,NC,B,5.0,36.14819,-80.3195
WWOL,0.78,Forest City,NC,D,10.0,35.35067,-81.90094
WWQT,1.16,Tryon,NC,B,25.0,35.23817,-82.24261
WWWC,1.24,Wilkesboro,NC,C,1.0,36.15014,-81.16147
WXIT,1.2,Blowing Rock,NC,D,4.2,36.21653,-81.7015
WXKL,1.29,Sanford,NC,D,1.0,35.45044,-79.15808
WXNC,1.06,Monroe,NC,D,4.0,34.98792,-80.51783
WYAL,1.28,Scotland Neck,NC,D,5.0,36.136,-77.43553
WYCV,0.9,Granite Falls,NC,D,2.5,35.78625,-81.41647
WYDU,1.16,Red Springs,NC,B,5.0,34.83961,-79.17975
WYFQ,0.93,Charlotte,NC,B,5.0,35.26819,-80.90286
WYNC,1.54,Yanceyville,NC,D,2.5,36.41458,-79.33475
WYRN,1.48,Louisburg,NC,D,0.5,36.11292,-78.28028
WYSR,1.59,High Point,NC,D,1.4,35.98458,-80.06867
WYZD,1.56,Dobson,NC,D,4.2,36.39264,-80.73311
WZBO,1.26,Edenton,NC,D,1.0,36.07961,-76.59967
WZGM,1.35,Black Mountain,NC,D,10.0,35.5915,-82.41456
WZGV,0.73,Cramerton,NC,D,10.0,35.26681,-80.90119
WZKY,1.58,Albemarle,NC,D,1.0,35.36069,-80.17728
WZOO,0.7,Asheboro,NC,B,1.0,35.76403,-79.83419
KBMR,1.13,Bismarck,ND,D,10.0,46.81028,-100.73653
KCJB,0.91,Minot,ND,B,5.0,48.2025,-101.34878
KDAK,1.6,Carrington,ND,D,0.5,47.42861,-99.08456
KDDR,1.22,Oakes,ND,B,1.0,46.12303,-98.08956
KDIX,1.23,Dickinson,ND,C,1.0,46.8725,-102.74433
KDKT,1.41,Beulah,ND,B,1.0,47.2875,-101.76322
KDLR,1.24,Devils Lake,ND,C,1.0,48.11167,-98.84567
KEYZ,0.66,Williston,ND,B,5.0,48.23892,-103.65075
KFGO,0.79,Fargo,ND,B,5.0,46.71803,-96.80175
KFNW,1.2,West Fargo,ND,B,50.0,46.71914,-97.03036
KFYR,0.55,Bismarck,ND,B,5.0,46.85333,-100.544
KHND,1.47,Harvey,ND,D,1.0,47.75639,-99.91872
KKXL,1.44,Grand Forks,ND,B,0.6,47.96442,-97.02981
KLTC,1.46,Dickinson,ND,B,5.0,46.84889,-102.83017
KLXX,1.27,Bismarck-Mandan,ND,B,1.0,46.81028,-100.83653
KMSR,1.52,Northwood,ND,D,1.5,47.49917,-97.35119
KNDC,1.49,Hettinger,ND,C,1.0,46.01972,-102.69294
KNDK,1.08,Langdon,ND,D,1.0,48.78583,-98.3665
KNFL,0.74,Fargo,ND,B,50.0,46.97469,-96.50369
KNOX,1.31,Grand Forks,ND,B,5.0,47.84414,-97.02536
KOVC,1.49,Valley City,ND,C,1.0,46.91331,-98.01761
KPOK,1.34,Bowman,ND,C,1.0,46.18,-103.37047
KQDJ,1.4,Jamestown,ND,C,1.0,46.89361,-98.68928
KQLX,0.89,Lisbon,ND,D,1.8,46.61497,-97.13258
KQWB,1.66,West Fargo,ND,B,10.0,46.97581,-96.58425
KRRZ,1.39,Minot,ND,B,5.0,48.21044,-101.24114
KSJB,0.6,Jamestown,ND,B,5.0,46.81747,-98.70983
KTGO,1.09,Tioga,ND,D,1.1,48.39114,-102.93492
KWTL,1.37,Grand Forks,ND,B,12.0,47.88303,-97.11314
KXMR,0.71,Bismarck,ND,B,4.0,46.66889,-100.77625
KXPO,1.34,Grafton,ND,C,1.0,48.39806,-97.44925
KZZJ,1.45,Rugby,ND,C,1.0,48.35389,-99.99236
WDAY,0.97,Fargo,ND,B,10.0,46.64664,-96.36422
KAMI,1.58,Cozad,NE,D,1.0,40.83778,-99.93928
KAWL,1.37,York,NE,D,0.5,40.84278,-97.58839
KBRB,1.4,Ainsworth,NE,C,1.0,42.55444,-99.8315
KBRL,1.3,Mccook,NE,D,5.0,40.19194,-100.65208
KBRX,1.35,O'Neill,NE,D,1.0,42.45944,-98.65675
KCNI,1.28,Broken Bow,NE,D,1.0,41.40861,-99.67483
KCOW,1.4,Alliance,NE,C,1.0,42.10619,-102.88861
KCRO,0.66,Omaha,NE,D,1.0,41.31306,-96.01031
KCSR,0.61,Chadron,NE,D,1.0,42.83219,-103.01714
KCTY,1.59,Wayne,NE,D,2.5,42.23444,-97.05561
KFAB,1.11,Omaha,NE,A,50.0,41.11972,-96.00197
KFOR,1.24,Lincoln,NE,C,1.0,40.81944,-96.65892
KGFW,1.34,Kearney,NE,C,1.0,40.66806,-99.08147
KGMT,1.31,Fairbury,NE,D,0.5,40.11611,-97.15169
KHAS,1.23,Hastings,NE,C,1.0,40.57781,-98.40506
KHUB,1.34,Fremont,NE,C,0.5,41.43278,-96.45475
KIBM,1.49,Omaha,NE,C,0.97,41.31306,-96.01031
KICS,1.55,Hastings,NE,D,0.5,40.56753,-98.37561
KJLT,0.97,North Platte,NE,D,5.0,41.16,-100.87903
KJSK,0.9,Columbus,NE,D,1.0,41.43972,-97.39061
KLIN,1.4,Lincoln,NE,C,1.0,40.84833,-96.67503
KMMJ,0.75,Grand Island,NE,B,10.5,41.13472,-97.99422
KMMQ,1.02,Plattsmouth,NE,B,50.0,41.08667,-95.71306
KNCY,1.6,Nebraska City,NE,D,0.5,40.67417,-95.88583
KNEB,0.96,Scottsbluff,NE,B,5.0,41.79164,-103.64189
KNGN,1.36,Mccook,NE,D,1.0,40.22222,-100.69406
KNLV,1.06,Ord,NE,D,1.0,41.57139,-98.92286
KODY,1.24,North Platte,NE,C,1.0,41.15389,-100.77347
KOGA,0.93,Ogallala,NE,B,2.1,41.1425,-101.71378
KOIL,1.29,Omaha,NE,B,5.0,41.18889,-96.00614
KOLT,0.69,Terrytown,NE,D,1.0,41.79164,-103.64189
KOOQ,1.41,North Platte,NE,B,5.0,41.175,-100.75236
KOZN,1.62,Bellevue,NE,B,10.0,41.18917,-96.00558
KRFS,1.6,Superior,NE,D,0.5,40.025,-98.07756
KRGI,1.43,Grand Island,NE,D,5.0,40.87139,-98.27444
KRVN,0.88,Lexington,NE,B,50.0,40.51583,-99.39678
KSID,1.34,Sidney,NE,C,1.0,41.13117,-102.97261
KTIC,0.84,West Point,NE,D,5.0,41.78417,-96.67975
KTNC,1.23,Falls City,NE,C,0.5,40.06583,-95.61553
KTTT,1.51,Columbus,NE,D,0.5,41.45389,-97.40589
KUVR,1.38,Holdrege,NE,D,0.32,40.51583,-99.39678
KVSH,0.94,Valentine,NE,D,5.0,42.865,-100.51903
KWBE,1.45,Beatrice,NE,C,0.53,40.26361,-96.77447
KXCB,1.42,Omaha,NE,B,1.0,41.19972,-95.90972
KXPN,1.46,Kearney,NE,D,5.0,40.69306,-99.16703
KZOI,1.25,Dakota City,NE,B,0.5,42.4425,-96.26169
KZOT,1.18,Bellevue,NE,B,25.0,41.27,-95.78639
WJAG,0.78,Norfolk,NE,D,1.0,42.03167,-97.49672
WOW,0.59,Omaha,NE,B,5.0,41.31528,-95.99808
WASR,1.42,Wolfeboro,NH,B,0.5,43.59192,-71.21925
WBNC,1.34,Conway,NH,C,0.62,43.98008,-71.11033
WCNL,1.01,Newport,NH,D,10.0,43.36453,-72.17925
WDER,1.32,Derry,NH,B,10.0,42.86703,-71.28783
WEMJ,1.49,Laconia,NH,C,1.0,43.54147,-71.46203
WFEA,1.37,Manchester,NH,B,5.0,42.90731,-71.462
WFTN,1.24,Franklin,NH,C,1.0,43.45453,-71.64203
WGAM,1.25,Manchester,NH,D,0.67,43.01064,-71.50367
WGHM,0.9,Nashua,NH,D,0.91,42.75953,-71.47644
WGIR,0.61,Manchester,NH,B,5.0,43.01592,-71.4795
WHNM,1.35,Laconia,NH,D,5.0,43.50758,-71.51619
WKBK,1.29,Keene,NH,B,5.0,42.94619,-72.30869
WKDR,1.49,Berlin,NH,C,1.0,44.48283,-71.17675
WKXL,1.45,Concord,NH,C,1.0,43.19472,-71.555
WLTN,1.4,Littleton,NH,C,1.0,44.31311,-71.76842
WMOU,1.23,Berlin,NH,C,1.0,44.48283,-71.17675
WMVX,1.11,Salem,NH,D,5.0,42.76175,-71.26978
WPKC,1.54,Exeter,NH,D,5.0,42.98981,-70.93672
WPKX,0.93,Rochester,NH,B,5.0,43.28703,-70.94811
WPNH,1.3,Plymouth,NH,D,5.0,43.77564,-71.70508
WSMN,1.59,Nashua,NH,D,0.77,42.75953,-71.47644
WTSN,1.27,Dover,NH,B,5.0,43.18369,-70.85339
WTSV,1.23,Claremont,NH,C,1.0,43.37092,-72.32786
WUVR,1.49,Lebanon,NH,C,0.64,43.65342,-72.23731
WZBK,1.22,Keene,NH,D,1.0,42.93064,-72.29953
WBSS,1.49,Pleasantville,NJ,C,0.4,39.39011,-74.51208
WCHR,1.04,Flemington,NJ,B,15.0,40.50511,-74.97628
WCMC,1.23,Wildwood,NJ,C,1.0,39.00261,-74.81239
WCTC,1.45,New Brunswick,NJ,C,1.0,40.49233,-74.41931
WEMG,1.31,Camden,NJ,B,1.0,39.95789,-75.11461
WFJS,1.26,Trenton,NJ,B,5.9,40.26567,-74.75711
WGHT,1.5,Pompton Lakes,NJ,D,1.0,40.98094,-74.28458
WGYM,1.58,Hammonton,NJ,D,1.0,39.62594,-74.79517
WHTG,1.41,Eatontown,NJ,D,0.5,40.26956,-74.07153
WHWH,1.35,Princeton,NJ,B,5.0,40.36678,-74.7435
WIFI,1.46,Florence,NJ,B,5.0,40.0815,-74.79433
WJLK,1.16,Lakewood Township,NJ,B,5.0,40.13594,-74.22958
WKMB,1.07,Stirling,NJ,D,0.25,40.6765,-74.47628
WMID,1.34,Atlantic City,NJ,C,0.89,39.3765,-74.45181
WMIZ,1.27,Vineland,NJ,B,0.36,39.49817,-75.07489
WMTR,1.25,Morristown,NJ,B,5.0,40.81317,-74.46239
WMVB,1.44,Millville,NJ,D,0.46,39.42178,-75.02044
WNJE,0.92,Trenton,NJ,B,1.4,40.25539,-74.86183
WNSW,1.43,Newark,NJ,B,10.0,40.84983,-74.18264
WNYM,0.97,Hackensack,NJ,B,50.0,40.91122,-74.02792
WOBM,1.31,Asbury Park,NJ,B,2.5,40.22983,-74.09042
WOCQ,1.51,Salem,NJ,D,2.5,39.58344,-75.46019
WOND,1.4,Pleasantville,NJ,C,1.0,39.39011,-74.51208
WPAT,0.93,Paterson,NJ,B,5.0,40.84983,-74.18264
WPGG,1.45,Atlantic City,NJ,C,1.0,39.37844,-74.44764
WRNJ,1.51,Hackettstown,NJ,D,2.0,40.81681,-74.82686
WSNJ,1.24,Bridgeton,NJ,C,1.0,39.459,-75.20297
WSNR,0.62,Jersey City,NJ,B,3.0,40.79817,-74.10625
WTMR,0.8,Camden,NJ,B,5.0,39.90928,-75.09961
WTOC,1.36,Newton,NJ,B,2.0,41.03953,-74.73822
WTTM,1.68,Lindenwold,NJ,B,10.0,39.88778,-75.00111
WVNJ,1.16,Oakland,NJ,B,20.0,41.05647,-74.24903
WWAC,1.02,Ocean City-Somers Point,NJ,D,1.9,39.22928,-74.68128
WWJZ,0.64,Mount Holly,NJ,B,50.0,39.99706,-74.71933
WWRU,1.66,Jersey City,NJ,B,10.0,40.82039,-74.06736
WWTR,1.17,Bridgewater,NJ,D,0.6,40.56039,-74.58906
WXMC,1.31,Parsippany-Troy Hill,NJ,D,1.0,40.86428,-74.35125
KABQ,1.35,Albuquerque,NM,B,5.0,35.10061,-106.67669
KAMQ,1.24,Carlsbad,NM,C,1.0,32.39539,-104.24717
KATK,0.74,Carlsbad,NM,B,1.0,32.45067,-104.21356
KBIM,0.91,Roswell,NM,D,5.0,33.44008,-104.52692
KBUY,1.36,Ruidoso,NM,D,5.0,33.32619,-105.67108
KCCC,0.93,Carlsbad,NM,D,1.0,32.40567,-104.18967
KCHS,1.4,Truth Or Consequence,NM,C,1.0,33.14064,-107.23253
KCKN,1.02,Roswell,NM,B,50.0,33.46481,-104.49997
KCLV,1.24,Clovis,NM,C,1.0,34.38842,-103.18661
KCQL,1.34,Aztec,NM,C,1.0,36.82139,-108.00006
KDAZ,0.7,Albuquerque,NM,D,0.45,35.00867,-106.71503
KDCE,0.95,Espanola,NM,D,4.2,36.00225,-106.06697
KDNF,0.84,Belen,NM,D,1.8,35.00867,-106.71503
KDSK,1.24,Los Ranchos De Albuq,NM,C,1.0,35.20172,-106.59947
KEJL,1.11,Humble City,NM,D,5.0,32.8165,-103.23272
KEMR,1.08,Moriarty,NM,D,2.5,35.00922,-105.91697
KENN,1.39,Farmington,NM,B,5.0,36.7075,-108.14786
KFUN,1.23,Las Vegas,NM,C,1.0,35.59672,-105.20639
KGAK,1.33,Gallup,NM,B,5.0,35.54281,-108.73703
KHAC,0.88,Tse Bonito,NM,B,10.0,35.64475,-109.02092
KINN,1.27,Alamogordo,NM,D,1.0,32.88703,-105.95167
KIVA,1.6,Albuquerque,NM,D,10.0,35.05117,-106.64336
KKIM,1.0,Albuquerque,NM,D,10.0,35.05117,-106.64336
KKNS,1.31,Corrales,NM,D,5.0,35.13228,-106.62225
KKOB,0.77,Albuquerque,NM,B,50.0,35.20256,-106.61197
KLMX,1.45,Clayton,NM,C,1.0,36.44419,-103.1905
KMIN,0.98,Grants,NM,D,5.0,35.09753,-107.87256
KNDN,0.96,Farmington,NM,D,5.0,36.73,-108.23036
KNFT,0.95,Bayard,NM,D,5.0,32.78092,-108.20006
KNML,0.61,Albuquerque,NM,B,5.0,35.03239,-106.65953
KNMM,1.15,Albuquerque,NM,D,1.5,35.13228,-106.62225
KNMX,0.54,Las Vegas,NM,D,5.0,35.57367,-105.17194
KOAZ,1.51,Isleta,NM,D,5.0,34.9795,-106.73753
KOBE,1.45,Las Cruces,NM,C,1.0,32.30203,-106.80278
KOTS,1.23,Deming,NM,C,1.0,32.25147,-107.75836
KQNM,1.55,Albuquerque,NM,D,10.0,35.17061,-106.63142
KRKE,1.1,Peralta,NM,D,1.0,34.857,-106.69253
KRSY,1.23,Alamogordo,NM,C,1.0,32.89619,-105.94556
KRTN,1.49,Raton,NM,C,1.0,36.88669,-104.44361
KRUI,1.49,Ruidoso Downs,NM,C,1.0,33.32147,-105.59053
KRZE,1.28,Farmington,NM,D,5.0,36.73,-108.23036
KRZY,1.45,Albuquerque,NM,C,1.0,35.13228,-106.62225
KSEL,1.45,Portales,NM,C,0.95,34.19758,-103.32383
KSFX,1.23,Roswell,NM,C,0.62,33.39372,-104.60497
KSVA,0.92,Albuquerque,NM,B,1.0,35.13228,-106.62225
KSVP,0.99,Artesia,NM,B,1.0,32.82483,-104.40025
KSWV,0.81,Santa Fe,NM,D,5.0,35.70142,-105.96669
KTBL,1.05,Los Ranchos,NM,B,1.0,34.9795,-106.73753
KTNM,1.4,Tucumcari,NM,C,1.0,35.17089,-103.70747
KTRC,1.26,Santa Fe,NM,B,5.0,35.68225,-105.97308
KVOT,1.34,Taos,NM,C,1.0,36.39003,-105.58694
KVSF,1.4,Santa Fe,NM,C,1.0,35.68225,-105.97308
KWES,1.45,Ruidoso,NM,C,1.0,33.32619,-105.67108
KWKA,0.68,Clovis,NM,B,0.5,34.36342,-103.21856
KWML,0.57,Las Cruces,NM,D,5.0,32.30925,-106.82389
KXKS,1.19,Albuquerque,NM,D,10.0,35.05117,-106.64336
KYVA,1.23,Gallup,NM,C,0.92,35.53392,-108.70564
KBET,0.79,Winchester,NV,B,1.0,36.10997,-115.00306
KBZZ,1.23,Reno,NV,C,1.0,39.51381,-119.71603
KCMY,1.3,Carson City,NV,D,5.0,39.16603,-119.72683
KELK,1.24,Elko,NV,C,1.0,40.86553,-115.72022
KELY,1.23,Ely,NV,C,0.25,39.26244,-114.86364
KENO,1.46,Las Vegas,NV,B,10.0,36.19025,-115.17722
KENT,1.54,Enterprise,NV,B,10.0,36.01108,-115.24194
KFOY,1.06,Sparks,NV,B,5.0,39.57353,-119.84769
KHIT,1.45,Reno,NV,C,1.0,39.57408,-119.84769
KIHM,0.92,Reno,NV,B,4.8,39.51381,-119.71547
KKGK,1.34,Las Vegas,NV,C,1.0,36.21303,-115.16333
KKOH,0.78,Reno,NV,B,50.0,39.67797,-119.80269
KKVV,1.06,Las Vegas,NV,D,5.0,36.15608,-115.25972
KLAV,1.23,Las Vegas,NV,C,0.9,36.21303,-115.16333
KLSQ,0.87,Whitney,NV,B,5.0,35.97636,-114.95167
KMZQ,0.67,Las Vegas,NV,B,25.0,36.38442,-115.35222
KNIH,0.97,Paradise,NV,B,5.0,36.01108,-115.24194
KNNR,1.4,Sparks,NV,C,1.0,39.56936,-119.75186
KPLY,0.63,Reno,NV,B,5.0,39.57353,-119.84769
KQLL,1.28,Henderson,NV,D,5.0,36.21081,-115.16389
KRLV,0.92,Las Vegas,NV,B,5.0,36.19025,-115.17722
KSHP,1.4,North Las Vegas,NV,C,1.0,36.21081,-115.16389
KVLV,0.98,Fallon,NV,D,5.0,39.49631,-118.81489
KWWN,1.1,Las Vegas,NV,B,22.0,36.21247,-115.16333
KXNT,0.84,North Las Vegas,NV,B,50.0,36.39803,-114.91667
KXTO,1.55,Reno,NV,D,2.5,39.57742,-119.84881
WABC,0.77,New York,NY,A,50.0,40.88067,-74.06931
WABH,1.38,Bath,NY,B,10.0,42.31453,-77.28553
WABY,0.9,Watervliet,NY,D,0.4,42.68925,-73.79317
WACK,1.42,Newark,NY,B,5.0,43.01894,-77.07775
WADO,1.28,New York,NY,B,50.0,40.82678,-74.07514
WALL,1.34,Middletown,NY,C,1.0,41.45703,-74.43961
WAMC,1.4,Albany,NY,C,1.0,42.68925,-73.79317
WATN,1.24,Watertown,NY,C,1.0,43.98033,-75.93631
WAUB,1.59,Auburn,NY,B,0.45,42.9095,-76.60217
WBBF,1.12,Buffalo,NY,D,1.0,42.83061,-78.80003
WBBR,1.13,New York,NY,A,50.0,40.81094,-74.03958
WBEN,0.93,Buffalo,NY,B,5.0,42.97839,-78.95725
WBNR,1.26,Beacon,NY,B,1.0,41.49231,-73.97819
WBRV,0.9,Boonville,NY,D,1.0,43.51314,-75.36239
WBTA,1.49,Batavia,NY,C,1.0,42.97644,-78.18642
WBWD,0.54,Islip,NY,B,10.0,40.75178,-73.21344
WCDO,1.49,Sidney,NY,C,1.0,42.32342,-75.38211
WCGR,1.55,Canandaigua,NY,D,0.25,42.88117,-77.25025
WCHP,0.76,Champlain,NY,D,35.0,44.94558,-73.42958
WCJW,1.14,Warsaw,NY,D,8.0,42.72617,-78.11167
WCSS,1.49,Amsterdam,NY,C,1.0,42.96119,-74.17597
WDCX,0.99,Rochester,NY,B,5.0,43.23172,-77.86639
WDCZ,0.97,Buffalo,NY,B,5.0,42.74478,-78.88669
WDLA,1.27,Walton,NY,D,5.0,42.13619,-75.07961
WDLC,1.49,Port Jervis,NY,C,1.0,41.36369,-74.67767
WDNY,1.4,Dansville,NY,C,0.88,42.53867,-77.68222
WDOE,1.41,Dunkirk,NY,D,1.0,42.46367,-79.35561
WDRE,1.57,Riverhead,NY,B,1.0,40.91344,-72.65397
WEAV,0.96,Plattsburgh,NY,B,5.0,44.57422,-73.44792
WEBO,1.33,Owego,NY,D,5.0,42.09258,-76.25633
WEBR,1.44,Niagara Falls,NY,D,1.0,43.08117,-79.01617
WECK,1.23,Cheektowaga,NY,C,1.0,42.92422,-78.77781
WELM,1.41,Elmira,NY,B,5.0,42.11981,-76.80994
WENE,1.43,Endicott,NY,B,5.0,42.08231,-76.03103
WENI,1.45,Corning,NY,C,1.0,42.11647,-77.03969
WENT,1.34,Gloversville,NY,C,1.0,43.02508,-74.35236
WENU,1.41,South Glens Falls,NY,D,1.0,43.32925,-73.64789
WEOK,1.39,Poughkeepsie,NY,D,5.0,41.72064,-73.90764
WEPN,1.05,New York,NY,B,50.0,40.77678,-74.05181
WFAN,0.66,New York,NY,A,50.0,40.85983,-73.78542
WFBL,1.39,Syracuse,NY,B,5.0,43.15283,-76.19269
WFLR,1.57,Dundee,NY,B,1.0,42.54453,-76.99275
WFME,1.56,New York,NY,A,50.0,40.71678,-73.91736
WFNY,1.44,Gloversville,NY,B,5.0,43.03258,-74.35014
WGBB,1.24,Freeport,NY,C,1.0,40.64567,-73.57708
WGDJ,1.3,Rensselaer,NY,B,10.0,42.58981,-73.74317
WGGO,1.59,Salamanca,NY,D,5.0,42.17339,-78.68503
WGHQ,0.92,Kingston,NY,D,1.0,41.88703,-73.97097
WGNY,1.22,Newburgh,NY,D,10.0,41.53147,-74.11292
WGR,0.55,Buffalo,NY,B,5.0,42.76978,-78.84336
WGVA,1.24,Geneva,NY,C,1.0,42.86033,-77.01608
WGY,0.81,Schenectady,NY,A,50.0,42.79231,-74.01181
WHAM,1.18,Rochester,NY,A,50.0,43.082,-77.72472
WHAZ,1.33,Troy,NY,D,1.0,42.77647,-73.68567
WHCU,0.87,Ithaca,NY,B,5.0,42.46508,-76.37272
WHEN,0.62,Syracuse,NY,B,5.0,43.09228,-76.18908
WHIC,1.46,Rochester,NY,B,3.7,43.08311,-77.6475
WHLI,1.1,Hempstead,NY,D,10.0,40.68511,-73.60958
WHSQ,0.88,New York,NY,A,50.0,40.85983,-73.78542
WHTK,1.28,Rochester,NY,B,5.0,43.09839,-77.58333
WHUC,1.23,Hudson,NY,C,1.0,42.25369,-73.76206
WHVW,0.95,Hyde Park,NY,D,0.5,41.74619,-73.91236
WIBX,0.95,Utica,NY,B,5.0,43.10342,-75.34156
WICY,1.49,Malone,NY,C,1.0,44.84617,-74.26822
WINR,0.68,Binghamton,NY,B,5.0,42.11481,-75.85408
WINS,1.01,New York,NY,B,50.0,40.804,-74.10625
WIRY,1.34,Plattsburg,NY,C,1.0,44.67006,-73.44431
WIXT,1.23,Little Falls,NY,C,1.0,43.04258,-74.85819
WIZR,0.93,Johnstown,NY,D,1.0,42.99975,-74.357
WJDM,1.53,Mineola,NY,D,10.0,40.68511,-73.60958
WJIP,1.37,Ellenville,NY,D,5.0,41.73869,-74.39628
WJMP,1.07,Plattsburgh,NY,D,5.0,44.60422,-73.45514
WJTN,1.24,Jamestown,NY,C,0.5,42.10478,-79.25728
WKAJ,1.12,Saint Johnsville,NY,B,10.0,42.99981,-74.69125
WKAL,1.45,Rome,NY,C,1.0,43.20508,-75.47878
WKDM,1.38,New York,NY,B,5.0,40.82039,-74.06736
WKIP,1.45,Poughkeepsie,NY,C,1.0,41.70453,-73.88736
WKNY,1.49,Kingston,NY,C,1.0,41.93647,-74.00792
WKSN,1.34,Jamestown,NY,C,0.26,42.10478,-79.25728
WLEA,1.48,Hornell,NY,D,2.5,42.28758,-77.64611
WLIB,1.19,New York,NY,B,10.0,40.79678,-74.10125
WLID,1.37,Patchogue,NY,D,0.5,40.75456,-72.98539
WLIM,1.44,Medford,NY,D,1.0,40.79594,-72.99178
WLNA,1.42,Peekskill,NY,B,5.0,41.30869,-73.91625
WLNL,1.0,Horseheads,NY,D,5.0,42.15397,-76.84606
WLSV,0.79,Wellsville,NY,D,1.0,42.077,-77.92944
WLVL,1.34,Lockport,NY,C,1.0,43.17506,-78.71058
WLVY,1.6,Elmira Hts-Horsehds,NY,B,5.0,42.11981,-76.80994
WMAJ,1.23,Elmira,NY,C,1.0,42.07481,-76.77939
WMBO,1.34,Auburn,NY,C,1.0,42.95144,-76.58439
WMCA,0.57,New York,NY,B,5.0,40.75289,-74.10375
WMCR,1.6,Oneida,NY,D,1.0,43.0845,-75.69269
WMML,1.23,Glens Falls,NY,C,1.0,43.32925,-73.64789
WMSA,1.34,Massena,NY,C,0.91,44.90311,-74.88353
WNBF,1.29,Binghamton,NY,B,9.3,42.05814,-75.95381
WNER,1.41,Watertown,NY,D,3.5,43.94644,-75.94742
WNGZ,1.49,Watkins Glen,NY,C,0.88,42.35231,-76.86803
WNRS,1.42,Herkimer,NY,D,1.0,43.06119,-75.0285
WNYC,0.82,New York,NY,B,10.0,40.75289,-74.10375
WNYG,1.58,Patchogue,NY,B,10.0,40.79594,-72.99178
WNYH,0.74,Huntington,NY,D,25.0,40.85122,-73.43733
WNYY,1.47,Ithaca,NY,B,5.0,42.39175,-76.47467
WOEN,1.36,Olean,NY,D,1.0,42.10506,-78.39003
WOFX,0.98,Troy,NY,B,5.0,42.78231,-73.83483
WOKR,1.31,Canandaigua,NY,B,1.0,42.88894,-77.31886
WOLF,1.49,Syracuse,NY,C,1.0,43.05839,-76.16631
WOLY,1.45,Olean,NY,C,1.0,42.07619,-78.47372
WOPG,1.46,Albany,NY,B,5.0,42.62258,-73.80206
WOR,0.71,New York,NY,A,50.0,40.79733,-74.08958
WOSW,1.3,Fulton,NY,D,1.0,43.29478,-76.44272
WPDM,1.47,Potsdam,NY,D,1.0,44.64394,-75.05742
WPGO,0.82,Horseheads,NY,B,4.1,42.15397,-76.84606
WPIE,1.16,Trumansburg,NY,B,5.0,42.54503,-76.71017
WPTR,1.24,Schenectady,NY,C,1.0,42.81036,-73.98403
WRCK,1.48,Remsen,NY,D,5.0,43.32478,-75.17489
WRCR,1.7,Haverstraw,NY,B,10.0,41.18953,-74.01486
WRIV,1.39,Riverhead,NY,D,1.0,40.91539,-72.65731
WRKL,0.91,New City,NY,B,1.0,41.18119,-74.04764
WRNY,1.35,Rome,NY,D,0.5,43.20508,-75.48517
WROC,0.95,Rochester,NY,B,1.0,43.107,-77.59722
WROW,0.59,Albany,NY,B,5.0,42.57369,-73.78622
WRSB,1.6,Brockport,NY,D,0.3,43.19589,-77.95139
WRVP,1.31,Mount Kisco,NY,D,5.0,41.19369,-73.73903
WSDE,1.19,Cobleskill,NY,D,1.0,42.69064,-74.44403
WSFW,1.11,Seneca Falls,NY,D,1.0,42.91533,-76.77411
WSGO,1.44,Oswego,NY,D,1.0,43.41561,-76.46633
WSKO,1.26,Syracuse,NY,B,5.0,43.02561,-76.06492
WSLB,1.4,Ogdensburg,NY,C,1.0,44.70589,-75.46494
WSSV,1.16,Mechanicville,NY,B,5.0,42.92008,-73.70178
WSYR,0.57,Syracuse,NY,B,5.0,42.987,-76.15214
WTBQ,1.11,Warwick,NY,D,0.5,41.28092,-74.36239
WTLA,1.2,North Syracuse,NY,B,1.0,43.15172,-76.13242
WTLB,1.31,Utica,NY,B,5.0,43.05675,-75.27794
WTNY,0.79,Watertown,NY,B,1.0,43.94561,-75.94797
WTOR,0.77,Youngstown,NY,D,13.0,43.21811,-78.94783
WUFO,1.08,Amherst,NY,D,1.0,42.92422,-78.77781
WUSP,1.55,Utica,NY,D,1.0,43.11342,-75.25656
WUSW,1.27,Niagara Falls,NY,B,5.0,42.74478,-78.88669
WVOA,1.54,East Syracuse,NY,D,1.0,43.0945,-76.03297
WVOS,1.24,Liberty,NY,C,1.0,41.78175,-74.72989
WVOX,1.46,New Rochelle,NY,D,0.5,40.92761,-73.77458
WVSL,1.24,Saranac Lake,NY,C,1.0,44.31617,-74.1185
WWKB,1.52,Buffalo,NY,A,50.0,42.7695,-78.84253
WWLE,1.17,Cornwall,NY,D,0.8,41.44008,-74.07319
WWRL,1.6,New York,NY,B,25.0,40.79567,-74.05458
WWRV,1.33,New York,NY,B,10.0,40.84511,-74.01958
WWSC,1.45,Glens Falls,NY,C,1.0,43.31258,-73.59817
WWWS,1.4,Buffalo,NY,C,0.745,42.92617,-78.84086
WXRL,1.3,Lancaster,NY,B,5.0,42.88256,-78.63114
WXXI,1.37,Rochester,NY,B,5.0,43.10033,-77.57278
WYLF,0.85,Penn Yan,NY,D,1.0,42.66144,-77.12025
WYSL,1.04,Avon,NY,B,27.0,42.8545,-77.71056
WZRC,1.48,New York,NY,B,5.0,40.84511,-74.01958
WZUN,1.07,Sandy Creek-Pulaski,NY,D,2.5,43.60533,-76.12964
WABQ,1.0,Parma,OH,D,0.5,41.31978,-81.76847
WAIS,0.77,Buchtel,OH,D,1.0,39.43231,-82.20042
WAKR,1.59,Akron,OH,B,5.0,41.02061,-81.50539
WARF,1.35,Akron,OH,B,5.0,41.16811,-81.51233
WATH,0.97,Athens,OH,D,1.0,39.34453,-82.10569
WBBW,1.24,Youngstown,OH,C,1.0,41.08061,-80.64814
WBCO,1.54,Bucyrus,OH,D,0.5,40.76422,-82.93464
WBEX,1.49,Chillicothe,OH,C,1.0,39.33117,-82.99683
WBLL,1.39,Bellefontaine,OH,D,0.5,40.36811,-83.73383
WBNS,1.46,Columbus,OH,B,5.0,39.95172,-82.90628
WBTC,1.54,Uhrichsville,OH,D,0.25,40.42394,-81.36289
WBZI,1.5,Xenia,OH,D,0.5,39.71339,-83.91325
WCCD,1.46,Painesville,OH,B,1.0,41.73894,-81.23567
WCCR,1.26,Cleveland,OH,B,10.0,41.28617,-81.64261
WCHI,1.35,Chillicothe,OH,D,1.0,39.32117,-82.95239
WCHO,1.25,Washington Court Hou,OH,D,0.5,39.54978,-83.45269
WCIT,0.94,Lima,OH,D,0.25,40.72256,-84.08439
WCKY,1.53,Cincinnati,OH,A,50.0,39.06867,-84.6055
WCLT,1.43,Newark,OH,D,0.5,40.03394,-82.40208
WCSM,1.35,Celina,OH,D,0.5,40.53728,-84.58828
WCUE,1.15,Cuyahoga Falls,OH,B,5.0,41.20144,-81.52344
WCWA,1.23,Toledo,OH,C,1.0,41.637,-83.56439
WDAO,1.21,Dayton,OH,D,1.0,39.72672,-84.20633
WDBZ,1.23,Cincinnati,OH,C,1.0,39.11422,-84.49217
WDJO,1.48,Cincinnati,OH,B,4.5,39.212,-84.48883
WDLR,1.27,Marysville,OH,B,0.5,40.24617,-83.33047
WDLW,1.38,Lorain,OH,D,0.5,41.43006,-82.15181
WDPN,1.31,Alliance,OH,B,1.0,40.92617,-81.12789
WEDI,1.13,Eaton,OH,D,0.25,39.74867,-84.58383
WERE,1.49,Cleveland Heights,OH,C,1.0,41.51339,-81.60125
WERT,1.22,Van Wert,OH,D,0.25,40.872,-84.55411
WFIN,1.33,Findlay,OH,D,1.0,41.00861,-83.63528
WFOB,1.43,Fostoria,OH,B,1.0,41.10172,-83.39964
WFUN,0.97,Ashtabula,OH,B,5.0,41.8145,-80.77897
WGFT,1.33,Campbell,OH,D,0.5,41.08922,-80.61508
WGNZ,1.11,Fairborn,OH,D,5.0,39.66478,-83.94383
WGRI,1.05,Cincinnati,OH,B,2.5,38.96922,-84.68217
WHBC,1.48,Canton,OH,B,15.0,40.89756,-81.31928
WHIO,1.29,Dayton,OH,B,5.0,39.67894,-84.13022
WHIZ,1.24,Zanesville,OH,C,1.0,39.95561,-81.98347
WHK,1.42,Cleveland,OH,B,5.0,41.35839,-81.66736
WHKW,1.22,Cleveland,OH,B,50.0,41.30728,-81.68903
WHKZ,1.44,Warren,OH,B,5.0,41.1645,-80.84619
WHLO,0.64,Akron,OH,B,5.0,41.07978,-81.64567
WHTH,0.79,Heath,OH,D,1.0,40.05144,-82.46878
WILB,1.06,Canton,OH,D,15.0,40.83422,-81.42983
WILE,1.27,Cambridge,OH,D,0.83,40.03953,-81.6465
WIMA,1.15,Lima,OH,B,1.0,40.67978,-84.10939
WING,1.41,Dayton,OH,B,5.0,39.68228,-84.15911
WINT,1.33,Willoughby,OH,D,0.5,41.64922,-81.42344
WINW,1.52,Canton,OH,D,0.23,40.82333,-81.42875
WIOI,1.01,New Boston,OH,D,1.0,38.73008,-82.95267
WITO,1.23,Ironton,OH,C,1.0,38.53953,-82.67128
WIXZ,0.95,Steubenville,OH,D,1.0,40.447,-80.56814
WIZE,1.34,Springfield,OH,C,1.0,39.94256,-83.78742
WJER,1.45,Dover-New Philadelph,OH,C,1.0,40.51283,-81.45678
WJMO,1.3,Cleveland,OH,B,5.0,41.34117,-81.74153
WJYM,0.73,Bowling Green,OH,D,1.0,41.53256,-83.56522
WKBN,0.57,Youngstown,OH,B,5.0,40.98506,-80.59981
WKFI,1.09,Wilmington,OH,D,1.0,39.43672,-83.85575
WKNR,0.85,Cleveland,OH,B,50.0,41.31672,-81.73069
WKRC,0.55,Cincinnati,OH,B,5.0,39.00811,-84.44411
WKTX,0.83,Cortland,OH,D,1.0,41.41561,-80.73008
WKVX,0.96,Wooster,OH,D,1.0,40.79417,-81.90417
WLEC,1.45,Sandusky,OH,C,1.0,41.44117,-82.68714
WLGN,1.51,Logan,OH,D,1.0,39.52867,-82.38489
WLKR,1.51,Norwalk,OH,D,0.5,41.27922,-82.65628
WLOH,1.32,Lancaster,OH,D,0.5,39.70367,-82.5535
WLTP,0.91,Marietta,OH,D,5.0,39.36342,-81.50261
WLW,0.7,Cincinnati,OH,A,50.0,39.35311,-84.32494
WLYV,1.29,Bellaire,OH,D,1.0,40.03592,-80.77092
WMAN,1.4,Mansfield,OH,C,0.92,40.77033,-82.54322
WMNI,0.92,Columbus,OH,B,1.0,39.89228,-83.04742
WMOA,1.49,Marietta,OH,C,1.0,39.41925,-81.47622
WMOH,1.45,Hamilton,OH,C,1.0,39.40339,-84.5305
WMPO,1.39,Middleport-Pomeroy,OH,D,5.0,39.01036,-82.06597
WMRN,1.49,Marion,OH,C,1.0,40.61394,-83.12964
WNCO,1.34,Ashland,OH,C,1.0,40.84033,-82.35711
WNCR,0.93,Elyria,OH,B,1.0,41.2695,-82.00431
WNIO,1.39,Youngstown,OH,B,9.5,41.12144,-80.70119
WNXT,1.26,Portsmouth,OH,D,0.25,38.72264,-83.00142
WOBL,1.32,Oberlin,OH,B,1.0,41.26811,-82.211
WOHI,1.49,East Liverpool,OH,C,1.0,40.62978,-80.60231
WONE,0.98,Dayton,OH,B,5.0,39.66756,-84.16689
WONW,1.28,Defiance,OH,B,1.0,41.27894,-84.39717
WOUB,1.34,Athens,OH,C,0.5,39.32925,-82.09125
WPAY,1.52,Rossford,OH,B,0.5,41.50894,-83.55189
WPFB,0.91,Middletown,OH,D,1.0,39.51589,-84.35133
WPTW,1.57,Piqua,OH,B,0.25,40.14033,-84.26856
WQCD,1.55,Delaware,OH,D,0.5,40.29894,-83.04603
WQCT,1.52,Bryan,OH,D,0.5,41.47783,-84.57828
WRFD,0.88,Columbus-Worthington,OH,D,23.0,39.942,-83.02214
WRGM,1.44,Ontario,OH,D,1.0,40.76811,-82.61767
WRQX,0.6,Salem,OH,D,1.0,40.82978,-80.93008
WSAI,1.36,Cincinnati,OH,B,5.0,39.24756,-84.53106
WSPD,1.37,Toledo,OH,B,5.0,41.60089,-83.53633
WSRW,1.59,Hillsboro,OH,D,0.5,39.16617,-83.60686
WTAM,1.1,Cleveland,OH,A,50.0,41.28061,-81.62261
WTIG,0.99,Massillon,OH,D,0.25,40.83256,-81.56067
WTNS,1.56,Coshocton,OH,D,1.0,40.27508,-81.82681
WTTF,1.6,Tiffin,OH,D,0.5,41.12561,-83.23186
WTVN,0.61,Columbus,OH,B,5.0,39.87617,-82.98019
WULM,1.6,Springfield,OH,D,1.0,39.95311,-83.86856
WVSG,0.82,Columbus,OH,B,6.5,39.90922,-83.05658
WWOW,1.36,Conneaut,OH,D,5.0,41.92561,-80.54203
WWYC,1.56,Toledo,OH,D,1.0,41.61672,-83.62133
WXGT,1.58,Columbus,OH,B,3.2,40.06172,-82.94464
WXIC,0.66,Waverly,OH,D,1.0,39.13061,-83.01267
WYOH,1.54,Niles,OH,D,0.5,41.13228,-80.76092
WYPC,1.33,Wellston,OH,D,0.5,39.10619,-82.57878
WYTS,1.23,Columbus,OH,C,1.0,39.942,-83.02214
WYWO,1.57,Warren,OH,B,0.75,41.20617,-80.84119
KADA,1.23,Ada,OK,C,1.0,34.78508,-96.67917
KADS,1.24,Elk City,OK,C,1.0,35.38089,-99.40731
KAKC,1.3,Tulsa,OK,B,5.0,35.99456,-95.85778
KALV,1.43,Alva,OK,B,0.5,36.81836,-98.64425
KBEL,1.24,Idabel,OK,C,1.0,33.88178,-94.81967
KBIX,1.49,Muskogee,OK,C,1.0,35.78233,-95.37719
KCFO,0.97,Tulsa,OK,B,2.5,36.19619,-96.03972
KCLI,1.32,Clinton,OK,D,1.0,35.48339,-98.98203
KCRC,1.39,Enid,OK,B,1.0,36.41975,-97.87478
KEBC,1.56,Del City,OK,B,1.0,35.44061,-97.49031
KETU,1.12,Catoosa,OK,D,10.0,36.30703,-95.97306
KFTP,1.35,Duncan,OK,D,0.18,34.51203,-97.96836
KGFF,1.45,Shawnee,OK,C,1.0,35.35286,-96.87781
KGHM,1.34,Midwest City,OK,C,1.0,35.4995,-97.50947
KGND,1.47,Vinita,OK,D,0.5,36.64592,-95.12636
KGTO,1.05,Tulsa,OK,D,1.0,36.15981,-96.05278
KGWA,0.96,Enid,OK,B,1.0,36.43697,-97.92144
KGYN,1.21,Guymon,OK,B,22.0,36.67614,-101.38322
KJMU,1.34,Sand Springs,OK,C,0.5,36.13592,-96.0925
KKRX,1.05,Lawton,OK,D,0.25,34.59092,-98.35311
KMAD,1.55,Madill,OK,D,0.25,34.10675,-96.77528
KMFS,1.49,Guthrie,OK,C,1.0,35.88228,-97.39308
KMUS,1.38,Sperry,OK,B,7.0,36.26647,-95.97111
KNED,1.15,Mcalester,OK,B,1.0,34.93675,-95.73333
KOKB,1.58,Blackwell,OK,D,1.0,36.80975,-97.26422
KOKC,1.52,Oklahoma City,OK,A,50.0,35.33311,-97.50419
KOKL,1.24,Okmulgee,OK,C,1.0,35.60872,-95.97222
KOKP,1.02,Perry,OK,B,0.4,36.25978,-97.21725
KOTV,1.17,Tulsa,OK,A,50.0,36.14647,-95.8075
KPGM,1.5,Pawhuska,OK,D,0.5,36.76175,-96.19972
KPRV,1.28,Poteau,OK,D,1.0,35.01539,-94.65189
KQCV,0.8,Oklahoma City,OK,B,2.5,35.41256,-97.67419
KREF,1.4,Norman,OK,C,1.0,35.21783,-97.41058
KRMG,0.74,Tulsa,OK,B,50.0,36.08064,-96.28611
KRMP,1.14,Oklahoma City,OK,D,1.0,35.38728,-97.49919
KRXO,1.27,Claremore,OK,B,5.0,36.26536,-95.71053
KSEO,0.75,Durant,OK,D,0.22,34.03675,-96.42722
KSIW,1.45,Woodward,OK,C,1.0,36.42694,-99.40639
KSPI,0.78,Stillwater,OK,D,0.25,36.08228,-97.05392
KTBZ,1.43,Tulsa,OK,B,25.0,36.23675,-95.95556
KTJS,1.42,Hobart,OK,B,1.0,35.04922,-99.09703
KTLQ,1.35,Tahlequah,OK,D,1.0,35.89536,-94.95356
KTLR,0.89,Oklahoma City,OK,D,1.0,35.56644,-97.47475
KTLV,1.22,Midwest City,OK,D,0.25,35.39728,-97.45142
KTMC,1.4,Mcalester,OK,C,1.0,34.94953,-95.76722
KTOK,1.0,Oklahoma City,OK,B,5.8,35.35811,-97.46364
KTUZ,1.57,Catoosa,OK,D,1.0,36.26536,-95.71053
KUSH,1.6,Cushing,OK,D,5.0,35.987,-96.71114
KVIS,0.91,Miami,OK,B,1.0,36.89089,-94.78356
KVSO,1.24,Ardmore,OK,C,1.0,34.18175,-97.14697
KWEY,1.59,Weatherford,OK,D,1.0,35.55922,-98.72008
KWHW,1.45,Altus,OK,C,0.668,34.62647,-99.33647
KWON,1.4,Bartlesville,OK,C,1.0,36.76481,-95.95997
KWPN,0.64,Moore,OK,B,5.0,35.28922,-97.50253
KWSH,1.26,Wewoka,OK,B,1.0,35.16953,-96.54194
KXCA,1.38,Lawton,OK,B,1.0,34.59008,-98.36256
KXTD,1.53,Wagoner,OK,D,5.0,35.97511,-95.49192
KYAL,1.55,Sapulpa,OK,D,2.5,36.01897,-96.09889
KZLS,1.64,Enid,OK,B,10.0,36.11531,-97.75672
KZUE,1.46,El Reno,OK,D,0.5,35.50839,-97.90033
WBBZ,1.23,Ponca City,OK,C,1.0,36.69614,-97.05225
WKY,0.93,Oklahoma City,OK,B,5.0,35.562,-97.50697
KAGI,0.93,Grants Pass,OR,D,5.0,42.43761,-123.35867
KAGO,1.15,Klamath Falls,OR,D,5.0,42.2155,-121.79853
KAJO,1.27,Grants Pass,OR,D,10.0,42.43761,-123.35867
KAST,1.37,Astoria,OR,B,1.0,46.17511,-123.85069
KBBR,1.34,North Bend,OR,C,1.0,43.43261,-124.20956
KBCH,1.4,Lincoln City,OR,C,1.0,44.99067,-123.98039
KBKR,1.49,Baker,OR,C,1.0,44.78819,-117.81078
KBND,1.11,Bend,OR,B,10.0,44.10678,-121.24531
KBNP,1.41,Portland,OR,D,5.0,45.47317,-122.66119
KBNW,1.34,Bend,OR,C,1.0,44.07956,-121.28392
KBPS,1.45,Portland,OR,C,0.738,45.52664,-122.65211
KBZY,1.49,Salem,OR,C,1.0,44.8815,-122.98619
KCFM,1.25,Florence,OR,D,0.9,44.029,-124.09817
KCKX,1.46,Stayton,OR,D,1.0,44.80261,-122.73536
KCUP,1.23,Toledo,OR,C,1.0,44.63094,-123.94567
KDSO,1.3,Phoenix,OR,B,5.0,42.29542,-122.80531
KDUN,1.03,Reedsport,OR,B,50.0,43.73789,-124.07622
KDZR,0.86,Troutdale,OR,B,50.0,45.6465,-122.51481
KEED,1.45,Eugene,OR,C,1.0,44.0815,-123.11064
KEJO,1.24,Corvallis,OR,C,1.0,44.59372,-123.22622
KEX,1.19,Portland,OR,A,50.0,45.42206,-122.56703
KFIR,0.72,Sweet Home,OR,D,10.0,44.59511,-123.12731
KFJL,1.4,Central Point,OR,C,1.0,42.34847,-122.91531
KFLS,1.45,Klamath Falls,OR,C,1.0,42.20486,-121.76083
KGAL,1.58,Lebanon,OR,B,5.0,44.57344,-122.91925
KGDD,1.52,Oregon City,OR,D,5.0,45.47372,-122.66036
KGRV,0.7,Winston,OR,B,23.0,43.14428,-123.46036
KHSN,1.23,Coos Bay,OR,C,1.0,43.43261,-124.20956
KIHR,1.34,Hood River,OR,C,1.0,45.7015,-121.53592
KJDY,1.4,John Day,OR,C,1.0,44.42128,-118.95356
KKNX,0.84,Eugene,OR,D,1.0,44.0815,-123.11064
KKOR,1.23,Astoria,OR,C,1.0,46.19011,-123.82764
KLAD,0.96,Klamath Falls,OR,D,5.0,42.16278,-121.65167
KLBM,1.45,La Grande,OR,C,1.0,45.32903,-118.06772
KLOO,1.34,Corvallis,OR,C,1.0,44.59372,-123.22622
KLYC,1.26,Mcminnville,OR,B,1.0,45.23428,-123.13372
KMHS,1.42,Coos Bay,OR,D,1.0,43.36844,-124.20428
KNND,1.4,Cottage Grove,OR,C,0.95,43.76178,-123.07953
KOAC,0.55,Corvallis,OR,B,5.0,44.63481,-123.19494
KODL,1.44,The Dalles,OR,B,1.0,45.61983,-121.10092
KOHI,1.6,St. Helens,OR,D,1.0,45.854,-122.82094
KOHU,1.36,Hermiston,OR,B,4.3,45.86569,-119.31364
KOOR,1.01,Milwaukie,OR,D,4.5,45.484,-122.41231
KOPB,1.6,Eugene,OR,B,5.0,44.05122,-123.06453
KORE,1.05,Springfield-Eugene,OR,D,5.0,44.0815,-123.11064
KPAM,1.64,Lake Oswego,OR,B,10.0,45.47733,-122.75147
KPDQ,0.8,Portland,OR,B,1.0,45.47733,-122.75147
KPNW,1.12,Eugene,OR,B,50.0,43.9565,-123.03731
KPOJ,0.62,Portland,OR,B,25.0,45.42206,-122.56703
KQEN,1.24,Roseburg,OR,C,1.0,43.19289,-123.36203
KQRR,1.13,Mount Angel,OR,B,25.0,45.07622,-122.80869
KRCO,0.69,Prineville,OR,D,1.0,44.34094,-120.90781
KRDM,1.24,Redmond,OR,C,1.0,44.27789,-121.14669
KRJW,1.24,Altamont,OR,C,1.0,42.20486,-121.76083
KRSK,1.08,Portland,OR,B,50.0,45.55817,-122.48369
KRTA,0.61,Medford,OR,B,2.5,42.38736,-122.77086
KRVM,1.28,Eugene,OR,B,5.0,44.10067,-123.05286
KRYN,1.23,Gresham,OR,C,0.92,45.484,-122.41231
KSHO,0.92,Lebanon,OR,B,1.0,44.57344,-122.91925
KSJK,1.23,Talent,OR,C,1.0,42.22814,-122.74647
KSKR,1.49,Roseburg,OR,C,1.0,43.19289,-123.36203
KSLM,1.22,Salem,OR,D,1.0,44.95122,-122.97064
KSWB,0.84,Seaside,OR,B,1.0,45.98178,-123.91847
KTBR,0.95,Roseburg,OR,D,3.4,43.16872,-123.37564
KTDS,1.3,The Dalles,OR,D,1.0,45.58108,-121.13267
KTHH,0.99,Albany,OR,D,0.25,44.59594,-123.127
KTIL,1.59,Netarts,OR,B,5.0,45.45678,-123.87319
KTIX,1.24,Pendleton,OR,C,0.8,45.68486,-118.85583
KTMT,0.58,Ashland,OR,B,1.0,42.16403,-122.64892
KUFO,0.97,Portland,OR,B,5.0,45.51539,-122.73344
KUGN,0.59,Eugene,OR,B,5.0,44.10067,-123.05286
KUMA,1.29,Pendleton,OR,B,5.0,45.67347,-118.74775
KURY,0.91,Brookings,OR,D,1.0,42.04289,-124.24481
KWBY,0.94,Woodburn,OR,B,10.0,45.17594,-122.85036
KWIL,0.79,Albany,OR,B,1.0,44.6315,-123.01703
KWIP,0.88,Dallas,OR,B,5.0,44.929,-123.29067
KWRO,0.63,Coquille,OR,D,5.0,43.17122,-124.19956
KWVR,1.34,Enterprise,OR,C,1.0,45.39931,-117.25933
KXOR,0.66,Junction City,OR,D,10.0,44.20983,-123.18342
KXPD,1.04,Tigard,OR,D,2.2,45.47372,-122.66036
KXTG,0.75,Portland,OR,B,50.0,45.40122,-122.44758
KYKN,1.43,Keizer,OR,B,5.0,44.9265,-122.95647
KZGD,1.39,Hubbard,OR,B,3.4,45.17594,-122.85036
KZHC,1.23,Burns,OR,C,1.0,43.56458,-119.0605
KDKA,1.02,Pittsburgh,PA,A,50.0,40.55922,-79.95283
KQV,1.41,Pittsburgh,PA,D,5.0,40.36422,-79.81256
KYW,1.06,Philadelphia,PA,A,50.0,40.10344,-75.2485
WAAF,0.91,Scranton,PA,B,0.9,41.40953,-75.66658
WADV,0.94,Lebanon,PA,D,1.0,40.37286,-76.36439
WAEB,0.79,Allentown,PA,B,3.6,40.66039,-75.51353
WAMO,0.66,Wilkinsburg,PA,D,1.4,40.41314,-79.85367
WANB,1.21,Waynesburg,PA,D,5.0,39.87008,-80.13339
WAOB,0.86,Millvale,PA,B,1.0,40.49089,-79.98172
WARM,0.59,Scranton,PA,B,1.8,41.47758,-75.87547
WATS,0.96,Sayre,PA,D,5.0,41.99675,-76.5005
WAZL,0.73,Nanticoke,PA,D,1.0,41.21953,-75.99075
WBCB,1.49,Levittown,PA,C,1.0,40.169,-74.83517
WBFD,1.31,Bedford,PA,D,1.0,40.04306,-78.50333
WBGG,0.97,Pittsburgh,PA,B,5.0,40.51089,-80.00728
WBHV,1.39,State College,PA,B,2.0,40.80839,-77.94194
WBLF,0.97,Bellefonte,PA,D,1.0,40.90339,-77.76806
WBPZ,1.23,Lock Haven,PA,C,1.0,41.13422,-77.46886
WBUT,1.05,Butler,PA,D,0.5,40.89756,-79.88894
WBVP,1.23,Beaver Falls,PA,C,1.0,40.73783,-80.29617
WBWX,1.28,Berwick,PA,D,1.0,41.07897,-76.25939
WCCS,1.16,Homer City,PA,B,10.0,40.57172,-79.16975
WCDL,1.44,Carbondale,PA,D,5.0,41.55619,-75.48547
WCED,1.42,Du Bois,PA,D,4.2,41.14033,-78.83031
WCHA,0.8,Chambersburg,PA,D,1.0,39.92814,-77.69528
WCHE,1.52,West Chester,PA,D,1.0,39.96622,-75.63161
WCOJ,1.42,Coatesville,PA,B,5.0,40.02261,-75.81439
WCPA,0.9,Clearfield,PA,B,2.5,41.04228,-78.44808
WCRO,1.23,Johnstown,PA,C,1.0,40.33203,-78.91253
WDAD,1.45,Indiana,PA,C,1.0,40.63811,-79.14614
WDAS,1.48,Philadelphia,PA,B,5.0,39.99817,-75.21156
WECZ,1.54,Punxsutawney,PA,D,5.0,40.96006,-79.00197
WEDO,0.81,Mckeesport,PA,D,1.0,40.36422,-79.81256
WEEU,0.83,Reading,PA,B,20.0,40.51508,-76.123
WEEX,1.23,Easton,PA,C,1.0,40.70872,-75.21628
WEJL,0.63,Scranton,PA,D,2.0,41.40953,-75.66658
WEJS,1.6,Jersey Shore,PA,D,1.0,41.22564,-77.26664
WESB,1.49,Bradford,PA,C,1.0,41.96506,-78.61669
WEST,1.4,Easton,PA,C,1.0,40.67317,-75.20794
WFBG,1.29,Altoona,PA,B,5.0,40.45564,-78.39694
WFIL,0.56,Philadelphia,PA,B,5.0,40.09511,-75.27683
WFKJ,0.89,Cashtown,PA,D,0.89,39.88314,-77.34497
WFNN,1.33,Erie,PA,B,5.0,41.99228,-80.02867
WFRA,1.45,Franklin,PA,C,0.99,41.39172,-79.81117
WFRM,0.6,Coudersport,PA,D,1.0,41.75311,-78.00056
WFUZ,1.24,Wilkes-Barre,PA,C,1.0,41.25369,-75.90658
WFYL,1.18,King Of Prussia,PA,D,1.0,40.13511,-75.39047
WGBN,1.36,Mckeesport,PA,B,1.0,40.31147,-79.8495
WGET,1.32,Gettysburg,PA,B,1.0,39.84175,-77.22331
WGGI,0.99,Somerset,PA,D,10.0,40.02536,-79.09475
WGMA,1.49,Hazleton,PA,C,1.0,40.94008,-75.96742
WGMF,0.75,Olyphant,PA,D,1.6,41.47619,-75.49436
WGMM,1.46,Tunkhannock,PA,D,2.5,41.56286,-75.96936
WGPA,1.1,Bethlehem,PA,D,0.25,40.62428,-75.35489
WGRP,0.94,Greenville,PA,D,1.0,41.38533,-80.40894
WHAT,1.34,Philadelphia,PA,C,1.0,40.00178,-75.20933
WHGB,1.4,Harrisburg,PA,C,1.0,40.24953,-76.86719
WHLM,0.93,Bloomsburg,PA,D,2.0,41.01675,-76.46189
WHOL,1.6,Allentown,PA,D,1.0,40.59261,-75.47797
WHP,0.58,Harrisburg,PA,B,5.0,40.30314,-76.95164
WHUN,1.15,Huntingdon,PA,D,1.0,40.45508,-77.98028
WHVR,1.28,Hanover,PA,B,5.0,39.81983,-77.00664
WHYF,0.72,Shiremanstown,PA,D,2.2,40.24953,-76.86719
WHYL,0.96,Carlisle,PA,D,5.0,40.19286,-77.17414
WICK,1.4,Scranton,PA,C,1.0,41.41814,-75.66158
WICU,1.31,Warren,PA,D,5.0,41.81394,-79.16756
WIKG,1.38,Waynesboro,PA,D,1.0,39.73897,-77.6025
WILK,0.98,Wilkes-Barre,PA,B,5.0,41.22842,-75.94769
WIOO,1.0,Carlisle,PA,D,15.0,40.15842,-77.19664
WISP,1.57,Doylestown,PA,B,5.0,40.32622,-75.16072
WISR,0.68,Butler,PA,D,0.25,40.87756,-79.90228
WITK,1.55,Pittston,PA,B,10.0,41.34619,-75.78464
WJAS,1.32,Pittsburgh,PA,B,7.0,40.4795,-79.90311
WJET,1.4,Erie,PA,C,1.0,42.1245,-80.06478
WJFA,0.91,Apollo,PA,D,5.0,40.58367,-79.52589
WJFG,1.48,Latrobe,PA,B,0.5,40.27008,-79.38669
WJFP,0.74,Chester,PA,D,1.0,39.87733,-75.40631
WJPA,1.45,Washington,PA,C,1.0,40.18981,-80.23367
WJSM,1.11,Martinsburg,PA,D,1.0,40.30397,-78.26611
WJUN,1.22,Mexico,PA,D,1.0,40.53508,-77.34028
WKBI,1.4,St. Marys,PA,C,1.0,41.41561,-78.56531
WKBO,1.23,Harrisburg,PA,C,0.48,40.28119,-76.86803
WKDN,0.95,Philadelphia,PA,B,43.0,39.97456,-75.27158
WKFB,0.77,Jeannette,PA,D,0.75,40.28897,-79.70089
WKFO,1.38,Kittanning,PA,D,1.0,40.78867,-79.5345
WKHB,0.62,Irwin,PA,D,5.5,40.28897,-79.70089
WKMC,1.37,Roaring Spring,PA,D,5.0,40.32397,-78.39417
WKOK,1.07,Sunbury,PA,B,10.0,40.88175,-76.81942
WKQW,1.12,Oil City,PA,D,1.0,41.39589,-79.6645
WKST,1.28,New Castle,PA,B,4.9,40.95394,-80.31783
WKVA,0.92,Lewistown,PA,B,1.0,40.57925,-77.57139
WLBR,1.27,Lebanon,PA,B,5.0,40.35981,-76.45803
WLCH,1.44,Manchester Township,PA,D,0.73,39.99956,-76.74525
WLEJ,1.45,State College,PA,C,1.0,40.80894,-77.84083
WLEM,1.25,Emporium,PA,D,2.5,41.50617,-78.22361
WLGJ,1.26,Philipsburg,PA,D,5.0,40.89422,-78.19722
WLMZ,1.3,West Hazleton,PA,B,5.0,40.94064,-76.00158
WLOA,1.47,Farrell,PA,B,1.0,41.1995,-80.52258
WLSH,1.41,Lansford,PA,D,5.0,40.84453,-75.84325
WLUI,0.67,Lewistown,PA,D,5.4,40.6075,-77.57867
WLYC,1.05,Williamsport,PA,D,1.0,41.26231,-77.03275
WMBA,1.46,Ambridge,PA,B,0.12,40.58561,-80.20283
WMBS,0.59,Uniontown,PA,B,1.0,39.85981,-79.74533
WMGW,1.49,Meadville,PA,C,1.0,41.63144,-80.17672
WMLP,1.38,Milton,PA,D,1.0,40.99992,-76.86969
WMNY,1.15,New Kensington,PA,D,1.0,40.57339,-79.78256
WNDA,1.49,Wellsboro,PA,C,1.0,41.74481,-77.29275
WNPV,1.44,Lansdale,PA,D,0.25,40.23844,-75.31544
WNTJ,1.49,Johnstown,PA,C,1.0,40.32369,-78.89669
WNTP,0.99,Philadelphia,PA,B,50.0,40.09539,-75.27656
WNWR,1.54,Philadelphia,PA,D,10.0,40.0015,-75.20961
WOYK,1.35,York,PA,B,5.0,39.93372,-76.81664
WPAZ,1.37,Pottstown,PA,D,1.0,40.27647,-75.62853
WPCO,0.84,Stroudsburg,PA,D,0.25,40.97397,-75.19492
WPDC,1.6,Elizabethtown,PA,D,1.0,40.16258,-76.57636
WPEL,0.8,Montrose,PA,D,1.0,41.85453,-75.86353
WPGM,1.57,Danville,PA,B,2.5,40.98619,-76.62661
WPGP,1.25,Pittsburgh,PA,B,5.0,40.39728,-79.96172
WPGR,1.51,Monroeville,PA,D,5.0,40.47033,-79.85089
WPHE,0.69,Phoenixville,PA,D,1.0,40.13567,-75.55992
WPHT,1.21,Philadelphia,PA,A,50.0,39.97956,-74.98656
WPIC,0.79,Sharon,PA,D,1.3,41.2195,-80.47342
WPIT,0.73,Pittsburgh,PA,D,5.0,40.48283,-79.99172
WPPA,1.36,Pottsville,PA,D,3.0,40.69897,-76.19494
WPSE,1.45,Erie,PA,C,1.0,42.13644,-80.04006
WPSN,1.59,Honesdale,PA,D,2.5,41.55369,-75.25461
WRAK,1.4,Williamsport,PA,C,1.0,41.23953,-77.04053
WRAW,1.34,Reading,PA,C,1.0,40.32425,-75.91908
WRAX,1.6,Bedford,PA,D,1.0,40.04306,-78.50333
WRDD,1.48,Shippensburg,PA,D,0.41,40.07508,-77.53556
WRIE,1.26,Erie,PA,B,5.0,42.05506,-80.03978
WRKK,1.2,Hughesville,PA,B,10.0,41.21203,-76.74828
WRKY,1.49,Lancaster,PA,C,0.6,40.06067,-76.31608
WRLD,1.24,Reading,PA,C,1.0,40.32453,-75.94161
WRTA,1.24,Altoona,PA,C,1.0,40.50731,-78.42056
WSAN,1.47,Allentown,PA,B,5.0,40.63694,-75.48403
WSBA,0.91,York,PA,B,5.0,39.99928,-76.74497
WTEL,0.61,Philadelphia,PA,B,5.0,39.86539,-75.10906
WTIV,1.23,Titusville,PA,C,1.0,41.61672,-79.692
WTKT,1.46,Harrisburg,PA,B,5.0,40.30897,-76.93664
WTKZ,1.32,Allentown,PA,B,0.75,40.59261,-75.47797
WTNA,1.43,Altoona,PA,D,5.0,40.49647,-78.40111
WTRN,1.34,Tyrone,PA,C,1.0,40.66339,-78.25642
WTXW,1.55,Towanda,PA,D,0.5,41.76536,-76.48578
WTZN,1.31,Troy,PA,D,1.0,41.78092,-76.81883
WURD,0.9,Philadelphia,PA,D,1.06,39.91733,-75.22131
WUZZ,1.2,New Castle,PA,B,5.0,40.9395,-80.39367
WVZN,1.58,Columbia,PA,D,0.5,40.02539,-76.47497
WWCB,1.37,Corry,PA,D,1.0,41.93617,-79.65533
WWCH,1.3,Clarion,PA,D,0.85,41.19922,-79.35672
WWCS,0.54,Canonsburg,PA,B,5.0,40.2895,-80.18506
WWDB,0.86,Philadelphia,PA,D,10.0,40.15456,-75.36881
WWNL,1.08,Pittsburgh,PA,D,50.0,40.60478,-79.96006
WWPA,1.34,Williamsport,PA,C,1.0,41.22925,-77.01219
WXVE,1.57,Latrobe,PA,D,1.0,40.302,-79.36531
WYCK,1.34,Plains,PA,C,0.81,41.25036,-75.82519
WYNY,1.45,Milford,PA,C,1.0,41.33619,-74.79544
WYUP,1.4,Loretto,PA,C,1.0,40.50342,-78.63586
WYYC,1.25,York,PA,D,1.0,39.999,-76.69497
WZTE,1.53,Union City,PA,D,4.8,41.94089,-79.84478
WZUM,1.55,Braddock,PA,D,1.0,40.41314,-79.85367
WABA,0.85,Aguadilla,PR,B,5.0,18.39858,-67.15714
WALO,1.24,Humacao,PR,C,1.0,18.14494,-65.81319
WAPA,0.68,San Juan,PR,B,10.0,18.40247,-65.94741
WBMJ,1.19,San Juan,PR,B,10.0,18.34803,-66.11352
WBQN,1.58,Aguadilla,PR,B,1.0,18.40053,-67.14631
WBSG,1.51,Lajas,PR,B,1.0,18.03443,-67.08242
WBYM,1.56,Bayamon,PR,B,4.0,18.34775,-66.15685
WCGB,1.06,Juana Diaz,PR,B,5.0,17.98916,-66.47519
WCMA,1.6,Bayamon,PR,B,5.0,18.35858,-66.15796
WCMN,1.28,Arecibo,PR,B,5.0,18.47913,-66.68741
WCPR,1.45,Coamo,PR,B,1.0,18.08943,-66.37047
WDEP,1.49,Ponce,PR,B,5.8,17.98221,-66.6363
WDNO,0.96,Quebradillas,PR,B,1.0,18.41719,-66.89353
WEGA,1.35,Vega Baja,PR,B,2.5,18.47524,-66.39491
WENA,1.33,Yauco,PR,B,2.0,18.03249,-66.86297
WEXS,0.61,Patillas,PR,B,0.25,18.00804,-66.02407
WFAB,0.89,Ceiba,PR,B,0.25,18.20248,-65.71074
WGDL,1.2,Lares,PR,D,0.25,18.29303,-66.89658
WGIT,1.66,Canovanas,PR,B,10.0,18.38386,-65.92074
WHOY,1.21,Salinas,PR,B,5.0,17.97527,-66.30352
WIAC,0.74,San Juan,PR,B,10.0,18.35469,-66.23435
WIBS,1.54,Guayama,PR,D,1.0,17.9936,-66.07713
WIDA,1.4,Carolina,PR,B,1.0,18.39497,-65.93463
WIPR,0.94,San Juan,PR,B,10.0,18.42469,-66.14102
WISA,1.39,Isabela,PR,B,1.0,18.49969,-67.03325
WIVV,1.37,Island Of Vieques,PR,B,5.0,18.09971,-65.47046
WJIT,1.25,Sabana,PR,B,0.25,18.42497,-66.33852
WKAQ,0.58,San Juan,PR,B,10.0,18.43025,-66.13546
WKFE,1.55,Yauco,PR,B,0.25,18.02138,-66.86686
WKJB,0.71,Mayaguez,PR,B,10.0,18.16721,-67.15019
WKUM,1.47,Orocovis,PR,B,2.4,18.2547,-66.4163
WKVM,0.81,San Juan,PR,B,50.0,18.36108,-66.13658
WLEO,1.17,Ponce,PR,B,0.2,17.97916,-66.61325
WLEY,1.08,Cayey,PR,B,0.25,18.11332,-66.14074
WLRP,1.46,San Sebastian,PR,B,0.5,18.34525,-66.99853
WMDD,1.48,Fajardo,PR,B,5.0,18.3608,-65.63963
WMIA,1.07,Arecibo,PR,B,0.61,18.45691,-66.75519
WMNT,1.5,Manati,PR,B,1.2,18.43164,-66.47713
WMSW,1.12,Hatillo,PR,B,2.6,18.4683,-66.84019
WMTI,1.16,Barceloneta-Manati,PR,B,5.0,18.34361,-66.41778
WNEL,1.43,Caguas,PR,B,5.0,18.24609,-66.02324
WNIK,1.23,Arecibo,PR,B,1.0,18.45358,-66.73964
WOIZ,1.13,Guayanilla,PR,B,0.2,18.01554,-66.77241
WOLA,1.38,Barranquitas,PR,B,1.0,18.18165,-66.3063
WOQI,1.02,Adjuntas,PR,B,1.0,18.14915,-66.71297
WORA,0.76,Mayaguez,PR,B,5.0,18.1897,-67.15742
WOSO,1.3,Mayaguez,PR,B,5.0,18.15276,-67.15186
WPAB,0.55,Ponce,PR,B,5.0,17.98888,-66.62964
WPPC,1.57,Penuelas,PR,D,1.0,18.0611,-66.71741
WPRA,0.99,Mayaguez,PR,B,0.91,18.16721,-67.15019
WPRP,0.91,Ponce,PR,B,4.25,17.97916,-66.61325
WQBS,0.87,San Juan,PR,B,5.0,18.35222,-66.20167
WQII,1.14,San Juan,PR,B,10.0,18.35636,-66.13435
WRRE,1.46,Juncos,PR,B,0.5,18.21303,-65.90879
WRSJ,1.52,San Juan,PR,B,10.0,18.35081,-66.20186
WRSS,1.41,San Sebastian,PR,B,1.0,18.31859,-66.97881
WSKN,1.32,San Juan,PR,B,5.0,18.38333,-66.06694
WSOL,1.09,San German,PR,B,0.25,18.07693,-67.02131
WUKQ,1.42,Ponce,PR,B,1.0,17.98777,-66.62214
WUNO,0.63,San Juan,PR,B,5.0,18.43108,-66.27241
WUPR,1.53,Utuado,PR,B,1.0,18.26581,-66.70936
WVJP,1.11,Caguas,PR,B,2.5,18.22137,-66.01985
WVOZ,1.26,Ponce,PR,B,2.3,17.98749,-66.61936
WWNA,1.34,Aguadilla,PR,B,0.95,18.39803,-67.16297
WXEW,0.84,Yabucoa,PR,B,5.0,18.04749,-65.86824
WXRF,1.59,Guayama,PR,B,1.0,17.95166,-66.1138
WYAC,0.93,Cabo Rojo,PR,B,2.5,18.09943,-67.15436
WYEL,0.6,Mayaguez,PR,B,5.0,18.17554,-67.17047
WZNA,1.04,Moca,PR,B,9.0,18.27526,-67.16658
WADK,1.54,Newport,RI,D,1.0,41.50372,-71.31144
WARV,1.59,Warwick,RI,B,8.0,41.72789,-71.46228
WBLQ,1.23,Westerly,RI,C,1.0,41.36594,-71.83589
WHJJ,0.92,Providence,RI,B,5.0,41.7815,-71.33144
WNRI,1.38,Woonsocket,RI,D,2.5,42.01622,-71.49117
WOON,1.24,Woonsocket,RI,C,1.0,42.01622,-71.49117
WPMZ,1.11,East Providence,RI,D,5.0,41.82789,-71.36867
WPRO,0.63,Providence,RI,B,5.0,41.77456,-71.32256
WPRV,0.79,Providence,RI,B,5.0,41.83428,-71.36506
WPVD,1.29,Providence,RI,D,0.4,41.85636,-71.44506
WSJW,0.55,Pawtucket,RI,B,1.0,41.90567,-71.39839
WSKP,1.18,Hope Valley,RI,D,1.8,41.52678,-71.74256
WSTL,1.22,Providence,RI,D,1.0,41.82094,-71.38478
WWRI,1.45,West Warwick,RI,C,1.0,41.694,-71.52339
WABB,1.39,Belton,SC,D,1.0,34.58872,-82.53792
WABV,1.59,Abbeville,SC,D,1.0,34.15094,-82.39264
WAHT,1.56,Cowpens,SC,D,15.0,34.95958,-81.80956
WAIM,1.23,Anderson,SC,C,1.0,34.53122,-82.61375
WALD,1.08,Johnsonville,SC,D,9.0,33.91017,-79.66894
WASC,1.53,Spartanburg,SC,D,1.0,34.94956,-81.959
WAVO,1.15,Rock Hill,SC,D,5.0,34.94875,-80.99925
WAYS,1.05,Conway,SC,B,5.0,33.84906,-79.08392
WAZS,0.98,Summerville,SC,D,1.0,33.03275,-80.19997
WBAJ,0.89,Blythewood,SC,D,50.0,34.10875,-81.07425
WBCU,1.46,Union,SC,D,1.0,34.71972,-81.66264
WBLR,1.43,Batesburg,SC,D,5.0,33.88042,-81.55428
WCAM,1.59,Camden,SC,D,1.0,34.22403,-80.67842
WCDC,0.95,Moncks Corner,SC,B,10.0,33.20572,-80.06425
WCEO,0.84,Columbia,SC,D,50.0,34.21181,-80.83453
WCKI,1.3,Greer,SC,D,1.0,34.92761,-82.2615
WCOS,1.4,Columbia,SC,C,1.0,34.00517,-81.01175
WCRE,1.42,Cheraw,SC,D,1.0,34.68017,-79.89922
WCRS,1.45,Greenwood,SC,C,1.0,34.20956,-82.15122
WCSZ,1.07,Sans Souci,SC,B,50.0,34.92011,-82.45678
WCZZ,1.09,Greenwood,SC,D,5.666,34.16289,-82.19456
WDEK,1.17,Lexington,SC,D,10.0,33.97375,-81.14953
WDSC,0.8,Dillon,SC,B,1.0,34.36906,-79.4045
WDXY,1.24,Sumter,SC,C,1.0,33.90461,-80.32342
WEAF,1.13,Camden,SC,D,5.0,34.25903,-80.57953
WELP,1.36,Easley,SC,D,5.0,34.83956,-82.63875
WESC,0.66,Greenville,SC,D,5.0,34.86844,-82.46792
WFGN,1.18,Gaffney,SC,D,2.5,35.04986,-81.64481
WFMV,0.62,Cayce,SC,D,2.5,33.95961,-81.04092
WGCD,1.49,Chester,SC,C,0.65,34.69819,-81.20175
WGTN,1.4,Georgetown,SC,C,1.0,33.40433,-79.32644
WGVL,1.44,Greenville,SC,B,5.0,34.86872,-82.46844
WHGS,1.27,Hampton,SC,B,10.0,32.84406,-81.12539
WHHW,1.13,Hilton Head Island,SC,B,1.0,32.20047,-80.724
WJAY,1.28,Mullins,SC,B,4.2,34.19183,-79.31506
WJBS,1.44,Holly Hill,SC,D,1.0,33.33989,-80.43814
WJMX,1.4,Darlington,SC,C,1.0,34.31628,-79.88783
WKDK,1.24,Newberry,SC,C,1.0,34.29181,-81.62067
WKZK,1.6,North Augusta,SC,D,4.0,33.49375,-81.99761
WLBG,0.86,Laurens,SC,D,1.0,34.50372,-82.01814
WLSQ,1.24,Loris,SC,C,1.0,34.03489,-78.88253
WLTQ,0.73,Charleston,SC,D,1.1,32.77344,-80.01547
WMIR,1.2,Atlantic Beach,SC,D,6.5,33.83683,-78.78392
WNMB,0.9,North Myrtle Beach,SC,D,0.25,33.835,-78.78389
WNRR,1.38,North Augusta,SC,D,4.0,33.48819,-81.94594
WOLH,1.23,Florence,SC,C,1.0,34.23017,-79.74672
WOLI,0.91,Spartanburg,SC,B,3.6,35.01956,-82.00983
WORD,0.95,Spartanburg,SC,D,5.0,34.98122,-81.98622
WPCC,1.41,Clinton,SC,D,1.0,34.44514,-81.88983
WPCI,1.49,Greenville,SC,C,1.0,34.90844,-82.34456
WPIF,1.47,Georgetown,SC,D,0.42,33.40433,-79.32644
WPJF,1.26,Greenville,SC,D,5.0,34.90844,-82.34456
WPJK,1.58,Orangeburg,SC,D,3.3,33.49878,-80.84231
WPJM,0.8,Greer,SC,B,1.0,34.94983,-82.24511
WPOG,0.71,St. Matthews,SC,D,1.0,33.61794,-80.78036
WQUL,1.51,Woodruff,SC,D,1.0,34.75622,-82.05483
WQXL,1.47,Columbia,SC,D,11.0,33.95961,-81.04092
WRHI,1.34,Rock Hill,SC,C,1.0,34.98319,-81.01953
WRIX,1.02,Homeland Park,SC,D,10.0,34.47067,-82.63403
WSNW,1.15,Seneca,SC,D,0.5,34.68761,-82.98764
WSPG,1.4,Spartanburg,SC,C,1.0,34.974,-81.92678
WSPO,1.39,Charleston,SC,B,5.0,32.82461,-80.00258
WSSC,1.34,Sumter,SC,C,1.0,33.92933,-80.32453
WTMA,1.25,Charleston,SC,B,5.0,32.82433,-80.00258
WTMZ,0.91,Dorchester Terr.-Bre,SC,D,0.5,32.8725,-79.97644
WTQS,1.49,Cameron,SC,C,1.0,33.55267,-80.74369
WULR,0.98,York,SC,D,3.0,34.90319,-81.09231
WVCD,0.79,Bamberg-Denmark,SC,D,1.0,33.31406,-81.07844
WVGB,1.49,Beaufort,SC,C,0.5,32.43575,-80.69817
WVOC,0.56,Columbia,SC,B,5.0,34.03208,-81.14175
WWHK,1.45,Myrtle Beach,SC,C,1.0,33.70572,-78.89003
WWHM,1.29,Sumter,SC,D,1.0,33.92406,-80.28647
WWOS,0.81,Walterboro,SC,D,5.0,33.14767,-80.56289
WWRK,0.97,Florence,SC,D,10.0,34.23406,-79.78061
WYNN,0.54,Florence,SC,D,0.25,34.21822,-79.80811
WYRD,1.33,Greenville,SC,B,5.0,34.85539,-82.42372
WZJY,1.48,Mount Pleasant,SC,D,0.88,32.82517,-79.83119
WZZQ,1.5,Gaffney,SC,D,1.0,35.08847,-81.64425
KBFS,1.45,Belle Fourche,SD,C,1.0,44.66719,-103.85658
KBHB,0.81,Sturgis,SD,D,25.0,44.42331,-103.42742
KBJM,1.4,Lemmon,SD,C,1.0,45.91806,-102.19906
KBRK,1.43,Brookings,SD,D,1.0,44.30331,-96.76728
KCCR,1.24,Pierre,SD,C,1.0,44.35053,-100.31931
KDSJ,0.98,Deadwood,SD,B,5.0,44.38247,-103.66269
KELO,1.32,Sioux Falls,SD,B,5.0,43.48803,-96.63756
KFCR,1.49,Custer,SD,C,0.83,43.71747,-103.58381
KGFX,1.06,Pierre,SD,B,10.0,44.28664,-100.33875
KGIM,1.42,Aberdeen,SD,B,1.0,45.42417,-98.51861
KIJV,1.34,Huron,SD,C,1.0,44.34581,-98.21008
KIMM,1.15,Rapid City,SD,D,5.0,44.07611,-103.11211
KJAM,1.39,Madison,SD,D,0.5,44.01025,-97.172
KJJQ,0.91,Volga,SD,B,0.5,44.25025,-96.95644
KKLS,0.92,Rapid City,SD,D,5.0,44.06194,-103.176
KMSD,1.51,Milbank,SD,D,5.0,45.19442,-96.6395
KNWC,1.27,Sioux Falls,SD,B,5.0,43.28525,-96.76506
KOKK,1.21,Huron,SD,B,5.0,44.36219,-98.15286
KOLY,1.3,Mobridge,SD,B,5.0,45.53528,-100.34625
KORN,1.49,Mitchell,SD,C,1.0,43.70386,-97.99953
KOTA,1.38,Rapid City,SD,B,5.0,44.03333,-103.18794
KQKD,1.38,Redfield,SD,D,0.5,44.89803,-98.50675
KSDN,0.93,Aberdeen,SD,B,1.0,45.42469,-98.51806
KSDR,1.48,Watertown,SD,D,1.0,44.93275,-97.10564
KSOO,1.0,Sioux Falls,SD,D,10.0,43.48692,-96.597
KTOQ,1.34,Rapid City,SD,C,1.0,44.06833,-103.17017
KVTK,1.57,Vermillion,SD,D,0.5,42.9225,-97.06617
KWAT,0.95,Watertown,SD,B,1.0,44.86997,-97.11397
KWSN,1.23,Sioux Falls,SD,C,0.44,43.45775,-96.67089
KWYR,1.26,Winner,SD,D,5.0,43.38556,-99.91094
KXRB,1.14,Sioux Falls,SD,B,10.0,43.48053,-96.68561
KYNT,1.45,Yankton,SD,C,1.0,42.89167,-97.41978
KZMX,0.58,Hot Springs,SD,B,2.3,43.45664,-103.47658
KZOY,1.52,Sioux Falls,SD,D,0.5,43.55775,-96.79644
WNAX,0.57,Yankton,SD,B,5.0,42.91306,-97.31644
KWAM,0.99,Memphis,TN,B,10.0,35.13453,-90.09397
WAEW,1.33,Crossville,TN,D,1.0,35.95033,-85.03578
WAKI,1.23,Mcminnville,TN,C,0.62,35.66675,-85.77636
WAKM,0.95,Franklin,TN,D,5.0,35.90617,-86.90583
WALI,1.28,Dayton,TN,D,1.0,35.47008,-85.03744
WBAC,1.34,Cleveland,TN,C,1.0,35.16508,-84.85356
WBBP,1.48,Memphis,TN,D,5.0,35.05508,-90.08758
WBCR,1.47,Alcoa,TN,D,1.0,35.76797,-84.01586
WBEJ,1.24,Elizabethton,TN,C,1.0,36.33517,-82.21511
WBLC,1.36,Lenoir City,TN,D,1.0,35.79231,-84.29575
WBMC,0.96,Mcminnville,TN,D,0.5,35.66675,-85.77636
WBOL,1.56,Bolivar,TN,D,0.25,35.25842,-88.98061
WBRY,1.54,Woodbury,TN,D,0.5,35.83144,-86.11167
WCDT,1.34,Winchester,TN,C,1.0,35.18092,-86.09275
WCLE,1.57,Cleveland,TN,D,5.0,35.18203,-84.84856
WCMT,1.41,Martin,TN,D,0.7,36.36256,-88.84922
WCOR,1.49,Lebanon,TN,C,1.0,36.20728,-86.2675
WCPH,1.22,Etowah,TN,D,1.0,35.32092,-84.50936
WCRK,1.15,Morristown,TN,D,4.5,36.20703,-83.33294
WCRT,1.16,Donelson,TN,B,50.0,36.16367,-86.71556
WCRV,0.64,Collierville,TN,B,50.0,34.99306,-89.89944
WCSV,1.49,Crossville,TN,C,1.0,35.95033,-85.03578
WCXZ,0.74,Harrogate,TN,D,0.9,36.56119,-83.65575
WDBL,1.59,Springfield,TN,D,0.71,36.49506,-86.90611
WDEB,1.5,Jamestown,TN,D,1.0,36.42536,-84.94217
WDEH,0.8,Sweetwater,TN,B,1.0,35.61369,-84.45908
WDIA,1.07,Memphis,TN,B,50.0,35.26814,-90.01758
WDKN,1.26,Dickson,TN,D,5.0,36.10867,-87.37056
WDNT,0.97,Spring City,TN,D,0.5,35.66647,-84.87883
WDTM,1.15,Selmer,TN,D,1.0,35.19092,-88.58922
WDXE,1.37,Lawrenceburg,TN,D,1.0,35.25703,-87.30669
WDXI,1.31,Jackson,TN,D,5.0,35.66425,-88.82283
WECO,0.94,Wartburg,TN,D,5.0,36.09675,-84.59189
WEEN,1.46,Lafayette,TN,D,1.1,36.53506,-86.00747
WEKR,1.24,Fayetteville,TN,C,1.0,35.15786,-86.59028
WEMB,1.42,Erwin,TN,D,5.0,36.11622,-82.44681
WENK,1.24,Union City,TN,C,1.0,36.42783,-89.03478
WENO,0.76,Nashville,TN,D,1.0,36.14117,-86.75639
WENR,1.09,Englewood,TN,D,1.0,35.42647,-84.51575
WEPG,0.91,South Pittsburg,TN,D,5.0,35.01592,-85.69997
WETB,0.79,Johnson City,TN,D,5.0,36.32872,-82.41069
WETR,0.76,Knoxville,TN,D,2.4,35.98842,-83.84297
WFCN,1.2,Nashville,TN,D,2.0,36.20839,-86.8725
WFLI,1.07,Lookout Mountain,TN,B,50.0,35.04508,-85.36219
WGAP,1.4,Maryville,TN,C,1.0,35.76147,-83.98242
WGNS,1.45,Murfreesboro,TN,C,1.0,35.84061,-86.39083
WGOC,1.32,Kingsport,TN,B,5.0,36.55344,-82.48264
WGOW,1.15,Chattanooga,TN,B,5.0,35.06814,-85.33442
WGRV,1.34,Greeneville,TN,C,1.0,36.16956,-82.84767
WGSF,1.03,Memphis,TN,D,50.0,35.18333,-89.93778
WHBQ,0.56,Memphis,TN,B,5.0,35.25342,-90.04758
WHDM,1.44,Mckenzie,TN,D,0.42,36.133,-88.5235
WHEW,1.38,Franklin,TN,D,2.8,35.90617,-86.90583
WHGG,1.09,Kingsport,TN,D,10.0,36.46122,-82.45319
WHIN,1.01,Gallatin,TN,D,5.0,36.43339,-86.46667
WHMT,0.74,Tullahoma,TN,D,0.25,35.34342,-86.2
WHNY,1.0,Paris,TN,D,5.0,36.31394,-88.29256
WHUB,1.4,Cookeville,TN,C,0.74,36.16339,-85.52469
WIFA,1.24,Knoxville,TN,C,1.0,35.95481,-83.95103
WIGN,1.55,Bristol,TN,D,35.0,36.56594,-82.15736
WITA,1.49,Knoxville,TN,C,1.0,35.96981,-83.96547
WJAK,1.46,Jackson,TN,D,0.8,35.64369,-88.77339
WJBE,1.04,Powell,TN,D,10.0,36.04286,-84.04742
WJCW,0.91,Johnson City,TN,B,5.0,36.41039,-82.45347
WJFC,1.48,Jefferson City,TN,D,0.5,36.10425,-83.486
WJJM,1.49,Lewisburg,TN,C,1.0,35.45092,-86.7825
WJJT,1.54,Jellico,TN,D,1.0,36.58314,-84.13603
WJLE,1.48,Smithville,TN,D,1.0,35.92533,-85.82053
WJOC,1.49,Chattanooga,TN,C,1.0,35.05203,-85.27328
WJPJ,1.19,Humboldt,TN,D,0.42,35.84478,-88.90228
WKBL,1.25,Covington,TN,D,0.8,35.58675,-89.63925
WKCE,1.18,Knoxville,TN,D,10.0,35.98008,-83.81906
WKDA,0.9,Lebanon,TN,D,5.0,36.20672,-86.26722
WKFN,0.54,Clarksville,TN,D,4.0,36.542,-87.32556
WKGN,1.34,Knoxville,TN,C,1.0,35.95564,-83.97047
WKPT,1.4,Kingsport,TN,C,1.0,36.54456,-82.52264
WKRM,1.34,Columbia,TN,C,1.0,35.61064,-87.05611
WKSR,1.42,Pulaski,TN,D,1.0,35.20036,-87.075
WKTP,1.59,Jonesborough,TN,D,2.5,36.3315,-82.47375
WKXV,0.9,Knoxville,TN,B,1.0,35.98119,-83.98742
WLAC,1.51,Nashville,TN,A,50.0,36.272,-86.75778
WLAF,1.45,La Follette,TN,C,1.0,36.38119,-84.12547
WLAR,1.45,Athens,TN,C,1.0,35.44564,-84.61189
WLIJ,1.58,Shelbyville,TN,D,5.0,35.45536,-86.45194
WLIK,1.27,Newport,TN,B,5.0,35.96369,-83.2085
WLIL,0.73,Lenoir City,TN,D,1.0,35.77008,-84.27964
WLIV,0.92,Livingston,TN,D,1.0,36.3745,-85.30553
WLMR,1.45,Chattanooga,TN,C,1.0,35.04842,-85.27383
WLOD,1.14,Loudon,TN,D,1.0,35.72647,-84.34686
WLOK,1.34,Memphis,TN,C,1.0,35.11703,-90.01647
WLRM,1.38,Millington,TN,B,2.5,35.31564,-89.92314
WMAK,1.57,Lobelville,TN,D,1.0,35.767,-87.83114
WMC,0.79,Memphis,TN,B,5.0,35.16869,-89.88508
WMCH,1.26,Church Hill,TN,D,1.0,36.52094,-82.74822
WMCP,1.28,Columbia,TN,B,5.0,35.61897,-86.98111
WMCT,1.39,Mountain City,TN,D,1.0,36.49025,-81.78708
WMDB,0.88,Nashville,TN,D,2.5,36.212,-86.81917
WMFS,0.68,Memphis,TN,B,8.0,35.22286,-90.04369
WMGC,0.81,Murfreesboro,TN,D,5.0,35.83728,-86.41667
WMLR,1.23,Hohenwald,TN,C,1.0,35.52286,-87.54447
WMPS,1.21,Bartlett,TN,B,10.0,35.26119,-89.83064
WMQM,1.6,Lakeland,TN,D,50.0,35.17619,-89.93619
WMRB,0.91,Columbia,TN,D,0.5,35.60675,-87.025
WMSR,1.32,Manchester,TN,D,5.0,35.46758,-86.095
WMTN,1.3,Morristown,TN,D,5.0,36.20703,-83.33294
WNAH,1.36,Nashville,TN,D,1.0,36.19172,-86.77389
WNML,0.99,Knoxville,TN,B,10.0,36.04258,-83.89964
WNOO,1.26,Chattanooga,TN,D,5.0,35.05231,-85.27272
WNPC,1.06,Newport,TN,D,1.0,35.98619,-83.17933
WNPZ,1.58,Knoxville,TN,D,5.0,35.91175,-83.89242
WNQM,1.3,Nashville,TN,B,50.0,36.20839,-86.89389
WNSR,0.56,Brentwood,TN,D,1.0,36.14117,-86.75639
WNTC,0.79,Ashland City,TN,D,2.0,36.28561,-87.08333
WNVL,1.24,Nashville,TN,C,1.0,36.15644,-86.77111
WNWS,1.52,Brownsville,TN,D,0.25,35.60842,-89.2445
WNZE,1.4,Clarksville,TN,C,0.38,36.542,-87.32556
WOPI,1.49,Bristol,TN,C,1.0,36.59606,-82.16158
WORM,1.01,Savannah,TN,D,0.25,35.24008,-88.24142
WOWW,1.43,Germantown,TN,B,2.5,35.21397,-89.79619
WPOT,1.5,Trenton,TN,D,0.25,35.98117,-88.92561
WPTN,0.78,Cookeville,TN,D,1.0,36.16339,-85.52469
WPWT,0.87,Colonial Heights,TN,D,10.0,36.46122,-82.45319
WQKR,1.27,Portland,TN,D,1.0,36.61117,-86.58111
WQLA,0.96,La Follette,TN,D,1.0,36.36731,-84.14714
WQMV,1.06,Waverly,TN,D,1.0,36.08761,-87.85506
WQZQ,0.83,Goodlettsville,TN,D,2.5,36.20828,-86.87244
WREC,0.6,Memphis,TN,B,5.0,35.19481,-90.01008
WRGS,1.37,Rogersville,TN,D,1.0,36.41619,-82.98433
WRJZ,0.62,Knoxville,TN,B,5.0,35.99008,-83.83742
WRKM,1.35,Carthage,TN,D,1.0,36.24506,-85.94556
WRKQ,1.25,Madisonville,TN,D,0.5,35.50814,-84.37908
WSBI,1.21,Static,TN,D,10.0,36.62283,-85.08744
WSDQ,1.19,Dunlap,TN,D,5.0,35.36144,-85.37581
WSEV,0.93,Sevierville,TN,D,5.0,35.87842,-83.55489
WSGI,1.1,Springfield,TN,D,1.0,36.51672,-86.89167
WSLV,1.11,Ardmore,TN,D,2.5,34.99314,-86.85611
WSM,0.65,Nashville,TN,A,50.0,35.99728,-86.79222
WSMG,1.45,Greeneville,TN,C,0.67,36.16956,-82.84767
WSMT,1.05,Sparta,TN,D,0.95,35.9545,-85.47692
WTJF,1.39,Jackson,TN,B,5.0,35.64619,-88.83256
WTLT,1.12,Maryville,TN,D,1.0,35.84231,-83.77239
WTNK,1.09,Hartsville,TN,D,1.0,36.38811,-86.16528
WTPR,0.71,Paris,TN,D,0.75,36.27978,-88.34228
WTRB,1.57,Ripley,TN,D,1.0,35.72953,-89.54258
WTRO,1.45,Dyersburg,TN,C,0.7,36.06842,-89.33286
WTZX,0.86,Sparta,TN,D,0.95,35.9545,-85.47692
WUAT,1.11,Pikeville,TN,D,0.25,35.60506,-85.18719
WUCT,1.6,Algood,TN,D,2.5,36.18867,-85.47303
WUMY,0.83,Memphis,TN,D,3.0,35.11703,-90.01647
WVLZ,0.85,Maryville,TN,D,1.0,35.76142,-83.98236
WVOL,1.47,Berry Hill,TN,B,5.0,36.20033,-86.77972
WVVB,1.41,Kingston,TN,D,0.5,35.88036,-84.5155
WWLX,0.59,Loretto,TN,D,0.6,35.20342,-87.32753
WWON,0.93,Waynesboro,TN,D,0.47,35.30842,-87.74503
WXCT,1.37,Chattanooga,TN,B,5.0,35.04064,-85.33942
WXRH,0.58,Rockwood,TN,D,5.0,35.82786,-84.65522
WXRQ,1.46,Mount Pleasant,TN,D,1.0,35.52258,-87.19278
WXSM,0.64,Blountville,TN,B,10.0,36.52206,-82.42347
WYCZ,1.03,White Bluff,TN,B,1.0,36.13422,-87.21611
WYFN,0.98,Nashville,TN,B,5.0,36.207,-86.67361
WYGI,1.43,Madison,TN,D,10.0,36.2075,-86.67306
WYJV,0.71,Smyrna,TN,D,0.25,35.97533,-86.55444
WYSH,1.38,Clinton,TN,D,1.0,36.11342,-84.14158
WYXE,1.13,Gallatin,TN,D,2.3,36.41061,-86.45444
WYXI,1.39,Athens,TN,D,2.5,35.44675,-84.57189
WZNG,1.4,Shelbyville,TN,C,1.0,35.47397,-86.44583
WZYX,1.44,Cowan,TN,D,5.0,35.16092,-86.03081
DKSTA,1.0,Coleman,TX,D,0.25,31.85458,-99.427
KACT,1.36,Andrews,TX,B,1.0,32.34733,-102.55683
KAGC,1.51,Bryan,TX,D,0.5,30.65186,-96.38525
KAHL,1.31,San Antonio,TX,D,5.0,29.41494,-98.34361
KAMA,0.75,El Paso,TX,B,10.0,31.77511,-106.28053
KAML,0.99,Kenedy-Karnes City,TX,D,0.25,28.85081,-97.88028
KAMM,1.54,University Park,TX,B,32.0,32.81292,-97.00861
KAND,1.34,Corsicana,TX,C,1.0,32.11486,-96.46331
KANI,1.5,Wharton,TX,B,0.5,29.32303,-96.05911
KATH,0.91,Frisco,TX,B,1.0,33.21539,-96.89944
KBBW,1.01,Waco,TX,B,10.0,31.5685,-97.00056
KBDT,1.16,Highland Park,TX,B,35.0,33.17706,-97.67697
KBEC,1.39,Waxahachie,TX,B,0.48,32.44597,-96.80444
KBHT,1.59,Mexia,TX,D,2.5,31.62017,-96.75194
KBIB,1.0,Marion,TX,D,0.25,29.56939,-98.16333
KBME,0.79,Houston,TX,B,5.0,29.91567,-95.46281
KBPO,1.15,Port Neches,TX,D,0.5,30.08467,-93.97044
KBRN,1.5,Boerne,TX,D,0.25,29.81244,-98.72836
KBRZ,1.46,Missouri,TX,D,5.0,29.56469,-95.70189
KBST,1.49,Big Spring,TX,C,1.0,32.26233,-101.46067
KBWD,1.38,Brownwood,TX,B,1.0,31.71017,-98.96033
KBYG,1.4,Big Spring,TX,C,1.0,32.22289,-101.47678
KBZO,1.46,Lubbock,TX,B,1.0,33.54731,-101.8235
KCBI,0.77,Garland,TX,B,10.0,33.03289,-96.57556
KCCE,1.34,San Angelo,TX,C,1.0,31.47878,-100.46425
KCCT,1.15,Corpus Christi,TX,B,1.0,27.80058,-97.47917
KCHL,1.48,San Antonio,TX,D,2.5,29.41272,-98.41475
KCHN,1.05,Brookshire,TX,D,0.41,29.87939,-96.03578
KCKM,1.33,Monahans,TX,B,12.0,31.64597,-103.00156
KCLE,1.46,Burleson,TX,B,11.0,32.57875,-97.28086
KCMC,0.74,Texarkana,TX,D,0.68,33.40844,-94.04658
KCOH,1.23,Houston,TX,C,1.0,29.75744,-95.33856
KCOM,1.55,Comanche,TX,D,0.25,31.89986,-98.587
KCPP,1.14,Cleburne,TX,B,5.0,32.28264,-97.41336
KCRS,0.55,Midland,TX,B,5.0,32.06956,-102.02986
KCTA,1.03,Corpus Christi,TX,D,50.0,27.93336,-97.26
KCTI,1.45,Gonzales,TX,C,1.0,29.50997,-97.41444
KCTX,1.51,Childress,TX,D,0.25,34.42811,-100.23011
KCWM,1.46,Hondo,TX,B,0.5,29.36189,-99.12864
KCYL,1.45,Lampasas,TX,C,0.8,31.04933,-98.16975
KDAE,1.59,Sinton,TX,B,1.0,28.02142,-97.47083
KDAV,1.59,Lubbock,TX,B,1.0,33.52092,-101.77461
KDDD,0.8,Dumas,TX,D,0.25,35.86169,-101.931
KDEI,1.25,Port Arthur,TX,B,5.0,29.95133,-93.87961
KDET,0.93,Center,TX,D,1.0,31.83433,-94.21492
KDFT,0.54,Ferris,TX,D,1.0,32.51319,-96.57472
KDHN,1.47,Dimmitt,TX,D,0.5,34.58644,-102.31019
KDJW,1.01,Amarillo,TX,B,5.0,35.18422,-101.69156
KDOK,1.24,Kilgore,TX,C,1.0,32.41736,-94.85439
KDRN,1.23,Del Rio,TX,C,0.86,29.42939,-100.90508
KDRY,1.1,Alamo Heights,TX,B,11.0,29.558,-98.37586
KEBE,1.4,Jacksonville,TX,C,1.0,31.96989,-95.26467
KEDA,1.54,San Antonio,TX,B,5.0,29.35856,-98.35167
KEES,1.43,Gladewater,TX,B,5.0,32.52958,-94.88078
KELG,1.44,Manor,TX,B,0.8,30.32689,-97.54333
KELP,1.59,El Paso,TX,B,5.0,31.744,-106.39636
KERV,1.23,Kerrville,TX,C,0.99,30.07078,-99.18561
KETX,1.44,Livingston,TX,D,5.0,30.73992,-94.92522
KEXB,1.44,University Park,TX,B,50.0,32.75069,-96.72306
KEYE,1.4,Perryton,TX,C,1.0,36.38892,-100.82736
KEYH,0.85,Houston,TX,D,10.0,29.6555,-95.67217
KEYS,1.44,Corpus Christi,TX,B,1.0,27.78419,-97.45833
KFCD,0.99,Farmersville,TX,B,7.0,33.11706,-96.27997
KFJZ,0.87,Fort Worth,TX,D,1.0,32.60097,-97.25611
KFLC,1.27,Benbrook,TX,B,50.0,32.72681,-97.19194
KFLP,0.9,Floydada,TX,D,0.25,33.97231,-101.35044
KFRO,1.37,Longview,TX,D,1.0,32.50208,-94.70356
KFST,0.86,Fort Stockton,TX,B,0.25,30.87711,-102.89211
KFXR,1.19,Dallas,TX,B,50.0,32.78625,-96.95028
KFYO,0.79,Lubbock,TX,B,5.0,33.46397,-101.92544
KGAF,1.58,Gainesville,TX,B,1.2,33.62872,-97.1075
KGAS,1.59,Carthage,TX,D,2.5,32.1535,-94.31464
KGBC,1.54,Galveston,TX,B,3.6,29.31553,-94.80575
KGGR,1.04,Dallas,TX,D,3.3,32.77875,-96.73111
KGKL,0.96,San Angelo,TX,D,5.0,31.49517,-100.41453
KGLD,1.33,Tyler,TX,D,1.0,32.37653,-95.2655
KGNB,1.42,New Braunfels,TX,D,1.0,29.66333,-98.17194
KGNC,0.71,Amarillo,TX,B,10.0,35.41978,-101.55711
KGOL,1.18,Humble,TX,B,50.0,30.13939,-95.29022
KGOW,1.56,Bellaire,TX,B,46.0,29.32719,-95.55022
KGRO,1.23,Pampa,TX,C,1.0,35.57756,-100.95264
KGVL,1.4,Greenville,TX,C,1.0,33.16733,-96.09886
KGWU,1.4,Uvalde,TX,C,1.0,29.18803,-99.777
KHBR,1.56,Hillsboro,TX,D,0.25,32.016,-97.10944
KHCB,1.4,League City,TX,C,1.0,29.42661,-95.13353
KHCH,1.41,Huntsville,TX,D,0.25,30.71519,-95.52856
KHDY,1.35,Clarksville,TX,D,0.41,33.61317,-95.01772
KHEY,1.38,El Paso,TX,B,5.0,31.75733,-106.37636
KHRO,1.15,El Paso,TX,B,5.0,31.75372,-106.41664
KHSE,0.7,Wylie,TX,B,1.5,33.03372,-96.29886
KHTW,1.3,Lumberton,TX,D,1.7,30.23306,-94.21153
KHVL,1.49,Huntsville,TX,C,1.0,30.69686,-95.55244
KHVN,0.97,Fort Worth,TX,B,1.0,32.79903,-97.29558
KIBL,1.49,Beeville,TX,C,1.0,28.38583,-97.72861
KIKK,0.61,Houston,TX,B,5.0,29.918,-95.42606
KIKZ,1.25,Seminole,TX,B,1.0,32.69956,-102.63714
KILT,0.65,Pasadena,TX,D,0.25,29.68856,-95.17494
KIMP,0.96,Mount Pleasant,TX,D,1.0,33.16511,-95.00772
KINE,1.33,Kingsville,TX,B,1.0,27.61031,-97.79528
KITE,1.41,Victoria,TX,B,0.5,28.77889,-97.00389
KIUN,1.4,Pecos,TX,C,1.0,31.43597,-103.50433
KIVY,1.29,Crockett,TX,B,2.5,31.30575,-95.45189
KIXZ,0.94,Amarillo,TX,B,5.0,35.15478,-101.75825
KJCE,1.37,Rollingwood,TX,B,5.0,30.30439,-97.64778
KJFK,1.49,Austin,TX,C,1.0,30.25383,-97.70722
KJIM,1.5,Sherman,TX,D,1.0,33.69178,-96.55833
KJON,0.85,Carrollton,TX,D,5.0,33.27844,-96.82139
KJOZ,0.88,Conroe,TX,B,10.0,30.29411,-95.43217
KKAM,1.34,Lubbock,TX,C,1.0,33.55675,-101.86322
KKDA,0.73,Grand Prairie,TX,B,0.5,32.76431,-96.99083
KKGM,1.63,Fort Worth,TX,B,10.0,32.81006,-97.12375
KKSA,1.26,San Angelo,TX,D,0.54,31.48739,-100.44953
KKTK,1.4,Texarkana,TX,C,1.0,33.44292,-94.05575
KKTX,1.36,Corpus Christi,TX,B,1.0,27.80058,-97.46167
KKUB,1.3,Brownfield,TX,D,1.0,33.18036,-102.24739
KKYX,0.68,San Antonio,TX,B,50.0,29.50106,-98.83197
KLAR,1.3,Laredo,TX,D,1.0,27.52947,-99.52117
KLAT,1.01,Houston,TX,B,5.0,29.89661,-95.2905
KLBJ,0.59,Austin,TX,B,5.0,30.238,-97.63
KLDS,1.26,Falfurrias,TX,B,0.5,27.23672,-98.17306
KLIF,0.57,Dallas,TX,B,5.0,32.94483,-96.94056
KLNT,1.49,Laredo,TX,C,1.0,27.49503,-99.47142
KLPF,1.18,Midland,TX,D,25.0,31.93403,-102.04292
KLUP,0.93,Terrell Hills,TX,B,5.0,29.51939,-98.40392
KLVI,0.56,Beaumont,TX,B,5.0,30.0455,-93.871
KLVL,1.48,Pasadena,TX,B,5.0,29.68411,-95.18606
KLVQ,1.41,Athens,TX,D,1.0,32.15628,-95.84219
KLVT,1.23,Levelland,TX,C,1.0,33.59842,-102.38603
KMBL,1.45,Junction,TX,C,1.0,30.49297,-99.76172
KMFR,1.28,Pearsall,TX,D,0.46,28.88719,-99.11142
KMHT,1.45,Marshall,TX,C,0.65,32.56403,-94.35214
KMIC,1.59,Houston,TX,B,5.0,29.84411,-95.44772
KMND,1.51,Midland,TX,D,2.4,31.96372,-102.08181
KMNY,1.36,Hurst,TX,B,50.0,32.77458,-96.965
KMVL,1.22,Madisonville,TX,D,0.5,30.96575,-95.898
KMXO,1.5,Merkel,TX,D,0.25,32.4715,-100.00564
KNAF,0.91,Fredericksburg,TX,B,0.63,30.36369,-98.91328
KNEL,1.49,Brady,TX,C,1.0,31.13017,-99.32283
KNET,1.45,Palestine,TX,C,0.63,31.77294,-95.61661
KNGO,1.48,Dallas,TX,B,50.0,32.66181,-96.6575
KNTH,1.07,Houston,TX,B,10.0,29.99272,-95.47328
KNTX,1.41,Bowie,TX,D,0.5,33.58567,-97.80725
KOKE,1.6,Pflugerville,TX,B,5.0,30.34575,-97.54639
KOLE,1.34,Port Arthur,TX,C,1.0,29.90439,-93.93628
KOLJ,1.15,Quanah,TX,D,0.53,34.31536,-99.74731
KONO,0.86,San Antonio,TX,B,5.0,29.44328,-98.41808
KOPY,1.07,Alice,TX,B,1.0,27.77781,-98.08167
KPAN,0.86,Hereford,TX,B,0.25,34.79256,-102.42964
KPET,0.69,Lamesa,TX,B,0.25,32.70761,-101.93683
KPIR,1.42,Granbury,TX,B,0.5,32.46208,-97.78892
KPLT,1.49,Paris,TX,C,1.0,33.63539,-95.55411
KPRC,0.95,Houston,TX,B,7.0,29.9155,-95.46356
KPUR,1.44,Amarillo,TX,B,5.0,35.12228,-101.80297
KPYK,1.57,Terrell,TX,D,0.27,32.75486,-96.23969
KPYN,0.9,Atlanta,TX,D,1.0,33.08292,-94.18297
KQBU,0.92,El Paso,TX,B,1.0,31.73594,-106.37386
KQQB,1.52,Stockdale,TX,D,2.5,29.19331,-97.86694
KQUE,0.98,Rosenburg-Richmond,TX,B,5.0,29.82217,-95.883
KRBA,1.34,Lufkin,TX,C,1.0,31.36492,-94.71908
KRCM,1.38,Shenandoah,TX,D,22.0,30.128,-95.95994
KRDY,1.16,San Antonio,TX,B,10.0,29.53661,-98.68669
KREH,0.9,Pecan Grove,TX,D,5.0,29.64414,-96.09636
KREW,1.4,Plainview,TX,C,1.0,34.21536,-101.72406
KRFE,0.58,Lubbock,TX,B,0.5,33.53342,-101.821
KRGE,1.29,Weslaco,TX,B,5.0,26.21036,-97.90944
KRIO,0.91,Mcallen,TX,B,5.0,26.29814,-98.2075
KRLD,1.08,Dallas,TX,A,50.0,32.89042,-96.64583
KROB,1.51,Robstown,TX,D,0.5,27.77781,-97.63222
KROD,0.6,El Paso,TX,B,5.0,31.91567,-106.39303
KROY,1.41,San Saba,TX,D,0.8,31.19072,-98.71561
KRUN,1.4,Ballinger,TX,C,1.0,31.72542,-99.96203
KRVA,1.6,Cockrell Hill,TX,B,25.0,32.73986,-96.71167
KRZI,1.66,Waco,TX,B,10.0,31.5185,-97.08833
KSAH,0.72,Universal City,TX,B,10.0,29.53106,-98.17778
KSEV,0.7,Tomball,TX,B,15.0,30.193,-95.59467
KSFA,0.86,Nacogdoches,TX,D,1.0,31.52686,-94.65828
KSHJ,1.43,Houston,TX,B,5.0,29.75606,-95.27717
KSIX,1.23,Corpus Christi,TX,C,0.72,27.78419,-97.45778
KSKY,0.66,Balch Springs,TX,B,7.2,33.04067,-96.94583
KSLR,0.63,San Antonio,TX,B,5.0,29.39161,-98.35028
KSML,1.26,Diboll,TX,D,4.5,31.36492,-94.71908
KSNY,1.45,Snyder,TX,C,1.0,32.72594,-100.94206
KSOX,1.24,Raymondville,TX,C,0.52,26.40564,-97.91472
KSST,1.23,Sulphur Springs,TX,C,1.0,33.11678,-95.58494
KSTV,1.51,Stephenville,TX,D,0.5,32.20236,-98.24867
KSVE,1.65,El Paso,TX,B,8.5,31.75372,-106.41664
KTAE,1.26,Elgin,TX,D,1.0,30.60519,-97.41722
KTAM,1.24,Bryan,TX,C,0.38,30.65047,-96.3495
KTBB,0.6,Tyler,TX,B,5.0,32.27183,-95.20661
KTCK,1.31,Dallas,TX,B,25.0,32.94483,-96.94056
KTEK,1.11,Alvin,TX,D,2.5,29.38108,-95.23772
KTEM,1.4,Temple,TX,C,0.95,31.06711,-97.39944
KTFS,0.94,Texarkana,TX,D,2.5,33.40792,-94.04603
KTKR,0.76,San Antonio,TX,B,50.0,29.44967,-98.30944
KTMR,1.13,Converse,TX,D,25.0,29.31969,-97.97667
KTNO,1.7,Richardson,TX,B,5.0,33.1215,-96.58222
KTNZ,1.36,Amarillo,TX,B,6.0,35.24256,-101.78464
KTON,1.33,Cameron,TX,D,2.4,31.11239,-97.29694
KTRH,0.74,Houston,TX,B,50.0,29.96606,-94.94242
KTSA,0.55,San Antonio,TX,B,5.0,29.49494,-98.41475
KTSM,0.69,El Paso,TX,B,10.0,31.96983,-106.35469
KTSN,1.06,Lockhart,TX,D,2.0,30.32047,-97.65
KTTU,0.95,Lubbock,TX,B,5.0,33.58231,-101.826
KTXV,0.89,Mabank,TX,D,20.0,32.28708,-95.97775
KTXW,1.12,Manor,TX,B,5.6,30.33131,-97.50722
KTXZ,1.56,West Lake Hills,TX,B,2.5,30.36075,-97.65333
KUBR,1.21,San Juan,TX,B,10.0,26.24508,-98.09056
KULP,1.39,El Campo,TX,D,0.5,29.20969,-96.26414
KUNO,1.4,Corpus Christi,TX,C,1.0,27.76031,-97.4375
KURV,0.71,Edinburg,TX,B,1.0,26.32897,-98.16
KVET,1.3,Austin,TX,B,5.0,30.37519,-97.71639
KVIV,1.34,El Paso,TX,C,1.0,31.76039,-106.43608
KVJY,0.84,Pharr,TX,B,5.0,26.31703,-98.10472
KVLF,1.24,Alpine,TX,C,1.0,30.37378,-103.66267
KVLG,1.57,La Grange,TX,D,0.25,29.883,-96.86608
KVMC,1.32,Colorado City,TX,D,1.0,32.38761,-100.89289
KVNN,1.34,Victoria,TX,C,1.0,28.83056,-97.00944
KVNS,1.7,Brownsville,TX,B,8.8,25.94953,-97.55444
KVOP,1.09,Plainview,TX,B,5.0,34.09231,-101.641
KVOZ,0.89,Del Mar Hills,TX,B,10.0,27.54947,-99.37281
KVRP,1.4,Stamford,TX,C,1.0,32.93122,-99.78369
KVTT,1.11,Mineral Wells,TX,D,50.0,33.33039,-97.73586
KVWC,1.49,Vernon,TX,C,1.0,34.15342,-99.26953
KWBC,1.55,College Station,TX,D,1.5,30.63186,-96.35803
KWBF,1.42,Lubbock,TX,D,0.5,33.61369,-101.87544
KWED,1.58,Seguin,TX,B,1.45,29.563,-98.05833
KWEL,1.07,Midland,TX,D,2.5,31.96233,-102.06903
KWFS,1.29,Wichita Falls,TX,D,5.0,33.96064,-98.562
KWHI,1.28,Brenham,TX,D,1.0,30.16828,-96.42247
KWJB,1.51,Canton,TX,D,0.5,32.54181,-95.85775
KWKC,1.34,Abilene,TX,C,1.0,32.42069,-99.73203
KWMC,1.49,Del Rio,TX,C,1.0,29.37161,-100.86564
KWMF,1.38,Pleasanton,TX,B,4.0,29.00025,-98.53086
KWRD,1.47,Henderson,TX,D,5.0,32.18211,-94.79717
KWTX,1.23,Waco,TX,C,1.0,31.5285,-97.12083
KWWJ,1.36,Baytown,TX,B,5.0,29.77467,-95.01547
KXIT,1.24,Dalhart,TX,C,1.0,36.09586,-102.51103
KXOI,0.81,Crane,TX,B,1.0,31.47764,-102.34042
KXOX,1.24,Sweetwater,TX,C,1.0,32.48789,-100.39233
KXTN,1.35,San Antonio,TX,B,5.0,29.52439,-98.61836
KXYL,1.24,Brownwood,TX,C,1.0,31.70597,-98.99617
KXYZ,1.32,Houston,TX,B,8.4,29.91578,-95.46189
KYND,1.52,Cypress,TX,D,25.0,29.88717,-96.01467
KYOK,1.14,Conroe,TX,D,5.0,30.34467,-95.45911
KYOW,0.97,Del Valle,TX,B,1.0,30.32047,-97.62389
KYST,0.92,Texas City,TX,B,5.0,29.41772,-94.93686
KYTY,0.81,Somerset,TX,B,0.25,29.31358,-98.50836
KYWW,1.53,Harlingen,TX,B,50.0,26.37619,-97.89556
KYYW,1.47,Abilene,TX,D,5.0,32.49233,-99.75231
KYZS,1.49,Tyler,TX,C,1.0,32.37519,-95.26972
KZDC,1.25,San Antonio,TX,B,25.0,29.28386,-98.47475
KZEE,1.22,Weatherford,TX,D,1.6,32.78819,-97.79281
KZHN,1.25,Paris,TX,D,0.5,33.72261,-95.54744
KZIP,1.31,Amarillo,TX,D,1.0,35.18394,-101.97019
KZNE,1.15,College Station,TX,B,1.0,30.63186,-96.35803
KZNX,1.53,Creedmoor,TX,D,10.0,30.07744,-97.63583
KZQQ,1.56,Abilene,TX,D,0.5,32.45594,-99.80008
KZZB,0.99,Beaumont,TX,B,1.0,30.14939,-94.13325
KZZN,1.49,Littlefield,TX,C,1.0,33.93814,-102.34436
WBAP,0.82,Fort Worth,TX,A,50.0,32.61069,-97.16694
WOAI,1.2,San Antonio,TX,A,50.0,29.50217,-98.12889
WTAW,1.62,College Station,TX,B,10.0,30.62103,-96.25469
KALL,0.7,North Salt Lake City,UT,B,50.0,40.89133,-111.94217
KANN,1.12,Roy,UT,B,10.0,41.05856,-112.07022
KAZZ,1.4,Parowan,UT,C,1.0,37.80608,-112.94522
KBJA,1.64,Sandy,UT,B,10.0,40.713,-111.93217
KCPX,1.49,Spanish Valley,UT,C,1.0,38.46775,-109.439
KDXU,0.89,St. George,UT,D,25.0,37.6975,-113.18178
KDYL,1.06,South Salt Lake,UT,D,10.0,40.5355,-112.078
KEYY,1.45,Provo,UT,C,1.0,40.23022,-111.68742
KHQN,1.48,Spanish Fork,UT,D,1.0,40.07494,-111.66242
KIHU,1.01,Tooele,UT,D,50.0,40.72078,-112.04217
KIXR,1.4,Provo,UT,C,1.0,40.22994,-111.68658
KJJC,1.23,Murray,UT,C,1.0,40.66578,-111.908
KKAT,0.86,Salt Lake City,UT,D,10.0,40.713,-111.93217
KLGN,1.39,Logan,UT,B,5.0,41.73436,-111.85439
KMES,1.43,Ogden,UT,B,25.0,41.04689,-112.02772
KMTI,0.65,Manti,UT,B,10.0,39.29414,-111.63769
KNEU,1.25,Roosevelt,UT,D,5.0,40.28692,-109.95958
KNIT,1.32,Salt Lake City,UT,B,0.73,40.66578,-111.908
KNRS,0.57,Salt Lake City,UT,B,5.0,40.81911,-111.933
KOAL,0.75,Price,UT,B,10.0,39.56692,-110.80128
KOGN,1.49,Ogden,UT,C,1.0,41.23967,-111.98356
KOSL,1.55,West Valley City,UT,B,10.0,40.72106,-112.04217
KOVO,0.96,Provo,UT,D,5.0,40.20606,-111.67047
KSGO,1.45,St. George,UT,C,1.0,37.03803,-113.63747
KSL,1.16,Salt Lake City,UT,A,50.0,40.77939,-112.09967
KSLL,1.08,Price,UT,D,10.0,39.56192,-110.77739
KSUB,0.59,Cedar City,UT,D,5.0,37.6975,-113.18178
KSVC,0.98,Richfield,UT,B,10.0,38.78803,-112.01242
KSVN,0.73,Ogden,UT,D,1.0,41.188,-112.08189
KTMP,1.34,Heber City,UT,C,1.0,40.50142,-111.44936
KTUB,1.6,Centerville,UT,B,5.0,40.90217,-111.92856
KUTR,0.82,Taylorsville,UT,B,50.0,40.32994,-112.06994
KVEL,0.92,Vernal,UT,B,5.0,40.49164,-109.52986
KVNU,0.61,Logan,UT,B,10.0,41.67494,-111.93578
KWLO,1.58,Springville,UT,B,1.0,40.20606,-111.67047
KZEZ,1.49,Santa Clara,UT,C,1.0,37.11164,-113.51272
KZNS,1.28,Salt Lake City,UT,B,50.0,40.85189,-111.96939
WABN,1.23,Abingdon,VA,C,1.0,36.73428,-81.97153
WAJL,1.4,South Boston,VA,C,1.0,36.70986,-78.87417
WAMM,0.79,Mount Jackson,VA,D,1.0,38.77094,-78.62114
WAMV,1.42,Amherst,VA,D,2.2,37.53986,-79.05253
WAVA,0.78,Arlington,VA,D,12.0,38.97658,-77.11428
WBLB,1.34,Pulaski,VA,C,1.0,37.06594,-80.78397
WBLT,1.35,Bedford,VA,D,5.0,37.34764,-79.52336
WBRG,1.05,Lynchburg,VA,D,3.8,37.42097,-79.11503
WBTK,1.38,Richmond,VA,B,5.0,37.62125,-77.44858
WBTL,1.32,Ashland,VA,D,1.0,37.74639,-77.49528
WBTM,1.33,Danville,VA,B,5.0,36.60736,-79.43336
WBTX,1.47,Broadway-Timberville,VA,D,5.0,38.62344,-78.81419
WCBX,0.9,Bassett,VA,D,1.1,36.71014,-79.96586
WCGX,1.36,Galax,VA,D,5.0,36.66347,-80.91425
WCHV,1.26,Charlottesville,VA,D,0.8,38.11489,-78.45508
WCPK,1.6,Chesapeake,VA,D,4.2,36.80292,-76.28244
WCVA,1.49,Culpeper,VA,C,0.68,38.48458,-77.98917
WDCJ,1.24,Petersburg,VA,C,1.0,37.23375,-77.37636
WDCT,1.31,Fairfax,VA,B,5.0,38.85233,-77.31553
WDVA,1.25,Danville,VA,B,5.0,36.58153,-79.44225
WDZY,1.29,Colonial Heights,VA,D,25.0,37.25847,-77.39414
WESR,1.33,Onley-Onancock,VA,D,5.0,37.71742,-75.68289
WEVA,0.86,Emporia,VA,D,1.0,36.69903,-77.54831
WFAX,1.22,Falls Church,VA,D,5.0,38.87983,-77.17136
WFIR,0.96,Roanoke,VA,B,10.0,37.30264,-80.04003
WFJX,0.91,Roanoke,VA,D,1.0,37.26847,-79.91253
WFLO,0.87,Farmville,VA,D,1.0,37.32653,-78.38556
WFTR,1.45,Front Royal,VA,C,1.0,38.90872,-78.17667
WFVA,1.23,Fredericksburg,VA,C,1.0,38.28069,-77.43608
WGFC,1.03,Floyd,VA,D,1.0,36.92597,-80.27589
WGH,1.31,Newport News,VA,B,20.0,37.04542,-76.448
WGMN,1.24,Roanoke,VA,C,1.0,37.27014,-79.97031
WGPL,1.35,Portsmouth,VA,B,5.0,36.88347,-76.37244
WGTH,0.54,Richlands,VA,D,1.0,37.08372,-81.78261
WGVY,1.0,Altavista,VA,D,1.0,37.12236,-79.28864
WHAN,1.43,Ashland,VA,D,1.0,37.74625,-77.49525
WHAP,1.34,Hopewell,VA,C,1.0,37.29625,-77.31358
WHBG,1.36,Harrisonburg,VA,D,5.0,38.45122,-78.90781
WHEE,1.37,Martinsville,VA,D,5.0,36.68597,-79.90364
WHEO,1.27,Stuart,VA,D,5.0,36.62375,-80.26367
WHHV,1.4,Hillsville,VA,C,1.0,36.75014,-80.72203
WHNK,1.33,Marion,VA,D,1.0,36.85622,-81.50483
WHNQ,1.14,St. Paul,VA,D,0.25,36.87094,-82.30569
WINA,1.07,Charlottesville,VA,B,5.0,38.08875,-78.50611
WINC,1.4,Winchester,VA,C,1.0,39.124,-78.21194
WJFN,0.82,Chester,VA,B,10.0,37.38181,-77.42747
WJFV,1.65,Portsmouth,VA,B,10.0,36.80292,-76.28244
WJYK,0.98,Chase City,VA,D,1.0,36.80542,-78.44
WJZU,1.25,Franklin,VA,D,1.0,36.68264,-76.92831
WKAV,1.4,Charlottesville,VA,C,1.0,38.11489,-78.45508
WKBA,1.55,Vinton,VA,D,1.0,37.29067,-79.92269
WKBY,1.08,Chatham,VA,D,1.0,36.78181,-79.39114
WKCI,0.97,Waynesboro,VA,B,5.0,38.08681,-78.91142
WKCW,1.42,Warrenton,VA,D,22.0,38.73122,-77.77806
WKCY,1.3,Harrisonburg,VA,D,6.4,38.464,-78.80669
WKDV,1.46,Manassas,VA,B,5.0,38.75011,-77.51333
WKDW,0.9,Staunton,VA,D,2.5,38.17569,-79.06975
WKGM,0.94,Smithfield,VA,B,10.0,36.95458,-76.62967
WKLV,1.44,Blackstone,VA,D,5.0,37.05403,-78.02056
WKNV,0.89,Fairlawn,VA,D,10.0,37.13206,-80.61839
WKTR,0.84,Earlysville,VA,D,8.2,38.26597,-78.41444
WLES,0.59,Bon Air,VA,D,1.0,37.51458,-77.50747
WLLL,0.93,Lynchburg,VA,D,9.0,37.40708,-79.23225
WLOY,0.66,Rural Retreat,VA,D,0.55,36.9215,-81.24261
WLRV,1.38,Lebanon,VA,D,1.0,36.92178,-82.10431
WLSD,1.22,Big Stone Gap,VA,D,1.0,36.84067,-82.73711
WLVA,0.58,Lynchburg,VA,D,0.25,37.42097,-79.11503
WMBG,0.74,Williamsburg,VA,D,0.5,37.28181,-76.79664
WMNA,0.73,Gretna,VA,D,1.0,36.92542,-79.33031
WMPW,0.97,Danville,VA,D,1.0,36.55958,-79.36697
WNIS,0.79,Norfolk,VA,B,5.0,37.07375,-76.29161
WNLR,1.15,Churchville,VA,D,2.5,38.21097,-79.13114
WNRG,0.94,Grundy,VA,D,5.0,37.30233,-82.11764
WNRN,1.59,Richmond,VA,D,5.0,37.50033,-77.45619
WNRV,0.99,Narrows-Pearisburg,VA,D,5.0,37.34428,-80.77647
WNTX,1.35,Fredericksburg,VA,D,1.0,38.31292,-77.43858
WNVA,1.35,Norton,VA,D,5.0,36.94206,-82.59656
WODY,1.16,Fieldale,VA,B,5.0,36.71014,-79.96586
WPAK,1.49,Farmville,VA,C,1.0,37.31319,-78.39444
WPCE,1.4,Portsmouth,VA,C,1.0,36.80292,-76.28244
WPIN,0.81,Dublin,VA,D,4.2,37.13206,-80.61839
WPLI,0.61,Roanoke,VA,B,5.0,37.30319,-80.04225
WPLY,1.39,Lynchburg,VA,D,4.7,37.46458,-79.12225
WPMH,1.27,Newport News,VA,B,1.5,37.03125,-76.36633
WPWC,1.48,Dumfries-Triangle,VA,B,5.0,38.56844,-77.33858
WRAA,1.33,Luray,VA,D,1.0,38.65956,-78.49083
WRAD,1.46,Radford,VA,D,5.0,37.14292,-80.577
WREJ,0.99,Richmond,VA,D,1.0,37.52792,-77.37969
WREL,1.45,Lexington,VA,C,1.0,37.76681,-79.43197
WRJR,0.67,Claremont,VA,D,12.0,37.17486,-76.89664
WRNL,0.91,Richmond,VA,B,5.0,37.61403,-77.51442
WRTZ,1.41,Roanoke,VA,D,5.0,37.27986,-79.99114
WRVA,1.14,Richmond,VA,A,50.0,37.40453,-77.31478
WSBV,1.56,South Boston,VA,D,2.5,36.70986,-78.87417
WSHV,1.37,South Hill,VA,D,4.2,36.74431,-78.16139
WSLK,0.88,Moneta,VA,D,0.9,37.16681,-79.63031
WSVA,0.55,Harrisonburg,VA,B,5.0,38.45122,-78.90781
WSVS,0.8,Crewe,VA,B,10.0,37.19544,-78.16667
WSWV,1.57,Pennington Gap,VA,B,2.3,36.73397,-83.04267
WTAR,0.85,Norfolk,VA,B,50.0,37.06014,-76.69022
WTNT,0.73,Alexandria,VA,D,8.0,38.74539,-77.09914
WTON,1.24,Staunton,VA,C,1.0,38.14181,-79.04225
WTOX,1.48,Bensley,VA,D,1.0,37.50042,-77.45608
WTOY,1.48,Salem,VA,D,5.0,37.27264,-80.08086
WTSD,1.19,Leesburg,VA,B,50.0,39.04122,-77.44472
WTZE,1.47,Tazewell,VA,D,1.0,37.13261,-81.55567
WUKZ,1.01,Marion,VA,D,1.0,36.85622,-81.50483
WULT,1.54,Sandston,VA,D,1.0,37.54431,-77.34608
WURA,0.92,Quantico,VA,B,7.0,38.56817,-77.33858
WVCV,1.34,Orange,VA,C,1.0,38.25403,-78.12056
WVGM,1.32,Lynchburg,VA,D,1.0,37.42708,-79.12364
WVNZ,1.45,Highland Springs,VA,C,0.96,37.54431,-77.34608
WVXX,1.05,Norfolk,VA,B,5.0,36.82903,-76.20689
WWDN,1.58,Danville,VA,D,1.0,36.56764,-79.38031
WWTB,0.98,Bristol,VA,B,5.0,36.60844,-82.15986
WWVT,1.26,Christiansburg,VA,D,5.0,37.15375,-80.507
WXGI,0.95,Richmond,VA,D,3.9,37.51458,-77.50747
WXGM,1.42,Gloucester,VA,D,0.74,37.41014,-76.54744
WXTG,1.49,Hampton,VA,C,0.97,37.03069,-76.37522
WXVA,0.61,Winchester,VA,B,0.38,39.124,-78.21194
WYRV,0.77,Cedar Bluff,VA,D,5.0,37.08483,-81.76844
WYTI,1.57,Rocky Mount,VA,B,2.5,36.97708,-79.89558
WYVE,1.28,Wytheville,VA,D,2.5,36.96622,-81.08119
WZAP,0.69,Bristol,VA,D,10.0,36.63097,-82.15911
WDHP,1.62,Frederiksted,VI,B,10.0,17.72444,-64.88417
WIGT,1.69,Charlotte Amalie,VI,B,0.92,18.31583,-64.88389
WSTA,1.34,Charlotte Amalie,VI,B,1.0,18.33611,-64.95472
WSTX,0.97,Christiansted,VI,B,5.0,17.75639,-64.69389
WVWI,1.0,Charlotte Amalie,VI,B,5.0,18.33639,-64.94472
WBTN,1.37,Bennington,VT,D,1.0,42.90536,-73.20844
WCFR,1.48,Springfield,VT,D,5.0,43.28119,-72.48731
WCLY,1.49,Middlebury,VT,C,0.96,43.99922,-73.15928
WCVR,1.32,Randolph,VT,D,1.0,43.93756,-72.63594
WDEV,0.55,Waterbury,VT,B,5.0,44.35478,-72.7515
WIKE,1.49,Newport,VT,C,1.0,44.93894,-72.22178
WJOY,1.23,Burlington,VT,C,1.0,44.45089,-73.19708
WKAF,1.42,St. Albans,VT,D,1.0,44.83117,-73.08986
WSKI,1.24,Montpelier,VT,C,1.0,44.2445,-72.54594
WSTJ,1.34,St. Johnsbury,VT,C,1.0,44.41839,-71.99536
WSYB,1.38,Rutland,VT,D,5.0,43.59172,-72.99011
WTSA,1.45,Brattleboro,VT,C,1.0,42.87036,-72.55925
WTWN,1.1,Wells River,VT,D,5.0,44.14867,-72.06675
WVMT,0.62,Burlington,VT,B,5.0,44.5345,-73.22042
KALE,0.96,Richland,WA,B,5.0,46.24264,-119.17919
KAPS,0.66,Mount Vernon,WA,B,10.0,48.43844,-122.34544
KARI,0.55,Blaine,WA,B,5.0,48.954,-122.74461
KBAM,1.4,Longview,WA,C,1.0,46.149,-122.97594
KBBO,1.39,Yakima,WA,D,1.4,46.57064,-120.456
KBKW,1.45,Aberdeen,WA,C,1.0,46.94842,-123.82128
KBLE,1.05,Seattle,WA,B,5.0,47.56344,-122.36097
KBMS,1.48,Vancouver,WA,B,1.0,45.6015,-122.71956
KBRC,1.43,Mount Vernon,WA,B,5.0,48.42261,-122.35406
KBRD,0.92,Olympia,WA,D,3.0,47.06203,-122.83153
KBRO,1.48,Bremerton,WA,D,5.0,47.56453,-122.65958
KBSN,1.47,Moses Lake,WA,B,5.0,47.10431,-119.29336
KBUP,1.24,Olympia,WA,C,1.0,47.05758,-122.90208
KCIS,0.63,Edmonds,WA,B,5.0,47.76817,-122.35319
KCLK,1.43,Asotin,WA,B,5.0,46.31628,-117.041
KCLX,1.45,Colfax,WA,C,1.0,46.91378,-117.32547
KCVL,1.24,Colville,WA,C,1.0,48.52072,-117.90886
KDYK,1.02,Union Gap,WA,B,4.0,46.57125,-120.45533
KDYM,1.23,Sunnyside,WA,C,0.7,46.33014,-120.03728
KEDO,1.27,Longview,WA,D,5.0,46.18289,-122.95928
KELA,1.47,Centralia-Chehalis,WA,B,5.0,46.69622,-122.95764
KFLD,0.87,Pasco,WA,B,10.0,46.22792,-119.12667
KGA,1.51,Spokane,WA,B,50.0,47.50211,-117.38631
KGDC,1.32,Walla Walla,WA,D,1.0,46.02347,-118.35581
KGMI,0.79,Bellingham,WA,B,5.0,48.72178,-122.44656
KGNW,0.82,Burien-Seattle,WA,B,50.0,47.43317,-122.46847
KGRG,1.33,Enumclaw,WA,B,0.77,47.21444,-121.973
KHHO,0.85,Tacoma,WA,B,10.0,47.23206,-122.39067
KIRO,0.71,Seattle,WA,A,50.0,47.39844,-122.43458
KIT,1.28,Yakima,WA,B,4.5,46.55783,-120.45183
KITI,1.42,Centralia-Chehalis,WA,B,5.0,46.70206,-122.93403
KIXI,0.88,Mercer Island/Seattl,WA,B,50.0,47.58289,-122.18233
KJOX,1.34,Kennewick,WA,C,1.0,46.22153,-119.18722
KJR,0.95,Seattle,WA,B,50.0,47.43317,-122.46847
KJRB,0.79,Spokane,WA,D,4.4,47.50211,-117.38631
KKDZ,1.25,Seattle,WA,B,5.0,47.56344,-122.36097
KKMO,1.36,Tacoma,WA,B,5.0,47.30511,-122.44372
KKNW,1.15,Seattle,WA,B,10.0,47.5865,-122.18733
KKOL,1.3,Seattle,WA,B,35.0,47.65508,-122.51958
KKOV,1.55,Vancouver,WA,B,50.0,45.64622,-122.51536
KKRT,0.9,Wenatchee,WA,D,1.0,47.46208,-120.35897
KKXA,1.52,Snohomish,WA,B,50.0,47.87539,-122.07903
KLAY,1.18,Lakewood,WA,B,5.0,47.14983,-122.41178
KLCK,1.4,Goldendale,WA,C,1.0,45.82344,-120.83894
KLDY,1.28,Lacey,WA,B,1.0,47.06203,-122.83153
KLFE,1.59,Seattle,WA,B,20.0,47.65508,-122.51958
KLOG,1.49,Kelso,WA,C,1.0,46.1165,-122.8865
KMAS,1.03,Shelton,WA,B,10.0,47.22119,-123.08069
KMAX,0.84,Colfax,WA,B,10.0,46.91378,-117.32547
KMIA,1.21,Auburn-Federal Way,WA,B,27.5,47.30539,-122.24928
KMTT,0.91,Vancouver,WA,B,3.3,45.55817,-122.48369
KNTS,1.68,Seattle,WA,B,10.0,47.65536,-122.51931
KNWN,1.0,Seattle,WA,A,50.0,47.46344,-122.44208
KOMW,0.68,Omak,WA,D,5.0,48.39431,-119.5345
KONA,0.61,Kennewick-Richland-Pasco,WA,B,5.0,46.17394,-119.06783
KONP,1.45,Port Angeles,WA,C,1.0,48.09842,-123.40686
KOZI,1.23,Chelan,WA,C,1.0,47.84986,-120.00675
KPQ,0.56,Wenatchee,WA,B,5.0,47.45319,-120.32981
KPTR,1.09,Seattle,WA,B,50.0,47.39372,-122.42486
KPUG,1.17,Bellingham,WA,B,10.0,48.77594,-122.44044
KQNT,0.59,Spokane,WA,B,5.0,47.61517,-117.25019
KQQQ,1.15,Pullman,WA,D,11.0,46.72656,-117.20739
KRIZ,1.42,Renton,WA,B,1.0,47.44011,-122.20372
KRKO,1.38,Everett,WA,B,50.0,47.87539,-122.07958
KRPA,1.11,Oak Harbor,WA,B,9.0,48.28178,-122.70822
KRPI,1.55,Ferndale,WA,B,50.0,48.84289,-122.60267
KRSC,1.4,Othello,WA,C,1.0,46.82542,-119.18806
KSBN,1.23,Spokane,WA,C,1.0,47.65822,-117.41994
KSPO,1.05,Dishman,WA,B,25.0,47.59933,-117.37825
KSUH,1.45,Puyallup,WA,C,1.0,47.17789,-122.27456
KTBI,0.81,Ephrata,WA,D,50.0,47.35597,-119.48336
KTCR,0.98,Selah,WA,B,5.0,46.64014,-120.59783
KTEL,1.49,Walla Walla,WA,C,1.0,46.02347,-118.35581
KTRW,0.63,Opportunity,WA,D,0.62,47.60828,-117.37336
KTTH,0.77,Seattle,WA,B,50.0,47.39372,-122.42486
KTTO,0.97,Spokane,WA,B,5.3,47.616,-117.36633
KUJ,1.42,Walla Walla,WA,B,5.0,46.06708,-118.40247
KULE,0.73,Ephrata,WA,D,1.0,47.31681,-119.56392
KUOW,1.34,Tumwater,WA,C,1.0,47.00675,-122.91986
KUTI,0.68,Lacey,WA,D,0.25,47.06175,-122.83014
KVAN,1.56,Burbank,WA,B,10.0,46.16958,-119.02667
KVI,0.57,Seattle,WA,B,5.0,47.42178,-122.43014
KVRI,1.6,Blaine,WA,B,50.0,48.954,-122.74461
KWIQ,1.02,Moses Lake North,WA,B,2.0,47.16319,-119.36197
KWLE,1.34,Anacortes,WA,C,1.0,48.49539,-122.60544
KWNC,1.37,Quincy,WA,D,1.0,47.29153,-119.85394
KWOK,1.49,Aberdeen,WA,C,1.0,46.95814,-123.811
KWSU,1.25,Pullman,WA,B,5.0,46.69628,-117.24656
KWYZ,1.23,Everett,WA,C,1.0,47.96814,-122.17458
KXLE,1.24,Ellensburg,WA,C,1.0,47.00236,-120.52644
KXLX,0.7,Airway Heights,WA,B,10.0,47.60828,-117.37336
KXLY,0.92,Spokane,WA,B,25.0,47.60828,-117.37336
KXPA,1.54,Bellevue,WA,B,5.0,47.59108,-122.18428
KXRO,1.32,Aberdeen,WA,B,5.0,46.95731,-123.81072
KYAK,0.93,Yakima,WA,D,10.0,46.61319,-120.48367
KYIZ,1.62,Renton,WA,B,10.0,47.44094,-122.204
KYNR,1.49,Toppenish,WA,C,1.0,46.37569,-120.32283
KYOZ,1.33,Spokane,WA,D,5.0,47.61572,-117.36606
KYSP,1.34,Wenatchee,WA,C,1.0,47.39708,-120.27481
KZFS,1.28,Spokane,WA,D,5.0,47.60739,-117.36217
KZIZ,1.56,Pacific,WA,B,5.0,47.23594,-122.23011
KZXR,1.31,Prosser,WA,D,5.0,46.23403,-119.81475
KFIZ,1.45,Fond Du Lac,WI,C,1.0,43.79111,-88.47122
WAQE,1.09,Rice Lake,WI,D,5.0,45.53772,-91.76406
WATK,0.9,Antigo,WI,D,0.25,45.10636,-89.15261
WATW,1.4,Ashland,WI,C,0.78,46.57356,-90.86575
WAUK,0.54,Jackson,WI,B,0.4,43.33333,-88.15314
WAUN,1.35,Portage,WI,D,1.0,43.52831,-89.43372
WAYY,0.79,Eau Claire,WI,B,5.0,44.82969,-91.44683
WBEV,1.43,Beaver Dam,WI,B,1.0,43.42861,-88.89261
WBIZ,1.4,Eau Claire,WI,C,0.97,44.81553,-91.51878
WBOG,1.46,Tomah,WI,D,1.0,43.96858,-90.51403
WBZH,0.91,Hayward,WI,D,5.0,45.98522,-91.53989
WCCN,1.37,Neillsville,WI,D,5.0,44.57164,-90.58569
WCLB,0.95,Sheboygan,WI,D,0.5,43.7425,-87.81675
WCLO,1.23,Janesville,WI,C,1.0,42.65972,-89.04233
WCUB,0.98,Two Rivers,WI,B,5.0,44.06389,-87.69703
WDGY,0.74,Hudson,WI,D,5.0,44.96803,-92.66714
WDKF,1.44,Green Bay,WI,B,5.0,44.47778,-88.00011
WDLB,1.45,Marshfield,WI,C,0.75,44.69692,-90.15569
WDLS,0.9,Wisconsin Dells,WI,D,1.0,43.63806,-89.72147
WDOR,0.91,Sturgeon Bay,WI,D,1.0,44.82722,-87.35758
WDSM,0.71,Superior,WI,B,10.0,46.65356,-92.14742
WDUL,0.97,Superior,WI,D,1.0,46.72439,-92.11992
WDUZ,1.4,Green Bay,WI,C,1.0,44.49333,-87.98706
WDVM,1.05,Eau Claire,WI,B,0.86,44.77719,-91.47489
WEAQ,1.15,Chippewa Falls,WI,D,5.0,44.88469,-91.39044
WEKZ,1.26,Monroe,WI,D,1.0,42.59444,-89.59289
WEMK,1.46,West Allis,WI,B,1.0,43.00892,-88.03508
WEMP,1.54,Hartford,WI,D,0.5,43.28,-88.38397
WERL,0.95,Eagle River,WI,D,1.0,45.9755,-89.24569
WEVR,1.55,River Falls,WI,D,0.92,44.88858,-92.65075
WFAW,0.94,Fort Atkinson,WI,B,0.5,42.90667,-88.75178
WFDL,1.17,Waupun,WI,D,1.0,43.64306,-88.72372
WFHR,1.32,Wisconsin Rapids,WI,B,5.0,44.41525,-89.83594
WGBW,1.59,Denmark,WI,B,10.0,44.31389,-87.78786
WGEZ,1.49,Beloit,WI,C,1.0,42.49558,-89.019
WGKB,1.51,Waukesha,WI,D,0.25,43.01778,-88.19564
WGLB,1.56,Elm Grove,WI,B,2.5,43.00892,-88.03508
WGXI,1.42,Plymouth,WI,D,0.5,43.7425,-87.93925
WHA,0.97,Madison,WI,D,5.0,43.04167,-89.40956
WHBL,1.33,Sheboygan,WI,B,5.0,43.72056,-87.73453
WHBY,1.15,Kimberly,WI,B,20.0,44.13886,-88.54622
WHFA,1.24,Poynette,WI,C,1.0,43.36056,-89.40233
WHIT,1.55,Madison,WI,D,5.0,43.00222,-89.38706
WHRY,1.45,Hurley,WI,C,1.0,46.4155,-90.15961
WIBA,1.31,Madison,WI,B,5.0,42.99944,-89.42983
WIGM,1.49,Medford,WI,C,1.0,45.16414,-90.34125
WISN,1.13,Milwaukee,WI,B,50.0,42.75503,-88.08147
WISS,1.1,Berlin,WI,D,2.5,43.94858,-88.98594
WIXK,1.59,New Richmond,WI,D,5.0,45.08608,-92.57214
WIZM,1.41,La Crosse,WI,B,5.0,43.84692,-91.21875
WJJQ,0.81,Tomahawk,WI,D,0.94,45.49053,-89.72625
WJMC,1.24,Rice Lake,WI,C,1.0,45.50856,-91.77406
WJMT,0.73,Merrill,WI,D,1.0,45.17914,-89.639
WJOI,1.34,Milwaukee,WI,C,1.0,43.04694,-87.98119
WJOK,1.05,Kaukauna,WI,B,1.0,44.2475,-88.30011
WKBH,1.57,Holmen,WI,B,1.0,43.92358,-91.27069
WKLJ,1.29,Sparta,WI,D,5.0,43.96831,-90.85986
WKTY,0.58,La Crosse,WI,B,5.0,43.74025,-91.20597
WLAK,1.26,Amery,WI,B,5.0,45.25692,-92.36686
WLBL,0.93,Auburndale,WI,D,5.0,44.61331,-90.03736
WLCX,1.49,La Crosse,WI,C,1.0,43.82831,-91.24097
WLDY,1.34,Ladysmith,WI,C,1.0,45.46636,-91.12319
WLIP,1.05,Kenosha,WI,B,0.25,42.55281,-87.89397
WLKD,1.57,Minocqua,WI,B,5.0,45.82022,-89.72431
WLMV,1.48,Madison,WI,B,5.0,43.025,-89.39678
WMAM,0.57,Marinette,WI,D,0.25,45.10053,-87.62511
WMDX,1.58,Columbus,WI,D,5.0,43.33472,-89.16567
WMEQ,0.88,Menomonie,WI,B,10.0,44.84444,-91.84667
WNAM,1.28,Neenah-Menasha,WI,B,5.0,44.10025,-88.534
WNOV,0.86,Milwaukee,WI,D,0.25,43.07222,-87.95203
WNWC,1.19,Sun Prairie,WI,D,4.8,43.16,-89.21539
WOBT,1.24,Rhinelander,WI,C,0.95,45.62828,-89.39403
WOCO,1.26,Oconto,WI,D,1.0,44.89194,-87.95511
WOGO,0.68,Hallie,WI,B,2.5,44.88942,-91.38433
WOKY,0.92,Milwaukee,WI,B,5.0,42.97558,-88.06564
WOMT,1.24,Manitowoc,WI,C,0.992,44.12528,-87.62814
WOSH,1.49,Oshkosh,WI,C,1.0,44.04581,-88.52928
WOTE,1.38,Clintonville,WI,B,3.9,44.56692,-88.74261
WOZN,1.67,Madison,WI,B,10.0,43.02528,-89.39622
WPCA,0.8,Waupaca,WI,B,5.0,44.35414,-89.05817
WPCN,1.01,Stevens Point,WI,D,1.0,44.53803,-89.59539
WPFP,0.98,Park Falls,WI,D,1.0,45.91772,-90.44961
WPRE,0.98,Prairie Du Chien,WI,D,1.0,43.06081,-91.15736
WPVL,1.59,Platteville,WI,B,0.97,42.75556,-90.50569
WRCE,1.45,Richland Center,WI,C,1.0,43.31608,-90.37764
WRDB,1.4,Reedsburg,WI,C,1.0,43.54136,-90.03514
WRDN,1.43,Durand,WI,D,2.0,44.58139,-91.91278
WRIG,1.39,Schofield,WI,B,10.0,44.87831,-89.6415
WRJC,1.27,Mauston,WI,D,0.5,43.83108,-90.08097
WRJM,1.29,Greenfield,WI,B,5.0,42.91975,-87.98814
WRJN,1.4,Racine,WI,C,1.0,42.71058,-87.83036
WRPN,1.6,Ripon,WI,B,5.0,43.81692,-88.84706
WRPQ,0.74,Baraboo,WI,D,0.25,43.45525,-89.75372
WRYU,1.47,West Bend,WI,B,2.5,43.37056,-88.16619
WSAU,0.55,Wausau,WI,B,15.0,44.85719,-89.58706
WSCO,1.57,Appleton,WI,B,1.0,44.21778,-88.40928
WSJP,1.64,Sussex,WI,B,10.0,43.07722,-88.19231
WSSP,1.25,Milwaukee,WI,B,5.0,42.94614,-88.06092
WTAQ,1.36,Green Bay,WI,B,10.0,44.43083,-88.08094
WTCH,0.96,Shawano,WI,B,1.0,44.78081,-88.63122
WTMJ,0.62,Milwaukee,WI,B,50.0,42.70781,-88.06592
WTSO,1.07,Madison,WI,B,10.0,42.99583,-89.3165
WVCY,0.69,Oshkosh,WI,D,0.25,44.08081,-88.56483
WVRQ,1.36,Viroqua,WI,D,1.0,43.53442,-90.87319
WWIS,1.26,Black River Falls,WI,D,0.58,44.31969,-90.89208
WXCO,1.23,Wausau,WI,C,1.0,44.97469,-89.61261
WXNK,0.94,Shell Lake,WI,D,1.0,45.69328,-91.966
WZBU,1.52,New Holstein,WI,D,0.55,44.07389,-88.17983
WZRK,0.81,Dodgeville,WI,D,0.25,42.91944,-90.13511
WAEY,1.49,Princeton,WV,C,1.0,37.38983,-81.09925
WAJR,1.44,Morgantown,WV,B,5.0,39.67619,-80.00311
WAMN,1.05,Green Valley,WV,D,1.43,37.30567,-81.12481
WBBD,1.4,Wheeling,WV,C,1.0,40.09703,-80.70147
WBES,0.95,Charleston,WV,D,1.0,38.38564,-81.71403
WBKW,1.07,Beckley,WV,D,10.0,37.75511,-81.2365
WBUC,1.46,Buckhannon,WV,D,5.5,38.97456,-80.20703
WCHS,0.58,Charleston,WV,B,5.0,38.36425,-81.76792
WCST,1.01,Berkeley Springs,WV,D,0.27,39.61675,-78.21722
WDNE,1.24,Elkins,WV,C,1.0,38.92344,-79.86228
WEIR,1.43,Weirton,WV,B,1.0,40.44506,-80.62786
WELC,1.15,Welch,WV,D,5.0,37.41706,-81.61594
WELD,0.69,Fisher,WV,D,3.0,39.05233,-79.00558
WEPM,1.34,Martinsburg,WV,C,1.0,39.46344,-77.98611
WETZ,1.33,New Martinsville,WV,D,1.0,39.65758,-80.85928
WFSP,1.56,Kingwood,WV,D,1.0,39.48064,-79.7195
WHAW,0.98,Lost Creek,WV,D,2.5,39.04036,-80.45425
WHIS,1.44,Bluefield,WV,B,5.0,37.27594,-81.2515
WHJC,1.36,Matewan,WV,D,1.0,37.61733,-82.16764
WJAW,0.63,St. Marys,WV,D,1.0,39.39508,-81.23011
WJLS,0.56,Beckley,WV,B,4.5,37.759,-81.1865
WJYP,1.3,St. Albans,WV,D,1.0,38.39536,-81.84986
WKAZ,0.68,Charleston,WV,B,10.0,38.31872,-81.54094
WKEZ,1.24,Bluefield,WV,C,1.0,37.26594,-81.18869
WKKX,1.6,Wheeling,WV,D,5.0,40.09064,-80.70286
WKLP,1.39,Keyser,WV,D,1.0,39.43675,-78.95558
WLUX,1.45,Dunbar,WV,C,1.0,38.34925,-81.74792
WLYQ,1.05,Parkersburg,WV,B,1.0,39.25814,-81.56344
WMON,1.34,Montgomery,WV,C,1.0,38.17733,-81.314
WMOV,1.36,Ravenswood,WV,D,5.0,38.96575,-81.7665
WMRE,1.55,Charles Town,WV,D,5.0,39.27317,-77.86528
WMTD,1.38,Hinton,WV,D,1.0,37.68428,-80.91508
WNRJ,1.2,Huntington,WV,D,5.0,38.40481,-82.48906
WOAY,0.86,Oak Hill,WV,D,10.0,37.95844,-81.15067
WPDX,1.3,Morgantown,WV,D,2.5,39.62786,-79.9695
WPKB,1.23,Parkersburg,WV,C,0.88,39.25814,-81.56344
WRLF,1.49,Fairmont,WV,C,1.0,39.47203,-80.14036
WRNR,0.74,Martinsburg,WV,D,0.5,39.47372,-77.93222
WRRL,1.13,Rainelle,WV,D,1.0,37.95789,-80.76231
WRVC,0.93,Huntington,WV,B,5.0,38.40092,-82.49489
WSCW,1.41,South Charleston,WV,D,5.0,38.37619,-81.70347
WSGB,1.49,Sutton,WV,C,0.9,38.65317,-80.71925
WSLW,1.31,White Sulphur Spring,WV,D,5.0,37.80483,-80.35064
WSWW,1.49,Charleston,WV,C,1.0,38.35786,-81.6165
WTHQ,1.03,Point Pleasant,WV,D,10.0,38.81175,-82.09958
WVAM,1.45,Parkersburg,WV,C,1.0,39.31592,-81.52706
WVAR,0.6,Richwood,WV,D,1.0,38.23067,-80.54675
WVHU,0.8,Huntington,WV,D,5.0,38.39314,-82.47322
WVLY,1.37,Moundsville,WV,D,5.0,39.90564,-80.77814
WVMR,1.37,Frost,WV,D,5.0,38.29039,-79.93089
WVOW,1.29,Logan,WV,B,5.0,37.85622,-81.97178
WVRC,1.4,Spencer,WV,C,1.0,38.80647,-81.36094
WVTS,1.24,Dunbar,WV,C,1.0,38.38564,-81.71403
WVUS,1.19,Grafton,WV,D,0.25,39.35056,-80.04372
WWNR,0.62,Beckley,WV,D,5.0,37.75511,-81.2365
WWVA,1.17,Wheeling,WV,A,50.0,40.10203,-80.86703
WYKM,1.25,Rupert,WV,D,5.0,37.99317,-80.68397
WYMW,1.11,Hurricane,WV,D,1.0,38.44481,-82.01486
WZST,0.92,Fairmont,WV,D,5.0,39.46758,-80.20536
WZWB,1.42,Kenova,WV,B,5.0,38.41175,-82.6035
WZZW,1.6,Milton,WV,D,5.0,38.42953,-82.10569
KASL,1.24,Newcastle,WY,C,1.0,43.84636,-104.213
KBBS,1.45,Buffalo,WY,C,1.0,44.34247,-106.68228
KFBC,1.24,Cheyenne,WY,C,0.7,41.12136,-104.83997
KFBU,1.63,Fox Farm,WY,B,10.0,41.12275,-104.80247
KGAB,0.65,Orchard Valley,WY,B,8.5,41.05303,-104.83303
KGOS,1.49,Torrington,WY,C,1.0,42.07219,-104.22828
KHAT,1.21,Laramie,WY,B,10.0,41.25525,-105.55083
KJCV,1.45,Jackson,WY,C,1.0,43.46242,-110.79436
KJNT,1.49,Jackson,WY,C,1.0,43.47436,-110.76936
KKTL,1.4,Casper,WY,C,1.0,42.85608,-106.36197
KKTS,1.58,Evansville,WY,B,1.0,42.88164,-106.28753
KKTY,1.47,Douglas,WY,B,1.0,42.76331,-105.39275
KMER,0.94,Kemmerer,WY,D,0.24,41.79939,-110.54628
KODI,1.4,Cody,WY,C,1.0,44.51272,-109.05625
KOVE,1.33,Lander,WY,B,5.0,42.84272,-108.74539
KOWB,1.29,Laramie,WY,B,5.0,41.28331,-105.58194
KPOW,1.26,Powell,WY,B,5.0,44.71664,-108.76147
KRAE,1.48,Cheyenne,WY,D,1.0,41.12136,-104.83997
KRAL,1.24,Rawlins,WY,C,1.0,41.78192,-107.26172
KRKK,1.36,Rock Springs,WY,B,5.0,41.61997,-109.23958
KROE,0.93,Sheridan,WY,D,5.0,44.79831,-106.93144
KRSV,1.21,Afton,WY,B,5.0,42.72269,-110.96158
KSGT,1.34,Jackson,WY,C,1.0,43.46242,-110.79436
KTWO,1.03,Casper,WY,B,50.0,42.84275,-106.21919
KUGR,1.49,Green River,WY,C,1.0,41.51553,-109.43708
KUYO,0.83,Evansville,WY,D,25.0,42.87136,-106.20419
KVOC,1.23,Casper,WY,C,1.0,42.83469,-106.29614
KVOW,1.45,Riverton,WY,C,1.0,43.02636,-108.3465
KWOR,1.34,Worland,WY,C,1.0,44.01717,-107.97119
KWYO,1.41,Sheridan,WY,B,5.0,44.79831,-106.93144
KYCN,1.34,Wheatland,WY,C,0.25,42.04553,-104.94692
KZMQ,1.14,Greybull,WY,D,10.0,44.45022,-108.04956
