callsign,freq_mhz,city,state,class,erp_kw,lat,lon,facility_id
KAAI,98.500000,,,,0.86,39.049167,-108.251111,164273
KABA,90.300000,,,,4.9,29.101417,-96.455306,123270
KABD,107.700000,,,,51.0,45.453611,-98.802778,164222
KABR,107.500000,,,,10.0,34.416944,-107.501111,183865
KACE,98.300000,,,,2.1,36.936389,-116.849167,189484
KACG,100.300000,,,,0.14,37.708333,-117.234167,189485
KACP,103.100000,,,,25.0,36.284167,-116.049444,189474
KACW,91.300000,,,,0.225,46.695556,-123.771389,173182
KADQ-FM,98.300000,,,,1.2,41.352778,-110.908611,164152
KAEB,91.900000,,,,0.09,55.350278,-160.470556,199470
KAFZ,99.700000,,,,0.1,35.224722,-112.486389,190399
KAGO-FM,94.900000,,,,1.8,42.097222,-121.633056,198620
KAGP,89.100000,,,,0.8,32.040944,-101.8325,174318
KAHU,91.300000,,,,18.0,19.523611,-155.302222,173928
KAIB,89.500000,,,,50.0,35.614722,-119.471111,124884
KAIP,88.900000,,,,0.001,41.083056,-91.171667,122025
KAJK,96.300000,,,,1.5,40.443333,-120.643056,162465
KAKD,104.900000,,,,0.019,59.045194,-158.451972,201835
KAKI,88.100000,,,,1.7,58.301444,-134.440444,175915
KAKR,103.700000,,,,1.0,40.148889,-103.284444,198758
KALG,98.100000,,,,0.1,64.327778,-158.726667,178864
KALN,102.500000,,,,50.0,33.399167,-104.375,164178
KAMT,105.100000,,,,33.0,35.739722,-102.248889,183356
KANP,91.300000,,,,0.2,44.175,-111.429722,177234
KANQ,90.300000,,,,17.0,37.599722,-95.652778,174184
KANT,104.100000,,,,36.0,42.346278,-105.034417,164287
KANY,107.300000,,,,4.1,46.933333,-123.7325,166011
KARU,88.900000,,,,0.0,34.636111,-98.692222,124883
KAUD,90.500000,,,,0.45,39.176667,-91.794972,172407
KAVB,98.700000,,,,0.1,38.524056,-118.621667,164094
KAVE,88.500000,,,,0.4,43.740833,-122.447222,132574
KAVY,89.100000,,,,0.0,45.005,-116.133611,172886
KAWJ,94.500000,,,,0.48,37.419444,-119.744444,164118
KAWN,91.300000,,,,0.3,35.026667,-110.697222,122438
KAWP,88.900000,,,,0.015,34.124694,-114.210611,174119
KAWR,98.700000,,,,0.25,41.656667,-109.158889,171026
KAXA,103.700000,,,,6.0,30.176111,-99.383889,170976
KAYO,100.900000,,,,50.0,61.639167,-148.998889,165988
KAYV,97.100000,,,,0.3,38.902778,-106.972778,189566
KAZC,89.300000,,,,3.4,34.173889,-97.1925,177138
KAZK,89.700000,,,,2.9,32.266944,-109.833333,176305
KAZY,93.700000,,,,25.0,41.134444,-104.692222,162407
KBAP,88.100000,,,,0.25,35.797778,-91.671111,175536
KBBC,99.700000,,,,12.0,34.1425,-96.496389,190369
KBBL,106.300000,,,,1.62,38.488889,-123.031389,166069
KBCZ,90.100000,,,,0.1,37.142167,-122.087972,175847
KBDV,92.700000,,,,6.0,31.118611,-93.186667,170938
KBDY,102.100000,,,,0.63,41.633583,-106.525583,166000
KBEI,90.500000,,,,1.0,40.275,-103.6425,173749
KBEN-FM,103.300000,,,,100.0,44.570278,-108.819167,165998
KBEU,92.700000,,,,6.0,33.654444,-92.676028,191500
KBFT,89.900000,,,,1.0,48.109444,-93.096389,175109
KBGB,105.700000,,,,20.0,35.711306,-91.589028,164210
KBGT,93.300000,,,,7.2,32.265556,-99.706944,183341
KBGZ,103.900000,,,,17.2,40.921667,-115.849444,166019
KBHJ,97.300000,,,,0.24,33.609167,-114.569167,190450
KBIJ,99.500000,,,,100.0,36.845,-101.204167,164274
KBJF,90.500000,,,,75.0,39.760278,-111.577222,174640
KBJX,103.500000,,,,25.0,31.277806,-100.861667,191504
KBKO,88.300000,,,,0.1,57.811111,-152.361111,177368
KBLV,88.700000,,,,0.39,35.453056,-118.590278,122216
KBLY,100.500000,,,,4.5,33.100278,-98.645833,198777
KBNX,97.900000,,,,1.2,31.723667,-99.097472,191503
KBOQ,100.900000,,,,0.1,44.633611,-112.591111,198810
KBPY,107.700000,,,,50.0,42.739444,-102.690833,183367
KBQF,104.300000,,,,6.0,35.526389,-119.311944,166077
KBQL,92.700000,,,,23.0,35.573056,-105.171111,165327
KBQQ,103.900000,,,,25.0,29.363056,-97.39,198741
KBRI,104.100000,,,,0.1,34.693056,-91.312222,189490
KBRS,106.900000,,,,6.0,30.126389,-91.215556,190402
KBRY,92.300000,,,,100.0,41.498283,-99.420753,164308
KBSG,90.100000,,,,0.44,46.695556,-123.771389,174954
KBTD,89.100000,,,,0.49,27.845833,-98.621111,174994
KBTP,101.100000,,,,11.0,31.421111,-100.543333,198734
KBUG,100.900000,,,,0.59,32.243333,-101.464722,198728
KBUN-FM,104.500000,,,,8.5,47.557222,-94.801111,165994
KBUQ,91.900000,,,,0.0,65.978433,-161.126033,180899
KBWE,91.900000,,,,4.9,42.558889,-113.747222,173150
KBWW,88.300000,,,,3.4,34.208611,-94.782778,177112
KBXE,90.500000,,,,50.0,47.53,-95.224167,172756
KBYA,89.900000,,,,0.68,42.632778,-110.991111,173939
KBYC,104.500000,,,,23.0,28.809472,-95.963333,171258
KBYS,88.300000,,,,4.0,30.230083,-93.215667,172777
KBZI,106.100000,,,,2.75,36.566167,-99.387028,191542
KCAM-FM,88.700000,,,,1.7,62.114444,-145.535278,173007
KCAV,90.300000,,,,1.2,35.871111,-92.652778,172443
KCAZ,99.500000,,,,3.9,36.351667,-109.830833,191876
KCBN,107.700000,,,,4.7,31.892222,-98.094167,170991
KCBP,95.500000,,,,6.0,37.449444,-121.187222,184977
KCBW,104.500000,,,,6.0,36.804167,-90.72,170974
KCCR-FM,104.500000,,,,100.0,44.311667,-100.3525,190370
KCDC,102.500000,,,,0.435,39.066944,-108.744167,164124
KCEL,96.100000,,,,0.63,35.093889,-118.266667,164156
KCEU,89.700000,,,,0.44,39.611389,-110.81,172526
KCFD,88.100000,,,,0.1,42.684864,-103.414361,176723
KCFH,89.100000,,,,0.1,33.441417,-118.498778,175014
KCGC,94.500000,,,,15.0,40.5325,-103.122778,164299
KCGR,90.500000,,,,2.1,36.997778,-89.647778,173701
KCHG,88.700000,,,,6.7,37.541389,-113.067778,174281
KCHR-FM,107.300000,,,,14.0,34.968611,-90.996667,164112
KCHT,99.700000,,,,4.0,34.438889,-100.219444,170985
KCHW,102.700000,,,,3.0,48.264167,-117.774444,185084
KCJA,89.500000,,,,0.1,40.748889,-94.618889,172622
KCJZ,105.300000,,,,6.0,35.524444,-121.060833,183345
KCKB,104.100000,,,,25.0,32.541389,-99.057778,198776
KCKD,90.700000,,,,0.62,15.183333,145.735,176102
KCKE,90.300000,,,,32.0,39.781389,-93.302778,173707
KCKJ,89.500000,,,,50.0,37.194444,-93.9275,175649
KCKO,107.900000,,,,1.8,31.394917,-110.923556,171003
KCKP,100.900000,,,,23.5,38.108889,-92.736389,184972
KCKZ,103.500000,,,,50.0,39.469167,-92.326389,184974
KCLZ,95.500000,,,,3.8,34.154444,-116.201111,183327
KCMC-FM,94.300000,,,,8.1,36.325,-91.978056,166081
KCMD,99.300000,,,,0.25,42.488889,-123.306111,185438
KCMZ,105.500000,,,,0.1,30.7,-101.205833,183369
KCNB,94.700000,,,,100.0,42.651417,-102.697028,164168
KCNL,105.900000,,,,0.39,33.57,-114.348889,191555
KCNU,103.900000,,,,0.38,43.006944,-116.703611,198794
KCOT,96.300000,,,,0.3,28.432694,-99.233611,171010
KCPC,88.300000,,,,0.115,38.749444,-120.668333,122735
KCSE,90.700000,,,,4.0,38.036111,-102.599444,175809
KCTZ,90.300000,,,,0.6,36.166306,-121.050194,174362
KCWB,92.100000,,,,100.0,44.497778,-109.153333,190415
KCXX,103.900000,,,,0.35,31.898056,-98.599167,191506
KCYA,97.700000,,,,3.6,42.741111,-106.308611,166055
KCZY,107.300000,,,,6.0,35.685389,-108.145944,190714
KDAI,89.100000,,,,1.4,41.839167,-103.831389,121842
KDAM,94.300000,,,,50.0,42.730278,-97.403278,183348
KDAN,91.500000,,,,0.01,38.150194,-122.861722,176797
KDBN,101.100000,,,,0.425,39.441944,-108.020833,162254
KDCB,89.500000,,,,0.055,43.354444,-124.241667,176687
KDCJ,91.500000,,,,0.75,31.861944,-103.078056,171696
KDDF,88.100000,,,,0.185,33.539667,-116.025528,171299
KDDM,100.500000,,,,0.0,33.581389,-95.055278,198774
KDDV-FM,101.500000,,,,100.0,43.999167,-105.254167,165980
KDER,99.300000,,,,50.0,29.540278,-101.1225,191569
KDJA,94.900000,,,,2.4,44.198056,-120.977778,190435
KDJC,88.100000,,,,0.0,45.123889,-117.78,121839
KDJF,93.500000,,,,15.5,64.879167,-148.053889,164233
KDJJ,94.100000,,,,45.0,39.912778,-118.921667,190451
KDJL,99.500000,,,,25.0,42.909167,-100.564444,191571
KDKO,89.500000,,,,0.8,43.083056,-98.473056,172838
KDKY,91.500000,,,,0.1,30.208611,-103.252778,171963
KDLC,97.700000,,,,100.0,29.346389,-90.830278,189558
KDLG-FM,89.900000,,,,0.25,59.043611,-158.463056,171933
KDMB,88.700000,,,,4.6,47.318833,-119.705083,174689
KDMM,103.100000,,,,2.8,34.310833,-114.168889,198737
KDNT,94.500000,,,,0.1,31.584508,-95.851286,198814
KDOB,91.500000,,,,0.43,42.123056,-124.298889,172931
KDOC-FM,103.900000,,,,1.3,44.040278,-92.218056,162261
KDOE,102.300000,,,,3.3,34.224444,-95.625,164291
KDOX,91.300000,,,,0.165,37.411667,-118.185278,173521
KDPI,88.500000,,,,0.105,43.661389,-114.401944,172637
KDPO,91.900000,,,,2.0,42.864722,-124.448333,173276
KDPX,101.300000,,,,13.5,34.165,-91.839444,190418
KDRG,91.900000,,,,0.0,66.075497,-162.722392,180900
KDRL,103.300000,,,,50.0,35.5775,-100.952222,181071
KDRX,106.900000,,,,6.0,29.405833,-100.661389,165967
KDSP-FM,99.900000,,,,0.0,33.475,-101.0,198756
KDTR,103.300000,,,,1.84,46.801667,-113.972778,162324
KDUP,88.100000,,,,0.27,41.636944,-120.091111,172273
KDVC,98.300000,,,,9.5,38.955278,-92.272222,198800
KDWD,99.100000,,,,4.2,39.708333,-92.958611,171000
KDXA,91.300000,,,,0.006,42.73025,-123.383222,176394
KDXN,105.700000,,,,100.0,46.948056,-102.990278,169897
KDXT,97.900000,,,,10.0,46.510278,-113.98,166089
KEAL,106.500000,,,,6.0,35.094167,-119.461111,164120
KEAU,104.700000,,,,1.15,40.922222,-115.848889,189486
KEDC,88.500000,,,,2.5,30.770167,-96.5425,172341
KEDI,98.300000,,,,0.21,60.782861,-161.840583,189526
KEDV,90.300000,,,,50.0,28.950833,-100.62,172635
KEEA,90.100000,,,,1.0,45.472778,-98.504444,122026
KEFL,91.500000,,,,2.2,40.122194,-92.827278,171939
KEFS,89.500000,,,,0.165,45.123889,-117.78,122934
KEGE,101.700000,,,,0.53,39.946111,-121.721389,164155
KEGT,106.500000,,,,6.0,35.771944,-120.6625,189477
KEHM,99.300000,,,,0.0,32.439722,-100.958056,189482
KEJA,91.700000,,,,3.0,33.476111,-93.273056,171670
KEKS,103.100000,,,,2.45,38.293611,-96.2175,166016
KELC,91.900000,,,,0.1,38.524056,-118.621667,176372
KELT,102.500000,,,,0.1,28.041944,-99.352778,170502
KELU,90.300000,,,,14.0,34.439167,-103.206111,122198
KEMP,99.300000,,,,17.0,34.184444,-111.337778,164203
KENC,90.700000,,,,0.2,40.360556,-105.52,175208
KENE,88.100000,,,,1.25,36.683056,-104.413889,174721
KENG,88.500000,,,,0.071,33.404722,-105.781111,174172
KENM,88.900000,,,,3.0,35.134167,-103.698056,174720
KENU,88.500000,,,,0.24,36.705556,-103.876667,174722
KERG,104.700000,,,,6.0,26.434444,-98.894722,183362
KESY,91.900000,,,,0.82,44.765833,-117.880278,172884
KETE,99.700000,,,,2.3,33.331,-95.314778,166035
KETP,88.700000,,,,0.1,45.399444,-117.387778,174467
KETT,99.300000,,,,0.95,41.839722,-103.826389,164137
KEUB,93.300000,,,,6.7,45.953056,-123.937222,191527
KEUC,104.900000,,,,0.1,36.386667,-98.246389,191538
KEUW,89.900000,,,,6.0,42.076389,-104.191111,173683
KEVK-FM,105.100000,,,,0.0,30.055,-102.583611,198750
KEVM-FM,107.300000,,,,0.0,30.4575,-99.768611,198753
KEVQ-FM,100.700000,,,,0.0,33.691667,-101.108611,198751
KEWP,103.500000,,,,6.0,29.205833,-99.7925,183324
KEXL,97.500000,,,,50.0,42.321389,-97.427778,170494
KEXS-FM,106.100000,,,,50.0,40.420833,-94.722222,165948
KEYK,89.300000,,,,0.0,38.122222,-92.678333,175582
KEYP,91.900000,,,,0.1,39.601981,-110.804286,174150
KEYR,91.700000,,,,0.85,38.385556,-112.332222,176207
KEYV,91.700000,,,,0.91,40.537778,-109.699167,176208
KEZB,90.700000,,,,0.15,38.456389,-112.657778,175866
KEZF,88.700000,,,,0.61,35.252222,-107.595833,172582
KEZZ,94.100000,,,,1.75,40.3675,-106.691111,165959
KFAH,99.100000,,,,3.3,31.281944,-93.977778,170971
KFBR,91.500000,,,,0.6,40.651861,-119.356861,175807
KFCV,90.500000,,,,3.3,37.833667,-92.016389,173766
KFDJ,90.500000,,,,0.45,37.271111,-112.650556,177220
KFEZ,101.300000,,,,95.5,37.788889,-104.486667,164170
KFFR,88.300000,,,,10.0,40.006389,-105.793056,175799
KFGM-FM,101.500000,,,,3.4,46.802222,-113.9725,166027
KFGR,88.100000,,,,0.6,44.585278,-108.850278,174192
KFJS,90.100000,,,,1.35,41.203611,-100.732778,174842
KFLF,91.300000,,,,1.0,48.068611,-114.038889,173303
KFLX,92.500000,,,,1.5,34.714722,-112.525833,171022
KFMR,97.300000,,,,1.7,32.889444,-109.323056,198760
KFOM,88.700000,,,,0.1,40.958611,-95.082778,172619
KFPS,88.100000,,,,0.09,54.856667,-163.412222,203577
KFSZ,106.100000,,,,4.3,34.968333,-111.508056,164209
KFXE,96.500000,,,,8.4,30.117778,-99.194444,164252
KFXH,88.700000,,,,2.15,34.6675,-97.946972,175816
KFYN-FM,104.300000,,,,50.0,33.757306,-95.537611,183373
KFZE,104.300000,,,,4.0,42.844167,-109.924444,166004
KGBL,100.900000,,,,100.0,37.997778,-100.906944,170960
KGCD,90.300000,,,,0.0,40.053611,-102.225556,172509
KGCM,90.900000,,,,0.001,45.956944,-111.370444,122022
KGDL,92.100000,,,,19.0,32.634722,-100.130833,171016
KGFJ,88.100000,,,,0.73,47.159444,-111.010833,172645
KGFN,89.100000,,,,0.15,37.726725,-117.224422,175110
KGFZ,97.700000,,,,1.8,31.365278,-94.766389,164167
KGGB,96.300000,,,,6.0,29.045278,-97.406389,164175
KGGN,102.500000,,,,4.3,33.590556,-116.939722,184593
KGHE,89.100000,,,,0.255,46.958611,-123.588333,176823
KGHI,91.100000,,,,1.9,46.919722,-123.953889,177202
KGHT,100.500000,,,,6.0,39.315556,-106.958889,162386
KGHW,90.700000,,,,0.125,44.708889,-100.072472,177344
KGID,96.300000,,,,4.0,30.193917,-97.03175,190454
KGIF,88.100000,,,,1.5,-14.3225,-170.763056,175279
KGIL,98.500000,,,,0.34,35.477222,-117.699444,183344
KGJX,101.500000,,,,3.02,39.066667,-108.745833,190448
KGKD,90.500000,,,,10.0,41.541111,-97.679167,172512
KGLL,88.100000,,,,0.0,44.230556,-105.4625,122432
KGLZ,89.100000,,,,0.0,46.825,-111.703611,173818
KGNI,88.700000,,,,0.0,38.528056,-106.903889,173011
KGPF,91.100000,,,,1.9,33.121944,-95.605278,137411
KGRH,88.100000,,,,0.35,43.701389,-98.063056,177168
KGRJ,89.900000,,,,21.5,43.799722,-99.315833,172515
KGRP,89.700000,,,,8.9,47.277556,-93.449528,172671
KGSY,88.300000,,,,0.0,45.005,-116.133611,172885
KGUA,88.300000,,,,2.8,38.825,-123.571944,174202
KGUY,91.300000,,,,0.8,36.673611,-101.469167,174792
KGVB,90.900000,,,,7.5,33.738333,-98.907778,173112
KGVM,95.900000,,,,3.6,45.638889,-111.265556,184751
KGVV,90.500000,,,,14.0,36.4625,-98.041111,177142
KGWB,91.100000,,,,0.24,32.679444,-100.914167,175017
KGWP,91.100000,,,,0.0,32.96375,-94.919444,106449
KGWT,93.500000,,,,25.0,28.28425,-98.217028,164180
KGXX,100.700000,,,,1.5,40.443333,-120.643056,183357
KGYA,90.500000,,,,0.05,62.906111,-160.063889,190173
KHAV,107.100000,,,,0.1,29.320556,-99.460833,171015
KHBE,102.100000,,,,6.0,28.574722,-99.619444,171009
KHCF,89.900000,,,,0.16,37.098694,-121.612056,176421
KHCK,91.300000,,,,0.2,35.283611,-109.2475,177144
KHCV,104.300000,,,,6.0,33.7025,-116.011389,191492
KHDL,99.500000,,,,6.0,38.293611,-96.2175,191544
KHDV,107.900000,,,,10.0,46.229444,-114.233611,166088
KHEB,91.900000,,,,0.1,34.9775,-99.409722,175828
KHEC,91.100000,,,,0.125,41.757222,-124.200556,176094
KHEI-FM,107.500000,,,,0.75,20.775278,-156.246944,170177
KHEM,89.300000,,,,0.25,26.898611,-99.2575,172355
KHEV,90.300000,,,,0.49,36.223611,-98.601944,174874
KHEW,88.500000,,,,16.0,48.178333,-109.689167,173443
KHGC,98.500000,,,,6.0,46.557167,-111.917056,170988
KHGQ,101.700000,,,,0.09,66.885833,-157.14,199471
KHHT,98.900000,,,,1.4,35.010278,-119.013333,191523
KHIC,98.500000,,,,20.0,42.215556,-121.7975,190240
KHJM,89.100000,,,,1.25,36.902194,-89.888056,175893
KHJR,88.100000,,,,2.5,38.552583,-92.204,171236
KHKF,92.900000,,,,0.9,45.309722,-117.732778,197870
KHKL,91.900000,,,,0.1,39.693889,-123.578611,106474
KHKO,102.900000,,,,1.1,44.378333,-118.968056,191545
KHKU,94.300000,,,,2.0,21.976556,-159.498528,189523
KHKY,92.700000,,,,0.0,60.909889,-161.432389,198504
KHLW,89.300000,,,,50.0,40.575833,-95.573333,174613
KHMJ,95.100000,,,,0.29,35.897944,-117.288417,189475
KHMR,104.300000,,,,10.5,31.191667,-95.492222,164205
KHMU,100.900000,,,,3.8,35.327778,-119.716111,183310
KHMZ,94.900000,,,,25.0,32.857222,-101.0225,189476
KHNW,88.300000,,,,0.34,47.854444,-120.166389,172300
KHNZ,101.300000,,,,0.12,34.725,-100.536389,198807
KHOI,89.100000,,,,2.75,42.136389,-93.551389,175288
KHOO,90.700000,,,,0.0,58.109167,-135.440833,174406
KHPH,88.700000,,,,6.5,19.720833,-155.921111,173751
KHPS,88.900000,,,,6.2,29.360167,-100.0055,173349
KHRK,97.700000,,,,3.9,36.21625,-97.914972,198763
KHRS,96.300000,,,,0.0025,63.838139,-148.979722,203334
KHRW,92.700000,,,,2.3,44.622222,-107.115833,166062
KHSB-FM,104.700000,,,,2.1,30.736667,-98.292778,181260
KHSF,90.100000,,,,0.3,40.500833,-124.285,172798
KHSG,89.900000,,,,0.075,40.12,-123.691667,172843
KHSQ,107.700000,,,,1.0,40.727222,-123.972778,164090
KHTU,88.100000,,,,0.0,40.073333,-102.234167,176806
KHUI,89.100000,,,,0.2,37.509167,-105.8525,177171
KHUS,98.100000,,,,0.036,65.696667,-156.364444,178866
KHUU,97.100000,,,,0.087,66.047222,-154.255556,199395
KHWG-FM,100.100000,,,,1.8,36.4625,-116.059167,165946
KHWI,92.100000,,,,4.5,19.720833,-155.921111,164211
KHWL,98.700000,,,,0.75,34.870833,-99.293333,189529
KHYG-FM,91.100000,,,,0.0,55.2075,-132.824167,199223
KHYX,102.700000,,,,0.5,41.008333,-117.769167,171502
KHYY,106.900000,,,,25.0,41.863889,-103.705556,164136
KHZY,99.300000,,,,100.0,40.696944,-99.787778,164307
KIAM-FM,91.900000,,,,0.95,64.577778,-149.078056,174373
KIAN,91.900000,,,,0.0,66.974167,-160.4275,180910
KIAO,90.300000,,,,0.46,64.057222,-145.651944,173632
KIBE,104.900000,,,,0.7,34.033611,-94.743056,190410
KIBH-FM,91.700000,,,,0.92,60.161722,-149.391194,176521
KIBQ,105.900000,,,,6.0,28.463056,-96.770833,198765
KICL,96.300000,,,,5.4,41.33275,-93.086194,164103
KICO,89.500000,,,,0.125,37.692222,-108.031944,174903
KICP,105.900000,,,,15.0,41.310389,-93.838556,164102
KIEA,91.900000,,,,0.0,66.6075,-160.011944,180909
KIEE,88.300000,,,,25.0,29.825278,-91.663611,173391
KIEL,89.300000,,,,6.0,36.061944,-98.211111,174679
KIGG,103.300000,,,,0.0,59.327778,-155.894722,199839
KIGI,106.900000,,,,0.0,59.316667,-155.906389,203610
KIHT,104.700000,,,,0.76,34.719444,-115.654167,191521
KIJI,104.300000,,,,8.6,13.432806,144.712556,164176
KIMI,107.700000,,,,6.1,40.231944,-95.971389,189501
KIMW,105.500000,,,,6.0,32.518611,-93.299722,191575
KIMX,104.500000,,,,13.5,41.285,-105.444722,190378
KIND-FM,94.900000,,,,6.0,37.261667,-95.766389,171002
KINS-FM,106.300000,,,,3.3,40.727472,-123.971389,165975
KINU,89.900000,,,,0.1,66.896111,-162.596111,171728
KINX,102.700000,,,,93.3,47.606667,-111.358611,164133
KIOE,91.300000,,,,1.5,-14.3225,-170.763056,177194
KIPE,89.700000,,,,0.32,40.627361,-124.183389,176712
KIPH,88.300000,,,,0.25,20.750972,-156.00475,172436
KIPI,93.500000,,,,100.0,45.025556,-101.239444,199400
KIPL,89.900000,,,,1.0,21.976556,-159.498528,174337
KIPM,89.700000,,,,14.5,20.709444,-156.263611,172438
KIQN,103.300000,,,,100.0,37.781111,-104.534167,164269
KIRQ,106.700000,,,,97.0,43.279167,-114.153889,166021
KISK,104.900000,,,,1.5,35.252222,-114.749444,164263
KISY,92.700000,,,,29.0,33.646111,-95.526389,189551
KITF,88.300000,,,,5.8,48.473333,-93.333056,122662
KITT,106.500000,,,,0.25,31.90475,-97.680389,198784
KIVM,91.100000,,,,1.0,30.364167,-98.911667,171707
KIXT,106.700000,,,,10.0,31.355556,-97.232222,170995
KIYE,88.700000,,,,15.0,46.2525,-116.41,174013
KIYU-FM,88.100000,,,,0.1,64.742778,-156.841667,178861
KJAG,107.700000,,,,0.12,33.618889,-100.321389,198806
KJBI,100.100000,,,,51.0,44.308333,-100.346944,164144
KJCC,89.500000,,,,23.5,35.354722,-98.232778,122517
KJCF,89.300000,,,,0.175,46.332222,-117.042778,106475
KJCN,107.500000,,,,1.87,38.429167,-120.056944,185149
KJDE,100.100000,,,,3.4,32.396253,-98.773556,198775
KJDM,101.700000,,,,15.5,38.666667,-97.691667,164240
KJDR,88.100000,,,,1.0,36.674167,-101.469167,175032
KJEM,89.900000,,,,2.3,46.696389,-117.245556,171613
KJFK-FM,96.300000,,,,25.0,30.980556,-98.686944,198631
KJGM,88.300000,,,,0.0,32.620139,-91.729861,174146
KJGS,91.900000,,,,0.2,40.871667,-98.0025,175743
KJGT,88.300000,,,,11.0,44.788889,-93.9075,172741
KJHF,103.100000,,,,3.4,20.844722,-156.901111,198744
KJHL,90.900000,,,,10.0,36.734722,-102.498056,175834
KJIH,89.900000,,,,3.5,39.340833,-96.518333,171769
KJIV,96.500000,,,,1.0,44.437972,-120.953833,185102
KJJB,95.300000,,,,25.0,29.599444,-96.4975,171037
KJJS,103.900000,,,,4.5,26.9175,-99.25,162400
KJJZ,95.900000,,,,1.75,33.801111,-116.224444,165313
KJKB,106.700000,,,,1.4,31.738111,-98.956333,198730
KJKQ,99.500000,,,,25.0,45.663889,-97.168889,183354
KJKR,88.100000,,,,0.0,46.910278,-98.707778,177249
KJLJ,88.500000,,,,25.0,38.548611,-100.960278,174179
KJMO,97.500000,,,,6.0,38.499139,-91.883444,162262
KJMT,97.100000,,,,5.2,36.091944,-92.262778,162375
KJND-FM,90.700000,,,,5.0,48.141667,-103.892778,175935
KJNR,91.900000,,,,0.0,60.794778,-161.771528,174904
KJOK,102.700000,,,,50.0,34.609444,-99.849167,181077
KJOL-FM,91.900000,,,,0.475,38.468889,-107.884722,175928
KJPN,89.300000,,,,0.1,34.287778,-111.192778,175859
KJSA,89.700000,,,,10.5,35.924722,-90.854444,176248
KJSB,88.300000,,,,0.0,35.81,-90.8125,106689
KJSD,90.300000,,,,10.5,45.019389,-96.945194,171810
KJTF,89.300000,,,,0.69,40.996944,-100.879722,175433
KJTT,88.300000,,,,1.9,42.225,-93.561111,172392
KJVI,105.700000,,,,6.0,31.876722,-100.293111,191551
KJVL,88.100000,,,,0.57,38.054444,-97.930556,174370
KJXN,105.100000,,,,0.9,43.461667,-110.753333,164154
KJZC,90.500000,,,,0.865,42.820556,-102.996667,175621
KJZK,90.700000,,,,0.03,35.081389,-113.853889,173030
KJZP,90.100000,,,,0.027,34.490278,-112.533333,173032
KKAG,88.300000,,,,0.05,45.863333,-116.122778,172903
KKBO,105.900000,,,,100.0,46.571944,-100.795,166041
KKCV,102.500000,,,,100.0,37.957778,-99.429222,164111
KKDL,93.700000,,,,2.5,28.648056,-99.180556,170977
KKDT,93.500000,,,,95.0,38.608889,-99.703056,164130
KKEE,101.300000,,,,5.2,31.243333,-95.977778,191507
KKET,95.900000,,,,0.099,66.564722,-152.643889,199490
KKHI,95.900000,,,,19.0,20.844722,-156.901111,164280
KKIT,95.900000,,,,4.0,36.389972,-105.586333,164164
KKJD,91.300000,,,,0.19,33.244167,-116.375,172590
KKJJ,88.500000,,,,0.0,36.381583,-92.93525,174525
KKJK,103.100000,,,,100.0,40.815833,-98.771667,164157
KKLK,89.300000,,,,0.0,63.695833,-170.478889,203398
KKLM,104.100000,,,,4.1,33.466306,-117.140778,183309
KKLP,91.100000,,,,0.2,33.830306,-116.953056,175839
KKML,90.900000,,,,0.21,32.531944,-93.27,173617
KKNL,89.300000,,,,0.25,42.889444,-100.554167,122329
KKQX,105.700000,,,,12.3,45.637778,-111.268056,164232
KKRH,90.900000,,,,1.9,45.863333,-116.122778,172786
KKRN,88.500000,,,,0.6,40.906389,-121.8275,172603
KKVR,106.100000,,,,6.0,30.040833,-99.171944,164166
KKVU,104.500000,,,,12.5,46.801667,-113.972778,162327
KKWB,102.500000,,,,50.0,47.739167,-94.686111,165963
KKWE,89.900000,,,,60.0,46.899444,-95.520556,174165
KKWZ,95.300000,,,,6.0,48.354167,-99.992222,165964
KKYZ,101.700000,,,,0.1,31.635,-110.3325,171023
KKZU,101.700000,,,,50.0,35.370278,-99.627778,171021
KLAP,89.500000,,,,0.13,40.651667,-119.353889,174022
KLBD,88.100000,,,,0.1,27.288889,-98.123056,176117
KLCF,91.100000,,,,1.0,32.967778,-107.226944,175456
KLCJ,104.100000,,,,6.0,30.003056,-93.084722,183334
KLDE,104.900000,,,,50.0,30.865278,-100.593333,170941
KLEC,90.500000,,,,0.0,37.036667,-100.909167,175029
KLED,93.300000,,,,13.5,44.243056,-105.538611,166061
KLFT,90.500000,,,,17.0,29.869444,-92.301944,172397
KLGG,89.300000,,,,0.002,47.492222,-116.1425,172927
KLGL,94.500000,,,,66.0,39.321389,-111.769722,181075
KLGU,90.300000,,,,2.0,36.846944,-113.491111,122306
KLHI-FM,92.500000,,,,1.7,20.66,-156.363889,166083
KLHQ,99.500000,,,,0.3,38.711389,-107.605278,190375
KLJV,88.300000,,,,0.39,41.839167,-103.831389,121887
KLKF,100.700000,,,,0.8,42.096667,-121.6325,190241
KLKR,89.300000,,,,5.0,40.921667,-115.849444,174342
KLKV,99.900000,,,,11.0,30.1475,-99.220556,165377
KLKY,96.100000,,,,8.5,45.486667,-119.431111,164091
KLMB,99.900000,,,,5.0,46.25075,-108.483389,183371
KLMD,101.100000,,,,5.5,42.299167,-122.748889,166023
KLMI,106.100000,,,,50.0,41.484722,-106.051667,164207
KLMX-FM,97.500000,,,,52.0,36.444167,-103.19,189503
KLMZ,107.100000,,,,0.82,37.798611,-90.562222,170970
KLNN,103.700000,,,,51.0,36.656389,-105.6325,164283
KLON,90.300000,,,,0.03,45.466389,-123.919722,121862
KLOP,91.500000,,,,0.05,62.201389,-159.766389,189898
KLOW,98.900000,,,,6.0,33.757306,-95.537611,165973
KLQQ,104.900000,,,,31.0,44.622222,-107.115833,165310
KLRC,90.900000,,,,100.0,36.187778,-94.688889,174140
KLSF,89.700000,,,,1.7,58.301444,-134.440444,175901
KLSI,107.300000,,,,30.0,36.375278,-99.475278,183350
KLSY,93.700000,,,,28.0,47.312778,-123.370833,164149
KLTB,89.700000,,,,75.0,33.064167,-102.29,165679
KLTO,99.100000,,,,2.95,31.297611,-97.611917,198733
KLTP,90.900000,,,,2.915,31.421111,-100.543333,120615
KLTQ,90.900000,,,,0.0,32.889444,-109.323056,176391
KLUU,103.500000,,,,100.0,21.3975,-158.100278,164206
KLUY,88.700000,,,,0.65,35.264444,-91.785278,176668
KLWA,101.300000,,,,4.0,46.884444,-124.012222,164150
KLWB-FM,103.700000,,,,10.0,30.342222,-91.962778,183335
KLWL,88.100000,,,,0.8,39.815,-93.588333,176981
KLWR,101.900000,,,,0.5,41.656667,-109.158889,171027
KLXC,90.300000,,,,1.1,32.435833,-104.187222,176295
KLXE,93.500000,,,,4.5,32.519861,-92.316889,198781
KLXN,104.100000,,,,2.7,31.004722,-93.277778,198723
KLYX,89.700000,,,,0.2,37.893889,-114.577778,175553
KLZR,91.700000,,,,6.0,38.134389,-105.461111,173643
KMBM,90.700000,,,,1.95,47.676944,-114.1425,170901
KMBV,90.700000,,,,2.3,42.888056,-100.553056,171632
KMDG,105.700000,,,,20.5,38.933056,-99.330833,164239
KMDR,95.100000,,,,2.3,40.825556,-124.001389,170994
KMDS,107.100000,,,,6.0,35.58,-105.216389,190438
KMGS,89.500000,,,,0.27,62.649444,-160.192778,189897
KMGT,90.300000,,,,0.25,47.416111,-105.595833,175687
KMIS-FM,103.900000,,,,2.5,36.425278,-89.691389,164227
KMJB,89.100000,,,,3.0,42.578333,-108.712778,173291
KMKL,90.300000,,,,0.0,45.544722,-92.972222,121767
KMKO-FM,95.700000,,,,6.0,44.051667,-94.299722,164294
KMKV,100.700000,,,,3.5,20.709444,-156.263611,189544
KMLL,91.700000,,,,0.6,39.87,-96.745833,122340
KMLS,95.500000,,,,7.6,31.530556,-100.307778,170983
KMLY,95.100000,,,,6.0,36.4595,-121.298556,164096
KMMK,88.700000,,,,0.0,42.270556,-91.539278,171762
KMML,92.900000,,,,32.0,37.941556,-100.312306,164238
KMMY,96.500000,,,,3.4,33.990278,-95.78,164292
KMNO,91.700000,,,,1.2,20.775278,-156.246944,174896
KMNT,104.300000,,,,2.35,46.555,-123.0575,162476
KMOA,89.700000,,,,1.5,-14.27,-170.686111,173422
KMOM,105.500000,,,,100.0,45.453611,-98.802778,164208
KMOP,91.500000,,,,0.62,15.183333,145.735,176103
KMOY,92.700000,,,,42.0,13.488056,144.826389,177536
KMPB,90.700000,,,,0.6,39.495556,-106.028889,176149
KMPI,90.500000,,,,10.0,28.743333,-98.296944,175311
KMPN,95.900000,,,,25.0,30.893889,-98.236389,184541
KMPZ,88.100000,,,,0.2,38.446667,-106.01,175217
KMRA,91.100000,,,,1.0,31.565556,-102.998056,175162
KMRZ-FM,106.700000,,,,7.0,41.424444,-109.131667,164153
KMSL,91.700000,,,,0.0,32.1775,-93.917222,121791
KMSN,104.100000,,,,25.0,30.776389,-99.298333,198632
KMTJ,90.500000,,,,1.0,45.194167,-109.341667,175678
KMTZ,107.700000,,,,2.6,46.006667,-112.441667,166087
KMUR,88.300000,,,,13.5,35.032778,-114.365833,173675
KMUZ,88.500000,,,,0.032,44.783333,-122.995556,172599
KMWB,93.100000,,,,10.0,19.720806,-155.921111,164099
KMWC,89.900000,,,,1.8,40.254722,-94.009722,177107
KMWM,101.700000,,,,0.5,41.499275,-120.621708,191562
KMWV,98.300000,,,,2.6,44.855,-123.120833,184546
KMWY,91.100000,,,,0.35,43.461111,-110.7525,122126
KMXD,100.500000,,,,33.0,38.385556,-112.3325,164258
KMXM,102.300000,,,,1.45,46.825,-111.703611,164132
KMXW,92.500000,,,,3.1,42.741667,-106.306389,164286
KMZK,106.900000,,,,100.0,39.581111,-108.96,165324
KNAN,106.700000,,,,1.85,21.404444,-158.100833,165992
KNBE,88.900000,,,,0.0,40.550833,-96.645833,106561
KNBQ,98.500000,,,,1.6,46.975278,-123.137778,189496
KNCE,93.500000,,,,3.0,36.389444,-105.585833,183377
KNDH,96.700000,,,,0.09,39.418889,-107.369444,162283
KNDL,100.700000,,,,52.0,48.053889,-101.434167,184822
KNDN-FM,97.500000,,,,1.5,36.461056,-109.095417,189502
KNDW,91.700000,,,,1.3,48.155278,-103.500833,122472
KNEE,95.100000,,,,0.001,64.577778,-149.078056,199595
KNEZ,107.300000,,,,100.0,39.912778,-118.921667,166018
KNFR,90.900000,,,,0.15,35.005833,-92.073889,175961
KNGM,88.900000,,,,25.0,36.673611,-101.469167,174174
KNGW,88.900000,,,,0.125,58.365833,-134.632778,176566
KNIB,89.500000,,,,0.0,63.014167,-154.371389,198149
KNID,107.100000,,,,14.0,36.536944,-98.010833,165312
KNKO,88.500000,,,,0.05,62.655556,-159.530278,189899
KNKT,90.700000,,,,25.0,34.449444,-103.6175,122203
KNLM,90.500000,,,,3.5,34.154167,-116.197222,173947
KNLT,95.500000,,,,64.0,61.694722,-149.265,189579
KNLX,104.900000,,,,0.86,44.436944,-120.953056,164309
KNLY,91.100000,,,,15.0,30.544444,-95.294722,173796
KNMA,88.100000,,,,0.0,32.829722,-105.886111,122932
KNMF,106.500000,,,,100.0,36.682222,-104.414833,191511
KNNA-FM,99.100000,,,,0.001,64.577778,-149.078056,199589
KNNU,92.300000,,,,27.0,34.241667,-95.743611,165989
KNNZ,89.100000,,,,0.0,46.641111,-96.296389,175796
KNOZ,97.700000,,,,5.0,39.066667,-108.745833,189537
KNPC,88.500000,,,,1.7,45.827444,-107.843944,177237
KNPH,89.300000,,,,0.1,48.553889,-109.676667,175302
KNPJ,88.500000,,,,0.2,44.413333,-107.996944,176113
KNPM,91.500000,,,,0.1,46.389722,-105.756389,175930
KNPQ,107.300000,,,,25.0,41.153889,-100.772889,164169
KNPS,91.700000,,,,0.1,48.801389,-105.348611,175940
KNSC,90.700000,,,,10.0,42.120556,-94.813611,122627
KNSJ,89.100000,,,,0.33,32.891944,-116.418889,172605
KNTK,93.700000,,,,6.0,40.582611,-96.620889,170485
KNUL,99.100000,,,,0.1,64.733056,-158.106944,178863
KNUN,91.900000,,,,0.09,60.533889,-165.106667,201845
KNVQ,90.700000,,,,0.5,40.811667,-115.699444,173285
KNVR,102.500000,,,,0.18,39.4735,-118.777694,190452
KNWT,89.100000,,,,16.5,44.574861,-108.825722,172695
KNWU,91.500000,,,,0.17,47.933333,-124.394722,172905
KOBN,90.100000,,,,0.6,43.573056,-119.130278,174446
KOCD,101.500000,,,,14.0,36.119722,-98.262472,191552
KODK,90.700000,,,,0.215,57.789722,-152.431667,171986
KODV,89.100000,,,,5.8,34.970858,-117.039308,122214
KOEG,88.300000,,,,10.0,34.505583,-98.401389,173588
KOFG,91.100000,,,,8.7,44.496111,-109.1525,121854
KOFK-FM,88.100000,,,,0.002,45.638889,-111.265556,172286
KOGJ,88.100000,,,,0.0,60.5225,-151.071111,174802
KOGW,90.500000,,,,0.3,36.443889,-103.190278,174504
KOHH,90.700000,,,,6.0,32.964444,-112.718889,172573
KOHM,105.700000,,,,0.38,35.477222,-117.699722,183311
KOHN,91.900000,,,,10.0,32.133056,-112.158611,122603
KOIA,88.100000,,,,6.0,42.668333,-94.993056,177197
KOJB,90.100000,,,,18.0,47.334444,-94.211944,173472
KOJD,89.700000,,,,0.9,44.434167,-118.957778,174221
KOJI,90.700000,,,,4.5,43.164722,-95.324722,123310
KOJP,95.300000,,,,1.0,29.570833,-104.361944,198738
KOLB,88.300000,,,,100.0,42.395528,-97.621361,173307
KOLJ-FM,91.100000,,,,75.0,48.647222,-95.736111,175404
KOLK,94.300000,,,,7.1,48.094167,-114.269722,183365
KOME-FM,95.500000,,,,11.0,32.127639,-97.877472,165950
KORI,91.900000,,,,0.0,66.833331,-161.0458,180891
KORJ,97.700000,,,,1.8,42.526528,-122.64025,189493
KORU,89.900000,,,,1.8,15.185,145.741667,172880
KOSR,88.300000,,,,1.2,36.129583,-97.095389,173942
KOSY-FM,95.700000,,,,18.0,42.060833,-91.543167,162475
KOTD,89.700000,,,,0.05,45.711944,-121.116111,173179
KOTX,98.700000,,,,1.0,27.308333,-98.670833,171012
KOUA,91.900000,,,,1.5,34.708528,-96.74,173673
KOWI,101.300000,,,,2.2,35.032778,-114.365833,183358
KOWY,102.300000,,,,2.1,44.622222,-107.115833,189506
KOYA,88.100000,,,,0.0,43.216944,-100.791111,173502
KOYH,95.500000,,,,6.0,34.365556,-90.637222,190430
KOYR,88.500000,,,,4.5,33.730278,-91.815556,176803
KOYU,98.100000,,,,0.1,64.882778,-157.702778,178865
KPAL,91.300000,,,,1.0,28.709028,-96.138139,174451
KPAU,103.500000,,,,0.46,37.788889,-106.111944,164122
KPBA,99.300000,,,,6.0,34.221111,-91.972778,190417
KPBG,90.900000,,,,0.073,48.79,-119.380556,173880
KPBR,91.700000,,,,1.9,36.817417,-90.455611,173704
KPBW,91.900000,,,,1.0,48.037222,-119.985278,173803
KPCO-FM,89.900000,,,,0.1,33.3675,-95.673611,174838
KPCV,91.700000,,,,9.0,34.135,-103.616111,170140
KPDE,91.500000,,,,0.0,31.367056,-100.046583,172164
KPEP,106.500000,,,,6.0,30.865278,-100.593333,170978
KPGS,88.100000,,,,0.0,37.196667,-107.116944,123206
KPGX,103.500000,,,,0.1,37.772778,-108.931667,190470
KPHA,91.700000,,,,25.0,46.571861,-100.795056,172316
KPIO-FM,93.700000,,,,25.0,38.239722,-94.943333,165947
KPIT,91.700000,,,,0.0,33.045972,-95.056444,176468
KPJH,89.500000,,,,0.13,47.773611,-114.268056,173197
KPKO,91.300000,,,,0.9,31.418333,-103.515278,122367
KPKR,95.700000,,,,6.3,34.310833,-114.168889,170952
KPKW,90.300000,,,,0.52,40.453611,-120.570556,176938
KPLK,88.900000,,,,4.2,48.541667,-122.295278,173038
KPLN,106.700000,,,,100.0,45.765,-108.455278,164108
KPLU,100.700000,,,,1.4,28.686667,-96.139167,198748
KPMA-FM,91.900000,,,,25.0,33.443889,-98.456111,176765
KPMI-FM,94.500000,,,,3.0,48.691111,-94.695278,190437
KPOP,94.300000,,,,0.4,34.836111,-95.545278,190388
KPOV-FM,88.900000,,,,1.1,43.791389,-120.946667,174895
KPPD,91.700000,,,,24.0,48.063278,-99.33575,165891
KPPK,98.300000,,,,1.6,46.183056,-122.958056,164098
KPPO,90.500000,,,,0.75,-14.3175,-170.764167,173754
KPPW,88.700000,,,,50.0,48.141667,-103.892778,174363
KPQG,104.300000,,,,6.0,28.729222,-97.373611,183314
KPQN,95.700000,,,,6.0,33.399056,-104.374944,191515
KPQP,106.100000,,,,25.0,35.326389,-101.222778,189483
KPQS,106.700000,,,,6.0,37.646111,-120.775833,189480
KPQW,106.300000,,,,1.75,39.288056,-122.333889,190394
KPRI,91.300000,,,,0.1,33.366667,-117.068056,173244
KPRT-FM,107.900000,,,,6.0,36.695833,-108.223056,165985
KPST-FM,103.500000,,,,1.9,33.656389,-115.991389,189509
KPSV-FM,91.900000,,,,25.0,36.025278,-119.535,174791
KPTE,92.900000,,,,9.2,37.339167,-107.823611,164121
KPTJ,104.500000,,,,25.0,31.438472,-100.572028,164190
KPTZ,91.900000,,,,2.2,48.128333,-122.8275,172517
KPUT,92.900000,,,,0.1,39.816944,-111.841944,190404
KPUY,97.300000,,,,6.0,29.541944,-96.494722,198746
KPWA,93.500000,,,,11.5,34.231194,-93.279472,170989
KPWD,91.700000,,,,3.0,35.462222,-100.945,176883
KPWJ,107.700000,,,,3.5,30.62,-96.253611,166036
KPWY,90.700000,,,,0.1,44.560556,-111.439722,177038
KPYM,106.100000,,,,24.0,28.809444,-95.963333,198747
KPZX,94.700000,,,,0.15,34.007892,-100.299214,198779
KQAI,89.100000,,,,0.0,33.393333,-104.624167,121997
KQBC,90.500000,,,,0.2,46.248056,-119.562222,174194
KQBI,91.700000,,,,3.0,28.142222,-99.323889,173339
KQBM,90.700000,,,,0.1,38.023056,-120.590556,176193
KQBQ,100.100000,,,,4.1,28.865833,-97.360278,198766
KQCF,88.100000,,,,0.1,42.578389,-121.868028,176407
KQCI,91.500000,,,,1.0,27.857222,-98.537222,174323
KQDL,89.100000,,,,0.3,43.573056,-119.130556,174458
KQDR,107.300000,,,,3.7,33.708611,-96.4025,170996
KQEZ,99.300000,,,,14.5,47.029167,-114.688333,164303
KQFZ-FM,89.100000,,,,1.0,33.738333,-98.907778,175384
KQHE,92.700000,,,,2.0,64.879722,-148.052694,190428
KQHK,103.900000,,,,50.0,40.171944,-100.684722,166033
KQHM,102.700000,,,,6.0,26.916667,-99.249722,162399
KQHR,88.100000,,,,4.0,45.721944,-121.437222,175508
KQIK-FM,105.900000,,,,6.0,34.845556,-95.579444,183380
KQJO,99.300000,,,,14.5,31.673889,-91.33,189489
KQLZ,95.700000,,,,27.5,46.725278,-102.916667,164305
KQMD,88.100000,,,,1.0,28.886111,-100.572222,172844
KQMI,88.900000,,,,0.19,45.724167,-123.931389,173887
KQMJ,104.700000,,,,5.1,31.815278,-98.7925,189550
KQMX,105.700000,,,,1.65,35.44125,-119.955417,166070
KQMY,102.100000,,,,0.33,20.709444,-156.263611,164113
KQNC,88.100000,,,,0.5,39.937222,-120.9475,122435
KQNY,91.900000,,,,2.7,39.9375,-120.946944,172610
KQOA,91.100000,,,,1.1,33.727944,-102.774778,171699
KQOL,105.300000,,,,51.0,44.2925,-105.436111,166086
KQOS,91.700000,,,,0.0,32.658778,-99.452972,171817
KQOU,89.100000,,,,40.0,35.444444,-98.989444,122436
KQOW,90.300000,,,,0.1,48.801111,-122.461111,174445
KQPA-FM,91.900000,,,,0.45,33.621389,-95.565,174946
KQPI,99.500000,,,,2.2,42.808611,-112.486111,164125
KQQA,90.500000,,,,0.6,40.778611,-98.743889,176696
KQQJ,90.700000,,,,0.2,58.365833,-134.632778,176903
KQQM,88.300000,,,,4.0,46.408333,-105.663333,176165
KQQN,89.300000,,,,0.0,64.52,-165.371389,176907
KQQS,89.300000,,,,0.0,57.050556,-135.333889,176871
KQRB,96.900000,,,,0.25,39.521944,-95.398056,164159
KQRK,99.700000,,,,1.8,47.773611,-114.267778,165376
KQSA,97.900000,,,,5.2,29.002222,-99.532222,198796
KQSH,90.700000,,,,0.001,37.701611,-100.016583,174539
KQTC,99.500000,,,,50.0,31.008972,-100.515167,190414
KQTO,88.100000,,,,2.0,32.861944,-108.241111,173481
KQTX,98.100000,,,,6.1,34.315278,-99.746944,198725
KQVI-FM,89.900000,,,,10.0,28.776111,-95.62075,174444
KQVK,91.900000,,,,0.0,67.726336,-164.537961,180889
KQXB,89.900000,,,,15.0,32.477083,-98.809722,176266
KQXI,91.500000,,,,1.6,48.086389,-121.963889,170239
KQZB,100.500000,,,,0.85,46.811111,-116.915278,164223
KQZQ,98.300000,,,,97.0,37.4025,-98.580833,164275
KRAF,88.300000,,,,0.3,30.877383,-102.867253,176870
KRAN,103.300000,,,,37.0,41.159444,-104.721944,166001
KRBN,94.300000,,,,2.65,40.498333,-121.890556,170993
KRBP,88.100000,,,,1.0,29.559722,-104.358333,172361
KRBX,89.900000,,,,7.9,43.620833,-117.209722,173448
KRBY,98.100000,,,,0.1,64.738889,-155.48,178862
KRCI,89.500000,,,,1.0,34.206111,-109.976111,122119
KRDP,90.700000,,,,2.0,33.4575,-111.491111,122359
KRDR,105.700000,,,,50.0,36.785,-98.550278,190420
KRDS,104.100000,,,,0.1,37.812222,-107.663889,189487
KREE,88.100000,,,,1.5,31.348333,-109.479444,174148
KREO,93.500000,,,,2.35,41.497222,-109.343333,190387
KRFD,100.100000,,,,50.0,40.5825,-103.032222,170959
KRFF,89.100000,,,,10.0,64.879167,-148.052778,173890
KRFI,88.100000,,,,0.36,44.541111,-95.182778,173553
KRFP,90.300000,,,,1.1,46.681667,-116.970278,172586
KRFY,88.500000,,,,1.2,48.304444,-116.542222,172591
KRGL,98.500000,,,,25.0,32.272889,-93.137889,184850
KRGM,89.900000,,,,4.25,44.484167,-95.490833,173790
KRGW,106.900000,,,,0.099,64.874444,-147.820278,199506
KRGX,95.100000,,,,6.0,26.434694,-98.92925,164194
KRIK,100.500000,,,,25.0,28.395833,-97.178056,164181
KRIQ-FM,88.900000,,,,1.8,31.345444,-88.758889,176634
KRIX,105.500000,,,,1.2,26.053333,-97.213056,198768
KRJE,89.900000,,,,0.85,42.878611,-91.826667,174130
KRJK,97.300000,,,,2.0,35.193333,-118.719444,183302
KRJN,93.100000,,,,11.0,40.275,-103.6425,170963
KRJT,105.900000,,,,0.115,45.440556,-117.891944,164224
KRKA,103.900000,,,,16.5,40.6175,-105.327778,164151
KRKH,97.300000,,,,1.446,20.66,-156.363889,170964
KRKM,91.700000,,,,6.0,42.578333,-108.712778,173340
KRKQ,95.500000,,,,0.25,37.991389,-107.9725,166042
KRKV,107.300000,,,,80.0,37.939722,-103.435556,164092
KRKY-FM,88.700000,,,,23.0,42.858056,-105.234167,176144
KRKZ-FM,94.300000,,,,0.4,46.286667,-123.896111,189499
KRLL-FM,93.900000,,,,0.085,65.827222,-144.066111,203344
KRLQ,94.100000,,,,47.0,32.409722,-92.896944,166024
KRLU,90.100000,,,,0.0,33.363056,-104.636389,122124
KRLZ,93.700000,,,,9.0,44.644444,-124.013889,198786
KRMK,93.700000,,,,0.12,35.599167,-105.203333,171005
KRNC,88.500000,,,,0.24,40.461944,-106.849167,106485
KRNP,100.700000,,,,100.0,41.063889,-101.337778,164139
KRNR,100.500000,,,,3.0,31.439722,-98.551111,198798
KROH,91.100000,,,,1.15,48.016111,-122.924722,173495
KROW,101.100000,,,,5.4,44.570278,-108.819167,165999
KRPH,99.500000,,,,50.0,34.146028,-112.698917,166065
KRPX,95.300000,,,,6.0,39.609167,-110.813889,164148
KRRE,91.900000,,,,0.1,35.603556,-105.258972,122283
KRRW,105.900000,,,,23.0,44.473611,-94.470833,165993
KRSF,89.300000,,,,0.89,35.4775,-117.699444,175757
KRSX,95.900000,,,,2.2,45.711944,-121.116389,190372
KRTC,88.700000,,,,0.17,32.967778,-107.226944,175761
KRTG,88.300000,,,,14.0,31.844333,-94.345583,173351
KRTP,91.700000,,,,1.4,30.319167,-103.617778,173345
KRTS,93.500000,,,,33.0,30.563944,-104.162444,164217
KRTT,88.100000,,,,0.0,38.362778,-98.763889,173828
KRVC,98.900000,,,,1.25,42.083333,-122.7,165983
KRVO,103.100000,,,,8.0,48.511944,-114.370278,166025
KRVP,91.500000,,,,0.65,27.291667,-98.138056,176489
KRVX,103.100000,,,,99.0,46.939167,-98.308333,164198
KRWI,98.100000,,,,0.077,35.705778,-118.558639,198809
KRXD,97.700000,,,,4.1,34.205833,-109.942222,191519
KRXG,91.300000,,,,0.62,32.863333,-108.241111,174264
KRXW,103.500000,,,,48.0,48.902778,-95.37725,166032
KRYL,106.500000,,,,69.0,20.66,-156.363889,164100
KRZP,92.700000,,,,3.1,36.343472,-92.425111,189491
KRZQ,105.900000,,,,51.0,36.6425,-116.398056,170180
KRZU,90.700000,,,,100.0,28.798333,-99.593611,173409
KRZX,106.100000,,,,0.87,39.066944,-108.744167,164260
KSAQ,102.300000,,,,4.4,28.761389,-98.699167,165969
KSBK,100.300000,,,,2.8,37.387222,-105.655833,189554
KSBU,92.700000,,,,4.3,32.370278,-91.1275,183340
KSCM,94.300000,,,,0.0,61.844444,-165.576111,203434
KSCY,106.900000,,,,4.0,45.638889,-111.265556,164231
KSDQ,88.700000,,,,0.0,39.244444,-92.211111,176877
KSFE,96.700000,,,,0.265,35.253056,-107.596111,183361
KSGZ,98.700000,,,,2.5,36.4595,-121.298556,191509
KSHL,97.500000,,,,7.0,44.756667,-124.048056,198769
KSHM,91.300000,,,,2.7,34.340556,-110.256111,176956
KSHQ,100.700000,,,,17.7,37.718611,-94.668611,190419
KSIF,91.700000,,,,2.0,34.79,-100.173333,171701
KSJM,89.100000,,,,1.0,43.967222,-94.654722,176979
KSJP,88.900000,,,,3.3,45.453611,-98.802778,174859
KSKC,89.500000,,,,0.0,61.864167,-158.135833,198150
KSKO-FM,89.500000,,,,0.09,62.958056,-155.596944,198148
KSKP,89.500000,,,,0.0,61.703611,-157.168056,198151
KSKQ,89.500000,,,,0.56,42.198056,-122.491389,173192
KSLK,101.700000,,,,0.09,66.604444,-160.006111,203709
KSLO-FM,105.300000,,,,3.0,30.901944,-91.935278,164163
KSLP,90.300000,,,,2.0,44.371667,-100.407778,174271
KSLS,90.700000,,,,3.4,46.920797,-102.730403,174276
KSLV-FM,96.500000,,,,0.911,37.729722,-106.588333,164123
KSNB,91.500000,,,,0.25,39.7975,-99.891389,122373
KSNH,88.500000,,,,11.0,34.263611,-110.038611,177228
KSNI-FM,102.500000,,,,13.5,34.835556,-120.401667,4122
KSNX,105.500000,,,,100.0,34.461944,-110.402778,171019
KSNZ,92.900000,,,,17.0,35.399722,-100.2375,189535
KSOC,94.500000,,,,9.4,34.609361,-99.334639,191553
KSOI,91.900000,,,,19.0,40.945583,-94.146806,172583
KSOO-FM,99.100000,,,,25.0,43.376667,-96.805278,162271
KSPP,89.100000,,,,0.0,45.854861,-89.651583,171922
KSQM,91.500000,,,,2.05,48.083611,-123.265833,172153
KSRP,89.100000,,,,0.0,37.721389,-99.955361,176783
KSRX,97.500000,,,,38.0,40.454194,-103.151694,166013
KSSH,91.700000,,,,3.1,40.232222,-95.765278,177193
KSTI,102.100000,,,,3.6,48.097417,-123.485917,190439
KSTJ,91.300000,,,,41.0,43.489444,-97.4425,175622
KSTQ,93.500000,,,,0.9,34.915833,-96.136111,183382
KSUG,101.900000,,,,9.4,35.581833,-91.928861,191357
KSVQ,89.300000,,,,0.09,63.778056,-171.731111,198593
KSVU,90.100000,,,,2.05,48.554444,-121.794444,174175
KSYF,107.500000,,,,20.0,38.3875,-107.673889,189525
KSYU,98.100000,,,,0.053,62.053056,-163.177833,180724
KTBH-FM,102.700000,,,,15.0,19.591944,-155.126667,164281
KTBX,98.100000,,,,0.27,31.704722,-110.923611,171024
KTCM,97.300000,,,,12.0,39.445944,-92.169806,171017
KTCN,88.300000,,,,0.1,34.469417,-118.111528,174673
KTCY,105.300000,,,,0.1,30.911111,-99.763889,189553
KTDH,89.300000,,,,0.5,36.109722,-102.508583,174797
KTED,100.500000,,,,10.0,42.758333,-106.323056,164285
KTEQ-FM,91.300000,,,,0.5,44.088139,-103.249056,172663
KTGA,99.300000,,,,18.0,41.679444,-107.235556,164278
KTHF,89.900000,,,,26.5,35.621111,-99.375556,177198
KTHL,89.300000,,,,1.5,34.639167,-99.355278,177048
KTHM,94.100000,,,,9.8,36.581944,-98.87,191543
KTIL-FM,95.900000,,,,0.45,45.466389,-123.919722,164182
KTIM,89.100000,,,,19.5,29.878611,-96.879167,172596
KTJK,101.700000,,,,6.0,32.510556,-99.741389,198731
KTJZ,97.500000,,,,6.0,32.411111,-91.193611,164218
KTKF,89.500000,,,,0.085,63.339444,-143.036111,198722
KTKL,88.500000,,,,0.001,35.141667,-95.355556,106473
KTLH,107.900000,,,,0.0,32.975,-94.351111,198622
KTME,89.500000,,,,0.35,41.496417,-109.344861,176985
KTML,91.900000,,,,0.0,37.729722,-106.588333,173903
KTMN,97.900000,,,,14.0,32.994167,-105.708056,191499
KTMU,88.700000,,,,0.5,33.725556,-97.473889,174356
KTND,93.500000,,,,21.0,39.315556,-106.958889,170489
KTNG,97.300000,,,,6.0,34.432056,-96.636417,200130
KTNN-FM,101.500000,,,,2.25,35.910278,-108.773889,191366
KTNX,103.900000,,,,0.85,37.573611,-90.6925,162355
KTOG,91.900000,,,,0.09,59.056944,-160.422778,198456
KTPB,98.100000,,,,9.5,34.165,-91.839444,190416
KTPD,89.300000,,,,25.0,29.405833,-100.661389,173346
KTPG,99.300000,,,,18.5,35.908889,-90.620278,171030
KTPO,106.700000,,,,1.3,48.229167,-116.508333,164177
KTPR,89.900000,,,,1.0,32.763056,-100.885556,172898
KTPZ,92.700000,,,,4.9,42.731667,-114.417778,164127
KTQQ,88.100000,,,,0.23,40.700278,-115.901944,175328
KTRF-FM,94.100000,,,,50.0,47.992778,-95.9775,189577
KTRG,94.100000,,,,2.35,33.506556,-94.207028,183376
KTRI,93.500000,,,,0.21,46.806944,-119.555556,166057
KTRT,97.500000,,,,0.33,48.318333,-120.113056,164605
KTRU,91.900000,,,,0.75,37.956694,-95.371028,174471
KTRZ,105.500000,,,,4.0,36.389972,-105.586333,191510
KTSN-FM,88.900000,,,,0.125,30.406389,-98.57,174329
KTTY,105.100000,,,,4.3,33.466667,-94.463333,165971
KTUG,105.100000,,,,4.0,42.578333,-108.712778,166002
KTUN,94.500000,,,,25.0,39.565556,-107.533611,164290
KTUP,98.300000,,,,2.6,44.855,-123.120833,184143
KTWJ,90.900000,,,,0.0,47.211944,-100.260556,176115
KTWP,91.100000,,,,0.11,48.3175,-120.114722,173815
KTWY,97.100000,,,,2.2,43.437778,-107.996111,166052
KTYC,88.500000,,,,5.0,33.955139,-93.868444,175551
KTYR,89.700000,,,,100.0,31.066083,-95.526278,173782
KTYU,99.100000,,,,0.007,65.181278,-151.984472,197861
KTYV,105.700000,,,,0.21,40.451111,-106.751667,191533
KTZU,94.900000,,,,98.0,48.051111,-101.339722,162322
KUAO,88.700000,,,,0.0,41.591806,-112.248333,122023
KUAS-FM,88.900000,,,,1.7,31.481028,-109.958694,173449
KUCB,89.700000,,,,0.66,53.876389,-166.54,171909
KUDI,88.700000,,,,0.33,47.755833,-112.161667,176530
KUEZ,104.100000,,,,100.0,39.912778,-118.921667,165338
KUFA,104.300000,,,,5.5,27.343611,-98.663611,198740
KUFL,90.500000,,,,1.0,48.379167,-115.558056,173730
KUGO,102.500000,,,,14.0,35.945278,-112.171389,183305
KUHC,91.500000,,,,0.18,36.33,-102.070833,174501
KUHN,88.900000,,,,1.0,29.348056,-90.248611,173330
KUHU,88.100000,,,,0.225,37.840278,-109.461111,172928
KUIM,96.100000,,,,0.099,60.798333,-161.7625,199505
KUJJ,95.500000,,,,2.7,44.765,-116.198333,191489
KUKY,95.900000,,,,1.6,32.672778,-114.336444,162388
KUMA-FM,92.100000,,,,6.9,45.589167,-118.998333,166045
KUMB,89.700000,,,,1.0,34.757667,-90.393639,175589
KUMR,104.500000,,,,3.9,37.93925,-91.945806,171018
KUOL,94.500000,,,,36.0,40.921667,-115.849444,164140
KUOM-FM,106.500000,,,,0.006,44.9465,-93.323361,122699
KUOU,89.300000,,,,0.0,40.537778,-109.699167,173223
KUPY,99.900000,,,,0.77,43.731667,-111.364444,190386
KUQU,93.900000,,,,2.0,37.541389,-113.067778,170181
KURR,103.100000,,,,100.0,36.846944,-113.491111,164147
KURT,93.700000,,,,1.0,44.438056,-120.953333,198808
KURU,89.100000,,,,10.5,32.861944,-108.241111,171541
KUSB,103.300000,,,,100.0,46.589944,-100.796167,162267
KUSK,88.500000,,,,0.0,40.413972,-109.592417,176247
KUSL,89.300000,,,,2.0,38.385556,-112.3325,173336
KUST,88.700000,,,,2.0,38.526944,-109.305833,176250
KUSW,88.100000,,,,0.0,36.671111,-108.231667,124178
KUTM,92.700000,,,,5.4,36.355833,-120.461389,189478
KUTQ,102.300000,,,,7.7,37.153333,-113.880278,166049
KUTU,91.300000,,,,0.45,37.063611,-113.574722,173065
KUUK,91.900000,,,,0.0,67.572222,-162.968611,180838
KUWE,89.700000,,,,2.0,41.353889,-110.910556,173678
KUWI,89.900000,,,,2.0,41.679444,-107.235556,173682
KUWK,88.700000,,,,1.6,43.894833,-106.680083,173684
KUWV,90.700000,,,,14.0,42.334111,-104.165611,177173
KUWW,90.900000,,,,4.7,42.583056,-108.71,174336
KUXU,88.300000,,,,0.6,38.385556,-112.3325,173050
KVAR,93.700000,,,,12.0,42.829722,-102.652222,164093
KVBL,103.100000,,,,0.95,45.309167,-117.731667,189562
KVBX,103.500000,,,,1.4,34.206111,-109.942222,171004
KVCH,88.700000,,,,60.0,44.194167,-98.318056,172376
KVCI,89.700000,,,,3.1,41.731944,-92.566944,173311
KVCS,89.100000,,,,12.0,43.642778,-92.526389,172375
KVDM,88.100000,,,,2.5,38.958056,-99.351833,177158
KVDR,94.700000,,,,12.5,29.513611,-100.380278,183347
KVED,88.500000,,,,0.0,34.255833,-99.501389,175039
KVGL,105.700000,,,,75.0,44.059444,-107.853611,165979
KVGQ,106.900000,,,,100.0,36.966444,-114.555889,164204
KVHI,88.700000,,,,2.0,26.516111,-97.819167,174222
KVHL,91.700000,,,,1.5,30.676667,-98.566389,173366
KVHR,91.500000,,,,0.1,31.033889,-104.855278,122441
KVHU,95.300000,,,,14.0,35.228056,-91.488611,164173
KVIT,88.700000,,,,15.0,33.003889,-111.981389,173984
KVJS,88.100000,,,,0.0,26.339611,-97.417639,173851
KVKR,88.700000,,,,4.0,42.829722,-102.652222,176132
KVLD,91.700000,,,,1.7,42.032222,-97.368611,174372
KVMG,88.900000,,,,0.45,36.9925,-104.473333,177164
KVMK,100.900000,,,,4.4,30.88625,-96.339,189519
KVNG,91.100000,,,,0.74,32.718611,-111.4,175820
KVNV,89.100000,,,,0.79,39.760278,-119.466667,172600
KVPM,95.700000,,,,1.45,35.010278,-119.013333,198792
KVPP,88.900000,,,,0.96,-14.27,-170.686111,176105
KVRF,89.500000,,,,0.36,61.738389,-148.907389,177165
KVUT,99.700000,,,,0.1,32.028611,-95.414722,198816
KVWF,100.500000,,,,25.0,37.736944,-97.156944,164106
KVYA,91.500000,,,,0.28,41.636944,-120.091111,172565
KWAO,88.100000,,,,0.0,46.975278,-123.137778,121867
KWBP,90.100000,,,,0.03,36.977222,-118.120278,173373
KWCC-FM,89.500000,,,,0.0,38.996944,-105.046111,176681
KWCN,89.900000,,,,0.075,42.844167,-109.923056,176230
KWCQ,106.100000,,,,17.0,45.235833,-120.3025,164221
KWCV,88.900000,,,,0.0,35.975278,-91.335833,175725
KWDD,94.300000,,,,28.0,64.9225,-147.715278,190239
KWDS,91.300000,,,,0.28,35.819722,-100.399167,176885
KWFG-FM,107.300000,,,,0.0,33.431944,-99.795278,198754
KWGF,101.700000,,,,93.4,47.606667,-111.358611,164134
KWGO,102.900000,,,,98.0,48.051111,-101.339722,162321
KWHA,89.900000,,,,5.0,34.531111,-90.612222,176074
KWHK,95.900000,,,,2.85,38.049167,-98.012222,164086
KWHO,107.100000,,,,18.0,44.570278,-108.819167,164288
KWIA,100.900000,,,,0.1,42.606111,-94.994722,189531
KWIE,101.300000,,,,2.25,34.856111,-117.049722,191522
KWIS,88.300000,,,,0.0,47.326944,-116.715278,173445
KWIX-FM,92.500000,,,,6.0,39.600556,-92.573333,183331
KWJP,89.700000,,,,4.5,38.480278,-94.948056,171650
KWKL,89.900000,,,,0.0,34.271944,-98.425,122257
KWKN,95.300000,,,,100.0,39.265833,-99.833333,190424
KWLA,103.100000,,,,25.0,31.335111,-93.432778,191486
KWLB,93.100000,,,,19.5,34.917222,-95.330833,190411
KWLK,88.500000,,,,0.27,40.337361,-120.86975,124890
KWLP,100.900000,,,,2.2,35.554722,-113.394667,191061
KWMJ,100.700000,,,,0.5,28.432694,-99.233611,198782
KWMY,105.900000,,,,100.0,45.658611,-108.570556,164107
KWNZ,106.300000,,,,100.0,39.912778,-118.921667,164200
KWOF,106.300000,,,,6.0,36.21625,-97.914972,198764
KWOL-FM,105.100000,,,,62.0,48.511944,-114.370278,164257
KWOU,88.100000,,,,23.5,36.375278,-99.475167,172867
KWPS-FM,99.700000,,,,0.98,34.3525,-93.157222,183370
KWPV,104.500000,,,,5.5,34.668333,-97.296389,185094
KWQR,92.500000,,,,3.0,32.266944,-109.833333,184846
KWQX,91.900000,,,,0.14,34.904444,-92.848333,173021
KWRY,104.900000,,,,25.0,37.944444,-104.998889,164276
KWTF,88.100000,,,,0.1,38.361944,-122.978611,175619
KWTN,100.900000,,,,0.1,42.413056,-96.839722,164135
KWUZ,97.500000,,,,0.25,38.453056,-106.017222,164293
KWVF,102.700000,,,,1.6,38.488889,-123.031389,190436
KWWM,91.300000,,,,0.28,41.591944,-109.236944,175479
KWWY,106.500000,,,,2.2,43.437778,-107.996111,166053
KWXM,102.300000,,,,3.0,32.661667,-92.9525,190441
KWXS,107.700000,,,,2.5,44.198056,-120.977778,189513
KWXW,93.700000,,,,6.0,31.856944,-103.108333,191541
KWYU,96.900000,,,,25.0,28.800833,-98.339444,198739
KWYX,93.500000,,,,3.8,42.741111,-106.308611,166051
KXAF,97.900000,,,,6.0,28.28425,-98.217028,183313
KXAM,102.500000,,,,5.4,27.804111,-98.408083,183318
KXBB,101.700000,,,,1.65,34.310833,-114.168889,198736
KXBT,88.100000,,,,2.4,30.389194,-96.584361,173308
KXCD,99.900000,,,,0.2,45.167222,-113.870556,164259
KXCL,101.700000,,,,2.1,38.719722,-104.721111,164277
KXCR,90.700000,,,,0.9,43.957222,-124.073889,172479
KXCS,105.500000,,,,5.0,32.334167,-101.353889,164310
KXDI,93.900000,,,,100.0,46.725278,-102.916778,189497
KXEA,104.900000,,,,1.1,38.152222,-93.661944,170999
KXEH,88.700000,,,,0.0,46.23,-114.235556,176603
KXEM,88.100000,,,,3.5,46.250833,-108.483611,176691
KXEU,95.500000,,,,0.89,40.537778,-109.699167,164261
KXFS,93.700000,,,,14.5,31.238611,-101.942222,183316
KXFT,99.700000,,,,25.0,42.5175,-94.345278,162477
KXGO,99.500000,,,,0.5,40.948528,-123.625028,190384
KXHM,106.100000,,,,6.0,28.391389,-97.307222,183317
KXIM,98.300000,,,,0.1,43.180556,-95.656111,190429
KXIN,100.900000,,,,0.1,43.080556,-98.296389,166079
KXIR,89.900000,,,,1.8,48.0625,-122.571944,173833
KXIX,94.100000,,,,18.5,44.046944,-121.530556,165965
KXJN,97.700000,,,,0.47,43.461667,-110.753333,166043
KXJO,92.100000,,,,0.2,47.335667,-116.571722,164128
KXJT,88.300000,,,,2.65,26.428056,-98.827222,174932
KXLI,94.500000,,,,93.0,36.635278,-114.121667,164097
KXLP,94.100000,,,,3.7,44.141944,-94.001389,164248
KXMX,105.100000,,,,6.0,35.513639,-94.588361,189538
KXMZ,102.700000,,,,50.0,44.0925,-103.248056,164109
KXNC,104.700000,,,,16.5,38.608889,-99.703056,164131
KXNM,88.700000,,,,18.0,34.677389,-105.686611,172770
KXNZ,98.900000,,,,3.0,35.399722,-100.2375,189576
KXQJ,90.100000,,,,0.1,33.613611,-95.034722,176741
KXQT,105.900000,,,,50.0,31.960694,-101.973194,191560
KXRB-FM,100.100000,,,,2.15,43.518611,-96.534722,166031
KXRV,107.500000,,,,100.0,46.571944,-100.795,165952
KXSW,89.900000,,,,1.0,45.563333,-97.059722,171940
KXTM,94.300000,,,,13.5,27.585833,-98.416389,171034
KXTT,94.900000,,,,6.0,35.094167,-119.461111,164119
KXWB,88.900000,,,,0.0,34.835556,-120.401667,174137
KXWI,98.500000,,,,100.0,48.058611,-104.001389,190377
KXWX,93.700000,,,,0.62,35.032778,-114.365833,164262
KXWY,103.100000,,,,30.0,42.907778,-108.746972,166054
KXXL,106.100000,,,,100.0,44.230556,-105.4625,164171
KXXN,97.500000,,,,37.5,33.906417,-98.681222,165970
KXXU,104.300000,,,,4.2,31.723667,-99.097472,191505
KXZK,103.700000,,,,0.79,31.9275,-110.6325,164116
KXZT,107.900000,,,,4.8,44.327778,-103.835,164201
KYAQ,91.700000,,,,0.69,44.644444,-124.013889,171967
KYAY,91.100000,,,,1.9,33.575,-110.378333,172840
KYBU,96.900000,,,,0.1,39.794167,-123.248889,170179
KYCL-FM,88.900000,,,,0.1,34.944528,-100.896028,175376
KYCT,92.700000,,,,0.285,40.654167,-122.52,198770
KYEC,88.300000,,,,0.0,36.588889,-90.819444,173551
KYFA-FM,91.500000,,,,0.2,32.8675,-95.751111,174944
KYHD,94.700000,,,,25.0,33.995278,-95.0575,189575
KYJC,91.300000,,,,0.35,33.260278,-95.883056,121869
KYJK,105.900000,,,,1.84,46.801667,-113.972778,162326
KYKA,104.900000,,,,19.0,61.338056,-149.50925,164296
KYKT,91.900000,,,,0.0,59.553889,-139.725278,191906
KYLB,96.700000,,,,0.0,34.292222,-100.997778,198757
KYLF,88.900000,,,,30.0,38.201028,-94.269889,174965
KYLI,96.700000,,,,93.0,36.635278,-114.121667,164142
KYLQ,99.700000,,,,0.0,28.064167,-99.246389,198752
KYMI,97.500000,,,,2.1,47.019444,-114.012778,171098
KYMR-FM,88.900000,,,,0.0,55.128056,-131.573889,183685
KYMZ,99.900000,,,,25.0,32.641944,-114.559444,184678
KYOA,98.700000,,,,0.9,34.724444,-95.915556,183381
KYOL,91.700000,,,,0.22,36.899444,-106.601667,172922
KYPB,89.300000,,,,0.5,45.750278,-109.954444,174918
KYPC,89.900000,,,,3.5,45.838056,-106.904444,172568
KYPF,89.500000,,,,4.0,47.1775,-109.535833,172585
KYPH,88.500000,,,,5.2,46.748056,-112.330278,174030
KYPM,89.900000,,,,1.9,45.5975,-110.545833,172578
KYPW,88.300000,,,,0.73,48.035556,-105.520278,172712
KYPX,106.500000,,,,1.8,46.825,-111.703611,189560
KYPZ,96.100000,,,,0.1,47.835556,-110.652778,164087
KYRN,102.100000,,,,0.1,34.071611,-106.962306,164088
KYRS,88.100000,,,,6.8,48.180556,-117.986389,173886
KYRT,97.900000,,,,4.5,30.1475,-99.220556,165378
KYSA,88.300000,,,,2.95,39.760556,-119.466389,124888
KYSD,91.900000,,,,6.0,44.484861,-103.891444,174496
KYSK,88.700000,,,,98.0,43.731389,-111.365278,176751
KYTM,99.300000,,,,6.0,31.113333,-94.808056,164271
KYTR,88.100000,,,,0.052,46.631528,-120.535028,175692
KYUK-FM,90.300000,,,,0.385,60.7925,-161.772778,172683
KYUN,102.100000,,,,5.2,42.731667,-114.417778,164129
KYUP,91.900000,,,,0.09,61.839444,-165.564722,198219
KYVZ,106.100000,,,,60.0,39.784167,-101.262778,191550
KYWY,95.500000,,,,9.2,41.424722,-104.129167,183353
KYXE,104.900000,,,,0.68,46.513333,-120.400833,183328
KYZQ,88.300000,,,,2.2,33.169444,-94.963333,121233
KZAH,99.100000,,,,23.0,30.139167,-99.055556,198621
KZAL,94.700000,,,,10.3,47.854444,-120.166389,162412
KZAM,98.700000,,,,6.0,34.048333,-98.660556,164195
KZBN,90.300000,,,,0.0,45.627778,-110.963056,136698
KZBR,97.100000,,,,25.0,37.368056,-106.112222,162292
KZBV,91.300000,,,,0.1,36.431111,-121.675556,176698
KZCF,91.500000,,,,0.5,37.396944,-120.613611,176739
KZCK,88.100000,,,,2.0,39.351111,-101.053611,175547
KZCT,89.500000,,,,0.0,38.151667,-122.190278,174017
KZDV,99.500000,,,,6.0,34.156667,-95.415556,189574
KZES-FM,91.300000,,,,0.1,34.544278,-100.438667,175379
KZET,90.500000,,,,2.0,37.220278,-108.806667,173810
KZFX,93.700000,,,,1.7,35.622222,-117.670278,190406
KZGC-FM,91.900000,,,,3.0,38.047222,-100.873889,174936
KZGI,105.700000,,,,0.7,48.52175,-122.217278,191536
KZGL,103.700000,,,,0.56,35.240278,-111.598056,165966
KZGM,88.100000,,,,0.0,37.120833,-92.0025,172919
KZHM,95.900000,,,,2.25,32.830194,-105.890306,189481
KZIC,89.900000,,,,1.0,29.319722,-99.332778,174092
KZIG,107.500000,,,,2.3,34.418889,-96.19,183342
KZJJ,104.500000,,,,6.0,46.638889,-118.56,203618
KZKY,104.500000,,,,37.0,43.542778,-111.885278,164126
KZLM,107.900000,,,,0.18,47.1775,-109.535,171025
KZLR,88.300000,,,,3.2,64.879167,-148.052778,176152
KZLW,90.100000,,,,100.0,41.2075,-96.677222,175203
KZLY,99.500000,,,,1.8,45.486667,-119.431111,191488
KZMC,102.100000,,,,100.0,40.190833,-100.808056,166012
KZMG,102.700000,,,,50.0,43.755,-116.0975,164141
KZNC,91.900000,,,,0.0,67.597778,-163.992222,180952
KZNK,90.100000,,,,90.0,39.241944,-101.360556,174740
KZNM,100.900000,,,,0.12,35.119167,-107.902222,183360
KZNP,90.700000,,,,1.25,47.454722,-115.658056,175929
KZNR,91.100000,,,,0.01,68.073333,-162.850833,180911
KZNW,103.300000,,,,1.4,48.365278,-122.2675,191491
KZNZ,91.500000,,,,0.25,37.000339,-101.90825,174777
KZPL,105.100000,,,,0.1,28.048889,-99.351389,198783
KZQL,105.500000,,,,5.0,42.741667,-106.306389,164289
KZQM,104.900000,,,,6.0,48.126111,-123.115833,191496
KZRF-FM,91.900000,,,,0.75,33.151389,-95.603611,174020
KZRN,102.300000,,,,7.5,45.959722,-102.641111,165977
KZTI,105.300000,,,,100.0,39.912778,-118.921667,189473
KZTL,93.500000,,,,100.0,41.063889,-101.337778,164138
KZTP,104.300000,,,,3.4,43.541667,-95.751389,164085
KZTU-FM,90.500000,,,,6.0,35.179361,-103.718333,174833
KZTW,104.100000,,,,100.0,48.321667,-103.247778,190440
KZTX,91.100000,,,,1.3,26.890833,-98.140278,174991
KZUW,88.500000,,,,0.26,41.4275,-109.121389,176944
KZWB,97.900000,,,,10.5,41.496389,-109.345556,162319
KZWL,94.300000,,,,2.05,32.143889,-95.333056,170966
KZWV,101.900000,,,,43.0,38.279444,-92.585,165951
KZXK,98.900000,,,,0.56,35.240278,-111.596944,166050
KZXT,93.500000,,,,2.0,48.900194,-115.022417,164302
KZYK,88.900000,,,,1.0,42.829444,-97.854167,173513
KZYN,104.100000,,,,14.0,36.846667,-113.491111,198815
KZYU-FM,91.700000,,,,3.8,32.523472,-113.956056,174050
KZZM,101.700000,,,,8.2,30.700833,-99.233056,170992
KZZQ,101.900000,,,,26.0,46.693056,-102.618722,189545
KZZW,104.500000,,,,60.3,36.273056,-99.445833,166085
WACV,93.100000,,,,3.1,32.478056,-86.407778,189524
WAED,88.500000,,,,0.8,41.743611,-88.934167,176978
WAHR,99.100000,,,,100.0,34.798056,-86.64,70501
WAJC,88.100000,,,,5.52,44.720833,-93.031944,174134
WAJP,107.700000,,,,9.4,30.126444,-83.607917,165981
WAKP,89.100000,,,,0.0,33.316667,-83.527778,172935
WAKX,98.700000,,,,4.0,29.535278,-81.263889,183339
WALJ,105.100000,,,,2.6,33.207944,-87.719444,189495
WANH,88.300000,,,,0.38,43.685556,-71.486389,122150
WANR,88.500000,,,,0.235,41.384444,-73.5325,174780
WANV,96.700000,,,,1.85,37.223333,-84.033611,162367
WANZ,90.100000,,,,0.23,42.369444,-74.665,176616
WAOM,90.500000,,,,1.3,39.03,-83.797778,174080
WARV-FM,90.100000,,,,0.56,37.250556,-77.306389,176832
WAUE,100.300000,,,,0.13,32.726111,-85.576667,198812
WAVL,100.500000,,,,25.0,44.836944,-89.765833,170968
WAYU,91.100000,,,,0.0,33.958222,-86.216944,173825
WAZK,97.700000,,,,1.75,41.284889,-70.14025,189510
WBBE,97.900000,,,,5.4,40.452222,-88.963333,164104
WBCQ-FM,94.700000,,,,6.0,46.341667,-67.817778,170487
WBFK,91.100000,,,,10.0,37.108056,-85.848056,176881
WBFW,94.500000,,,,5.4,37.737306,-88.016444,184596
WBGP,91.300000,,,,0.0,31.215,-83.786944,172461
WBHL,90.700000,,,,10.0,43.954722,-84.549722,174240
WBIB-FM,89.100000,,,,0.1,33.050278,-83.952778,168943
WBIJ,88.700000,,,,0.13,33.956111,-81.9025,174989
WBLH,92.500000,,,,6.0,44.054944,-75.95425,164250
WBNB,91.300000,,,,26.0,32.814806,-86.042028,173302
WBNJ,91.900000,,,,0.0,39.765,-74.32,123342
WBNK,92.700000,,,,11.5,34.883611,-76.506111,170178
WBPC,95.100000,,,,21.0,30.444167,-85.877222,164212
WBQF,91.500000,,,,0.43,44.0475,-70.821944,174153
WBQO,93.700000,,,,7.5,31.194167,-81.491667,191581
WBUH,89.100000,,,,42.0,41.866972,-69.981639,173933
WBVI,96.700000,,,,3.0,41.1,-83.475556,67709
WBWV,88.700000,,,,0.95,37.858611,-80.925556,173476
WBZL,103.300000,,,,25.0,33.52,-90.141111,170950
WBZX,103.900000,,,,6.0,43.662222,-85.333333,191528
WCDG,88.700000,,,,0.6,34.552778,-83.968056,172359
WCDR,90.900000,,,,0.25,41.501944,-76.392778,176743
WCDV-FM,90.100000,,,,0.35,41.457222,-77.115278,106476
WCDW,106.700000,,,,1.2,42.056111,-75.944167,165347
WCDY,107.900000,,,,3.1,44.171111,-85.337167,183306
WCGH,106.100000,,,,3.5,41.441778,-79.443028,165957
WCGM,102.700000,,,,3.5,41.999167,-79.699722,164188
WCGS,105.900000,,,,7.0,42.232778,-78.796389,166028
WCGT,89.100000,,,,0.1,41.683056,-79.406944,172665
WCGV,89.900000,,,,25.0,41.823833,-80.173306,176354
WCHY,97.700000,,,,3.4,45.650278,-84.343611,189567
WCIJ,88.900000,,,,0.0,42.390833,-75.328056,174290
WCKF,100.700000,,,,1.7,33.320556,-85.860833,165962
WCKK,96.700000,,,,34.0,32.833333,-89.3475,183307
WCNP,89.500000,,,,6.5,43.427861,-89.651806,166588
WCOF,89.500000,,,,1.0,42.461389,-78.307222,122027
WCOM-FM,89.300000,,,,8.0,42.578056,-78.963056,174382
WCOZ,91.700000,,,,1.8,41.501944,-76.392778,177311
WCQC,91.300000,,,,15.0,34.095833,-90.708056,176186
WCRR,88.900000,,,,24.5,45.966667,-86.488111,173328
WCYZ,99.700000,,,,2.0,29.183083,-82.03825,191546
WDBG,103.100000,,,,6.0,32.523611,-82.9475,183372
WDCR,88.900000,,,,1.1,39.930528,-88.861389,176592
WDDE,91.100000,,,,2.1,39.013778,-75.508139,175387
WDKM,92.500000,,,,0.1,43.517222,-73.237222,190453
WDMT,106.300000,,,,0.06,38.234611,-80.155833,191497
WDNJ,88.100000,,,,0.0,40.940278,-74.613333,121770
WDOZ,91.700000,,,,5.0,29.439722,-81.539722,176311
WDPW,91.900000,,,,0.0,43.086667,-85.316389,121790
WDRT,91.900000,,,,0.48,43.607778,-90.89,171832
WDSV,91.900000,,,,1.5,33.405833,-90.991667,175995
WDTE,88.300000,,,,0.16,42.474047,-82.885723,175093
WDTP,89.500000,,,,0.7,42.162222,-83.205556,176302
WDUC,93.900000,,,,4.1,35.377778,-86.365,183375
WDWC,90.700000,,,,0.075,40.068861,-80.836361,176582
WDYK,100.500000,,,,6.0,39.713778,-78.715694,164255
WDZN,99.500000,,,,1.05,39.674861,-78.962028,166026
WEBG,95.900000,,,,0.82,42.1975,-79.753056,191524
WEBK,91.100000,,,,5.8,34.536944,-79.908056,175269
WEGB,90.700000,,,,4.6,41.032222,-71.975,173215
WEGG,95.300000,,,,6.0,34.428056,-82.393611,166080
WEGN,88.700000,,,,5.0,41.207361,-87.972667,171523
WEGQ,91.700000,,,,1.65,40.885278,-72.692778,173219
WEGT,89.900000,,,,0.3,39.338333,-85.485,173436
WEKP,90.100000,,,,5.2,36.753611,-83.708333,173819
WEQS,89.300000,,,,0.45,43.897222,-90.5825,172738
WETH,94.300000,,,,11.0,31.898889,-91.889722,191529
WEUC,88.700000,,,,0.0,37.735833,-87.995833,122810
WEVF,90.300000,,,,0.27,44.946944,-71.340833,173434
WEVQ,91.900000,,,,0.58,44.352972,-71.737944,173546
WEVW,90.900000,,,,0.23,40.958611,-76.708611,174767
WEYY,88.700000,,,,0.115,33.735444,-85.275889,169466
WFAJ,96.900000,,,,13.5,37.529444,-75.912222,162401
WFAL,105.900000,,,,4.9,33.155889,-84.094472,190444
WFAZ,90.900000,,,,6.9,33.208333,-85.991944,159021
WFBA,90.500000,,,,1.0,40.792222,-76.385,171604
WFBM,90.500000,,,,0.07,40.711111,-77.164444,174681
WFBV,90.100000,,,,1.45,40.841667,-76.899167,175641
WFCG,107.300000,,,,2.2,31.0775,-90.079444,164264
WFDR-FM,94.500000,,,,1.9,32.844444,-84.623611,171035
WFDZ,93.500000,,,,19.0,30.088056,-83.496111,170183
WFJS-FM,89.300000,,,,0.02,40.274083,-74.163972,174562
WFRK,95.300000,,,,3.9,34.23,-79.746944,183329
WFVS-FM,96.900000,,,,5.3,32.412222,-84.010556,184736
WGAY,105.700000,,,,22.0,24.676667,-81.510833,190443
WGBQ,91.900000,,,,0.9,35.275556,-86.360278,171691
WGBT,91.300000,,,,22.0,45.563611,-90.061111,176219
WGCP,91.900000,,,,2.65,44.275833,-85.713333,174643
WGDH,91.700000,,,,1.1,44.580278,-72.453889,173961
WGFW,88.700000,,,,2.3,37.144167,-78.548333,174083
WGIW,89.700000,,,,0.39,36.423222,-80.631278,173644
WGLA,90.500000,,,,0.001,31.157222,-83.374444,122298
WGLG,89.900000,,,,0.225,44.917222,-73.124167,172444
WGMR,91.300000,,,,0.62,39.117222,-88.534722,172818
WGNC-FM,88.500000,,,,15.0,41.8975,-85.564167,173002
WGNX,96.700000,,,,1.8,40.398333,-90.731944,164225
WGPO,90.100000,,,,1.0,47.977778,-89.684722,174256
WGRH,88.500000,,,,1.3,46.0245,-93.022583,172640
WGSS,89.300000,,,,0.11,40.682778,-73.384444,175776
WGSW,106.900000,,,,6.0,32.084167,-84.243056,191567
WGSX,104.300000,,,,4.1,30.183417,-85.776056,166008
WGWS,88.100000,,,,1.1,38.145278,-76.372778,172973
WGXC,90.700000,,,,0.125,42.328611,-73.970833,171971
WGXM,91.100000,,,,2.2,35.207222,-78.055556,173569
WGXO,90.900000,,,,8.0,34.771389,-77.943056,174875
WGZR,88.900000,,,,1.5,44.856944,-83.542806,171725
WGZS,89.100000,,,,50.0,46.836389,-92.702222,172280
WHBJ,99.100000,,,,25.0,33.415278,-81.302778,184539
WHBP,90.100000,,,,8.5,45.568611,-85.043056,172716
WHDD-FM,91.900000,,,,0.65,41.892222,-73.454444,173310
WHDX,99.900000,,,,0.15,35.570833,-75.468889,164161
WHDZ,101.500000,,,,0.13,35.267222,-75.535278,164162
WHEY,88.900000,,,,1.0,43.279167,-86.342222,176481
WHFV,107.100000,,,,0.33,38.496639,-78.647778,184899
WHFW,89.700000,,,,0.185,39.157694,-78.107556,176296
WHGO,91.300000,,,,3.1,36.099722,-76.475278,174389
WHHR,92.100000,,,,5.1,32.154444,-83.798611,165954
WHJL,88.100000,,,,63.0,45.352111,-89.653528,176585
WHJR,88.300000,,,,0.49,37.788667,-89.337056,175898
WHMF,91.100000,,,,1.3,30.750833,-85.188611,173595
WHMO,91.100000,,,,2.4,38.666111,-85.280833,172366
WHNB,104.500000,,,,6.0,41.962056,-75.271361,165339
WHNJ,95.700000,,,,12.5,24.676639,-81.51075,184726
WHPA,89.700000,,,,0.2,40.4495,-90.706889,173722
WHPJ,88.700000,,,,6.0,47.431667,-92.9425,175394
WHQB,90.500000,,,,0.0,34.322194,-81.982556,173384
WHRD,106.900000,,,,4.3,42.328528,-89.780361,184747
WHRE,91.900000,,,,4.4,37.358889,-75.941944,173972
WHRF,98.300000,,,,6.0,37.677222,-75.726944,181073
WHRG,88.500000,,,,9.6,37.436389,-76.331667,173962
WHRJ,89.900000,,,,0.75,37.41,-76.547778,173971
WHRL,88.100000,,,,4.2,36.684444,-77.561389,175907
WHRQ,88.100000,,,,0.38,41.377167,-82.814528,172338
WHRT-FM,91.900000,,,,20.5,34.357222,-82.153889,173883
WHSF,89.900000,,,,16.5,45.775,-89.248611,172402
WHVC,102.500000,,,,1.35,41.840961,-73.990489,184688
WHVM,91.900000,,,,0.16,42.094444,-76.422222,172325
WHVY,89.500000,,,,1.75,40.304722,-81.734444,171800
WHWA,104.700000,,,,17.5,46.691667,-90.990833,184111
WICU-FM,92.700000,,,,6.0,42.123611,-80.117222,189528
WIGW,90.300000,,,,9.4,28.975333,-81.753364,120610
WIHM-FM,88.100000,,,,4.8,37.717444,-88.543556,175887
WILA,100.100000,,,,6.0,30.315278,-82.943611,184781
WILB-FM,89.500000,,,,0.15,41.08,-80.640278,173428
WILP,98.100000,,,,4.9,40.488306,-90.121833,191502
WIMB,89.100000,,,,3.5,37.816361,-89.266361,172907
WIMV,89.300000,,,,2.0,38.187778,-83.774722,161760
WINH,91.900000,,,,16.0,46.0245,-93.022583,172667
WINO,91.900000,,,,0.42,42.388889,-76.890833,173670
WIOX,91.300000,,,,0.5,42.357861,-74.539528,172638
WIPK,94.500000,,,,6.0,34.471667,-84.885556,189512
WIQI,95.900000,,,,6.0,40.822778,-87.748333,164237
WIQR,88.700000,,,,3.9,37.888333,-79.297222,173897
WIRC,89.300000,,,,18.5,47.883611,-91.841944,172758
WJBE-FM,88.500000,,,,0.0,33.964167,-87.209444,172997
WJCO,91.300000,,,,0.0,40.555833,-85.294167,122009
WJCY,91.500000,,,,0.0,40.198056,-86.128889,122004
WJCZ,91.300000,,,,25.0,40.585278,-87.963056,122006
WJEE,90.100000,,,,2.3,40.657778,-81.352222,176212
WJEP,91.100000,,,,1.65,32.136111,-84.69,177011
WJES,100.900000,,,,6.0,34.335722,-83.651778,198772
WJHC,107.500000,,,,6.0,30.521944,-82.951944,183337
WJHO,89.700000,,,,0.0,33.208333,-85.991944,121797
WJHW,89.500000,,,,2.5,36.513389,-79.924611,173612
WJJF,94.900000,,,,5.6,41.032222,-71.975556,189488
WJJZ,94.500000,,,,6.0,44.814917,-72.239778,189498
WJKB,105.100000,,,,0.2,41.702972,-79.034611,190374
WJKG,105.500000,,,,3.6,39.107222,-88.562222,191579
WJLN,88.700000,,,,0.65,30.250278,-82.73,171630
WJNF,91.700000,,,,0.16,42.436389,-73.053889,175441
WJNH,91.100000,,,,0.09,44.058333,-71.091944,171251
WJOB-FM,93.300000,,,,1.9,41.985556,-75.6825,185048
WJOG,91.300000,,,,0.0,45.50875,-85.036333,121776
WJOH,91.500000,,,,5.5,46.391111,-84.464444,121795
WJOM,88.500000,,,,0.0,42.806944,-84.788333,121794
WJRB,95.100000,,,,0.2,34.940556,-83.918889,170937
WJTA,88.900000,,,,2.0,41.093333,-84.025,175969
WJTK,96.500000,,,,5.0,30.155556,-82.637222,165943
WJUV,88.300000,,,,0.0,34.205556,-86.75,177361
WJVM,90.300000,,,,1.95,41.051556,-77.380472,172335
WJVR,101.900000,,,,0.56,37.793056,-79.933056,190379
WJWT,91.700000,,,,0.85,42.558056,-72.051667,122204
WKCJ,93.300000,,,,1.1,37.804722,-80.350833,190380
WKCX,89.100000,,,,10.0,38.791667,-84.695556,175299
WKEK,89.100000,,,,1.0,48.077778,-90.759444,176648
WKEN,88.500000,,,,2.8,40.531944,-83.5475,174814
WKER-FM,91.100000,,,,0.0,33.742194,-82.521361,173439
WKFC,101.900000,,,,6.0,37.035833,-84.084722,164241
WKFT,101.300000,,,,4.3,41.329833,-79.257722,165990
WKFY,101.500000,,,,3.2,41.6935,-69.974694,189527
WKHF,93.700000,,,,1.6,37.348889,-79.168056,183352
WKHI,94.900000,,,,4.7,38.361389,-75.252778,198742
WKIF,96.500000,,,,4.1,34.692222,-89.536111,171031
WKIH,90.300000,,,,0.0,32.494722,-82.2525,172182
WKJA,91.900000,,,,25.0,40.915556,-81.932222,122205
WKLA-FM,96.300000,,,,3.4,43.916944,-86.436667,191495
WKMT,89.500000,,,,4.5,36.569444,-88.836944,174018
WKPO,105.900000,,,,25.0,43.573889,-90.815278,164089
WKQV,105.500000,,,,3.5,38.359722,-80.6475,164254
WKRE,88.100000,,,,0.001,33.695278,-86.5175,169863
WKUA,88.500000,,,,0.001,33.066667,-87.700278,171636
WKWJ,91.900000,,,,1.1,24.555,-81.801389,175644
WKWM,91.500000,,,,12.0,24.661111,-81.419444,122606
WKXG,92.700000,,,,8.5,33.502222,-90.338889,198749
WKYB,107.500000,,,,2.55,37.591111,-84.845278,198726
WKYF,92.100000,,,,4.6,37.180833,-88.001111,164226
WLCU,88.700000,,,,0.8,37.344167,-85.359444,176645
WLCZ,98.700000,,,,0.48,33.742222,-82.521389,171006
WLDN,98.700000,,,,5.5,43.916944,-86.436667,189561
WLDV,107.900000,,,,3.6,17.755833,-64.798889,183332
WLEL,94.300000,,,,4.8,32.252778,-84.230556,165968
WLFH,88.900000,,,,1.2,32.301667,-81.8325,176341
WLGE,106.900000,,,,6.0,45.053889,-87.143611,170981
WLGR,93.500000,,,,7.1,44.261972,-74.02275,165944
WLHV,88.100000,,,,0.0,42.098611,-73.730556,173238
WLJW-FM,95.900000,,,,19.0,44.594722,-85.198056,190434
WLKW,95.300000,,,,0.9,41.958611,-79.269722,189508
WLML-FM,100.300000,,,,4.0,26.761667,-80.078333,191525
WLMN,89.700000,,,,15.0,44.105,-86.250278,172572
WLMX,106.100000,,,,12.5,27.221333,-80.868278,183336
WLNF,90.900000,,,,1.8,43.096944,-78.636389,173583
WLNJ,91.700000,,,,0.13,40.068611,-74.469167,174908
WLOL-FM,89.700000,,,,0.08,39.66925,-80.003056,172639
WLOV-FM,99.500000,,,,5.5,29.236389,-81.072778,189546
WLQC,103.100000,,,,4.4,35.977778,-77.95,170946
WLRK,91.500000,,,,0.0,33.540278,-91.3775,122296
WLSB,98.500000,,,,0.1,40.230556,-90.95,190445
WLSE,103.300000,,,,5.7,40.495556,-89.952778,184672
WLTE,95.900000,,,,6.0,34.688611,-82.604444,170949
WLVV,88.300000,,,,0.49,39.58,-78.901111,176201
WLXJ,88.900000,,,,17.0,40.522194,-86.9825,176321
WLYB,96.300000,,,,3.4,32.626056,-88.200917,189541
WLZT,94.100000,,,,4.8,39.089722,-86.740278,189548
WMCV,96.300000,,,,6.0,39.254444,-87.379167,184958
WMEK,88.100000,,,,0.3,43.426944,-70.531667,171239
WMEY,88.100000,,,,0.1,44.107778,-69.924722,123284
WMGA,97.900000,,,,3.5,38.423889,-82.535556,164110
WMHU,91.100000,,,,0.38,43.141667,-75.039444,174468
WMHW-FM,91.500000,,,,9.1,43.575833,-84.774722,9910
WMHY,88.700000,,,,0.0,42.919722,-74.950556,174409
WMIH,89.500000,,,,21.0,41.884444,-80.641111,170889
WMIS-FM,92.100000,,,,36.0,47.557222,-94.801111,166017
WMJC,91.900000,,,,0.0,42.453611,-85.344167,121857
WMJT,96.700000,,,,50.0,46.533889,-85.59,164160
WMKJ,88.100000,,,,0.1,24.99,-80.540833,175531
WMLG,89.900000,,,,0.0,18.018056,-66.7725,176335
WMMH,91.900000,,,,0.61,40.729722,-78.323056,172334
WMNK,88.500000,,,,0.2,41.496389,-88.298889,177028
WMPK,93.500000,,,,6.0,31.285361,-90.3195,198617
WMPN-FM,91.300000,,,,45.0,32.191389,-90.406111,46682
WMQS,88.500000,,,,0.5,35.126944,-84.026389,173770
WMRG,93.500000,,,,25.0,31.734722,-84.501667,190400
WMSH,90.300000,,,,5.2,37.953056,-89.876944,172232
WMSK-FM,101.300000,,,,5.4,37.667778,-87.929444,162349
WMTQ,88.100000,,,,0.09,42.106028,-76.871417,175837
WMVY,88.700000,,,,13.0,41.437778,-70.613889,175715
WMYE,91.900000,,,,1.2,26.785417,-81.796278,174244
WNBK,90.900000,,,,1.8,34.497778,-81.548611,175985
WNBV,88.100000,,,,0.0,37.288333,-82.085833,173198
WNEE,88.100000,,,,6.0,34.011944,-83.293889,122086
WNEQ,90.300000,,,,0.06,41.016667,-74.463056,175731
WNEV,98.700000,,,,6.0,34.365556,-90.637222,164256
WNFC,91.700000,,,,15.0,37.0615,-88.840472,175623
WNGB,91.300000,,,,0.6,42.525,-72.278333,172199
WNGG,90.900000,,,,0.0,43.1025,-74.371389,172195
WNIA,89.100000,,,,0.95,35.908333,-77.590278,172953
WNJK,105.900000,,,,3.0,37.813611,-84.657778,170979
WNJO,90.300000,,,,0.001,39.914444,-74.082778,123020
WNLA-FM,95.300000,,,,0.5,33.817222,-90.523056,191534
WNLS,91.300000,,,,15.5,30.535833,-89.864444,172708
WNMP,88.500000,,,,1.0,38.227778,-80.077778,175012
WNNI,98.900000,,,,1.45,42.698333,-73.065,189578
WNNU,89.500000,,,,0.0,42.242778,-73.486944,174491
WNOC,89.700000,,,,5.3,41.4275,-83.608333,176349
WNPP,88.500000,,,,2.7,40.572389,-85.769861,174404
WNSS,89.300000,,,,4.0,29.547722,-81.209111,175730
WNUX,89.700000,,,,3.3,37.947389,-81.307944,171273
WNVE,98.700000,,,,6.0,18.321944,-65.299722,183333
WOCG,89.100000,,,,1.4,36.439722,-85.4075,172649
WOFE,98.900000,,,,1.1,36.490556,-85.029722,190390
WOHK,96.100000,,,,3.3,41.884444,-80.641111,190398
WOKL,89.100000,,,,0.55,42.393083,-88.017944,175042
WOMB,89.900000,,,,4.0,39.159361,-86.655111,172668
WONA-FM,95.100000,,,,9.2,33.582222,-89.747778,189500
WOOL,91.500000,,,,0.55,43.137222,-72.433056,174862
WOPC,101.300000,,,,2.35,35.626778,-87.858028,190237
WOPG-FM,89.900000,,,,0.0,42.774611,-74.681806,171661
WOPR,88.100000,,,,3.5,36.351194,-79.787333,173562
WOTB,88.700000,,,,100.0,30.535833,-89.864444,175764
WOTT,94.100000,,,,21.5,43.966667,-75.803056,166014
WOTX,93.700000,,,,0.46,44.394167,-71.655556,166090
WOUX,105.300000,,,,2.8,39.295139,-81.228333,184911
WOVV,90.100000,,,,0.65,35.111944,-75.977278,173549
WOWA,93.700000,,,,3.5,38.700278,-88.081389,191487
WOXM,90.100000,,,,1.2,44.026111,-73.162222,174578
WOXX,97.100000,,,,0.7,44.879833,-71.481361,170980
WPAK-FM,106.900000,,,,3.5,44.600833,-88.889167,191574
WPAU,91.500000,,,,0.4,41.411944,-75.164167,173824
WPBK,102.900000,,,,2.75,37.4275,-84.655833,164242
WPDQ,91.300000,,,,0.0,36.740278,-86.175278,172966
WPFG,91.300000,,,,2.15,40.276389,-77.2775,175197
WPFT,106.300000,,,,0.5,35.703611,-83.565833,170936
WPGT,90.100000,,,,0.7,30.179444,-82.713611,169752
WPJN,89.300000,,,,0.0,32.97,-86.717778,165498
WPMW,88.500000,,,,0.14,41.639611,-70.968028,175689
WPNJ,90.500000,,,,0.001,40.724722,-75.258333,174811
WPRC,88.700000,,,,8.5,41.60925,-89.671833,173264
WPRR-FM,90.100000,,,,5.0,42.591389,-85.935278,121239
WPRZ-FM,88.100000,,,,10.0,38.511542,-78.056111,121978
WPUT,90.100000,,,,0.44,41.384167,-73.576389,175564
WQHE,88.300000,,,,3.6,41.543111,-79.692444,172337
WQIQ,88.300000,,,,3.5,38.129722,-77.715278,172441
WQMN,88.700000,,,,0.4,45.889722,-89.801111,175345
WQOQ,90.500000,,,,0.32,41.678611,-76.170556,177314
WQPH,89.300000,,,,0.58,42.552972,-71.797139,176678
WQQA,91.700000,,,,12.0,44.561389,-87.499722,175375
WQQP,95.900000,,,,1.5,41.045583,-78.703278,170958
WQRN,88.900000,,,,16.0,47.885833,-92.663056,172378
WQRW,93.500000,,,,1.1,42.190278,-77.821389,165995
WQUD,107.700000,,,,6.0,41.479722,-90.268889,166073
WQZZ,107.300000,,,,0.113,32.775806,-88.050583,183320
WRAO,91.700000,,,,30.0,44.299444,-89.948611,175071
WRBF,104.900000,,,,0.95,34.343056,-85.038889,171028
WRCC,88.300000,,,,0.085,35.838889,-85.783889,176989
WREM,88.700000,,,,2.6,44.533611,-75.097222,175080
WRFJ,91.500000,,,,0.14,35.004722,-80.981667,175640
WRFS,105.100000,,,,6.0,32.893611,-86.205611,190442
WRGC-FM,88.300000,,,,4.8,33.068056,-83.275,173100
WRGY,90.500000,,,,0.09,44.935,-70.509722,172799
WRHP,100.100000,,,,5.4,33.681389,-85.815833,184996
WRIM,89.900000,,,,0.0,36.142222,-85.409722,176039
WRJJ,104.300000,,,,4.0,37.075,-88.972778,164199
WRJS,88.100000,,,,0.0,32.355556,-82.618611,174547
WRKJ,88.500000,,,,2.0,43.686111,-70.508333,172500
WRLN,105.300000,,,,100.0,47.831944,-95.416944,199122
WRLP,89.100000,,,,0.1,38.247917,-78.115833,172446
WRNM,91.700000,,,,12.5,44.517778,-68.4025,174242
WRPB,89.300000,,,,3.0,46.024167,-68.252778,174218
WRPV,91.100000,,,,0.24,41.404444,-78.700278,176200
WRQV,88.100000,,,,2.1,41.246944,-78.6475,175421
WRRD,89.900000,,,,0.63,33.548056,-83.070833,172936
WRRO,89.900000,,,,15.0,41.549528,-84.771667,175485
WRRS,88.500000,,,,0.06,41.911944,-70.870833,177016
WRSM,89.100000,,,,0.001,39.721389,-76.155278,173256
WRSN,88.100000,,,,0.185,36.293417,-86.2575,176028
WRTK,90.500000,,,,1.7,40.486944,-88.049722,176945
WRVH,89.300000,,,,7.9,44.250833,-76.030722,174526
WRVI,90.500000,,,,1.6,41.076111,-78.551667,175137
WRVX,91.700000,,,,27.5,39.96,-94.118889,172360
WRYC,92.500000,,,,0.3,31.433056,-87.401389,191570
WRYP,90.100000,,,,0.0,42.031389,-70.090556,122299
WRYV,88.700000,,,,2.2,40.586111,-77.694444,172732
WSBH,98.500000,,,,6.0,28.136389,-80.703333,166009
WSBW,105.100000,,,,3.1,45.234722,-87.090833,165986
WSDM,90.100000,,,,0.0,37.934167,-87.926389,122333
WSFI,88.500000,,,,6.1,42.48025,-88.194917,175700
WSFP,88.100000,,,,0.001,44.703333,-83.524167,121959
WSGC,105.300000,,,,6.0,33.989444,-82.773056,198616
WSGT,107.100000,,,,6.0,31.385278,-82.124167,170483
WSHB,90.900000,,,,0.45,41.048028,-82.681278,137442
WSHN,89.300000,,,,100.0,46.603889,-87.620833,173326
WSIZ-FM,102.300000,,,,5.5,31.778333,-83.085278,165953
WSJA,91.300000,,,,5.0,32.465,-88.281667,173427
WSJE,91.300000,,,,0.24,38.360694,-80.647333,170876
WSJH,103.700000,,,,2.0,43.133889,-84.830833,184971
WSJQ,91.500000,,,,10.3,41.974722,-71.629167,176661
WSKX,90.700000,,,,10.0,17.735278,-64.679444,176518
WSLG,90.500000,,,,2.0,44.258889,-75.577778,175081
WSLP,100.700000,,,,2.3,44.77025,-73.613194,166029
WSLT,88.500000,,,,6.0,32.635833,-81.693333,173412
WSLZ,88.100000,,,,2.0,44.116111,-76.339167,176912
WSMA,90.500000,,,,0.005,41.933889,-70.586111,122202
WSMB,89.300000,,,,0.001,43.686111,-82.994444,175249
WSMJ,91.900000,,,,0.0,39.049333,-74.854,174695
WSMO,91.900000,,,,0.001,44.036389,-84.054861,175350
WSMZ-FM,88.300000,,,,1.5,43.676111,-86.238889,175566
WSNO-FM,97.900000,,,,2.5,44.5745,-73.674694,164249
WSOH,88.900000,,,,0.4,40.335333,-83.662722,176916
WSPB,89.700000,,,,4.5,42.4575,-85.248056,172329
WSPI,89.500000,,,,7.0,40.477222,-88.553889,176414
WSQM,90.900000,,,,1.3,40.014972,-85.982806,171743
WSQN,88.100000,,,,0.0,42.436944,-75.513889,171732
WSSH,89.700000,,,,0.13,44.219722,-71.868611,176846
WSWS,89.900000,,,,2.0,38.943056,-89.103611,177172
WSWW-FM,95.700000,,,,25.0,38.415556,-80.530278,166030
WTAQ-FM,97.500000,,,,3.0,44.405833,-88.005278,164253
WTAW-FM,103.500000,,,,6.0,31.361667,-95.970833,190405
WTBD-FM,97.500000,,,,6.0,42.235833,-74.953333,164165
WTBP,89.700000,,,,10.5,43.879083,-69.626361,170898
WTCF,103.300000,,,,0.35,39.182778,-78.389722,189559
WTCK,90.900000,,,,5.5,45.501444,-85.030194,121256
WTCY,88.300000,,,,0.0,44.966389,-85.774444,171772
WTGX,90.500000,,,,20.0,35.906667,-77.008889,122715
WTIO,88.300000,,,,0.048,41.759444,-76.925278,177089
WTIR,91.900000,,,,2.8,27.096111,-81.037778,174484
WTJX-FM,93.100000,,,,1.3,18.357778,-64.948056,184714
WTMI,88.700000,,,,0.6,42.801333,-76.437278,172348
WTNN,97.500000,,,,8.7,44.406417,-73.136889,166037
WTNV,97.300000,,,,1.9,36.269722,-89.323611,165320
WTPG,88.900000,,,,12.3,41.4275,-83.608333,122008
WTPN,103.900000,,,,2.75,43.607778,-90.89,166060
WTTY,97.700000,,,,1.55,31.639444,-83.749444,190401
WTUX,101.100000,,,,17.0,44.444722,-68.022778,165949
WTWT,90.500000,,,,2.5,42.055,-78.457778,172674
WTYG,91.500000,,,,0.1,29.339167,-82.102778,171562
WTYN,91.700000,,,,1.0,42.594444,-71.669444,122297
WTZI,88.100000,,,,0.3,41.955556,-87.867222,173970
WTZY,91.300000,,,,4.0,42.464722,-88.424722,174052
WUBA,88.100000,,,,0.11,29.809167,-82.607222,175104
WUBK,88.100000,,,,0.135,34.634444,-82.007778,173812
WUCC,99.900000,,,,3.1,33.392778,-81.389167,189539
WUFQ,88.500000,,,,100.0,29.526583,-83.237944,121772
WUJC,91.100000,,,,0.0,30.515278,-83.871389,122209
WULK,94.700000,,,,3.8,33.515,-82.921667,183349
WULV,88.700000,,,,3.0,39.8475,-80.756389,175587
WUMF,91.500000,,,,0.1,44.668106,-70.146631,174338
WUMG,91.700000,,,,0.5,42.421389,-71.452778,122279
WUMM,91.100000,,,,0.25,44.707056,-67.456444,172503
WUMT,91.700000,,,,1.1,42.077222,-70.705833,122278
WUMV,88.700000,,,,0.67,42.832778,-71.729167,174551
WUMZ,91.500000,,,,0.1,42.611389,-70.667778,174558
WUNW-FM,91.100000,,,,0.18,35.883611,-80.201389,172306
WUON,89.300000,,,,1.35,41.354722,-88.498611,176405
WUPF,107.300000,,,,50.0,45.710833,-87.346944,164245
WUPG,96.700000,,,,50.0,46.508111,-87.968472,164246
WUPJ,90.900000,,,,100.0,45.884722,-87.488611,176202
WUPN,95.100000,,,,25.0,46.466,-84.719417,170940
WUPT,100.300000,,,,100.0,46.514361,-87.477833,164244
WUPZ,94.900000,,,,100.0,46.514361,-87.477833,164243
WURN-FM,107.100000,,,,50.0,25.266667,-80.437778,189568
WUTU,88.300000,,,,0.0027,31.645,-84.354167,172608
WUUA,89.500000,,,,0.11,41.524167,-74.868889,173565
WUWS,90.900000,,,,24.5,46.607778,-90.836944,176548
WVAV,91.500000,,,,0.0,42.020361,-85.410222,173547
WVBA,88.900000,,,,6.2,42.828389,-72.600083,175088
WVBD,97.900000,,,,0.48,37.927889,-80.969861,165958
WVBG-FM,105.500000,,,,2.6,32.358272,-90.804869,162298
WVBL,88.500000,,,,0.0,37.276,-81.251,173309
WVBV,90.500000,,,,0.0,39.555556,-74.746667,122809
WVCS,90.100000,,,,1.9,45.019722,-90.496667,175594
WVDA,88.500000,,,,0.0,30.797222,-83.016944,120609
WVES,101.500000,,,,2.9,37.920556,-75.385278,198743
WVGV,89.700000,,,,2.35,39.289444,-80.804444,174626
WVHY,97.100000,,,,6.0,31.270278,-82.655278,191568
WVKJ,89.900000,,,,4.5,42.899444,-72.121111,174121
WVLO,99.300000,,,,4.49,40.663722,-84.085917,190376
WVLQ,101.900000,,,,3.3,30.005556,-85.343333,183355
WVLZ,106.100000,,,,0.19,36.108056,-84.335556,170987
WVMR-FM,91.900000,,,,0.55,38.191667,-80.195556,122123
WVMU,91.700000,,,,3.2,41.853833,-80.689083,172330
WVMV,91.500000,,,,1.05,42.661667,-82.59,176215
WVNK,91.100000,,,,0.115,43.236667,-73.028889,175524
WVRA,107.300000,,,,4.1,36.166389,-77.779444,164202
WVRI,90.900000,,,,1.0,37.900556,-79.871667,177072
WVRS,90.100000,,,,0.25,39.183889,-78.3875,122630
WVRV,97.500000,,,,6.0,31.975556,-85.974167,170945
WVRW,107.700000,,,,1.7,38.906944,-80.830556,170948
WVSE,91.900000,,,,7.4,17.7475,-64.836389,176332
WVSI,88.900000,,,,1.9,38.353611,-88.942222,122736
WVTI,106.900000,,,,1.42,44.783889,-71.886944,165996
WVUV-FM,103.100000,,,,1.3,-14.3225,-170.763056,164297
WVVC-FM,88.100000,,,,0.15,43.1025,-74.940833,171935
WVWG,88.900000,,,,0.1,39.520833,-87.226111,173133
WVWS,89.300000,,,,0.135,38.596222,-80.398444,176879
WVYN,90.900000,,,,11.0,38.219444,-88.629722,158741
WWCU,95.300000,,,,1.15,35.233889,-83.174722,184618
WWER,88.100000,,,,0.1,38.2625,-76.998333,173456
WWES,88.900000,,,,0.0,41.238889,-73.713333,176621
WWFA,102.700000,,,,10.0,34.757778,-87.501667,171029
WWFJ,88.100000,,,,2.0,34.9605,-78.769611,176574
WWFK,107.100000,,,,6.0,44.721056,-73.736278,164251
WWFP,90.500000,,,,0.0,39.379444,-74.429167,122933
WWGA,98.900000,,,,1.85,33.650833,-85.294722,183308
WWHX,100.700000,,,,4.2,40.452222,-88.963333,164105
WWJC,101.500000,,,,1.0,44.663889,-90.961111,185159
WWJJ,91.700000,,,,0.0,30.490556,-82.955917,173855
WWKM,93.100000,,,,4.7,31.948333,-83.433889,170973
WWKN,99.100000,,,,0.65,37.227222,-86.698333,170956
WWLN,90.500000,,,,2.4,45.344722,-68.508333,174228
WWMK,106.300000,,,,31.0,45.650278,-84.343611,189540
WWMR,102.900000,,,,12.5,34.409167,-88.54,166007
WWON-FM,100.700000,,,,6.0,35.308333,-87.745,171033
WWOS-FM,91.900000,,,,6.0,33.3615,-80.684917,171479
WWOX,94.100000,,,,6.0,44.482778,-71.177222,190383
WWQB,102.300000,,,,15.0,38.423333,-82.536944,166078
WWQD,90.300000,,,,0.0,32.643611,-88.674722,171740
WWQE,89.700000,,,,1.15,34.175556,-82.959167,175775
WWQK,88.700000,,,,4.8,36.186944,-84.628056,176955
WWQS,88.500000,,,,6.0,35.723333,-84.859444,173912
WWQW,90.300000,,,,0.12,36.186944,-84.628056,174041
WWQY,90.300000,,,,1.6,35.803611,-80.295,175503
WWRA,91.900000,,,,25.0,30.816667,-90.811667,170022
WWRN,88.500000,,,,2.7,42.591667,-70.701111,176844
WWSS,95.300000,,,,17.0,45.351944,-84.593861,170939
WWTP,89.500000,,,,0.48,44.351833,-69.658417,172331
WWUU,101.100000,,,,3.7,31.556667,-91.383333,190455
WXBP,90.300000,,,,2.0,45.057222,-69.190833,177407
WXDM,90.300000,,,,0.19,38.949639,-78.147083,171272
WXEV,91.100000,,,,0.43,41.406944,-71.751389,176949
WXHM,91.900000,,,,0.0,39.443611,-75.723333,172314
WXJB,99.900000,,,,9.2,28.641111,-82.437222,170182
WXKW,104.900000,,,,1.0,24.555,-81.801389,170942
WXLB,91.700000,,,,0.1,43.448056,-75.346667,175085
WXLD,89.700000,,,,0.22,43.808667,-75.511528,175083
WXLE,105.900000,,,,0.59,43.7575,-74.246111,183338
WXLL,91.700000,,,,0.1,44.285556,-73.987778,176270
WXLQ,90.500000,,,,0.16,44.223333,-73.124167,176918
WXLS,88.300000,,,,0.11,44.159444,-74.476111,175082
WXMD,89.700000,,,,7.0,38.348889,-76.626389,173705
WXMW,89.300000,,,,0.39,40.914722,-83.125556,171901
WXNU,106.500000,,,,1.95,41.005556,-87.695,164267
WXPI,88.500000,,,,0.11,41.202278,-77.271222,175293
WXRA,99.300000,,,,3.7,29.155278,-82.450278,164174
WXRX,104.900000,,,,4.0,42.3225,-88.953889,672
WXTC,88.100000,,,,1.6,41.414167,-80.380556,172901
WXTR,89.900000,,,,2.8,37.874167,-76.726944,175739
WXWX,96.300000,,,,3.9,34.409167,-88.54,171032
WYBA,90.100000,,,,32.0,42.144167,-85.209722,121240
WYBO,92.900000,,,,4.3,33.218306,-82.042139,166071
WYBQ,88.300000,,,,0.001,40.469167,-76.062778,175920
WYBW,88.700000,,,,0.4,24.706944,-81.104722,175255
WYDI,90.500000,,,,0.6,42.886111,-71.340556,175362
WYFY,88.100000,,,,1.5,40.026944,-81.5525,172915
WYJC,90.300000,,,,0.0,30.398889,-83.656667,122010
WYKC,99.100000,,,,0.45,44.352778,-71.7375,165997
WYKY,106.100000,,,,1.95,37.131389,-84.539167,170490
WYLJ,107.500000,,,,26.0,39.503889,-87.443611,184620
WYMR,98.300000,,,,6.0,41.321583,-86.605944,190232
WYNJ,89.500000,,,,0.8,47.739167,-94.686111,175388
WYNS,89.100000,,,,6.0,39.505278,-84.1475,176135
WYOR,88.500000,,,,0.1,41.108889,-83.003056,174213
WYRA,98.500000,,,,0.75,39.806111,-79.1725,170184
WYRR,88.900000,,,,0.42,42.175833,-79.317222,175899
WYSP,88.100000,,,,0.1,41.525833,-76.409722,177289
WYTR,88.100000,,,,4.7,35.559722,-79.684167,172166
WYUR,103.700000,,,,3.6,40.898139,-87.999389,165987
WYVM,90.900000,,,,0.0,43.861694,-87.772361,176342
WYVS,96.500000,,,,2.6,43.523889,-74.360833,189565
WYZX,88.300000,,,,8.0,41.6825,-70.354722,175310
WZAE,93.300000,,,,4.0,32.848611,-82.402778,170969
WZAI,94.300000,,,,4.7,41.776667,-70.011111,162458
WZBL,88.100000,,,,0.1,39.750833,-74.119722,176010
WZCO,89.900000,,,,4.5,34.538056,-78.71,175138
WZDV,92.100000,,,,1.4,43.003333,-78.765556,185147
WZEV,90.500000,,,,0.1,33.2985,-85.690056,173733
WZFL,93.500000,,,,50.0,24.959444,-80.575,189556
WZFR,104.500000,,,,11.5,29.7325,-84.89,183319
WZHD,97.100000,,,,3.9,42.401667,-77.660278,165342
WZLC,88.900000,,,,70.0,33.1925,-80.564167,173901
WZMV,89.100000,,,,0.001,40.469167,-76.062778,173919
WZQY,100.500000,,,,6.0,36.812606,-81.555661,166082
WZRG,91.900000,,,,1.45,40.792222,-76.385,174790
WZRN,90.500000,,,,2.3,36.493889,-78.189722,122305
WZTH,91.100000,,,,0.0,36.098056,-82.943611,172987
WZTK,105.700000,,,,4.5,45.066111,-83.485,190373
WZTN,89.900000,,,,0.4,35.314722,-86.901944,177227
WZVK,89.300000,,,,0.8,36.951389,-85.878611,172311
WZVL,103.700000,,,,2.4,39.928278,-81.985417,183304
WZWG,91.700000,,,,0.0,39.821944,-75.911944,173248
WZXB,90.500000,,,,0.001,40.4125,-75.845,174572
WZXE,88.300000,,,,0.001,39.733333,-75.965556,174592
WZXH,91.700000,,,,0.9,39.460833,-77.699444,122334
WZXN,90.100000,,,,1.25,40.179722,-77.515556,173888
WZXY,90.700000,,,,0.16,39.863056,-76.950278,173893
WZYQ,101.700000,,,,2.0,33.880278,-90.706667,191535
KAFC,93.700000,Anchorage,AK,,27.0,61.067222,-149.743333,78507
KAKN,100.900000,Naknek,AK,,3.0,58.744444,-156.975556,4079
KATB,89.300000,Anchorage,AK,,14.5,61.067222,-149.743333,10933
KBBO-FM,92.100000,Anchorage,AK,,10.0,61.336389,-149.513333,68694
KBRW-FM,91.900000,Barrow,AK,,0.89,71.288889,-156.758611,60382
KCAW,104.700000,Sitka,AK,,3.6,57.053611,-135.351944,55213
KCUK,88.100000,Chevak,AK,,6.0,61.529444,-165.588889,33453
KDLL,91.900000,Kenai,AK,,4.9,60.5675,-151.123611,52538
KEUL,88.900000,Girdwood,AK,,1.4,60.962222,-149.077222,90379
KFMJ,99.900000,Ketchikan,AK,,0.115,55.361111,-131.795278,77778
KFSE,106.900000,Kasilof,AK,,8.0,60.431944,-151.140556,78420
KFSK,100.900000,Petersburg,AK,,2.0,56.815833,-132.951667,47409
KGTW,106.700000,Juneau,AK,,0.44,55.360833,-131.795278,789
KHNS,102.300000,Haines,AK,,3.0,59.218333,-135.424722,39331
KICY-FM,100.300000,Nome,AK,,1.0,64.5025,-165.410278,2677
KJHA,88.700000,North Pole,AK,,0.43,61.645722,-149.864333,77894
KJLP,88.900000,Anchorage,AK,,0.25,61.621667,-149.021111,91481
KJNP-FM,100.300000,North Pole,AK,,25.0,64.878889,-148.052778,20016
KKIS-FM,96.500000,Soldotna,AK,,10.0,60.523889,-151.056389,34883
KKWG,93.300000,Bethel,AK,,0.09,59.96,-162.886667,758544
KLEF,98.100000,Anchorage,AK,,25.0,61.188056,-149.8825,10839
KMBQ-FM,99.700000,Wasilla,AK,,51.0,61.642222,-149.439167,35118
KMVN,105.700000,Anchorage,AK,,31.0,61.336389,-149.513333,49628
KMXS,103.100000,Anchorage,AK,,100.0,61.1925,-149.900278,52677
KMXT,100.100000,Kodiak,AK,,0.275,57.789722,-152.431667,35339
KNBA,90.300000,Anchorage,AK,,100.0,61.422778,-149.872222,35289
KNOM-FM,96.100000,Fairbanks,AK,,1.0,64.498889,-165.398889,9339
KPEN-FM,101.700000,Homer,AK,,25.0,60.511111,-151.27,52149
KRBD,105.300000,Ketchikan,AK,,3.4,55.339722,-131.624722,54928
KRUA,88.100000,Fairbanks,AK,,0.155,61.336389,-149.513333,69007
KRUP,99.100000,Dillingham,AK,,6.0,59.041944,-158.521944,40842
KSBZ,103.100000,Juneau,AK,,3.1,57.0575,-135.333889,60517
KSKA,91.100000,Anchorage,AK,,100.0,61.422778,-149.872222,805
KSTK,101.700000,Wrangell,AK,,3.0,56.454167,-132.3825,73924
KSUA,91.500000,Fairbanks,AK,,3.0,64.858889,-147.828056,20445
KSUP,106.300000,Juneau,AK,,10.0,58.301389,-134.440556,820
KTKU,105.100000,Juneau,AK,,3.8,58.329722,-134.471389,32950
KTNA,88.900000,Talkeetna,AK,,7.2,62.318056,-150.297778,64555
KTOO,104.300000,Juneau,AK,,1.4,58.301639,-134.418833,8650
KUAC,89.900000,Fairbanks,AK,,38.0,64.880278,-148.052222,85347
KUHB-FM,91.900000,St. Paul  Island,AK,,0.0,57.119722,-170.280833,53494
KVOK-FM,101.100000,Anchorage,AK,,3.1,57.784167,-152.399167,12186
KWHL,106.500000,Anchorage,AK,,100.0,61.120556,-149.895,52672
KWHQ-FM,100.100000,Soldotna,AK,,25.0,60.514444,-151.189167,35636
KWLF,98.100000,Fairbanks,AK,,28.0,64.9225,-147.715278,6439
KWVV-FM,103.500000,Homer,AK,,25.0,59.684167,-151.630833,52145
KXBA,93.300000,Homer,AK,,50.0,60.510833,-151.27,86717
KXGA,90.500000,Valdez,AK,,3.2,62.108611,-146.173611,65235
KXKM,89.700000,Valdez,AK,,0.18,61.433056,-142.914167,65236
KXLR,95.900000,Anchorage,AK,,28.0,64.9225,-147.715278,49622
KYKD,100.100000,Nenana,AK,,12.0,60.805556,-161.787222,70442
KYSC,96.900000,Chugiak,AK,,5.8,64.879167,-148.053889,77906
KCKR,91.900000,Athens,AL,,12.5,30.329722,-92.085,83852
KTMO,106.500000,Birmingham,AL,,50.0,36.425278,-89.691389,48549
KUJZ,95.300000,Birmingham,AL,,1.75,44.001,-123.112417,30650
KZEL-FM,96.100000,Birmingham,AL,,100.0,44.001111,-123.1125,49822
WAAO-FM,93.700000,Andalusia,AL,,23.0,31.340556,-86.4675,13502
WABD,97.500000,Mobile,AL,,100.0,30.688889,-87.830278,70657
WAGF-FM,101.300000,Dothan,AL,,1.15,31.201111,-85.334444,30279
WAJH,91.100000,Birmingham,AL,,0.0,33.463056,-86.768889,58757
WALX,100.900000,Selma,AL,,50.0,32.361111,-86.874444,950
WAMI-FM,102.300000,Opp,AL,,3.4,31.308333,-86.256944,66211
WAPR,88.300000,Tuscaloosa,AL,,0.0,32.141667,-86.745278,6125
WBAM-FM,98.900000,Montgomery,AL,,100.0,31.974444,-86.191944,16379
WBFZ,105.300000,Selma,AL,,50.0,32.271667,-87.257778,81739
WBHM,90.300000,Birmingham,AL,,32.0,33.488611,-86.799444,4240
WBHY-FM,88.500000,Mobile,AL,,100.0,30.67925,-87.84,24452
WBTG-FM,106.300000,Sheffield,AL,,6.0,34.692778,-87.796944,60608
WBZR-FM,105.900000,Bay Minette,AL,,5.5,31.037222,-87.495,51140
WCSN-FM,105.700000,Orange Beach,AL,,5.0,30.295833,-87.561667,52820
WDBT,103.900000,Dothan,AL,,25.0,31.300556,-85.584722,63945
WDJR,96.900000,Dothan,AL,,100.0,30.921944,-85.744722,25575
WDLT-FM,104.100000,Mobile,AL,,98.0,30.6125,-87.645,8680
WDXX,100.100000,Selma,AL,,50.0,32.381667,-86.943611,27455
WDYF,90.300000,Montgomery,AL,,9.2,31.324722,-85.601667,43640
WEBT,91.500000,Valley,AL,,0.38,32.804167,-85.178611,36527
WECB,105.300000,Dothan,AL,,10.0,31.1925,-85.411944,10666
WEGL,91.100000,Auburn,AL,,1.8,32.600306,-85.498,6107
WELL-FM,88.700000,Dadeville,AL,,60.0,32.736389,-85.498333,64562
WELR-FM,102.300000,Roanoke,AL,,8.9,33.044167,-85.3375,18135
WESP,102.500000,Dothan,AL,,10.0,31.1925,-85.411944,6891
WEUP-FM,103.100000,Huntsville,AL,,11.5,34.452222,-87.105556,36740
WEUZ,92.100000,Huntsville,AL,,2.6,35.121667,-87.188056,7053
WFFN,95.300000,Jasper,AL,,17.5,33.054167,-87.549167,54797
WFIX,91.300000,Florence,AL,,100.0,34.673333,-87.715556,67799
WFMH-FM,95.500000,Cullman,AL,,4.1,34.310556,-87.936944,24578
WFRF-FM,105.700000,Dothan,AL,,16.0,30.385556,-83.834722,71405
WFXX,107.700000,Greenville,AL,,42.0,31.452222,-86.618611,30886
WGIB,91.900000,Birmingham,AL,,3.5,33.416389,-86.607778,24256
WGRW,90.700000,Anniston,AL,,0.0,33.778056,-85.943889,79043
WGTF,89.500000,Dothan,AL,,19.0,31.233889,-85.433889,17356
WGZZ,94.300000,Alexander City,AL,,4.2,32.73625,-85.498389,15283
WHHY-FM,101.900000,Birmingham,AL,,100.0,32.403611,-86.196389,66910
WHIL,91.300000,Mobile,AL,,100.0,30.688889,-87.830278,61999
WHMA-FM,95.300000,Wedowee,AL,,0.4,33.627222,-85.890278,52320
WHVK,103.500000,New Hope,AL,,0.9,34.636389,-86.511667,170944
WINL,98.500000,Linden,AL,,100.0,32.124444,-87.733333,54538
WIZB,94.300000,Headland,AL,,19.5,31.438611,-85.289444,23615
WJAB,90.900000,Normal,AL,,100.0,34.785833,-86.566667,697
WJDB-FM,95.500000,Thomasville,AL,,9.6,31.740278,-87.761944,25381
WJEC,106.500000,Vernon,AL,,6.0,33.854167,-88.031944,36451
WJIA,88.500000,Guntersville,AL,,0.0,34.425833,-86.306944,36283
WJIF,91.900000,Opp,AL,,0.38,31.263889,-86.223889,50392
WJJN,92.100000,Dothan,AL,,2.55,31.173611,-85.213611,30280
WJOU,90.100000,Huntsville,AL,,25.0,34.757778,-86.662222,49943
WJOX-FM,94.500000,Birmingham,AL,,100.0,33.4625,-86.849722,16901
WJQX,100.500000,Tuscaloosa,AL,,69.0,33.095,-87.254444,70914
WJRL-FM,100.500000,Daleville,AL,,10.0,31.1925,-85.411944,60591
WJTQ,100.700000,Mobile,AL,,98.0,30.6125,-87.645278,12143
WJWZ,97.900000,Montgomery,AL,,3.7,32.447222,-86.210278,70356
WKEA-FM,98.300000,Scottsboro,AL,,11.0,34.533333,-85.922222,33781
WKGA,97.500000,Talladega,AL,,5.1,33.028333,-85.989722,64557
WKLS,105.900000,Birmingham,AL,,0.63,33.918611,-86.083056,10701
WKLV-FM,93.500000,Butler,AL,,32.0,32.157222,-88.488056,7903
WKMX,106.700000,Enterprise,AL,,100.0,31.300556,-85.584722,73179
WKNU,106.300000,Brewton,AL,,3.8,31.111667,-87.021389,19430
WKUL,92.100000,Cullman,AL,,6.0,34.194722,-86.731111,31933
WKXK,96.700000,Greenville,AL,,41.0,32.073333,-87.590833,76747
WKXM-FM,97.700000,Winfield,AL,,3.9,34.031389,-87.801667,435
WKXN,95.700000,Greenville,AL,,2.1,31.947778,-86.7025,73194
WKXX,102.900000,Albertville,AL,,1.1,33.974444,-86.206667,957
WLBF,89.100000,Montgomery,AL,,100.0,32.403611,-86.197222,43643
WLGQ,91.500000,Gadsden,AL,,0.0,34.074722,-86.019722,23002
WLJR,88.500000,Birmingham,AL,,0.0,33.3975,-86.661389,6804
WLJS-FM,91.900000,Jacksonville,AL,,0.61,33.836667,-85.733056,4300
WLRH,89.300000,Birmingham,AL,,100.0,34.736944,-86.529167,719
WLXQ,99.100000,Northport,AL,,6.4,32.877778,-87.614722,86803
WMC-FM,99.700000,Montgomery,AL,,290.0,35.169167,-89.886111,59449
WMFC,99.300000,Monroeville,AL,,30.0,31.514167,-87.298611,43534
WMRK-FM,107.900000,Selma,AL,,25.0,32.3525,-86.051667,59383
WMSR-FM,94.900000,Florence,AL,,7.7,35.029444,-87.785278,50128
WMXN-FM,101.700000,Scottsboro,AL,,2.3,34.683889,-85.801111,33780
WNCV,93.300000,Orange Beach,AL,,50.0,30.410556,-86.622778,73395
WNMQ,103.100000,Birmingham,AL,,22.0,33.344444,-88.546389,54535
WNSP,105.500000,Mobile,AL,,5.3,30.826111,-87.864444,21227
WOAB,104.900000,Ozark,AL,,6.0,31.455278,-85.682778,51095
WOOF-FM,99.700000,Dothan,AL,,100.0,31.251944,-85.286667,73674
WOWB,90.900000,Atmore,AL,,100.0,31.303611,-87.047222,40428
WPHH,93.500000,Ozark,AL,,4.4,32.156111,-86.323611,62206
WPPG,101.100000,Greenville,AL,,3.1,31.445833,-87.283056,40901
WPYA,97.300000,Homewood,AL,,6.2,33.484444,-86.806944,71417
WQAH-FM,105.700000,Decatur,AL,,4.5,34.306667,-87.073611,48737
WQKS-FM,96.100000,Montgomery,AL,,0.9,32.3675,-86.261667,43628
WQLC,102.100000,Birmingham,AL,,9.0,30.232778,-82.805,38491
WQLT-FM,107.300000,Florence,AL,,93.0,34.673333,-87.715556,5274
WQNR,99.900000,Tallassee,AL,,2.85,32.442222,-85.791111,68310
WQPR,88.700000,Tuscaloosa,AL,,20.0,34.578056,-87.783889,65441
WQRR,101.700000,Tuscaloosa,AL,,22.5,33.23,-87.847222,67577
WQRV,100.300000,Tuscumbia,AL,,8.5,34.793333,-86.630833,19456
WQSB,105.100000,Albertville,AL,,2.7,34.1575,-86.045556,58945
WQUA,102.100000,Wilmer,AL,,15.0,31.084444,-88.3975,39293
WQZX,94.300000,Greenville,AL,,3.9,31.911111,-86.605278,26479
WRJL-FM,99.900000,Eva,AL,,25.0,34.311944,-86.731667,57436
WRLD,95.300000,Valley,AL,,25.0,32.735278,-85.148611,52040
WRSA-FM,96.900000,Lacey'S Spring,AL,,100.0,34.489722,-86.627222,47907
WRTT-FM,95.100000,Huntsville,AL,,13.5,34.798056,-86.64,71462
WRWA,88.700000,Troy,AL,,50.0,31.208333,-85.614167,68185
WRYD,97.700000,Clanton,AL,,13.0,32.981944,-86.850556,61231
WSGN,98.300000,Sylacauga,AL,,9.0,33.072222,-86.168889,704
WSLY,104.900000,York,AL,,50.0,32.281667,-88.256389,24820
WSMX-FM,100.300000,Clanton,AL,,6.0,31.810278,-86.022778,825
WSTF,91.500000,Montgomery,AL,,20.5,31.438889,-86.513333,43641
WTBB,89.900000,Oxford,AL,,0.0,34.100833,-85.993611,82705
WTBF-FM,94.700000,Troy,AL,,16.5,31.678056,-85.943611,68181
WTBJ,91.300000,Oxford,AL,,0.17,33.485278,-85.809167,68099
WTDR-FM,92.700000,Talladega,AL,,2.6,33.486667,-85.9875,29722
WTGZ,95.900000,Tallassee,AL,,4.3,32.471389,-85.574444,48682
WTJB,91.700000,Troy,AL,,5.0,32.422222,-85.030556,68186
WTSU,89.900000,Troy,AL,,100.0,32.061111,-86.021944,68187
WTUG-FM,92.900000,Tuscaloosa,AL,,100.0,33.054167,-87.549167,54796
WTVY-FM,95.500000,Dothan,AL,,100.0,31.254444,-85.260833,73639
WTWX-FM,95.900000,Guntersville,AL,,10.5,34.337222,-86.279444,25674
WUAL-FM,91.500000,Tuscaloosa,AL,,100.0,33.094444,-87.413056,69168
WVAS,90.700000,Montgomery,AL,,80.0,32.366111,-86.294444,727
WVFG,107.500000,Demopolis,AL,,6.0,32.377222,-87.523611,30281
WVOK-FM,97.900000,Oxford,AL,,0.51,33.622222,-85.871944,73609
WVUA-FM,90.700000,Tuscaloosa,AL,,0.0,33.209444,-87.548889,4242
WWPG,104.300000,Tuscaloosa,AL,,3.5,32.921917,-87.818889,31145
WWWH-FM,92.700000,Haleyville,AL,,3.9,34.233333,-87.625556,25851
WXFL,96.100000,Florence,AL,,20.5,34.904722,-87.400556,4770
WXFX,95.100000,Birmingham,AL,,5.4,32.403611,-86.196389,17479
WXJC-FM,101.100000,Cullman,AL,,100.0,34.082222,-86.904167,70452
WYDE-FM,92.500000,Birmingham,AL,,2.2,33.648611,-87.155278,77749
WYTK,93.900000,Tuscumbia,AL,,2.25,34.864444,-87.395278,14052
WYVC,102.300000,Camden,AL,,6.0,31.954722,-87.264167,17481
WZNF,95.300000,Muscle Shoals,AL,,100.0,30.751389,-89.056667,63486
WZNJ,106.500000,Demopolis,AL,,25.0,32.502222,-87.818611,61424
WZRR,99.500000,Birmingham,AL,,100.0,33.4625,-86.849722,16899
WZTZ,101.100000,Elba,AL,,0.64,31.411389,-85.958889,19141
WZYP,104.300000,Athens,AL,,100.0,34.818333,-86.737778,3083
WZZN,97.700000,Oneonta,AL,,0.95,34.444167,-86.534722,5885
KABF,88.300000,Little Rock,AR,,91.0,34.791944,-92.477222,2772
KABZ,103.700000,Little Rock,AR,,100.0,34.798889,-92.495556,60134
KAGH-FM,104.900000,Crossett,AR,,3.0,33.134722,-91.946944,2936
KAGL,93.300000,El Dorado,AR,,18.0,33.271111,-92.654722,48949
KAKJ,105.300000,West Helena,AR,,6.0,34.787222,-90.7675,36143
KAKS,99.500000,Fayetteville,AR,,3.1,36.205472,-94.10175,69858
KALR,91.500000,Hot Springs,AR,,4.5,34.625278,-93.010278,2536
KAMD-FM,97.100000,Camden,AR,,50.0,33.503889,-92.810556,8469
KAMJ,93.900000,Blytheville,AR,,1.0,35.898889,-89.88,24666
KAMS,95.100000,Mammoth Spring,AR,,100.0,36.546944,-91.429722,51107
KARV-FM,101.300000,Russellville,AR,,0.74,34.992778,-93.193056,78267
KASR,99.300000,Morrilton,AR,,4.1,35.244722,-92.880833,77279
KASU,91.900000,State University,AR,,100.0,35.890833,-90.673889,2785
KAYH,89.300000,Forth Smith,AR,,25.0,36.18,-94.085833,79130
KBFC,93.500000,Forrest City,AR,,25.0,34.854722,-90.917222,22053
KBHN,89.700000,Fort  Smith,AR,,59.0,35.140278,-94.061944,92814
KBKG,93.500000,Corning,AR,,3.0,36.4,-90.584722,60197
KBTA-FM,99.500000,Batesville,AR,,3.4,35.868611,-91.587222,85325
KBVA,106.500000,Gravette,AR,,37.0,36.305833,-94.458056,23365
KBYB,101.700000,Hope,AR,,50.0,33.679444,-93.828333,33762
KCAC,89.500000,Camden,AR,,10.0,33.654444,-92.676111,8467
KCJC,102.300000,Morrilton,AR,,1.45,35.228056,-93.255556,31886
KCLT,104.900000,West Helena,AR,,3.0,34.515556,-90.670278,71608
KCMH,91.500000,Mountain Home,AR,,0.0,36.271389,-92.422222,10913
KCNY,107.100000,Searcy,AR,,12.5,35.296389,-92.319722,31452
KCON,92.700000,Conway,AR,,25.0,35.057222,-92.071111,14465
KCTT-FM,101.700000,Yellville,AR,,6.0,36.288333,-92.510278,178
KCXY,95.300000,Camden,AR,,100.0,33.503889,-92.810556,23279
KDEL-FM,100.900000,Arkadelphia,AR,,3.0,34.110833,-93.050278,24733
KDEW-FM,97.300000,Stuttgart,AR,,50.0,34.431111,-91.435556,40747
KDGS,93.500000,Hot Spring,AR,,15.0,37.713056,-97.2475,70266
KDIS-FM,99.500000,Little Rock,AR,,6.0,34.766111,-92.293889,47309
KDQN-FM,92.100000,Dequeen,AR,,50.0,34.226389,-94.293056,30599
KDRS-FM,107.100000,Jonesboro,AR,,3.0,36.029444,-90.597222,59150
KDXY,104.900000,Jonesboro,AR,,13.5,35.824722,-90.565,53472
KDYN-FM,92.700000,Clarksville,AR,,12.5,35.485861,-93.891528,22057
KEAZ,100.700000,Little Rock,AR,,50.0,35.288889,-91.771389,48748
KEGI,100.500000,Jonesboro,AR,,38.0,35.949722,-90.666111,53473
KELD-FM,106.500000,Arkadelphia,AR,,17.5,33.539722,-92.583056,61239
KENA-FM,104.100000,Dequeen,AR,,28.5,34.545,-94.305833,84055
KEOK,102.100000,Springdale,AR,,6.0,35.895186,-94.953378,16566
KFCM,98.300000,Cherokee Village,AR,,25.0,36.366111,-91.476389,34416
KFFA-FM,103.100000,Helena,AR,,13.0,34.5275,-90.629444,16518
KFFB,106.100000,Batesville,AR,,15.5,35.733333,-92.260278,57192
KFIN,107.900000,Jonesboro,AR,,98.0,35.798889,-90.741944,17690
KFPW-FM,94.500000,Gravette,AR,,18.5,35.265,-94.364444,26911
KGPQ,99.900000,Monticello,AR,,25.0,33.730278,-91.815556,51150
KHBM-FM,93.700000,Monticello,AR,,23.0,33.776389,-91.717222,42063
KHBZ,102.900000,Harrison,AR,,100.0,36.436111,-93.243333,26235
KHDX,93.100000,Conway,AR,,0.008,35.100278,-92.441389,26912
KHGG-FM,103.500000,Fort Smith,AR,,4.1,35.1835,-94.128944,12231
KHHS,104.500000,Arkadelphia,AR,,4.1,34.448889,-93.266389,8149
KHLS,96.300000,Blytheville,AR,,100.0,35.898889,-89.88,63607
KHOM,100.900000,Salem,AR,,50.0,36.593889,-91.6675,6619
KHPQ,92.100000,Clinton,AR,,10.0,35.643611,-92.459167,71395
KHTE-FM,96.500000,Little Rock,AR,,10.5,34.486111,-92.1575,40746
KILX,102.100000,Dequeen,AR,,6.0,34.105833,-94.348889,50772
KISR,93.700000,Fort Smith,AR,,100.0,35.522778,-94.392222,63336
KIXB,103.300000,El Dorado,AR,,100.0,33.222222,-92.924444,48946
KIXN,102.900000,El Dorado,AR,,100.0,32.786667,-103.1175,14024
KIYS,101.700000,Walnut Ridge,AR,,10.5,35.953889,-90.694722,70465
KJBR,93.700000,Jonesboro,AR,,6.0,35.576111,-90.4975,3465
KJBX,106.300000,Jonesboro,AR,,25.0,35.746944,-90.630556,18085
KJDS,101.900000,Hot Springs,AR,,3.1,34.448889,-93.266389,40223
KJIW-FM,94.500000,Helena,AR,,50.0,34.732222,-90.442222,19237
KJSM-FM,97.700000,Beebe,AR,,100.0,35.176667,-91.396944,26390
KKIK,106.500000,Batesville,AR,,12.0,36.256111,-91.923056,86169
KKSP,93.300000,Malvern,AR,,22.0,34.743611,-92.318611,39751
KLAB,101.100000,Siloam Springs,AR,,7.7,36.191111,-94.566389,31470
KLAZ,105.900000,El Dorado,AR,,95.0,34.372222,-93.0475,48947
KLBL,101.500000,Malvern,AR,,6.0,34.473333,-92.930833,39368
KLEA,95.700000,El Dorado,AR,,25.0,32.724167,-103.151111,2870
KLFJ,105.300000,Jonesboro,AR,,25.0,36.06,-91.045556,43243
KLLN,90.900000,Newark,AR,,4.0,35.723611,-91.444444,48700
KLMK,90.700000,Helena,AR,,50.0,34.622222,-90.978889,84852
KLRE-FM,90.500000,Little Rock,AR,,40.0,34.676028,-92.31875,37788
KLRO,90.100000,Hot Springs,AR,,38.0,34.505,-93.078333,9785
KLXQ,96.700000,Hot Springs,AR,,0.94,34.403611,-93.120556,33874
KMGC,104.500000,Camden,AR,,3.0,33.503889,-92.810556,29780
KMJI,93.300000,Dequeen,AR,,7.7,33.5041,-94.207303,7828
KMLK,98.700000,El Dorado,AR,,14.0,33.158889,-92.629722,19090
KMRX,96.100000,El Dorado,AR,,100.0,33.271111,-92.654722,35010
KMTB,99.500000,Nashville,AR,,25.0,34.011389,-93.8675,52175
KMTC,91.100000,Russellville,AR,,0.36,35.303056,-93.145,58266
KNAS,105.500000,Nashville,AR,,6.0,34.011389,-93.8675,54822
KNSH,100.700000,Fort Smith,AR,,50.0,35.225556,-94.341389,23869
KNSS-FM,98.700000,Hot Springs,AR,,50.0,37.403056,-97.589444,23292
KOAR,101.500000,Beebe,AR,,6.0,35.190556,-91.9125,35482
KOKR,96.700000,Blytheville,AR,,40.0,35.487778,-91.436944,48743
KOLL,106.300000,Little Rock,AR,,50.0,34.601667,-91.861111,38392
KOOU,104.700000,Hardy,AR,,5.4,36.274722,-91.505,31839
KPOC-FM,104.100000,Pocahontas,AR,,6.0,36.277222,-90.954444,59407
KQBK,104.700000,Ft. Smith,AR,,50.0,35.183611,-94.128889,71701
KQEW,102.300000,Fordyce,AR,,25.0,33.802778,-92.436111,15310
KQHN,97.300000,Magnolia,AR,,42.0,32.493333,-93.765278,12414
KQOR,105.300000,Dequeen,AR,,12.5,34.545,-94.305833,85585
KQUS-FM,97.500000,Fayetteville,AR,,100.0,34.403611,-93.120556,16572
KQXF,107.300000,Blytheville,AR,,1.6,35.766389,-89.928611,52904
KREU,92.300000,Fort Smith,AR,,0.74,35.522778,-94.392222,59692
KRMW,94.900000,Prairie Grove,AR,,21.0,35.85,-94.383056,70257
KRZS,99.100000,Searcy,AR,,25.0,35.395278,-91.738056,87603
KSAR,92.300000,Salem,AR,,50.0,36.366111,-91.476389,87970
KSEC,95.700000,Gravette,AR,,6.0,36.298333,-94.1725,34795
KSSW,96.900000,Blytheville,AR,,6.0,34.011389,-93.8675,88051
KTCS-FM,99.900000,Fort Smith,AR,,100.0,35.072222,-94.680556,5220
KTHS-FM,107.100000,Berryville,AR,,3.2,36.345833,-93.488056,35667
KTLO-FM,97.900000,Mountain Home,AR,,30.0,36.348611,-92.399722,35672
KTRQ,102.300000,Wynne,AR,,40.0,35.054444,-90.743333,67701
KTTG,96.300000,Mean,AR,,47.0,34.69,-93.943056,71487
KUAF,91.300000,Fayetteville,AR,,100.0,35.844722,-94.029167,4307
KUAP,89.700000,Little Rock,AR,,50.0,34.2425,-92.017222,6113
KUAR,89.100000,Little Rock,AR,,63.0,34.796944,-92.488889,4296
KUCA,91.300000,Conway,AR,,5.0,35.048611,-92.463611,69401
KURM-FM,100.300000,Bentonville,AR,,1.75,36.431667,-94.512778,33072
KVMN,89.900000,Cave City,AR,,3.3,35.951944,-91.549444,9418
KVOM-FM,101.700000,Morrilton,AR,,6.0,35.157778,-92.767778,43831
KVRE,92.900000,Hot Springs Village,AR,,25.0,34.642222,-93.071389,8150
KWAK-FM,105.500000,Wynne,AR,,2.7,34.431111,-91.435556,2775
KWCK-FM,99.900000,Searcy,AR,,50.0,35.447222,-91.947778,11744
KWHF,95.900000,Jonesboro,AR,,42.0,35.795,-90.793056,51923
KWKK,100.900000,Morrilton,AR,,6.0,35.293611,-93.1775,31884
KWLT,102.700000,Crossett,AR,,25.0,33.134722,-91.946944,60917
KWNW,101.900000,Jonesboro,AR,,8.5,35.133333,-90.093889,51855
KWOZ,103.300000,Mountain View,AR,,100.0,35.785,-91.962222,46336
KWRF-FM,105.500000,Warren,AR,,3.0,33.635556,-92.065556,52651
KWYN-FM,92.500000,Wynne,AR,,50.0,35.028611,-90.541944,18182
KXFE,106.900000,Pine Bluff,AR,,25.0,33.969722,-91.549444,774
KXIO,106.900000,Russellville,AR,,5.9,35.551944,-93.409167,29496
KXNA,104.900000,Fayetteville,AR,,2.75,36.18,-94.085278,71703
KXRD,96.700000,East Ozark,AR,,4.1,36.147139,-94.187028,51098
KXRJ,91.900000,Russellville,AR,,0.1,35.296389,-93.138333,2786
KXSA-FM,103.100000,Monticello,AR,,5.5,33.532222,-91.574444,35992
KXUA,88.300000,Fayetteville,AR,,0.0,36.065556,-94.175,86662
KXVB,101.500000,Bentonville,AR,,5.5,35.901611,-94.10125,88358
KYEL,105.500000,Springdale,AR,,4.4,35.103056,-93.232778,76511
KYXK,106.900000,Arkadelphia,AR,,17.5,33.945,-93.178611,52416
KZHE,100.500000,Magnolia,AR,,50.0,33.476111,-93.273056,201
KZKZ-FM,106.300000,Fort Smith,AR,,15.0,35.228889,-94.2625,20611
KZLE,93.100000,Batesville,AR,,99.0,35.891389,-91.725278,72262
KZOR,94.100000,El Dorado,AR,,100.0,32.816389,-103.232222,48944
KZRB,103.500000,Texarkana,AR,,50.0,33.415,-94.636111,3437
WAVK,97.700000,Hot Springs,AR,,100.0,24.661056,-81.419556,23294
WLRJ,104.700000,Helena,AR,,31.0,33.469444,-90.841667,43459
KSBS-FM,92.100000,Pago Pago,AS,,15.0,-14.294722,-170.662222,58760
KAFF-FM,92.900000,Flagstaff,AZ,,98.0,34.968611,-111.506667,25693
KAHM,102.100000,Prescott,AZ,,54.0,34.687222,-112.116944,61510
KAJM,104.300000,Scottsdale,AZ,,40.0,34.229722,-112.350833,52818
KALV-FM,101.500000,Phoenix,AZ,,100.0,33.331111,-112.062778,63913
KAMY,90.100000,Tucson,AZ,,63.0,33.502222,-101.872222,39890
KAWC-FM,88.900000,Yuma,AZ,,1.5,32.673333,-114.336389,2757
KBAQ,89.500000,Mesa,AZ,,29.7,33.332611,-112.065333,40096
KBER,101.100000,Tempe,AZ,,25.0,40.659444,-112.201389,10779
KBUX,96.500000,Quartzsite,AZ,,3.0,33.683889,-114.232778,7694
KCDQ,95.300000,Douglas,AZ,,0.8,31.368889,-109.529167,68769
KCDX,103.100000,Tucson,AZ,,2.7,33.298611,-110.841111,16764
KCFY,88.100000,Yuma,AZ,,3.0,32.641944,-114.559444,70454
KCNN,97.700000,Tucson,AZ,,6.0,31.991389,-110.1725,63338
KCYN,97.100000,Safford,AZ,,29.0,38.526944,-109.305833,72729
KDAP-FM,96.500000,Phoenix,AZ,,3.0,31.355,-109.551667,33761
KDKB,93.300000,Mesa,AZ,,100.0,33.333556,-112.062333,41299
KDOV,91.700000,Tucson,AZ,,26.0,42.295556,-122.804167,17460
KFLQ,91.500000,Tucson,AZ,,20.0,35.214167,-106.450556,20637
KFLR-FM,90.300000,Tucson,AZ,,100.0,33.333889,-112.062222,20638
KFLT-FM,104.100000,Tucson,AZ,,3.0,32.289722,-111.018333,20403
KFMM,99.100000,Green Valley,AZ,,6.2,32.889444,-109.323056,72368
KGCX,93.100000,Carefree,AZ,,100.0,47.864167,-103.9575,84342
KGHR,91.300000,Tuba City,AZ,,100.0,36.3575,-111.203333,68308
KGMN,100.100000,Kingman,AZ,,0.91,35.110278,-113.881944,48680
KHYT,107.500000,Tucson,AZ,,82.0,32.248889,-111.116389,56053
KIIM-FM,99.500000,Tucson,AZ,,90.0,32.248889,-111.116389,56052
KIKO-FM,96.500000,Miami,AZ,,30.0,33.288889,-110.829167,11894
KJIK,100.700000,Safford,AZ,,9.73,32.889167,-109.322222,78307
KJJJ,102.300000,Lake Havasu City,AZ,,17.0,35.032778,-114.365833,63410
KJZA,89.500000,Perkinsville,AZ,,0.25,35.2,-112.205,92985
KJZZ,91.500000,Mesa,AZ,,100.0,33.332611,-112.065333,40095
KKFR,98.300000,Cottonwood,AZ,,41.0,34.234167,-112.366944,41462
KKLD,95.900000,Flagstaff,AZ,,21.0,34.686667,-112.117222,51642
KKMR,106.500000,Scottsdale,AZ,,0.86,32.821389,-111.711667,2740
KLJZ,93.100000,Yuma,AZ,,100.0,32.651667,-114.650278,39617
KLUK,97.900000,Bullhead City,AZ,,29.5,35.035,-114.369167,8385
KLVH,90.900000,Prescott,AZ,,58.0,34.6875,-112.117222,24752
KLVW,90.500000,Tucson,AZ,,86.0,32.0975,-102.289167,39893
KMGN,93.900000,Flagstaff,AZ,,96.0,34.968889,-111.507778,49688
KMMA,97.100000,Tucson,AZ,,1.75,31.976944,-111.101111,24583
KMVA,97.500000,Flagstaff,AZ,,42.0,34.234722,-112.367222,68566
KNAA,90.700000,Flagstaff,AZ,,3.0,34.061667,-109.906111,2737
KNAD,91.700000,Flagstaff,AZ,,1.0,36.6975,-111.6325,82148
KNAG,90.300000,Flagstaff,AZ,,3.0,35.945556,-112.171111,92569
KNAQ,89.300000,Flagstaff,AZ,,0.1,34.49,-112.533056,49511
KNAU,88.700000,Flagstaff,AZ,,100.0,34.968611,-111.506667,49490
KNEK-FM,104.700000,Tempe,AZ,,25.0,30.421389,-92.113889,16370
KNKI,106.700000,Safford,AZ,,61.42,34.251667,-109.585,78413
KNLB,91.100000,Lake Havasu City,AZ,,8.0,34.486111,-114.218333,48504
KNNB,88.100000,Whiteriver,AZ,,0.63,33.763056,-109.960833,2406
KOAI,95.100000,Tucson,AZ,,41.0,34.234722,-112.367222,16770
KOFH,99.100000,Nogales,AZ,,6.0,31.388611,-110.943056,21291
KOHT,98.300000,Tucson,AZ,,6.0,32.4525,-111.086389,8143
KOJO,91.100000,Tucson,AZ,,4.0,30.201944,-92.946389,39891
KOOL-FM,94.500000,Phoenix,AZ,,95.6,33.333889,-112.061667,13506
KPPV,106.700000,Prescott Valley,AZ,,3.7,34.490278,-112.533333,53414
KPUB,91.700000,Flagstaff,AZ,,0.5,35.242778,-111.611111,49510
KQAZ,101.700000,Springerville,AZ,,55.0,34.251667,-109.585,17391
KQSS,101.900000,Miami,AZ,,6.0,33.408333,-110.803889,72510
KQST,102.900000,Sedona,AZ,,90.0,34.968056,-111.508056,57293
KQXL-FM,106.500000,Tempe,AZ,,50.0,30.623333,-91.163889,11607
KRCY-FM,96.700000,Lake Havasu City,AZ,,0.26,34.551667,-114.193611,77754
KRDE,94.100000,Mesa,AZ,,4.7,33.293611,-110.835833,37577
KRDX,103.700000,Tucson,AZ,,0.91,31.9275,-110.6325,36023
KRFM,98.500000,Show Low,AZ,,100.0,34.205556,-109.940556,33692
KRMH,89.700000,Teec Nos Pos,AZ,,4.5,36.963333,-109.3775,82109
KRRK,100.700000,Lake Havasu City,AZ,,0.275,34.551667,-114.193611,38314
KRRQ,95.500000,Tempe,AZ,,50.0,30.352222,-92.180833,36227
KSED,107.500000,Flagstaff,AZ,,96.0,34.968611,-111.506667,55402
KSWG,96.300000,Wickenburg,AZ,,5.8,33.922778,-112.792778,11216
KSYC-FM,103.900000,Carefree,AZ,,10.0,41.61,-122.623889,15314
KSZR,97.500000,Tucson,AZ,,6.0,32.329167,-111.061111,39734
KTDE,100.500000,Carefree,AZ,,6.0,38.825833,-123.57,35875
KTHQ,92.500000,Safford,AZ,,62.0,34.251667,-109.585,72730
KTMG,99.100000,Prescott,AZ,,6.0,34.574722,-112.479167,52001
KUAT-FM,90.500000,Tucson,AZ,,12.0,32.415306,-110.714417,2732
KUAZ-FM,89.100000,Tucson,AZ,,1.6,32.214722,-111.005833,3383
KUPD,97.900000,Tempe,AZ,,96.0,33.332778,-112.064722,65166
KUYI,88.100000,Hotevilla,AZ,,69.0,35.808056,-110.273056,85622
KVCC,88.500000,Tucson,AZ,,1.5,32.003333,-110.796944,81952
KVNA-FM,100.100000,Sedona,AZ,,5.2,34.968056,-111.508056,21693
KVRD-FM,105.700000,Cottonwood,AZ,,0.3,34.686667,-112.116667,35865
KVWE,102.900000,Tucson,AZ,,100.0,35.261389,-101.881111,39892
KWCD,92.300000,Sierra Vista,AZ,,0.09,31.481111,-109.958333,22972
KWCX-FM,104.900000,Safford,AZ,,0.73,32.216944,-109.607222,72659
KWFH,90.300000,Parker,AZ,,0.8,34.551667,-114.193611,16762
KWIM,104.900000,Window Rock,AZ,,30.0,35.655278,-109.033056,71795
KWMX,96.700000,Sedona,AZ,,10.5,35.131111,-112.134167,30433
KWRK,96.100000,Window Rock,AZ,,94.0,35.56,-109.108333,66147
KXCI,91.300000,Tucson,AZ,,0.34,32.415,-110.715556,22167
KXFF,106.100000,Colorado City,AZ,,35.0,37.094722,-113.185,69623
KXKR,101.700000,Sierra Vista,AZ,,3.0,31.566389,-110.2325,2185
KXLV,89.100000,Tucson,AZ,,27.5,35.261389,-101.881111,39889
KYMK-FM,106.300000,Tempe,AZ,,2.1,30.155278,-92.108333,11605
KYOT,95.500000,Phoenix,AZ,,96.0,33.335,-112.060833,18648
KZCE,101.100000,Carefree,AZ,,40.0,34.229722,-112.350833,55425
KZKE,103.300000,Seligman,AZ,,7.7,35.324444,-112.764444,56339
KZMK,100.900000,Sierra Vista,AZ,,3.0,31.546389,-110.274722,23445
KZON,103.900000,Scottsdale,AZ,,99.59,33.247222,-111.530278,54944
KZUA,92.100000,Holbrook,AZ,,100.0,34.920278,-110.131389,47886
KZUL-FM,104.500000,Lake Havasu City,AZ,,0.23,34.551667,-114.193611,39562
KZUZ,93.500000,Show Low,AZ,,25.0,34.220556,-110.030278,17337
WBHT,97.100000,Tempe,AZ,,0.5,41.1825,-75.871944,20465
WCAT-FM,102.300000,Tempe,AZ,,3.0,40.289722,-77.136111,74557
WEMX,94.100000,Tempe,AZ,,100.0,30.862222,-90.926111,58931
WGER,106.300000,Tempe,AZ,,4.4,43.476667,-83.951667,20384
WHWK,98.100000,Tempe,AZ,,6.7,42.061111,-75.945833,72373
WILZ,104.500000,Tempe,AZ,,2.9,43.392778,-83.924167,58578
WIOG,102.500000,Tempe,AZ,,86.0,43.473333,-83.844444,22675
WIWF,96.900000,Tempe,AZ,,99.0,32.924444,-79.699444,60039
WKPA,107.900000,Tempe,AZ,,0.45,40.919722,-77.974444,63546
WKQZ,93.300000,Tempe,AZ,,39.0,43.846111,-84.092222,72924
WLUN,100.900000,Tempe,AZ,,2.6,43.846111,-84.092222,52616
WLVE,105.300000,Tucson,AZ,,1.65,42.968056,-88.188889,88081
WMDH-FM,102.500000,Tempe,AZ,,50.0,40.055,-85.384722,74092
WMGL,107.300000,Tempe,AZ,,16.5,32.905,-79.921944,61592
WNKT,107.500000,Tempe,AZ,,40.0,33.762778,-80.823056,38900
WRQQ,103.300000,Temple,AZ,,100.0,30.401667,-90.845278,61271
WSSX-FM,95.100000,Tempe,AZ,,100.0,32.795556,-79.840833,72378
WUFN,96.700000,Tucson,AZ,,3.2,42.265556,-84.645278,20630
WUGN,99.700000,Tucson,AZ,,100.0,43.515833,-84.545833,20639
WWKI,100.500000,Tempe,AZ,,50.0,40.451111,-86.036667,60133
WWWZ,93.300000,Tempe,AZ,,50.0,32.905,-79.921944,61278
WWYL,104.100000,Tempe,AZ,,0.93,42.058056,-75.954167,7663
WZIM,99.500000,Tucson,AZ,,6.0,40.575,-88.8375,88354
KAAT,103.100000,Oakhurst,CA,,25.0,37.452778,-119.631667,8341
KABG,98.500000,Bakersfield,CA,,100.0,35.780278,-106.526944,44000
KABX-FM,97.500000,Merced,CA,,8.8,37.445556,-120.143611,41173
KADD,93.500000,Santa Clara,CA,,93.0,36.635278,-114.121667,72528
KADV,89.100000,Sacramento,CA,,0.0,40.120556,-123.691944,89457
KAEH,100.900000,Beaumont,CA,,1.5,33.908056,-116.995833,3727
KAER,89.300000,Sacramento,CA,,97.0,36.601111,-114.585,93355
KAIC,88.900000,Sacramento,CA,,0.0,32.615556,-110.643889,78758
KAIG,89.900000,Sacramento,CA,,0.0,37.932222,-100.317222,93776
KAIH,89.300000,Sacramento,CA,,0.0,34.464444,-114.267222,93353
KAIK,88.500000,Sacramento,CA,,0.06,45.466389,-123.919722,93900
KAIO,90.500000,Sacramento,CA,,0.0,43.543611,-111.885278,94211
KAIQ,95.500000,Torrance,CA,,100.0,33.5175,-101.856667,111
KAIW,88.900000,Sacramento,CA,,0.58,41.630306,-106.533583,93001
KAIZ,105.500000,Sacramento,CA,,0.8,33.273361,-112.28,2749
KAJC,90.100000,Santa Ana,CA,,0.56,44.759167,-123.226111,91565
KAKL,88.500000,Sacramento,CA,,11.0,61.120556,-149.895,93003
KAKX,89.300000,Mendocino,CA,,0.0,39.312778,-123.7825,41164
KALF,95.700000,Chico,CA,,7.0,39.917222,-122.669444,40919
KALW,91.700000,San Francisco,CA,,1.9,37.754722,-122.445556,58830
KALX,90.700000,Oakland,CA,,0.5,37.877778,-122.245556,68999
KAMB,101.500000,Merced,CA,,1.85,37.533611,-120.029444,34427
KANM,90.300000,Sacramento,CA,,1.0,35.252222,-107.595833,83874
KAOI-FM,95.100000,Santa Rosa,CA,,3.5,20.775278,-156.246944,70375
KARA,99.100000,Sacramento,CA,,0.55,39.205556,-121.819167,88177
KARJ,92.100000,Carlsbad,CA,,0.47,33.108833,-117.154278,49206
KARM,89.700000,Visalia,CA,,1.0,36.636111,-118.942222,26360
KARQ,88.500000,Sacramento,CA,,2.8,35.360278,-120.655556,52246
KARW,97.900000,Sacramento,CA,,4.5,36.552444,-121.788111,15197
KASK,91.500000,Vacaville,CA,,0.075,38.319167,-121.991944,82104
KATJ-FM,100.700000,Victorville,CA,,0.26,34.610556,-117.288333,29224
KATY-FM,101.300000,Vista,CA,,1.55,33.725278,-116.749444,33611
KAWF,88.500000,Sacramento,CA,,50.0,36.447222,-119.619444,89071
KAWV,88.300000,Sacramento,CA,,0.0,27.752222,-98.131944,91097
KAXL,88.300000,Bakersfield,CA,,21.0,35.415278,-119.233611,60582
KAZU,90.300000,Pacific Grove,CA,,3.1,36.552444,-121.788111,43591
KBAA,103.300000,Camarillo,CA,,1.25,39.167778,-120.863889,87969
KBBF,89.100000,Santa Rosa,CA,,0.42,38.656389,-122.615,5310
KBBU,93.900000,Manteca,CA,,4.0,37.65,-121.023333,43335
KBBY-FM,95.100000,Ventura,CA,,0.0,0.0,-0.0,7745
KBDG,90.900000,Turlock,CA,,0.73,37.516944,-120.869444,3051
KBDS,103.900000,Keene,CA,,6.0,35.117778,-119.459167,456
KBEB,92.500000,Sacramento,CA,,39.0,38.707222,-121.475833,10146
KBES,89.500000,Modesto,CA,,0.15,37.589167,-120.956389,4938
KBFP-FM,105.300000,Fresno,CA,,35.0,35.514722,-119.061389,37774
KBHH,95.300000,Keene,CA,,6.0,36.355833,-120.461389,82085
KBHR,93.300000,Big Bear City,CA,,1.3,34.278056,-116.791944,51566
KBIQ,102.700000,Camarillo,CA,,57.0,38.745278,-104.860833,73073
KBKY,94.100000,Sacramento,CA,,6.0,37.466389,-120.235833,78433
KBLD,91.700000,Santa Ana,CA,,1.8,46.082778,-119.160833,8411
KBLO,102.300000,Stockton,CA,,19.5,36.184444,-119.400278,54541
KBLX-FM,102.900000,San Francisco,CA,,7.2,37.689167,-122.435556,28670
KBOX,104.100000,Santa Maria,CA,,3.3,34.741667,-120.445833,7049
KBPK,90.100000,Buena Park,CA,,0.019,33.859722,-118.014722,7742
KBQB,92.700000,Chico,CA,,1.5,39.806944,-121.626389,10813
KBRG,100.300000,San Jose,CA,,14.5,37.111111,-121.842778,68839
KBTW,104.500000,Chula Vista,CA,,1.1,34.970833,-117.039444,81804
KBUA,94.300000,Los Angeles,CA,,6.0,34.284167,-118.471389,10097
KBUE,105.500000,Los Angeles,CA,,3.0,33.858056,-118.223333,34386
KBYN,95.900000,Hughson,CA,,0.86,38.377778,-120.1925,15005
KCAI,89.300000,Sacramento,CA,,0.0,38.119444,-120.724167,90988
KCAL-FM,96.700000,Solana Beach,CA,,1.75,34.1975,-117.286111,59272
KCAQ,95.900000,Santa Monica,CA,,1.2,34.348611,-119.336944,70563
KCBX,90.100000,San Luis Obispo,CA,,5.3,35.360278,-120.654722,33705
KCCL,101.500000,Chico,CA,,5.7,38.596389,-121.680278,52516
KCCN-FM,100.300000,Los Angeles,CA,,100.0,21.3975,-158.100278,34552
KCDA,103.100000,Bakersfield,CA,,18.5,47.581111,-117.296389,57625
KCDZ,107.700000,Joshua Tree,CA,,6.7,34.154167,-116.197222,43811
KCEA,89.100000,Atherton,CA,,0.1,37.492222,-122.274444,41168
KCEC-FM,104.500000,Keene,CA,,1.75,32.672778,-114.337222,21207
KCEZ,102.100000,Chico,CA,,25.0,39.888056,-122.627222,55437
KCHO,91.700000,Chico,CA,,7.7,39.958333,-121.713333,68938
KCJH,89.100000,Stockton,CA,,0.0,37.579444,-120.846667,63466
KCLM,89.700000,Sacramento,CA,,2.45,34.910278,-120.185556,87300
KCLU-FM,88.300000,Thousand Oaks,CA,,3.2,34.218056,-118.945,8220
KCMT,92.100000,Hollywood,CA,,50.0,32.003194,-110.796944,2746
KCNO,94.500000,Alturas,CA,,100.0,41.563889,-120.415278,33732
KCNQ,102.500000,Kernville,CA,,0.13,35.6225,-118.437778,36324
KCPR,91.300000,San Luis Obispo,CA,,0.31,35.360556,-120.655833,8324
KCRE-FM,94.300000,Crescent City,CA,,25.0,41.759722,-124.191111,52106
KCRH,89.900000,Hayward,CA,,0.018,37.639722,-122.104444,61061
KCRI,89.300000,Santa Monica,CA,,3.2,33.801583,-116.224139,59087
KCRU,89.100000,Santa Monica,CA,,0.85,34.113056,-119.059444,59085
KCRW,89.900000,Santa Monica,CA,,6.9,34.118889,-118.391667,59086
KCRY,88.100000,Santa Monica,CA,,10.5,35.122222,-118.206944,59092
KCRZ,104.900000,Beverly Hills,CA,,3.1,36.242194,-118.873111,37015
KCSB-FM,91.900000,Oakland,CA,,0.62,34.525278,-119.958056,69081
KCSM,91.100000,San Mateo,CA,,11.0,37.535583,-122.333333,58913
KCSN,88.500000,Northridge,CA,,0.37,34.319444,-118.554167,62949
KCSS,91.900000,Turlock,CA,,6.0,37.526389,-120.856944,8368
KCVR-FM,98.900000,Sacramento,CA,,6.0,38.0375,-120.368056,12063
KCWR,107.100000,Bakersfield,CA,,6.0,35.369722,-119.005,43749
KCYE,107.900000,Redlands,CA,,100.0,35.836639,-114.320583,25752
KDAR,98.300000,Oxnard,CA,,1.5,34.348611,-119.3325,3077
KDAY,93.500000,El Segundo,CA,,4.2,34.005278,-118.362222,10100
KDB,93.700000,Santa Barbara,CA,,12.5,34.466111,-119.676944,51169
KDBI-FM,106.300000,Laguna Beach,CA,,100.0,43.620833,-117.209722,87812
KDDL,94.300000,Santa Monica,CA,,4.1,34.825556,-112.569167,109
KDES-FM,98.500000,Palm Springs,CA,,38.0,33.866111,-116.434167,24253
KDEY-FM,93.500000,El Segundo,CA,,5.0,34.175556,-117.573889,10099
KDFC,90.300000,San Francisco,CA,,1.0,37.851111,-122.497222,69143
KDFG,103.900000,Monterey,CA,,1.5,36.585833,-121.921944,15936
KDFR,91.300000,Sacramento,CA,,32.0,41.616389,-93.526667,20849
KDLX,94.300000,Santa Rosa,CA,,2.0,20.775278,-156.246944,14699
KDNR,88.700000,Sacramento,CA,,2.5,41.100583,-105.02475,84104
KDOT,104.500000,Hollywood,CA,,25.0,39.313333,-119.883056,38457
KDRW,88.700000,Los Angeles,CA,,12.0,34.465278,-119.676944,69085
KDSC,91.100000,Los Angeles,CA,,4.8,34.413056,-119.186111,69116
KDUV,88.900000,Visalia,CA,,1.0,36.287222,-118.838056,12912
KDVS,90.300000,Oakland,CA,,13.0,38.596389,-121.680278,69345
KDZY,98.300000,Calistoga,CA,,0.5,45.005,-116.133611,82884
KEBN,94.300000,Anaheim,CA,,6.0,33.780833,-117.8925,50513
KEBR,88.100000,Sacramento,CA,,0.0,38.247222,-121.500833,20746
KEBT,96.900000,Los Osos,CA,,15.5,35.327778,-119.716111,11622
KECG,88.100000,El Cerrito,CA,,0.017,37.905556,-122.292778,19081
KEFR,89.900000,Sacramento,CA,,1.8,37.533611,-120.030556,20997
KEGX,106.500000,San Diego,CA,,100.0,46.099444,-119.127778,53140
KEKA-FM,101.500000,Eureka,CA,,89.0,40.42,-124.083333,19839
KEKL,90.700000,Sacramento,CA,,2.0,38.447222,-96.128333,89340
KEPD,104.900000,Ridgecrest,CA,,1.5,35.477222,-117.699722,458
KERU-FM,88.500000,Blythe,CA,,1.0,33.57,-114.348611,19750
KERW,101.300000,Fresno,CA,,3.6,35.360278,-120.655,63523
KESC,99.700000,San Luis Obispo,CA,,0.285,35.361111,-120.655833,58653
KESR,107.100000,Redding,CA,,1.4,40.651667,-122.525556,82687
KEWB,94.700000,Redding,CA,,4.2,40.651667,-122.525556,54487
KEXA,93.900000,Salinas,CA,,5.4,36.38,-121.215833,67104
KFBG,100.700000,San Diego,CA,,30.0,32.838056,-117.249167,42117
KFBK-FM,93.100000,Susanville,CA,,20.5,38.63625,-120.637222,60300
KFCF,88.100000,Fresno,CA,,2.4,37.073056,-119.430833,22641
KFER,89.900000,Santa Cruz,CA,,0.2,37.0125,-121.973611,59064
KFGY,92.900000,Santa Rosa,CA,,2.3,38.7625,-122.84,22879
KFJC,89.700000,Los Altos Hill,CA,,0.11,37.320556,-122.141389,22012
KFLB-FM,88.100000,Sacramento,CA,,100.0,32.095556,-101.813056,92993
KFLV,89.900000,Sacramento,CA,,5.8,40.518333,-96.768333,89576
KFMA,102.100000,Los Angeles,CA,,100.0,32.289722,-111.018333,87841
KFMI,96.300000,Mill Valley,CA,,30.0,40.726944,-123.9725,41243
KFNO,90.300000,Sacramento,CA,,2.2,37.073611,-119.431111,20924
KFOI,90.900000,Los Molinos,CA,,12.0,40.344722,-121.946667,77121
KFPR,88.900000,Chico,CA,,0.75,40.602778,-122.649444,66567
KFRB,91.300000,Sacramento,CA,,0.0,35.438056,-118.739444,20902
KFRC-FM,106.900000,Sacramento,CA,,80.0,37.851111,-122.497222,20897
KFRD,88.900000,Sacramento,CA,,0.0,46.0075,-112.441667,94237
KFRI,88.700000,Sacramento,CA,,100.0,31.848056,-102.450833,85633
KFRR,104.100000,Fresno,CA,,17.0,36.636667,-118.942778,29051
KFRS,89.900000,Sacramento,CA,,0.0,36.273611,-121.27,86669
KFRY,89.900000,Sacramento,CA,,0.87,38.041389,-105.184722,87050
KFSR,90.700000,Fresno,CA,,2.55,36.811667,-119.745278,8349
KFYV,105.500000,Santa Monica,CA,,0.31,34.348611,-119.336944,7744
KGAM,106.300000,Merced,CA,,4.0,37.426389,-120.440278,15099
KGBA-FM,100.100000,El Centro,CA,,6.0,32.811944,-115.497056,66640
KGBB,103.900000,Ridgecrest,CA,,6.0,34.979167,-118.167222,457
KGCL,90.900000,Sacramento,CA,,0.0,43.006944,-116.703611,85777
KGDP-FM,90.500000,Los Osos,CA,,17.5,34.741667,-120.445833,79035
KGEN-FM,94.500000,Tulare,CA,,3.3,36.204444,-119.564722,25970
KGFM,101.500000,Bakersfield,CA,,6.7,35.438056,-118.739444,36234
KGFT,100.700000,Camarillo,CA,,77.0,38.745278,-104.860833,20579
KGGI,99.100000,Riverside,CA,,2.55,34.234444,-117.14,10135
KGMX,106.300000,Santa Monica,CA,,3.0,34.744722,-118.125,19703
KGRB,94.300000,Jackson,CA,,4.3,38.402778,-120.654167,24464
KGRI,88.100000,Sacramento,CA,,0.16,44.483056,-122.581944,91560
KGUD,90.700000,Longmont,CA,,0.1,40.24,-105.055278,62178
KGZO,90.900000,Camarillo,CA,,1.9,35.280833,-119.747778,27153
KHAP,89.100000,Sacramento,CA,,12.0,39.726944,-121.679167,20732
KHAY,100.700000,Ventura,CA,,39.0,34.348611,-119.3325,35848
KHCS,91.700000,Long Beach,CA,,0.96,33.865833,-116.432222,77680
KHDC,90.900000,Fresno,CA,,3.0,36.581667,-121.442778,54497
KHDR,96.900000,Los Angeles,CA,,1.0,34.970833,-117.039722,89344
KHEX,100.300000,Stockton,CA,,1.65,39.767778,-121.481389,31618
KHFM,95.500000,Bakersfield,CA,,17.5,35.780278,-106.526944,52813
KHHM,101.900000,San Jose,CA,,47.0,38.853333,-120.939722,50302
KHHZ,97.700000,Sacramento,CA,,1.5,39.505,-121.309722,50709
KHIT-FM,107.100000,Madera,CA,,9.9,37.127778,-119.677222,51845
KHJC,88.900000,Santa Monica,CA,,2.0,22.004722,-159.360556,81138
KHKX,99.100000,Sacramento,CA,,100.0,32.0525,-102.294167,67368
KHLV,90.100000,Sacramento,CA,,0.001,46.768611,-112.0225,94234
KHOV-FM,105.100000,Orange,CA,,46.0,34.192222,-112.753611,29021
KHPT,106.900000,Camarillo,CA,,91.6,30.231389,-95.123889,69564
KHRD,103.100000,Chico,CA,,4.2,40.651667,-122.525556,82720
KHRQ,94.900000,Los Angeles,CA,,1.45,35.436111,-115.923611,89128
KHSR,91.900000,Arcata,CA,,4.5,41.759722,-124.191111,28112
KHSU,90.500000,Arcata,CA,,8.5,40.726944,-123.972778,28111
KHTH,101.700000,Santa Rosa,CA,,2.2,38.508889,-122.662222,22890
KHTI,103.900000,Inglewood,CA,,0.18,34.234167,-117.140278,2398
KHUM,104.700000,Ferndale,CA,,24.5,40.726667,-123.971667,33653
KHWA,102.300000,Mt. Shasta,CA,,15.5,41.358333,-122.205833,68152
KHWY,98.900000,Los Angeles,CA,,9.0,34.880556,-115.068333,34556
KHYL,101.100000,Sacramento,CA,,0.0,0.0,-0.0,10144
KHYZ,99.700000,Los Angeles,CA,,8.4,35.490833,-115.5575,34555
KIBC,90.500000,Burney,CA,,3.0,40.874722,-121.770278,7862
KIBS,100.700000,Bishop,CA,,1.0,37.416667,-118.183333,24945
KIBT,96.100000,Camarillo,CA,,0.46,38.745556,-104.861667,66669
KICR,102.300000,West Hills,CA,,0.172,47.659722,-116.953333,76431
KIDE,91.300000,Hoopa,CA,,0.195,41.064167,-123.684722,27612
KIDI-FM,105.100000,Guerneville,CA,,3.4,34.741944,-120.446111,38306
KIDN-FM,95.900000,Bakersfield,CA,,6.0,40.521111,-107.296111,57339
KIHS,88.500000,Santa Ana,CA,,0.56,41.6025,-94.048611,92489
KINE-FM,105.100000,Los Angeles,CA,,100.0,21.3975,-158.100278,34553
KINT-FM,93.900000,Los Angeles,CA,,96.0,31.796111,-106.4825,51709
KIOK,94.900000,San Diego,CA,,100.0,46.096389,-119.193333,12455
KISL,88.700000,Avalon,CA,,0.2,33.342222,-118.319722,65567
KISQ,98.100000,San Francisco,CA,,75.0,37.851111,-122.497222,59964
KISV,94.100000,Bakersfield,CA,,4.5,35.438056,-118.739444,18060
KIWI,102.900000,Bakersville,CA,,25.0,35.321111,-119.707222,8108
KIXF,101.500000,Los Angeles,CA,,4.3,35.436111,-115.923611,68412
KIXW-FM,107.300000,Los Angeles,CA,,1.0,34.970833,-117.039444,68413
KJAI,89.500000,Yucaipa,CA,,0.097,34.4125,-119.187778,60140
KJCB,88.900000,Santa Ana,CA,,0.0,45.853333,-108.763889,93512
KJCH,90.900000,Santa Ana,CA,,3.5,42.958889,-124.273056,90263
KJCU,89.900000,Santa Ana,CA,,0.13,39.443056,-123.732778,87930
KJDX,93.300000,Susanville,CA,,100.0,40.453611,-120.570556,50306
KJEE,92.900000,Santa Barbara,CA,,0.82,34.465833,-119.676944,43589
KJFT,90.300000,Santa Ana,CA,,0.4,47.017778,-114.013611,93587
KJFX,95.700000,Fresno,CA,,17.5,36.948611,-119.485833,65773
KJKF,88.900000,Sacramento,CA,,0.11,42.068056,-121.970278,79135
KJKL,89.100000,Sacramento,CA,,0.0,46.834722,-98.691944,94213
KJLH,102.300000,Inglewood,CA,,5.6,33.997778,-118.358889,64639
KJMB-FM,100.300000,Blythe,CA,,36.0,33.621111,-114.591111,29590
KJMN,92.100000,San Jose,CA,,42.0,39.385278,-105.047778,10056
KJMQ,98.100000,Torrance,CA,,0.45,21.978056,-159.498611,49898
KJNY,99.100000,Eureka,CA,,6.0,40.500833,-124.285556,39505
KJOR,104.100000,Rohnert Park,CA,,0.9,38.541111,-122.901389,32912
KJOY,99.300000,Stockton,CA,,4.0,37.991667,-121.288056,32215
KJRC,89.900000,Sacramento,CA,,25.0,44.328333,-103.834167,90517
KJUG-FM,106.700000,Tulare,CA,,27.1,36.242194,-118.873111,71714
KJVH,89.500000,Sacramento,CA,,0.0,46.164444,-122.853611,20734
KJWL,99.300000,Fresno,CA,,14.5,36.735278,-119.785833,31538
KJWM,91.500000,Stockton,CA,,11.5,40.728889,-98.570222,90676
KJZY,93.700000,Santa Rosa,CA,,6.0,38.418611,-122.675833,31444
KKAL,92.500000,Bakersfield,CA,,4.8,35.361111,-120.655833,64343
KKBN,93.500000,Twain Harte,CA,,0.4,38.008333,-120.362222,11977
KKBZ,105.100000,Los Angeles,CA,,0.6,37.073611,-119.431111,38455
KKCH,92.700000,Bakersfield,CA,,55.2,39.418611,-107.368333,4360
KKCM,92.100000,Twenty-Nine Palms,CA,,1.3,33.655,-115.986944,16771
KKCY,103.100000,Chico,CA,,0.135,39.205833,-121.819722,52507
KKFS,103.900000,Yuba City,CA,,6.0,38.875833,-121.125,56366
KKGO,105.100000,Los Angeles,CA,,18.0,34.229167,-118.067778,43939
KKHB,105.500000,Mill Valley,CA,,28.0,40.730556,-123.951944,61580
KKHK,95.500000,Carmel,CA,,1.7,36.5525,-121.788056,29337
KKIQ,101.700000,San Jose,CA,,4.1,37.595,-121.661944,67818
KKJA,89.900000,Santa Ana,CA,,1.5,44.438056,-120.953889,92285
KKJG,98.100000,Bakersfield,CA,,4.5,35.361111,-120.655833,71713
KKJZ,88.100000,Long Beach,CA,,30.0,33.799444,-118.161944,8197
KKLA-FM,99.500000,Camarillo,CA,,10.0,34.223889,-118.062222,48453
KKLB,89.100000,Sacramento,CA,,0.0,36.703611,-95.515833,92989
KKLC,107.900000,Mount Shasta,CA,,13.0,40.906389,-121.8275,60022
KKLJ,100.100000,Sacramento,CA,,0.11,33.159167,-116.614722,49854
KKLQ,100.300000,Glendale,CA,,5.4,34.226389,-118.066111,70038
KKLW,90.900000,Sacramento,CA,,0.4,45.197778,-94.949444,92992
KKRI,88.100000,Sacramento,CA,,0.0,35.225,-94.301111,88401
KKRO,102.700000,Redding,CA,,5.5,40.344722,-121.946667,40829
KKRS,97.300000,Santa Ana,CA,,5.1,47.587222,-117.890556,78008
KKTH,104.700000,Beverly Hills,CA,,100.0,34.77,-106.861667,65704
KKTO,90.500000,Sacramento,CA,,0.0,39.310556,-119.883611,8331
KKUP,91.500000,Cupertino,CA,,0.2,37.111111,-121.843333,3050
KKXS,96.100000,Chico,CA,,1.9,40.488333,-121.899444,83787
KKXX-FM,93.100000,Bakersfield,CA,,4.0,35.4725,-119.027778,35953
KKZQ,100.100000,Santa Monica,CA,,0.34,35.075,-118.368611,85024
KLAI,90.300000,Redway,CA,,0.0,39.693889,-123.578611,85065
KLBF,89.100000,Sacramento,CA,,2.3,46.605556,-100.806944,91457
KLBZ,89.300000,Sacramento,CA,,0.0,45.956944,-111.370556,94232
KLCA,96.500000,Los Angeles,CA,,6.1,39.310556,-119.883611,41884
KLFF,89.300000,San Luis Obispo,CA,,4.4,35.360278,-120.654722,38281
KLFG,89.500000,Sacramento,CA,,34.0,42.8175,-94.411389,92486
KLFH,90.700000,Sacramento,CA,,0.0,35.165556,-93.676667,89309
KLFS,90.300000,Sacramento,CA,,0.0,35.393611,-94.551944,93775
KLGE,94.100000,Ferndale,CA,,4.5,40.500861,-124.285583,82688
KLJR-FM,96.700000,Oxnard,CA,,0.28,34.325833,-119.038333,35925
KLKI,89.900000,Santa Ana,CA,,0.0,35.248333,-114.742778,91952
KLLE,107.900000,Merced,CA,,1.75,37.295,-119.564167,31716
KLLU,88.900000,Sacramento,CA,,0.6,35.604722,-108.684444,94212
KLMG,97.900000,Chula Vista,CA,,6.0,38.759167,-121.875833,51221
KLMM,94.100000,Los Angeles,CA,,0.34,34.897778,-120.589167,46401
KLNZ,103.500000,Sacramento,CA,,48.0,33.5925,-112.580278,48738
KLOB,94.700000,Los Angeles,CA,,1.65,33.865556,-116.432778,40518
KLOK-FM,99.500000,San Jose,CA,,30.0,36.464167,-121.297778,49100
KLOV,89.300000,Sacramento,CA,,3.5,43.235556,-123.321667,79246
KLPX,96.100000,Hollywood,CA,,82.0,32.248889,-111.116389,2745
KLRD,90.100000,Sacramento,CA,,0.59,34.062778,-116.893056,60144
KLRI,89.500000,Sacramento,CA,,0.0,43.501111,-112.662222,91942
KLRK,95.300000,San Jose,CA,,0.87,37.204722,-121.948889,35569
KLRS,89.700000,Sacramento,CA,,2.5,38.271667,-121.505,89079
KLSB,97.500000,Santa Barbara,CA,,16.0,34.525556,-119.957778,3159
KLTY,94.900000,Camarillo,CA,,99.0,32.588611,-96.968056,2809
KLUN,103.100000,Los Angeles,CA,,1.1,35.645833,-120.737778,2243
KLVA,89.900000,Bishop,CA,,0.0,33.731111,-111.344167,94226
KLVB,99.500000,Sacramento,CA,,3.3,38.648056,-121.0975,70676
KLVC,88.300000,Sacramento,CA,,5.7,39.9625,-121.711111,18832
KLVG,103.700000,Sacramento,CA,,11.0,40.334722,-124.108889,6739
KLVJ,102.100000,San Diego,CA,,30.0,32.84,-117.247778,51503
KLVK,89.100000,Sacramento,CA,,30.0,33.5925,-112.580278,76329
KLVM,88.900000,"Santa Cruz,",CA,,1.25,36.534722,-121.620556,51718
KLVN,88.300000,Sacramento,CA,,7.5,37.608611,-120.650556,83610
KLVO,97.700000,Bakersfield,CA,,98.4,34.798611,-106.816389,25529
KLVR,91.900000,Sacramento,CA,,0.83,38.669167,-122.631389,18801
KLVS,107.300000,"Stockton,",CA,,4.1,37.815833,-122.061389,69685
KLVU,107.100000,Sacramento,CA,,9.8,44.483056,-122.581667,23030
KLVY,91.100000,Sacramento,CA,,39.0,37.127778,-119.6775,18854
KLWG,88.100000,Lompoc,CA,,2.5,34.91,-120.186111,90485
KLXD,89.500000,Sacramento,CA,,1.2,34.612222,-117.291667,60139
KLXF,90.500000,Ceres,CA,,1.5,37.607778,-120.9575,43333
KLXY,90.500000,Keene,CA,,0.85,36.285833,-118.8375,21210
KLXZ,91.300000,Stockton,CA,,0.5,33.404222,-105.781861,91581
KLYY,97.500000,San Jose,CA,,72.0,34.234444,-117.14,58809
KMAK,100.300000,Visalia,CA,,0.072,36.745833,-119.282778,56145
KMEN,100.500000,San Rafael,CA,,6.0,36.647222,-120.350556,88205
KMIX,100.900000,Sacramento,CA,,6.0,37.624722,-121.399167,60420
KMKX,93.500000,Napa,CA,,0.89,39.516389,-123.089167,65699
KMLA,103.700000,Oxnard,CA,,1.0,34.302778,-119.228056,55273
KMLM-FM,107.300000,Fresno,CA,,3.5,35.360278,-120.655,54364
KMLV,88.100000,Sacramento,CA,,59.0,41.311111,-96.026944,85846
KMMT,106.500000,Mammoth Lakes,CA,,0.36,37.628333,-119.029722,39767
KMPO,88.700000,Fresno,CA,,2.05,37.533333,-120.024722,54493
KMQA,100.500000,Reseda,CA,,2.0,35.76,-118.758889,3395
KMRJ,99.500000,San Juan Capistrano,CA,,3.0,33.870833,-116.226944,15475
KMRO,90.300000,Camarillo,CA,,10.5,34.411389,-119.176111,65404
KMTG,89.300000,San Jose,CA,,0.3,37.201667,-121.861667,58847
KMUD,91.100000,Redway,CA,,0.0,40.120278,-123.691944,55426
KMUE,88.100000,Redway,CA,,10.0,40.7275,-123.971389,55429
KMVE,106.900000,California City,CA,,2.35,35.212222,-117.753056,33526
KMWR,90.700000,Redding,CA,,0.1,42.123056,-124.298889,93386
KMXX,99.300000,Los Angeles,CA,,6.0,32.911111,-115.527778,6665
KMYT,94.500000,Temecula,CA,,0.54,33.480833,-117.182778,2910
KMYX-FM,92.500000,Keene,CA,,0.62,35.19475,-118.704444,21209
KNBX,91.700000,Santa Cruz,CA,,3.0,35.951222,-121.000722,51720
KNCO-FM,94.100000,Grass Valley,CA,,2.35,39.233778,-121.055083,48339
KNCQ,97.300000,Redding,CA,,28.0,40.602778,-122.649444,40828
KNDZ,89.300000,Angwin,CA,,0.0,40.825556,-124.001389,89458
KNHM,91.500000,Kneeland,CA,,0.48,40.727222,-123.972778,12486
KNLF,95.900000,Quincy,CA,,1.0,39.9375,-120.945556,48496
KNOB,96.700000,Healdsburg,CA,,2.5,38.735556,-122.848611,79003
KNRI,89.700000,Sacramento,CA,,1.3,46.827222,-100.774444,93595
KNTI,99.500000,Lakeport,CA,,2.4,39.130556,-123.075556,20025
KNTO,93.300000,Sacramento,CA,,2.95,37.217222,-120.198889,18858
KNTY,103.500000,Elk Grove,CA,,6.0,38.566389,-121.479722,20435
KNVE,91.300000,Sacramento,CA,,0.11,40.654278,-122.519972,77093
KNVM,89.700000,Prunedale,CA,,0.45,36.756111,-121.501667,53696
KNZR-FM,97.700000,Bakersfield,CA,,4.1,35.459167,-119.020278,8109
KOCP,104.700000,Santa Monica,CA,,18.0,34.422222,-119.034444,25092
KODS,103.700000,Los Angeles,CA,,5.9,39.310556,-119.883611,2103
KOHL,89.300000,Fremont,CA,,0.145,37.537222,-121.903889,22626
KOKO-FM,94.300000,Hollywood,CA,,6.0,36.741389,-120.085556,3970
KOLA,99.900000,Solana Beach,CA,,29.5,33.966389,-117.287778,55240
KOLC,97.300000,Los Angeles,CA,,87.0,39.257222,-119.71,53706
KOMP,92.300000,Los Angeles,CA,,25.0,35.965833,-115.500833,38451
KOND,107.500000,Visalia,CA,,24.6,36.636667,-118.942778,26266
KORB,88.700000,Sacramento,CA,,0.0,38.970833,-123.113889,88397
KOSC,89.900000,Angwin,CA,,0.8,38.669167,-122.631389,27946
KOST,103.500000,Los Angeles,CA,,11.5,34.226472,-118.066028,34424
KOZT,95.300000,Fort Bragg,CA,,35.0,39.406667,-123.734444,8326
KOZZ-FM,105.700000,Los Angeles,CA,,25.0,39.313333,-119.883056,38452
KPAT,95.700000,Los Osos,CA,,3.3,34.741667,-120.445833,54755
KPAY-FM,93.900000,Chico,CA,,2.0,39.946111,-121.721389,51637
KPBS-FM,89.500000,San Diego,CA,,25.7,32.838056,-117.249167,58823
KPCC,89.300000,Pasadena,CA,,0.6,34.226667,-118.066111,51701
KPDO,89.300000,Loma Mar,CA,,0.1,37.244444,-122.409167,89081
KPDQ-FM,93.900000,Camarillo,CA,,50.0,45.488889,-122.694444,58629
KPFA,94.100000,Berkeley,CA,,59.0,37.865278,-122.22,51246
KPFB,89.300000,Berkley,CA,,0.46,37.872222,-122.271667,51243
KPFK,90.700000,North Hollywood,CA,,110.0,34.229167,-118.0675,51252
KPFR,89.500000,Sacramento,CA,,0.0,45.332778,-121.713333,85834
KPFT,90.100000,Berkeley,CA,,100.0,29.8875,-95.522778,51244
KPFZ-FM,88.100000,Lucerne,CA,,0.0,38.989722,-122.768056,90952
KPIJ,88.500000,Santa Ana,CA,,0.55,44.278889,-123.593889,92491
KPJP,89.300000,Tahoma,CA,,0.0,40.233056,-121.018889,92527
KPKJ,88.500000,Santa Ana,CA,,1.45,35.56,-109.108333,93073
KPLM,106.100000,Palm Springs,CA,,50.0,33.870556,-116.2275,54360
KPOD-FM,97.900000,Crescent City,CA,,6.0,41.759722,-124.191111,37153
KPOO,89.500000,San Francisco,CA,,0.27,37.7925,-122.414444,53008
KPOR,90.300000,Sacramento,CA,,0.235,45.333611,-121.7125,91542
KPRA,89.500000,Sacramento,CA,,1.6,39.116944,-123.231667,20877
KPRX,89.100000,Fresno,CA,,11.0,35.486111,-118.888889,72186
KPSC,88.500000,Los Angeles,CA,,1.6,33.865556,-116.434444,69394
KPSI-FM,100.500000,Palm Springs,CA,,25.0,33.945556,-116.409444,35497
KPSL-FM,96.500000,Fresno,CA,,50.0,35.485556,-118.888611,28847
KPVW,107.100000,San Diego,CA,,20.1,39.315556,-106.958889,3008
KPWR,105.900000,Burbank,CA,,25.0,34.227222,-118.066667,35498
KPYG,94.900000,Cambria,CA,,25.0,35.523889,-121.061111,9851
KQAV,93.500000,Santa Monica,CA,,3.0,34.874167,-118.273333,70879
KQED-FM,88.500000,San Francisco,CA,,110.0,37.689722,-122.436944,35501
KQEI-FM,89.300000,Sacramento,CA,,3.3,38.710556,-121.481667,20791
KQFE,88.900000,Sacramento,CA,,1.25,44.003056,-123.113333,21029
KQIE,104.700000,Palm Springs,CA,,1.35,34.036944,-116.968611,67354
KQKZ,92.100000,Bakersfield,CA,,3.6,35.486611,-118.888861,35108
KQLB,106.900000,Los Banos,CA,,6.0,36.926389,-120.845,70431
KQNG-FM,93.500000,Santa Rosa,CA,,51.0,21.991944,-159.405833,58937
KQOD,100.100000,Stockton,CA,,6.0,37.996611,-121.204417,9134
KQPM,105.900000,Mill Valley,CA,,1.9,39.130556,-123.075556,65249
KQRI,105.500000,Sacramento,CA,,97.58,34.798611,-106.816389,84247
KQUE-FM,88.100000,Sacramento,CA,,3.6,28.800833,-96.125556,91338
KRAB,106.100000,Fresno,CA,,25.0,35.359167,-118.729167,17359
KRAJ,100.900000,Ridgecrest,CA,,1.5,35.477222,-117.699722,84860
KRAY-FM,103.500000,Sacramento,CA,,2.5,36.672222,-121.524444,33754
KRBG,88.700000,Sacramento,CA,,9.5,34.897222,-102.235556,93643
KRCB-FM,104.900000,Rohnert Park,CA,,2.3,38.508889,-122.662222,55967
KRCD,103.900000,Los Angeles,CA,,4.1,34.007222,-118.365,1025
KRCG-FM,91.100000,Rohnert Park,CA,,0.12,38.740278,-122.846111,57946
KRCK-FM,97.700000,Sacramento,CA,,1.6,33.802222,-116.225,52808
KRCV,98.300000,Los Angeles,CA,,6.0,34.071667,-117.812778,19088
KRCW,96.300000,Keene,CA,,19.5,46.765278,-119.280833,49731
KRCX-FM,99.900000,San Jose,CA,,1.75,39.205556,-121.819444,56513
KRDA,92.100000,Sacramento,CA,,39.0,37.127778,-119.6775,39567
KRDG,105.300000,Redding,CA,,28.0,40.488611,-121.906389,41620
KRED,92.300000,Mill Valley,CA,,25.0,40.726944,-123.973611,35530
KRHQ,102.300000,Palm Springs,CA,,2.6,33.870556,-116.2275,43132
KRHV,93.300000,Mammoth Lakes,CA,,0.89,37.413333,-118.185556,15553
KRIT,93.900000,Keene,CA,,7.6,34.141667,-114.297222,88674
KRKC-FM,102.100000,King City,CA,,2.85,35.951214,-121.000714,34885
KRKS-FM,94.700000,Camarillo,CA,,100.0,40.071944,-105.353889,58631
KRLT,93.900000,South Lake Tahoe,CA,,3.0,38.960556,-119.942222,55494
KRNN,102.700000,Santa Rosa,CA,,6.0,58.285833,-134.427778,17049
KRNO,106.900000,Los Angeles,CA,,35.0,39.310556,-119.883611,204
KRQB,96.100000,Hemet,CA,,1.4,34.036944,-116.968611,25809
KRQK,100.300000,Chula Vista,CA,,3.7,34.741667,-120.445833,51264
KRQR,106.700000,Chico,CA,,50.0,39.887778,-122.627222,67691
KRQZ,91.500000,Lompoc,CA,,4.0,34.835556,-120.401667,78929
KRRB,88.100000,Sacramento,CA,,45.0,43.620833,-117.209722,88927
KRRL,92.300000,Los Angeles,CA,,42.0,34.226667,-118.065833,35022
KRRX,106.100000,Redding,CA,,100.0,40.905833,-121.827222,41241
KRSH,95.900000,Healdsburg,CA,,2.65,38.735556,-122.848611,16257
KRSS,93.500000,Santa Ana,CA,,11.0,40.519722,-95.184167,33390
KRTM,88.100000,Santa Ana,CA,,0.15,34.037778,-116.813333,91840
KRTO,97.100000,Santa Maria,CA,,0.36,34.897778,-120.589722,7101
KRTY,91.900000,Sacramento,CA,,7.4,38.337778,-98.763333,93610
KRTZ,98.700000,Bakersfield,CA,,27.0,37.219444,-108.807222,16435
KRVA-FM,107.100000,Sacramento,CA,,3.6,33.125,-95.742222,54731
KRVF,106.900000,Sacramento,CA,,21.5,32.103333,-96.375833,41323
KRVH,91.500000,Rio Vista,CA,,0.05,38.154722,-121.696667,56557
KRVQ-FM,104.500000,Kernville,CA,,0.2,35.6225,-118.437778,35856
KRVR,105.500000,Modesto,CA,,1.0,37.948611,-120.704444,67043
KRXV,98.100000,Los Angeles,CA,,1.55,34.995278,-116.8375,34554
KRZY-FM,105.900000,San Jose,CA,,100.0,35.780278,-106.526389,65475
KSAC-FM,105.500000,Chula Vista,CA,,2.55,38.788056,-122.114444,51220
KSBR,88.500000,Mission Viejo,CA,,0.6,33.503056,-117.602222,58529
KSCU,103.300000,Santa Clara,CA,,0.03,37.347222,-121.939167,59061
KSDS,88.300000,San Diego,CA,,0.0,32.804722,-117.169167,58818
KSDW,88.900000,Santa Ana,CA,,0.27,33.369444,-116.935278,52141
KSEA,107.900000,Keene,CA,,0.87,36.383333,-121.427778,68169
KSEH,94.500000,Los Angeles,CA,,50.0,32.911111,-115.527778,6666
KSES-FM,107.100000,San Jose,CA,,1.75,36.5525,-121.788056,3155
KSGN,89.700000,Riverside,CA,,2.75,34.197472,-117.285889,35600
KSGR,91.100000,Santa  Ana,CA,,5.4,27.996944,-97.246111,81512
KSHA,104.300000,Redding,CA,,100.0,40.653889,-122.52,51641
KSHK,103.100000,Santa Rosa,CA,,51.0,21.991944,-159.405833,62228
KSJS,90.500000,San Jose,CA,,1.5,37.209167,-121.775,58845
KSJV,91.500000,Fresno,CA,,16.0,36.6375,-118.943056,54496
KSLG-FM,93.100000,Eureka,CA,,50.0,40.727222,-123.972778,71700
KSLY,96.100000,Fresno,CA,,4.5,35.360278,-120.655556,58894
KSMC,89.500000,Moraga,CA,,0.8,37.840278,-122.11,3024
KSMT,102.100000,Bakersfield,CA,,6.0,39.495556,-106.028889,57336
KSNN,103.700000,Santa Rosa,CA,,4.1,38.3875,-107.675278,89280
KSNO-FM,103.900000,Bakersfield,CA,,6.0,39.2475,-106.920278,57337
KSPB,91.900000,Pebble Beach,CA,,1.0,36.586389,-121.9225,57047
KSPC,88.700000,Claremont,CA,,0.4,34.1425,-117.721389,52922
KSPE,94.500000,Santa Barbara,CA,,0.81,34.525556,-119.957778,61058
KSQD,90.700000,Santa Cruz,CA,,0.32,37.002778,-122.051389,12141
KSQQ,96.100000,San Jose,CA,,4.7,37.183611,-121.8025,14247
KSRF,95.900000,Santa Rosa,CA,,51.0,21.991944,-159.405833,39136
KSRH,88.100000,San Rafael,CA,,0.007,37.971111,-122.513056,58923
KSRT,107.100000,Ukiah,CA,,3.5,38.809444,-123.048889,52879
KSRW,92.500000,Independence,CA,,0.87,36.977222,-118.120278,46683
KSRY,103.100000,Palmdale,CA,,1.9,35.075,-118.368889,66228
KSSB,96.300000,Calipatria,CA,,6.0,33.120278,-115.511944,52469
KSSI,102.100000,Ridgecrest,CA,,1.55,35.4775,-117.699444,60883
KSTT-FM,104.500000,Bakersfield,CA,,4.7,35.361111,-120.655833,42066
KSVY,91.300000,Sonoma,CA,,0.0,38.279722,-122.446389,78100
KSXY,100.900000,Santa Rosa,CA,,2.5,38.735556,-122.848611,43711
KSYV,96.700000,Solvang,CA,,0.42,34.691111,-120.266111,51185
KTBJ,89.300000,Santa Ana,CA,,25.0,38.154444,-90.035278,76989
KTEA,103.500000,Cambria,CA,,6.0,35.523917,-121.061194,77773
KTHU,100.700000,Chico,CA,,50.0,39.888056,-122.627222,52509
KTHX-FM,94.500000,Los Angeles,CA,,50.0,39.583889,-119.798056,83586
KTJC,91.100000,Santa Ana,CA,,0.017,46.329444,-122.963889,92487
KTLW,88.900000,Van Nuys,CA,,5.8,34.850833,-118.156111,37813
KTMQ,103.300000,Canyon Lake,CA,,1.25,33.480833,-117.182778,85012
KTOR,99.700000,Chico,CA,,0.47,40.258611,-122.09,82891
KTQX,90.100000,Fresno,CA,,0.57,35.453056,-118.590278,54494
KTSE-FM,97.100000,Modesto,CA,,1.35,37.492778,-121.224722,29542
KTXB,89.700000,Sacramento,CA,,0.0,30.1575,-93.801667,20942
KUAL-FM,103.500000,Pasadena,CA,,20.0,46.332222,-94.173889,60495
KUBO,88.700000,Fresno,CA,,3.0,32.799167,-115.503333,54495
KUCI,88.900000,Oakland,CA,,0.2,33.644722,-117.843333,55570
KUCR,88.300000,Oakland,CA,,0.15,33.966111,-117.287222,66318
KUDL,106.500000,Sacramento,CA,,0.0,0.0,-0.0,57889
KUFR,91.700000,Sacramento,CA,,0.22,40.769167,-111.886667,20716
KUFW,106.300000,Sacramento,CA,,16.0,36.447222,-119.619444,18860
KUIC,95.300000,Pleasanton,CA,,0.49,38.395,-122.099167,54261
KUKI-FM,103.300000,Stockton,CA,,2.9,39.326389,-123.269722,31620
KULV,97.100000,Sacramento,CA,,0.13,39.130917,-123.075778,85173
KUNA-FM,96.700000,Palm Desert,CA,,0.97,33.802222,-116.225,52182
KUNK,92.700000,Mendocino,CA,,3.0,39.3425,-123.780833,31595
KUOP,91.300000,Stockton,CA,,7.0,37.48,-121.350556,69157
KUOR-FM,89.100000,Redlands,CA,,0.035,34.196389,-117.048889,69217
KUSC,91.500000,Los Angeles,CA,,39.0,34.213333,-118.061389,69318
KUZZ-FM,107.900000,Bakersfield,CA,,6.0,35.438056,-118.739722,7697
KVCP,88.300000,Keene,CA,,22.5,33.596389,-112.091389,47667
KVCR,91.900000,San Bernardino,CA,,3.8,33.965833,-117.284722,58794
KVHS,90.500000,Concord,CA,,0.41,38.030278,-122.000833,11903
KVIP-FM,98.100000,Redding,CA,,30.0,40.655,-122.5225,51183
KVJC,91.900000,Santa Ana,CA,,0.66,33.293611,-110.835833,91804
KVLQ,90.100000,Sacramento,CA,,0.0,43.580556,-121.570278,90659
KVMR,89.500000,Nevada City,CA,,1.75,39.246389,-120.963333,48338
KVMX-FM,92.100000,Sacramento,CA,,6.0,38.63625,-120.637222,36028
KVPR,89.300000,Fresno,CA,,2.45,37.073611,-119.431111,72188
KVRA,89.300000,Sacramento,CA,,0.0,44.077778,-121.33,88436
KVRV,97.700000,Santa Rosa,CA,,2.05,38.540278,-122.961111,51218
KVUH,88.500000,Sacramento,CA,,0.0,39.693889,-123.578611,90983
KVVA-FM,107.100000,Sacramento,CA,,17.0,33.445556,-111.621944,1331
KVVF,105.700000,San Jose,CA,,50.0,37.358889,-121.756111,19532
KVVZ,100.700000,Los Angeles,CA,,6.0,37.980278,-122.5275,40136
KVYB,106.300000,Santa Barbara,CA,,0.96,34.296389,-119.2725,10329
KVYN,99.300000,Napa,CA,,6.0,38.426111,-122.325833,74429
KWCF,89.300000,Santa Ana,CA,,0.85,44.602778,-106.928333,90842
KWDO,105.500000,Fresno,CA,,25.0,36.607778,-119.996944,64144
KWEE,100.100000,Clovis,CA,,12.0,39.259444,-119.705833,48685
KWFN,97.300000,San Diego,CA,,50.0,32.720278,-117.070556,30832
KWIN,97.700000,Stockton,CA,,6.0,38.071389,-121.256944,60425
KWIZ,96.700000,Los Angeles,CA,,6.0,33.802222,-117.795278,37225
KWLU,98.900000,Quincy,CA,,1.1,40.23275,-121.018028,54981
KWLZ,99.300000,Redding,CA,,1.6,40.654167,-122.52,54039
KWMR,90.500000,Point Reyes Station,CA,,0.235,38.08,-122.865833,89129
KWNE,94.500000,Ukiah,CA,,2.2,39.130556,-123.075556,7087
KWNN,98.300000,Stockton,CA,,2.0,37.579444,-120.846667,60427
KWPT,100.300000,Fortuna,CA,,12.0,40.425167,-124.10525,49308
KWRC,90.900000,Santa Ana,CA,,0.4,43.744444,-103.481111,90500
KWRQ,102.300000,Modesto,CA,,4.3,32.889722,-109.323889,56341
KWTD,91.900000,Bishop,CA,,7.0,35.477222,-117.699444,86917
KWTH,91.300000,Bishop,CA,,1.55,34.644167,-116.627222,87122
KWTW,88.500000,Bishop,CA,,0.9,37.413333,-118.185556,86741
KWVE-FM,107.900000,Santa Ana,CA,,0.53,33.711111,-117.531944,8410
KWYC,90.300000,Sacramento,CA,,20.5,41.216944,-104.448056,87267
KWYW,99.100000,Santa Rosa,CA,,50.0,43.438333,-107.993611,89088
KXBX-FM,98.300000,Mill Valley,CA,,4.8,39.048889,-122.7675,49198
KXCM,96.300000,Twentynine Palms,CA,,6.0,34.154167,-116.197222,67029
KXDR,106.700000,Santa Rosa,CA,,38.0,46.8025,-113.971944,89040
KXDZ,100.500000,Capitola,CA,,1.35,35.505278,-120.621667,70781
KXFM,99.100000,Fresno,CA,,2.3,34.910278,-120.185556,5470
KXFR,91.900000,Sacramento,CA,,25.0,34.395556,-107.011667,91553
KXJS,88.700000,Sacramento,CA,,0.12,39.205556,-121.819444,91702
KXJZ,90.900000,Sacramento,CA,,0.0,0.0,-0.0,8336
KXKQ,94.500000,Modesto,CA,,1.7,32.889722,-109.323889,40916
KXLL,100.700000,Santa Rosa,CA,,6.0,58.285833,-134.427778,31000
KXLM,102.900000,Oxnard,CA,,5.5,34.236667,-119.203056,34349
KXLU,88.900000,Los Angeles,CA,,2.9,33.971111,-118.415556,38938
KXO-FM,107.500000,El Centro,CA,,50.0,32.806667,-115.545556,35970
KXOL-FM,96.300000,Los Angeles,CA,,6.6,34.196667,-118.258333,28848
KXOT,106.300000,Bakersfield,CA,,98.1,34.798611,-106.816389,51762
KXPR,88.900000,Sacramento,CA,,50.0,38.273611,-121.503056,8358
KXPT,97.100000,Los Angeles,CA,,25.0,35.967222,-115.501667,38450
KXRP,91.300000,Sacramento,CA,,4.2,46.589722,-100.794056,90269
KXRS,105.700000,Oxnard,CA,,0.17,33.688056,-116.925556,36829
KXSB,101.700000,Oxnard,CA,,0.3,34.213056,-116.866389,43999
KXSE,104.300000,Sacramento,CA,,3.4,38.657222,-121.72,53653
KXSN,98.100000,San Diego,CA,,26.5,32.838056,-117.249167,34589
KXSR,91.700000,Sacramento,CA,,4.0,38.062778,-120.245833,8328
KXTS,98.700000,Calistoga,CA,,2.65,38.735556,-122.848611,72925
KXTZ,95.300000,Arroyo Grande,CA,,4.2,35.156667,-120.636389,30108
KYCC,90.100000,Stockton,CA,,41.0,37.958333,-121.281944,63464
KYCM,89.900000,Stockton,CA,,0.8,32.829722,-105.886944,93483
KYDA,101.700000,Sacramento,CA,,92.0,33.436944,-97.484722,28122
KYDO,96.100000,San Diego,CA,,25.0,32.679417,-116.515778,63471
KYDS,91.500000,Carmichael,CA,,0.41,38.609167,-121.360556,58888
KYKL,90.700000,Sacramento,CA,,0.21,37.560278,-121.605278,92062
KYLD,94.900000,San Francisco,CA,,30.0,37.689444,-122.436111,59989
KYMS,89.900000,Santa Ana,CA,,2.8,48.078333,-116.711667,90229
KYOE,102.300000,Fort Bragg,CA,,1.2,38.895556,-123.542778,16414
KYOR,88.900000,Sacramento,CA,,0.035,44.756389,-124.049722,92485
KYSO,88.700000,Sacrmento,CA,,0.0,42.258056,-123.658889,89860
KYUA,88.500000,Bishop,CA,,1.0,35.4775,-117.699444,93175
KZAP,96.700000,Chico,CA,,1.5,39.9625,-121.711111,56714
KZEP-FM,104.500000,Hollywood,CA,,100.0,29.418333,-98.483611,65329
KZFR,90.100000,Chico,CA,,6.3,39.806944,-121.626389,24541
KZIQ-FM,92.700000,Ridgecrest,CA,,3.0,35.616111,-117.643056,30158
KZJB,90.300000,Santa Ana,CA,,0.0,42.862778,-112.5175,90463
KZLV,91.300000,Sacramento,CA,,50.0,29.244167,-98.740833,66441
KZLZ,105.300000,Sacramento,CA,,0.58,32.248889,-111.116111,36022
KZND-FM,94.700000,San Francisco,CA,,21.5,61.336667,-149.5125,10770
KZOZ,93.300000,San Luis Obispo,CA,,23.0,35.361111,-120.655833,36025
KZRI,88.700000,Sacramento,CA,,3.7,45.333611,-121.7125,79245
KZRO,100.100000,Mt. Shasta,CA,,12.5,41.291667,-122.239167,21223
KZSC,88.100000,Oakland,CA,,20.0,37.002778,-122.051111,66310
KZST,100.100000,Santa Rosa,CA,,6.0,38.418611,-122.675833,55430
KZSU,90.100000,Stanford,CA,,0.5,37.411667,-122.178056,65452
KZSZ,107.500000,Chico,CA,,28.0,39.288056,-122.333889,51638
KZYR,97.700000,Bakersfield,CA,,15.0,39.634722,-106.446389,57335
KZYX,90.700000,Philo,CA,,3.4,39.022778,-123.521389,41157
KZYZ,91.500000,Philo,CA,,1.7,39.326389,-123.269444,41161
KZZS,98.300000,Santa Rosa,CA,,100.0,44.575528,-106.872694,89085
WARH,106.500000,Burbank,CA,,90.0,38.574361,-90.325417,74577
WAVA-FM,105.100000,Camarillo,CA,,33.0,38.891667,-77.131944,4644
WAWY,103.900000,Sacramento,CA,,2.55,42.105833,-88.376944,3135
WAYK,105.900000,Camarillo,CA,,1.25,38.173528,-85.913917,50764
WBFR,89.500000,Sacramento,CA,,0.0,33.483889,-86.809722,20989
WBGK,99.700000,Torrance,CA,,1.4,43.141111,-75.030278,110
WBHU,105.500000,Fresno,CA,,17.0,29.850278,-81.330278,53672
WBKC,90.900000,Santa Ana,CA,,0.92,39.321389,-86.518889,91951
WBKV,89.900000,Sacramento,CA,,16.0,42.688611,-78.754167,20725
WCOA-FM,88.900000,Sacramento,CA,,0.0,40.371389,-78.982222,20682
WCOB,88.300000,Sacramento,CA,,0.01,40.893056,-77.863333,91930
WCOX,91.100000,Sacramento,CA,,0.0,40.294444,-78.573611,91927
WCPR-FM,97.900000,Monterey,CA,,50.0,30.617222,-89.134167,72194
WCVM,94.700000,Santa Ana,CA,,4.0,41.741667,-85.242222,41670
WEFR,88.100000,Sacramento,CA,,0.63,41.966389,-80.111111,20975
WEPN-FM,98.700000,Burbank,CA,,6.0,40.748333,-73.986111,63781
WERC-FM,105.500000,Bakersfield,CA,,29.5,33.484444,-86.806944,62278
WFAN-FM,101.900000,Burbank,CA,,6.0,40.748333,-73.986111,67846
WFCH,88.500000,"Sacramento,",CA,,29.5,32.817778,-79.835556,20853
WFIA-FM,94.700000,Camarillo,CA,,3.3,38.283889,-85.904722,48371
WFRS,88.900000,Sacramento,CA,,1.5,40.8075,-73.18,20927
WGBL,96.700000,Monterey,CA,,4.3,30.458611,-89.079444,61305
WHHL,104.100000,Burbank,CA,,50.0,38.652222,-90.284167,74578
WHLP,89.900000,Santa Ana,CA,,8.0,41.435833,-86.846667,91345
WIBC,93.100000,Burbank,CA,,13.5,39.7675,-86.003333,19524
WIMX,95.700000,Riverside,CA,,3.5,41.471944,-83.418056,7730
WJCA,102.100000,Santa Ana,CA,,3.7,43.188611,-78.148056,86922
WJCH,91.900000,Sacramento,CA,,50.0,41.415278,-88.271944,20847
WJCX,99.500000,Santa Ana,CA,,6.0,44.803056,-69.168333,421
WJIK,89.300000,Santa Ana,CA,,2.1,31.891111,-87.7125,90846
WJWD,90.300000,Santa Ana,CA,,0.051,43.344444,-89.102778,93445
WKCC,90.500000,Sacramento,CA,,25.0,32.432778,-84.950556,20810
WKDD,98.100000,Camarillo,CA,,50.0,41.2,-81.523056,43863
WKEL,88.100000,Sacramento,CA,,15.0,43.070583,-77.092917,20953
WKGW,91.700000,Sacramento,CA,,0.0,41.987222,-74.020278,20688
WKMW,88.700000,Sacramento,CA,,4.2,32.092778,-84.282222,90111
WKQX,101.100000,Burbank,CA,,5.7,41.898889,-87.623056,19525
WKVH,91.900000,Sacramento,CA,,1.5,30.670278,-83.940556,93356
WKVP,106.900000,Oakland,CA,,38.0,39.909167,-75.1,20842
WKVY,88.100000,Sacramento,CA,,0.0,37.076667,-84.810833,93774
WLGF,107.100000,Monterey,CA,,2.8,30.458611,-89.079444,37096
WLHK,97.100000,Burbank,CA,,23.0,39.668333,-86.028889,19522
WLST,95.100000,San Rafael,CA,,100.0,45.063333,-87.657222,47935
WLXW,89.700000,Sacramento,CA,,67.0,31.835833,-88.8725,90975
WLZL,107.900000,Sacramento,CA,,49.0,38.996,-76.656944,20983
WMWK,88.100000,Sacramento,CA,,1.1,43.090556,-87.897222,21010
WOFR,89.500000,Sacramento,CA,,10.0,42.110556,-85.6325,91642
WOJC,89.700000,Santa Ana,CA,,0.0,38.844167,-85.823889,93802
WORD-FM,101.500000,Camarillo,CA,,43.0,40.482778,-79.991944,58627
WOTL,90.300000,Sacramento,CA,,0.7,41.646667,-83.606111,20678
WPFW,89.300000,Berkeley,CA,,50.0,38.935833,-77.0925,51255
WPPN,106.700000,Camarillo,CA,,50.0,42.136111,-87.981944,25053
WQHT,97.100000,Burbank,CA,,6.7,40.748333,-73.986111,19615
WQKO,91.900000,Santa Ana,CA,,1.6,41.650278,-85.353333,39886
WSRI,88.700000,Sacramento,CA,,0.6,41.704444,-88.433889,93787
WTHI-FM,99.900000,Burbank,CA,,50.0,39.465833,-87.403333,70652
WTMK,88.500000,Santa Ana,CA,,3.4,41.304167,-87.025,90498
WVBN,103.900000,Sacramnto,CA,,0.98,40.88,-73.877778,14380
WVIG,105.500000,Burbank,CA,,3.3,39.453611,-87.470833,68824
WVRH,94.300000,Santa Ana,CA,,6.0,36.493889,-78.189722,1208
WVRL,88.300000,Santa Ana,CA,,50.0,36.311111,-76.292778,86560
WWFR,91.700000,Sacramento,CA,,2.65,27.120556,-80.399722,20785
WXBK,94.700000,Sacramento,CA,,23.5,40.788056,-74.255278,20886
WXYK,105.900000,Monterey,CA,,25.0,30.405278,-88.790556,72132
WYHI,99.900000,Sacramento,CA,,50.0,41.301111,-87.826389,23476
WYMK,106.300000,Sacramnto,CA,,0.98,41.185833,-73.678056,70274
WYTN,91.700000,Sacramento,CA,,0.9,41.057778,-80.645,20940
KAFM,88.100000,Palisade,CO,,0.3,39.066667,-108.744722,24780
KAJX,91.500000,Aspen,CO,,0.38,39.196667,-106.803889,3009
KALC,105.900000,Denver,CO,,96.0,39.732778,-105.235556,59601
KALQ-FM,93.500000,Alamosa,CO,,2.8,37.472222,-105.853611,12813
KASF,90.900000,Alamosa,CO,,1.1,37.472222,-105.8775,451
KATC-FM,95.100000,Colorado Springs,CO,,58.0,38.745278,-104.860833,66249
KATR-FM,98.300000,Greeley,CO,,100.0,40.420278,-102.969444,48397
KATT-FM,100.500000,Denver,CO,,29.0,35.560278,-97.485278,8797
KBCR-FM,96.900000,Lakewood,CO,,3.0,40.451389,-106.751111,63190
KBIL,89.700000,Morrison,CO,,0.0,45.853333,-108.763889,91510
KBUT,90.300000,Crested Butte,CO,,1.0,38.901944,-106.9725,14492
KBVC,104.100000,Buena Vista,CO,,0.6,38.745833,-106.198611,56386
KCCS,91.700000,Colorado Springs,CO,,0.37,36.9925,-104.473333,92310
KCFP,91.900000,Denver,CO,,0.6,38.373056,-104.561667,12326
KCFR-FM,90.100000,Denver,CO,,52.0,39.732778,-105.235556,53777
KCIC,88.500000,Grand Junction,CO,,0.44,39.078056,-108.476667,52039
KCJX,88.900000,Aspen,CO,,4.0,39.418889,-107.369444,85785
KCME,88.700000,Colorado Springs,CO,,8.9,38.744444,-104.861389,10791
KCRT-FM,92.500000,Trinidad,CO,,38.5,36.9925,-104.473333,52478
KCSU-FM,90.500000,Denver,CO,,10.0,40.6,-105.155833,62435
KDNG,89.300000,Ignacio,CO,,0.2,37.262222,-107.899444,93294
KDNK,88.100000,Denver,CO,,1.2,39.418889,-107.369444,88445
KDUR,91.900000,Durango,CO,,0.0,37.278056,-107.8725,22087
KECC,89.100000,Colorado Springs,CO,,0.74,37.978611,-103.58,90782
KEJJ,98.300000,Montrose,CO,,3.0,38.522778,-106.907778,57338
KEPC,89.700000,Colorado Springs,CO,,10.0,38.761389,-104.784444,52595
KFCO,107.100000,Greeley,CO,,97.0,39.922778,-103.971667,35023
KGNU-FM,88.500000,Boulder,CO,,4.0,39.9925,-105.154444,6512
KGU-FM,99.500000,Denver,CO,,100.0,21.3975,-158.100278,641
KIFT,106.300000,Dillon,CO,,50.0,40.12,-106.236944,24746
KILO,94.300000,Colorado Springs,CO,,59.2,38.745556,-104.861667,12367
KIMN,100.300000,Denver,CO,,98.6,39.673444,-105.217361,59597
KISZ-FM,97.900000,Pleasantville,CO,,100.0,37.363333,-108.15,54005
KJHM,101.500000,Sterling,CO,,97.0,39.922778,-103.971667,38629
KJWA,89.700000,Rye,CO,,0.16,37.237222,-104.514444,87410
KKDC,93.300000,Durango,CO,,26.0,37.465556,-108.528889,88574
KKFN,104.300000,Denver,CO,,91.0,39.695833,-105.165,71767
KKNN,95.100000,Grand Junction,CO,,100.0,38.877778,-108.225,47114
KKWD,104.900000,Denver,CO,,6.0,35.498056,-97.619444,6509
KKXK,94.100000,Montrose,CO,,90.0,38.337778,-107.639722,73624
KLBV,89.300000,Morrison,CO,,0.0,40.451111,-106.751667,92357
KLCQ,88.500000,Colorado Springs,CO,,0.0,37.261667,-107.906111,88486
KLDV,91.100000,Morrison,CO,,100.0,39.6,-105.209722,12354
KLFV,90.300000,Morrison,CO,,3.0,39.065833,-108.746667,12341
KLMP,88.300000,Colorado Springs,CO,,63.0,44.328333,-103.834167,88452
KLMQ,90.700000,Colorado Springs,CO,,0.1,37.991389,-107.9725,89631
KLRY,91.300000,Morrison,CO,,0.11,39.775,-106.845833,90501
KLWV,90.900000,Morrison,CO,,100.0,41.310833,-105.453333,91514
KLXV,91.900000,Morrison,CO,,0.75,39.425,-107.379444,12361
KLZV,91.300000,Morrison,CO,,6.0,40.148889,-103.284444,89509
KMCJ,99.500000,Estes Park,CO,,100.0,46.175556,-106.405833,87790
KMGJ,93.100000,Grand Junction,CO,,100.0,39.066389,-108.744722,47115
KMOZ-FM,92.300000,Grand Junction,CO,,100.0,39.066667,-108.744722,39464
KMSA,91.300000,Grand Junction,CO,,3.1,39.065556,-108.747778,41300
KMTS,99.100000,Glenwood Springs,CO,,10.0,39.5325,-107.341667,12378
KNAB-FM,104.100000,Burlington,CO,,51.0,39.294722,-102.260278,35205
KNEC,100.900000,Sterling,CO,,23.0,40.009167,-102.759722,84353
KNKK,107.100000,Aspen,CO,,15.5,35.032778,-114.365833,78087
KNNG,104.700000,Sterling,CO,,100.0,40.5825,-103.032222,33001
KOSI,101.100000,Denver,CO,,98.6,39.673444,-105.217389,67844
KOTO,91.700000,Telluride,CO,,8.4,37.933056,-107.833056,58920
KPMX,105.700000,Sterling,CO,,12.0,40.5325,-103.122778,4155
KPRB,106.300000,Fort Morgan,CO,,7.0,40.217222,-103.696139,81409
KPRE,89.900000,Denver,CO,,1.5,39.634722,-106.446389,53722
KPRH,88.300000,Denver,CO,,3.5,38.387222,-107.674444,87104
KPRN,89.500000,Denver,CO,,19.83,39.066111,-108.745278,53774
KPRU,103.300000,Denver,CO,,12.0,38.877778,-108.225556,84439
KPYR,88.300000,Denver,CO,,0.25,40.563889,-107.611111,92704
KQKS,107.500000,Denver,CO,,91.0,39.695833,-105.165,35574
KQLR,89.700000,Morrison,CO,,0.0,46.006111,-112.4425,94233
KQMT,99.500000,Denver,CO,,74.0,39.728889,-105.235556,26929
KQSE,102.500000,Limon,CO,,1.35,39.738333,-106.799444,86173
KQVO,97.700000,Denver,CO,,6.0,32.68,-115.426667,8175
KRAI-FM,93.700000,Craig,CO,,100.0,40.576389,-107.608056,72437
KRCC,91.500000,Colorado Springs,CO,,2.1,38.745278,-104.861667,65563
KRFC,88.900000,Fort Collins,CO,,0.01,40.581389,-104.905556,82804
KRWA,90.900000,Rye,CO,,10.0,37.944444,-104.998889,87409
KRXP,103.900000,Pueblo,CO,,1.75,38.745556,-104.861667,53845
KRYD,104.900000,Grand Junction,CO,,23.62,38.316389,-108.198611,57324
KRZA,88.700000,Alamasa,CO,,9.8,36.860278,-106.006944,19660
KSJD,91.500000,Cortez,CO,,1.2,37.4825,-108.509444,58851
KSKE-FM,101.700000,Aspen,CO,,12.0,39.738333,-106.799444,44012
KSLT,107.100000,Rapid City,CO,,100.0,44.328333,-103.834167,5475
KSPK-FM,102.300000,Walsenburg,CO,,100.0,37.6275,-104.821389,39677
KSTR-FM,96.100000,Grand Junction,CO,,89.0,38.877778,-108.225833,21629
KSUT,91.300000,Ignacio,CO,,2.0,37.184167,-107.485,35816
KTAD,89.900000,Colorado Springs,CO,,0.0,40.5325,-103.122778,91471
KTAW,89.300000,Colorado Sorings,CO,,0.0,37.6275,-104.821389,89073
KTCF,89.500000,Colorado Springs,CO,,0.5,37.468611,-108.546667,94188
KTDL,90.700000,Colorado Springs,CO,,0.45,36.9925,-104.473333,93645
KTDX,89.300000,Colorado Springs,CO,,0.45,41.310833,-105.453333,93647
KTHN,92.100000,La Junta,CO,,3.0,37.9875,-103.567222,7046
KTLC,89.100000,Colorado Springs,CO,,1.15,38.755833,-105.217222,88201
KTLF,90.500000,Colorado Springs,CO,,0.0,38.745278,-104.860833,18796
KTMH,89.900000,Colorado Springs,CO,,0.0,38.3875,-107.675278,89574
KTOL,90.900000,Colorado Springs,CO,,0.45,39.234722,-106.299722,94202
KTPF,91.300000,Colorado Springs,CO,,0.39,38.446667,-106.01,94198
KTPL,88.300000,Morrison,CO,,65.0,37.944444,-104.998889,12362
KTPS,89.700000,Colorado Springs,CO,,0.38,37.192222,-107.098611,94189
KTSC-FM,89.500000,Pueblo,CO,,8.0,38.310556,-104.577778,69148
KTSG,91.700000,Colordo Springs,CO,,2.5,40.461944,-106.849444,88717
KTWF,95.500000,Englewood,CO,,19.0,33.684333,-98.612722,855
KUNC,91.500000,Greeley,CO,,36.0,40.6175,-105.3275,68219
KUTE,90.100000,Ignacio,CO,,0.0,37.364167,-107.782222,82446
KUUT,89.700000,Ignacio,CO,,0.0,36.671111,-108.231667,91346
KUVO,89.300000,Denver,CO,,11.86,39.673444,-105.217389,16687
KVAY,105.700000,Lamar,CO,,100.0,38.112222,-102.960833,31531
KVMT,89.100000,Paonia,CO,,8.0,38.314444,-108.200556,85576
KVNC,90.900000,Colorado Springs,CO,,0.1,39.616111,-106.449444,94204
KVNF,90.900000,Paonia,CO,,2.6,38.874444,-107.661111,49221
KVOD,88.100000,Lakewood,CO,,4.4,39.732778,-105.235556,83535
KVOQ,102.300000,Aurora,CO,,1.0,39.733056,-105.236111,37028
KVOV,90.500000,Carbondale,CO,,0.45,39.418889,-107.369444,8764
KVQI,88.500000,Denver,CO,,5.0,39.615556,-106.449167,89878
KVRH-FM,92.300000,Salida,CO,,0.22,38.453056,-106.017222,1020
KWGL,105.700000,Grand Junction,CO,,60.0,38.387778,-107.674444,58856
KWSB-FM,91.100000,Gunnison,CO,,0.135,38.522778,-106.907778,71962
KWUF-FM,106.100000,Colorado Springs,CO,,0.5,37.192222,-107.098611,51286
KXGR,89.700000,Morrison,CO,,0.1,40.6175,-105.327778,89401
KXWA,101.900000,Colorado Springs,CO,,9.5,39.385278,-105.047778,70822
KYDN,95.300000,Monte Vista,CO,,6.0,37.602778,-106.149444,58901
KYGO-FM,98.500000,Denver,CO,,98.8,39.673444,-105.217389,30829
KYIS,98.900000,Denver,CO,,100.0,35.560278,-97.485278,8798
KYSL,93.900000,Frisco,CO,,0.56,39.556111,-106.114722,35577
KZKS,105.300000,Grand Junction,CO,,60.0,39.4325,-108.129444,71959
KZQX,100.300000,Englewood,CO,,2.45,32.376944,-94.571667,15982
WKVW,93.300000,Denver,CO,,1.7,38.273611,-81.524167,54370
WWLS-FM,98.100000,Denver,CO,,28.87,35.560278,-97.485278,37435
KARS-FM,102.900000,West Redding,CT,,83.0,40.876944,-105.695556,10334
KDWY,105.300000,Redding,CT,,16.0,41.838333,-110.503056,77947
KHTN,104.700000,Greenwich,CT,,1.95,37.533333,-120.03,20334
KIIK-FM,104.900000,Westport,CT,,12.5,41.719722,-90.570278,12234
KIOO,99.700000,Greenwich,CT,,25.0,36.107222,-119.029167,7708
KKBB,99.300000,Greenwich,CT,,10.0,35.459167,-119.020278,7720
KKHQ-FM,98.500000,Westport,CT,,15.0,42.441944,-92.397222,66780
KLLY,95.300000,Greenwich,CT,,12.5,35.459167,-119.020278,7709
KNHT,102.500000,Sandy Hook,CT,,4.5,40.500833,-124.286111,17412
KOEL-FM,92.300000,Westport,CT,,95.0,42.682417,-91.880556,28472
KSEQ,97.100000,Greenwich,CT,,17.0,36.635556,-118.942222,7717
KUBB,96.300000,Greenwich,CT,,1.95,37.533333,-120.03,7707
KWAV,96.900000,Greenwich,CT,,18.0,36.534722,-121.620556,7714
WAPJ,89.900000,Torrington,CT,,0.04,41.8025,-73.165083,66472
WBMW,106.500000,Ledyard,CT,,12.5,41.434167,-72.002222,55404
WCLX,102.900000,Wilton,CT,,6.0,44.220556,-73.409722,72034
WCNI,90.900000,New London,CT,,0.0,41.381389,-72.107778,13621
WDAQ,98.300000,Danbury,CT,,1.3,41.374167,-73.446389,4822
WDJW,89.700000,Somers,CT,,0.009,41.961944,-72.464167,71340
WDRC-FM,102.900000,Greenwich,CT,,19.5,41.562222,-72.844444,7718
WECS,90.100000,Willimantic,CT,,0.43,41.683333,-72.216944,18298
WEDW-FM,88.500000,Hartford,CT,,2.0,41.046944,-73.526667,13619
WEER,88.700000,Bridgeport,CT,,0.005,41.031944,-71.975833,91175
WERB,94.500000,Berlin,CT,,0.024,41.621667,-72.753611,4826
WESU,88.100000,Middletown,CT,,6.0,41.553333,-72.658056,71537
WFAR,93.300000,"Danbury,",CT,,0.015,41.395556,-73.423333,15393
WFCS,107.700000,New Britain,CT,,0.036,41.693333,-72.763611,9867
WGBF-FM,103.100000,Westport,CT,,3.2,37.781667,-87.623694,659
WGRS,91.500000,Monroe,CT,,2.8,41.2885,-72.65875,43527
WGSK,90.100000,Monroe,CT,,0.077,41.681667,-73.486944,61119
WHUS,91.700000,Storrs,CT,,1.2,41.813889,-72.26,65451
WIHS,104.900000,Middletown,CT,,3.1,41.505,-72.658889,13634
WILI-FM,98.300000,Williamantic,CT,,1.05,41.683333,-72.215833,66179
WJLT,105.300000,Westport,CT,,50.0,38.079167,-87.61,36946
WJMJ,88.900000,Hartford,CT,,2.3,41.703611,-72.8325,62175
WKZE-FM,98.100000,Sharon,CT,,1.8,41.918889,-73.572778,67776
WMNR,88.100000,Monroe,CT,,5.0,41.318889,-73.253611,43531
WMOS,102.300000,Mystic,CT,,3.0,41.406389,-71.8375,60251
WNHI,106.500000,Wilton,CT,,2.9,43.400278,-71.1575,86163
WNHU,88.700000,West Haven,CT,,1.7,41.291389,-72.961111,69070
WNPR,90.500000,Hartford,CT,,18.5,41.561667,-72.844722,13627
WOLF-FM,92.100000,Greenwich,CT,,25.0,43.152778,-76.193056,7716
WOOD-FM,106.900000,Westport,CT,,50.0,43.23,-86.084167,25086
WPKN,89.500000,Bridgeport,CT,,10.0,41.278889,-73.185556,73886
WPKT,89.100000,Hartford,CT,,5.1,41.519722,-72.167778,13618
WQAQ,98.100000,Hamden,CT,,0.018,41.419611,-72.906278,54311
WQQQ,103.300000,Wilton,CT,,1.5,41.918889,-73.572778,54785
WQTQ,89.900000,Hartford,CT,,0.115,41.796389,-72.695,26311
WRIP,97.900000,Wilton,CT,,0.58,42.285,-74.264444,83204
WRLI-FM,91.300000,Hartford,CT,,10.0,40.934722,-72.3875,13598
WRQK-FM,106.900000,Westport,CT,,27.5,40.822778,-81.427778,8550
WRSR,103.900000,Westport,CT,,2.85,42.995833,-83.992778,41681
WRTC-FM,89.300000,Hartford,CT,,0.3,41.751667,-72.691389,68255
WRXC,90.100000,Monroe,CT,,0.045,41.361944,-73.113333,43530
WSGG,89.300000,Hartfordd,CT,,0.0,42.010556,-73.202222,92857
WSHU-FM,91.100000,Fairfield,CT,,20.0,41.278889,-73.185556,58515
WSLX,91.900000,New Canaan,CT,,0.019,41.192222,-73.496111,62148
WSUF,89.900000,Fairfield,CT,,1.9,41.109722,-72.368056,58516
WVOF,88.500000,Fairfield,CT,,0.1,41.158889,-73.259722,20456
WVTK,92.100000,Farmington,CT,,18.0,44.027222,-73.481667,53613
WWCK-FM,105.500000,Westport,CT,,25.0,43.010833,-83.651111,39678
WWPT,90.300000,Westport,CT,,0.33,41.171944,-73.328611,72035
WWRZ,98.300000,Norwich,CT,,27.0,27.852778,-81.867222,72687
WWUH,91.300000,West Hartford,CT,,0.44,41.774167,-72.805556,68986
WXCI,91.700000,Danbury,CT,,3.0,41.395,-73.487222,71786
WYBC-FM,94.300000,New Haven,CT,,3.0,41.349722,-72.973056,74322
WYFM,102.900000,Westport,CT,,33.0,41.057222,-80.639444,60006
WZBG,97.300000,Litchfield,CT,,3.0,41.8025,-73.163833,37906
WZRT,97.100000,Farmington,CT,,1.15,43.604722,-72.820556,25741
KAMX,94.700000,Washington,DC,,99.0,30.323056,-97.799444,48651
KBAY,94.500000,Washington,DC,,44.0,37.208889,-121.774167,35401
KBEQ-FM,104.300000,Washington,DC,,99.0,39.083056,-94.480278,48961
KBGY,107.500000,Washington,DC,,48.0,44.211667,-93.338333,84475
KBKS-FM,106.100000,Washington,DC,,68.0,47.504722,-121.967778,27020
KBMP,90.500000,Washington,DC,,12.5,39.104444,-97.3875,91037
KBPG,89.500000,Washington,DC,,0.5,44.913889,-95.736111,91479
KBPU,88.700000,Washington,DC,,5.0,34.042333,-94.368361,92030
KBPW,88.100000,Washington,DC,,0.0,33.536389,-92.468611,91490
KBQC,88.500000,Washington,DC,,0.0,37.053056,-96.101944,92243
KCBS-FM,93.100000,Washington,DC,,27.5,34.231944,-118.071667,9612
KCKC,102.100000,Washington,DC,,100.0,39.090556,-94.471667,11279
KDFO,98.500000,Washington,DC,,8.0,35.514722,-119.061389,64607
KDKA-FM,93.700000,Washington,DC,,41.0,40.441111,-80.025556,20350
KDTI,90.300000,Washington,DC,,0.037,42.678611,-83.124444,91354
KDVI,89.900000,Washington,DC,,0.25,48.134722,-98.772222,92648
KERP,96.300000,Washington,DC,,100.0,37.941667,-100.312222,82681
KEYN-FM,103.700000,Washington,DC,,98.0,37.800278,-97.524722,53151
KEZK-FM,102.500000,"Washington,",DC,,100.0,38.574361,-90.325417,13507
KEZR,106.500000,Washington,DC,,42.0,37.208889,-121.774167,1176
KFBZ,105.300000,Washington,DC,,98.0,37.800278,-97.524722,53153
KFKF-FM,94.100000,Washington,DC,,100.0,39.015833,-94.506667,34431
KFMH,101.900000,Washington,DC,,100.0,44.327778,-103.835,40636
KFRG,95.100000,Washington,DC,,50.0,34.1975,-117.286111,1241
KHIP,104.300000,Washington,DC,,2.6,36.668333,-121.519167,9858
KHLB,102.500000,Washington,DC,,26.0,30.700833,-99.233056,83109
KHYS,89.700000,Washington,DC,,0.45,38.854444,-99.381389,92945
KILT-FM,100.300000,Washington,DC,,95.0,29.576111,-95.51,25439
KIMO,107.300000,Washington,DC,,86.0,46.825,-111.703611,83110
KINK,101.900000,Washington,DC,,99.0,45.516222,-122.733,53068
KITS,105.300000,Washington,DC,,15.0,37.688889,-122.435278,18510
KJAQ,96.500000,Washington,DC,,49.0,47.504722,-121.9675,1091
KJEB,95.700000,Washington,DC,,98.0,47.544444,-122.107222,48385
KJKK,100.300000,Washington,DC,,97.0,32.583889,-96.963333,63779
KJKT,90.700000,Washington,DC,,0.7,44.328333,-103.834167,92516
KJLO-FM,104.100000,Washington,DC,,97.0,32.66,-92.0875,48632
KJR-FM,93.300000,Washington,DC,,98.0,47.544444,-122.107222,48387
KJRV,93.300000,Washington,DC,,65.0,44.194167,-98.318056,89615
KKBG,97.900000,Washington,DC,,51.0,19.838611,-155.111944,52468
KKHH,95.700000,Washington,DC,,95.0,29.576111,-95.51,25449
KKLH,104.700000,Washington,DC,,34.0,37.205833,-92.905556,24424
KKMJ-FM,95.500000,Washington,DC,,49.0,30.323056,-97.799444,66489
KKOA,107.700000,Washington,DC,,25.5,19.721667,-155.456389,37211
KLBN,101.900000,Washington,DC,,2.25,37.072778,-119.431389,29296
KLDQ,100.700000,Washington,DC,,40.0,47.145278,-96.971667,77951
KLEO,106.100000,Washington,DC,,7.3,19.721111,-155.920833,52443
KLLC,97.300000,Washington,DC,,82.0,37.850833,-122.4975,9624
KLQB,104.300000,Washington,DC,,48.0,30.434444,-97.364722,63201
KLRW,88.500000,Washington,DC,,2.5,31.421111,-100.543333,92140
KLTH,106.700000,Washington,DC,,96.0,45.516111,-122.733056,4115
KLUC-FM,98.500000,Washington,DC,,97.0,36.008056,-115.005556,47744
KLUV,98.700000,Washington,DC,,99.0,32.588611,-96.968056,67195
KLZX,95.900000,Washington,DC,,25.0,41.871667,-111.808611,88184
KMEO,91.900000,Wasahington,DC,,0.0,31.421111,-100.543333,90953
KMGE,94.500000,Washington,DC,,49.0,44.001111,-123.1125,40885
KMGV,97.900000,Washington,DC,,2.1,37.074722,-119.431111,18409
KMJ-FM,105.900000,Washington,DC,,2.4,37.073056,-119.430833,26933
KMJV,106.300000,Washington,DC,,4.7,36.274167,-121.270833,54968
KMNB,102.900000,Washington,DC,,100.0,45.058333,-93.124167,9641
KMVK,107.500000,Washington,DC,,16.5,32.583889,-96.963333,23440
KMVQ-FM,99.700000,Washington,DC,,40.0,37.6875,-122.434444,1084
KMXB,94.100000,Washington,DC,,100.0,36.008333,-115.005556,51676
KMXV,93.300000,Washington,DC,,100.0,39.015833,-94.506667,2446
KNCI,105.100000,Washington,DC,,50.0,38.641944,-121.090278,20353
KNFA,90.700000,Washington,DC,,1.3,40.913889,-98.397778,91196
KNX-FM,97.100000,Washington,DC,,21.0,34.226944,-118.066111,25075
KQPS,103.100000,Washington,DC,,1.9,33.866222,-116.432944,11747
KQRA,102.100000,Washington,DC,,4.9,37.210833,-93.228333,79138
KRDO-FM,105.500000,Washington,DC,,1.6,38.745833,-104.860278,50402
KRLD-FM,105.300000,Washington,DC,,97.0,32.583889,-96.963333,1087
KRLE,89.700000,Washington,DC,,0.001,34.033611,-87.613333,91901
KRLP,88.100000,Washington,DC,,0.6,43.884167,-95.182222,91900
KROQ-FM,106.700000,Washington,DC,,5.5,34.196944,-118.258333,28622
KRTH,101.100000,Washington,DC,,51.0,34.227222,-118.066667,28631
KRZZ,93.300000,Washington,DC,,6.0,37.686944,-122.434167,1092
KSFM,102.500000,Washington,DC,,50.0,38.588889,-121.725,59598
KSKS,93.700000,Washington,DC,,68.0,37.0775,-119.433611,26924
KSKZ,98.100000,Washington,DC,,100.0,37.78,-100.46,60873
KSWD,94.100000,Washington,DC,,69.0,47.504722,-121.967778,20356
KTDA,91.700000,Washington,DC,,0.83,36.055556,-102.509444,94225
KTDZ,103.900000,Washington,DC,,28.0,64.9225,-147.715278,69405
KTKB-FM,101.900000,Washington,DC,,46.0,13.487778,144.826667,86158
KTWV,94.700000,Washington,DC,,52.0,34.224722,-118.063056,25437
KUPL,98.700000,Washington,DC,,24.0,45.516222,-122.732972,4114
KVIL,103.700000,Washington,DC,,99.0,32.588611,-96.968056,28624
KVLP,91.700000,Washington,DC,,0.57,35.139722,-103.743056,91794
KWYE,101.100000,Washington,DC,,10.0,36.93,-119.640833,18406
KXFG,92.900000,Washington,DC,,6.0,33.592861,-117.147444,63912
KXJM,107.500000,Washington,DC,,68.0,45.516222,-122.733,12551
KXL-FM,101.100000,Washington,DC,,97.0,45.516111,-122.733056,26932
KXQQ-FM,100.500000,Washington,DC,,100.0,36.008333,-115.005556,12560
KXRT,90.900000,Washington,DC,,0.5,33.8925,-94.823889,93247
KXSC,104.900000,Washington,DC,,6.0,37.322778,-121.754167,54478
KXTE,107.500000,Washington,DC,,24.5,35.965833,-115.500833,2100
KXZM,93.700000,Washington,DC,,0.41,37.159722,-121.908889,4698
KYKY,98.100000,Washington,DC,,90.0,38.574361,-90.325417,20358
KYMX,96.100000,Washington,DC,,50.0,38.635833,-121.553056,72116
KYRV,93.700000,Washington,DC,,25.0,38.739444,-121.213889,11273
KZJK,104.100000,Washington,DC,,100.0,45.058333,-93.124167,54425
KZMA,99.900000,Washington,DC,,4.2,36.661944,-90.487778,89496
KZOK-FM,102.500000,Washington,DC,,68.0,47.504722,-121.967778,20357
KZZO,100.500000,Washington,DC,,115.0,38.641667,-121.090278,65481
KZZY,103.500000,Washington,DC,,100.0,47.980278,-99.053056,17358
WAMU,88.500000,Washington,DC,,50.0,38.936111,-77.0925,65399
WBAV-FM,101.900000,Washington,DC,,99.0,35.2325,-81.276389,6587
WBBM-FM,96.300000,Washington,DC,,3.3,41.878889,-87.635556,9613
WBGB,103.300000,Washington,DC,,8.7,42.307611,-71.224083,9639
WBHB-FM,101.500000,Washington,DC,,50.0,39.828889,-77.552778,27401
WBMK,88.500000,Washington,DC,,0.6,38.177222,-83.406667,91590
WBMX,104.300000,Washington,DC,,4.1,41.878889,-87.635556,28621
WBUF,92.900000,Washington,DC,,76.0,42.953611,-78.876667,53699
WBZ-FM,98.500000,Washington,DC,,9.0,42.3075,-71.224167,1901
WBZZ,100.700000,Washington,DC,,14.5,40.472222,-79.994722,20351
WCBS-FM,101.100000,Washington,DC,,6.7,40.748333,-73.986111,9611
WCFS-FM,105.900000,Washington,DC,,4.1,41.878889,-87.635556,71283
WCMF-FM,96.500000,Washington,DC,,48.0,43.134769,-77.585167,1905
WCSP-FM,90.100000,Washington,DC,,36.0,38.962222,-77.026667,68950
WDBY,105.500000,Washington,DC,,0.9,41.521667,-73.635,67815
WDCH-FM,99.100000,Washington,DC,,45.0,39.03,-76.740278,72177
WDLJ,97.500000,Washington,DC,,2.55,38.609167,-89.393056,78414
WDSY-FM,107.900000,Washington,DC,,17.5,40.472222,-79.994722,18525
WDZH,98.700000,Washington,DC,,50.0,42.395,-83.149444,25448
WEAT,107.900000,Washington,DC,,100.0,26.763056,-80.205278,1918
WESC-FM,92.500000,Washington,DC,,95.0,35.137778,-82.608611,4679
WETA,90.900000,Washington,DC,,75.0,38.891667,-77.131944,65669
WFFI,93.700000,Washington,DC,,1.15,36.136111,-86.984444,18714
WGBZ,88.300000,Washington,DC,,50.0,38.386667,-75.290833,81959
WGKL,105.500000,Washington,DC,,10.0,45.804722,-87.170833,86354
WGMD,92.700000,Washington,DC,,2.6,38.704,-75.200167,55906
WGMS,89.100000,Washington,DC,,0.9,39.696389,-77.513889,25103
WGRR,103.500000,Washington,DC,,11.0,39.200278,-84.522778,72126
WGRX,104.500000,Washington,DC,,2.7,38.275278,-77.542778,62205
WHUR-FM,96.300000,Washington,DC,,16.5,38.950278,-77.079722,65707
WIAD,94.700000,Washington,DC,,20.5,38.963611,-77.105,9619
WIKG,92.100000,Washington,DC,,4.0,39.809444,-77.806111,39495
WINS-FM,92.300000,Washington,DC,,6.0,40.748333,-73.986111,58579
WIP-FM,94.100000,Washington,DC,,9.6,40.041556,-75.236528,28628
WJFK-FM,106.700000,Washington,DC,,20.0,38.874444,-77.223611,28625
WJGM,105.700000,Washington,DC,,25.0,30.374444,-82.028333,52032
WJMZ-FM,107.300000,Washington,DC,,100.0,34.701944,-82.605278,1303
WJYD,107.100000,Washington,DC,,6.0,39.664444,-82.851111,64717
WKQC,104.700000,Washington,DC,,96.0,35.251667,-80.686667,20338
WKRQ,101.900000,Washington,DC,,16.0,39.116389,-84.501944,11276
WKSI-FM,98.300000,Washington,DC,,1.75,39.177222,-78.264722,26998
WKTN,95.300000,Washington,DC,,3.5,40.644722,-83.566389,54588
WLIF,101.900000,Washington,DC,,13.5,39.418611,-76.554722,28637
WLIT-FM,93.900000,Washington,DC,,4.0,41.878889,-87.635556,70042
WLVQ,96.300000,Washington,DC,,18.0,39.971111,-83.027778,11277
WLVW,107.300000,Washington,DC,,19.5,38.950278,-77.079722,73252
WMAL-FM,105.900000,Washington,DC,,28.0,38.874444,-77.223333,70037
WMSX,96.100000,Washington,DC,,47.0,42.886111,-78.873611,1915
WNCX,98.500000,Washington,DC,,16.0,41.341111,-81.74,41390
WNEW-FM,102.700000,Washington,DC,,6.0,40.748333,-73.986111,25442
WNKS,95.100000,Washington,DC,,100.0,35.362222,-81.155278,53975
WOAR,88.300000,Washington,DC,,0.0,39.931667,-83.61,92040
WOGL,98.100000,Washington,DC,,9.6,40.041556,-75.2365,9622
WOMC,104.300000,Washington,DC,,190.0,42.469444,-83.115,28623
WPAI,90.700000,Washington,DC,,0.0,40.505556,-78.803333,90689
WPBB,98.700000,Washington,DC,,47.0,27.856389,-82.623889,18527
WPEG,97.900000,Washington,DC,,95.0,35.362222,-81.155278,6586
WPGC-FM,95.500000,Washington,DC,,50.0,38.863611,-76.911111,28632
WPRG,89.500000,Washington,DC,,0.25,31.262222,-89.861389,93113
WPXY-FM,97.900000,Washington,DC,,50.0,43.134769,-77.585167,53966
WQPO,100.700000,Washington,DC,,50.0,38.452222,-78.908889,39492
WQSR,102.700000,Washington,DC,,50.0,39.386389,-76.731111,63778
WQYK-FM,99.500000,Washington,DC,,99.0,27.931611,-82.401278,28619
WRCH,100.500000,Washington,DC,,7.5,41.703611,-72.8325,1910
WRKI,95.100000,Washington,DC,,29.5,41.493333,-73.429167,15391
WRMM-FM,101.300000,Washington,DC,,27.0,43.170278,-77.673056,1907
WSFS,104.300000,Washington,DC,,100.0,25.985833,-80.193611,29567
WSOC-FM,103.700000,Washington,DC,,100.0,35.251667,-80.686667,20339
WSQH,91.700000,Washington,DC,,18.0,32.399167,-89.083889,91176
WTIC-FM,96.500000,Washington,DC,,20.0,41.774167,-72.805556,66465
WTLX,100.500000,Washington,DC,,6.0,43.134444,-89.398889,4477
WTPT,93.300000,Washington,DC,,93.0,35.271944,-82.233333,4677
WUDE,94.300000,Washington,DC,,2.55,34.001111,-81.034722,83396
WUSN,99.500000,Washington,DC,,5.7,41.898889,-87.623056,28620
WVEE,103.300000,Washington,DC,,100.0,33.759167,-84.334722,63776
WWBX,104.100000,Washington,DC,,21.0,42.347222,-71.083056,26897
WWMX,106.500000,Washington,DC,,11.0,39.334611,-76.650861,74196
WWOF,103.100000,Washington,DC,,51.0,30.494167,-84.233333,9312
WWRE,105.100000,Washington,DC,,6.0,38.452222,-78.908889,73935
WXEX-FM,92.100000,Washington,DC,,1.8,43.419722,-70.8025,74067
WXMG,95.500000,Washington,DC,,21.0,39.675556,-82.676111,72311
WXRT,93.100000,Washington,DC,,6.7,41.898889,-87.623056,16853
WXYT-FM,97.100000,Washington,DC,,15.0,42.482778,-83.205278,9618
WYAZ,89.500000,Washington,DC,,85.0,32.801111,-89.942222,91703
WYCD,99.500000,Washington,DC,,17.5,42.453611,-83.163889,1089
WYGY,97.300000,Washington,DC,,2.55,39.200278,-84.522778,40915
WYKB,105.300000,Washington,DC,,3.9,30.501111,-81.587222,40483
WYRK,106.500000,Washington,DC,,50.0,42.886111,-78.873611,1908
WYUU,92.500000,Washington,DC,,50.0,27.842222,-82.814444,18512
WZEW,92.100000,Washington,DC,,20.5,30.523056,-88.108889,74287
WZGC,92.900000,Washington,DC,,64.0,33.807222,-84.339389,13805
WZLX,100.700000,Washington,DC,,21.5,42.347222,-71.083056,13806
WZMX,93.700000,Washington,DC,,17.0,41.562222,-72.845,1900
WZNE,94.100000,Washington,DC,,1.8,43.135278,-77.585278,6859
WZYZ,90.100000,Washington,DC,,0.03,35.734167,-85.459167,92532
WAFL,97.700000,Wilmington,DE,,3.0,38.9275,-75.488889,53482
WAOB-FM,106.700000,Wilmington,DE,,37.0,40.619722,-80.093333,52747
WAVD,97.100000,Wilmington,DE,,3.8,38.361389,-75.252778,53490
WCHK-FM,101.300000,Lincoln,DE,,6.0,38.856028,-75.483083,58763
WDEL-FM,101.700000,Wilmington,DE,,3.3,39.431444,-75.337028,51136
WHJB,107.100000,Wilmington,DE,,2.3,40.265,-79.34,72296
WJBR-FM,99.500000,Claymont,DE,,50.0,39.833889,-75.524167,14374
WKNZ,88.700000,Milton,DE,,0.0,38.891667,-75.58,90270
WKTT,97.500000,Wilmington,DE,,4.5,38.360833,-75.616667,53489
WMHS,88.100000,Wilmington,DE,,0.0,39.7575,-75.667222,90384
WMPH,91.700000,Wilmington,DE,,0.0,39.773056,-75.506944,6650
WOCM,98.100000,Selbyville,DE,,3.0,38.422222,-75.139722,2200
WSTW,93.700000,Wilmington,DE,,47.1,39.815833,-75.529722,16459
WUSX,98.500000,Bethany Beach,DE,,6.0,38.613056,-75.586667,4340
WVUD,91.300000,Newark,DE,,0.79,39.690556,-75.756389,69439
WXCY-FM,103.700000,Wilmington,DE,,37.0,39.564444,-76.101944,53488
WXDE,105.900000,Wilmington,DE,,6.0,38.643333,-75.216667,53487
WXHL-FM,89.100000,Wilmington,DE,,0.001,39.677222,-75.663056,73763
WYPO,106.900000,Frankford,DE,,4.5,38.3275,-75.197222,29564
KALK,97.700000,Sarasota,FL,,22.5,33.183611,-95.208889,51689
KDKL,88.300000,West Palm Beach,FL,,0.0,36.369722,-120.643944,85850
KDRH,91.300000,West Palm Beach,FL,,0.0,36.206389,-121.113611,9863
KHRI,90.700000,West Palm Beach,FL,,0.17,36.867222,-121.399444,78377
KIDG,92.100000,Bonita Springs,FL,,12.0,42.873889,-112.513333,87656
KIKF,104.900000,Hobe Sound,FL,,94.0,47.159444,-111.010833,22280
KKYS,104.700000,Sarasota,FL,,50.0,30.716389,-96.372222,54903
KLAX-FM,97.900000,Miami,FL,,33.0,34.163611,-118.195556,61638
KLBT,88.100000,W Palm Beach,FL,,30.0,29.914444,-94.285,86329
KLKA,88.500000,West Palm Beach,FL,,0.0,33.298611,-110.841111,82692
KLOX,90.900000,Titusville,FL,,0.0,41.058056,-94.370278,91587
KMVS,89.300000,Boca Raton,FL,,0.043,37.562222,-122.479444,91795
KPCS,89.700000,Pensacola,FL,,40.0,45.552778,-93.581667,93446
KQMC,90.100000,West Palm Beach,FL,,0.0,38.457778,-118.764444,79036
KREJ,101.700000,Titusville,FL,,50.0,37.233333,-98.662222,21791
KRTE-FM,107.300000,Daytona Beach Shores,FL,,8.9,38.04,-91.514722,79236
KSKB,99.100000,Titusville,FL,,44.0,41.689722,-92.358611,21790
KSNQ,98.300000,Bonita Springs,FL,,100.0,42.728333,-114.413333,87843
KSNS,91.500000,Titusville,FL,,0.0,37.233889,-98.665278,83614
KTPK,106.900000,Orlando,FL,,100.0,39.026111,-95.916944,67334
KVDG,90.900000,Boca Raton,FL,,1.5,31.908889,-102.066944,91761
KVID,88.500000,West Palm Beach,FL,,20.5,36.683333,-114.513333,76248
KVKL,91.100000,West Palm Beach,FL,,41.0,35.628056,-115.273333,88719
KVLT,88.500000,W Palm Beach,FL,,0.0,30.985556,-97.632222,86326
KVLW,88.100000,West Palm Beach,FL,,0.0,31.314722,-97.326667,86324
KVUD,89.500000,Boca Raton,FL,,13.0,28.8,-96.125556,91535
KWND,88.300000,Lakeland,FL,,35.0,37.175,-93.043056,51636
KYIX,104.900000,West Palm Beach,FL,,0.255,39.651111,-121.462361,7914
KYLA,92.700000,Ft Lauderdale,FL,,0.69,33.605556,-117.809722,9304
KYRA,92.700000,Ft. Lauderdale,FL,,3.1,34.205833,-118.817778,21689
KYZA,92.700000,Ft. Lauderdale,FL,,0.285,34.612222,-117.291667,1244
WAAZ-FM,104.700000,Crestview,FL,,100.0,30.766944,-86.585278,14495
WAFJ,88.300000,Lakeland,FL,,4.5,33.408056,-81.843333,54859
WAFZ-FM,92.100000,Naples,FL,,5.6,26.448333,-81.271389,47387
WAKJ,91.300000,Defuniak Springs,FL,,1.2,30.684722,-86.141111,68290
WAKU,94.100000,Tallahassee,FL,,3.0,30.076111,-84.301389,15532
WAMZ,97.500000,Naples,FL,,100.0,38.063889,-85.731111,11921
WANM,90.500000,Tallahassee,FL,,0.0,30.430278,-84.290833,21755
WAOA-FM,107.100000,W Palm Beach,FL,,100.0,28.136389,-80.703333,60387
WAOL,99.500000,Eastpoint,FL,,13.0,38.648611,-84.011667,56226
WAPB,91.700000,Holly Hill,FL,,0.2,30.453611,-83.404722,87426
WAPN,91.500000,Holly Hill,FL,,1.8,29.251667,-81.048056,53836
WAQV,90.900000,Ocala,FL,,5.0,29.03,-82.451111,40159
WARO,94.500000,Fort Myers,FL,,99.0,26.341389,-81.710556,66224
WAVV,101.100000,Naples,FL,,100.0,26.182778,-81.575,1154
WAWS,107.300000,Heathrow,FL,,25.0,32.166944,-81.901944,65607
WAYF,88.100000,Fort Meyers,FL,,0.05,26.588889,-80.212222,61507
WAYJ,89.500000,Naples,FL,,100.0,26.12,-81.682778,59831
WAYL,91.900000,Jacksonville,FL,,5.0,29.85,-81.330556,49963
WAYP,88.300000,Marianna,FL,,0.75,30.438361,-85.424167,40082
WAYR-FM,90.700000,Green Cove Springs,FL,,14.0,31.194167,-81.491667,77585
WAYT,88.100000,Tallahassee,FL,,17.0,30.668333,-83.969444,61193
WAYW,89.900000,Boca Raton,FL,,0.5,36.038056,-87.949167,91932
WBCG,98.900000,Bonita Springs,FL,,5.5,27.0025,-82.181667,82071
WBGF,93.500000,Belle Glade,FL,,15.5,26.683333,-80.7275,59661
WBLK,93.700000,West Palm Beach,FL,,47.0,42.886111,-78.873611,71215
WBVM,90.500000,Tampa,FL,,100.0,27.848611,-82.263333,5373
WCIE,91.500000,Lakeland,FL,,75.0,28.182222,-82.768306,60262
WCIF,106.300000,Melbourne,FL,,13.5,28.1375,-80.703056,21517
WCJM-FM,100.900000,Daytona Beach,FL,,6.0,32.854167,-85.135556,54863
WCJX,106.500000,Lake City,FL,,3.8,30.253889,-82.682222,9033
WCMQ-FM,92.300000,Miami,FL,,31.0,25.773333,-80.188333,61640
WCNO,89.900000,Cocoa,FL,,100.0,27.122222,-80.389167,47554
WCRJ,88.100000,Jacksonville,FL,,8.0,30.276111,-81.564167,48390
WDLV,88.700000,Fort Myers,FL,,75.0,26.422694,-81.630194,64256
WDNA,88.900000,Miami,FL,,7.4,25.54,-80.468611,4030
WDVH-FM,101.700000,Gainesville,FL,,3.0,29.608056,-82.850278,21797
WEAG-FM,106.300000,Starke,FL,,2.7,29.930556,-82.104444,16906
WECQ,92.100000,Destin,FL,,19.0,30.410556,-86.622778,19475
WEDR,99.100000,Miami,FL,,92.0,25.958333,-80.212222,71418
WEGS,91.700000,Titusville,FL,,20.0,30.622222,-87.086667,21792
WEJF,90.300000,Titusville,FL,,0.3,28.046944,-80.676111,51316
WFCF,88.500000,St. Augustine,FL,,10.0,29.854722,-81.335833,21688
WFCX,100.500000,Eastpoint,FL,,11.5,29.7325,-84.89,56224
WFFY,98.500000,Fort Myers,FL,,50.0,26.505,-81.852222,58276
WFIT,89.500000,Melbourne,FL,,4.7,28.064167,-80.623611,65631
WFLB,96.500000,Naples,FL,,100.0,34.780278,-79.045833,9078
WFLC,97.300000,Hollywood,FL,,98.0,25.967222,-80.209444,72984
WFLJ,89.300000,Lakeland,FL,,0.0,27.560278,-81.493611,93274
WFLM,104.500000,Port St. Lucie,FL,,50.0,27.421111,-80.356944,42065
WFLV,90.700000,West Palm Beach,FL,,38.0,26.588889,-80.212222,58363
WFRU,90.100000,Baker,FL,,0.0,30.706111,-84.6275,85909
WFSL,90.700000,Talleahassee,FL,,0.25,30.836667,-83.9825,93708
WFSQ,91.500000,Tallahasse,FL,,86.0,30.358611,-84.610556,21803
WFSU-FM,88.900000,Tallahassee,FL,,90.0,30.670278,-83.940556,21799
WFSW,89.100000,Tallahassee,FL,,100.0,30.367222,-85.924722,21798
WFSX-FM,92.500000,Bonita Springs,FL,,20.5,26.316944,-81.786944,50321
WFYY,103.100000,Winter Park,FL,,22.0,28.558889,-81.594167,25403
WGAC-FM,95.100000,Naples,FL,,5.7,33.485278,-82.201944,24423
WGCU-FM,90.100000,Fort Myers,FL,,100.0,26.815,-81.762222,69042
WGHR,106.300000,Palm Harbor,FL,,25.0,28.528056,-82.545833,26616
WGLF,104.100000,Tallahassee,FL,,100.0,30.451111,-84.011667,64559
WGMG,102.100000,Tallahassee,FL,,10.0,33.921667,-83.237222,48374
WGMX,94.300000,Marathon,FL,,26.5,24.691667,-81.108611,65663
WGNK,88.300000,Miami,FL,,6.0,25.873333,-80.483056,27304
WGSG,89.500000,Mayo,FL,,2.5,30.041667,-83.129167,68201
WGTT,91.500000,Enterprise,FL,,1.1,28.952222,-81.791389,93234
WHEL,93.700000,Fort Myers,FL,,43.0,26.505,-81.853889,66223
WHGN,91.900000,Homosassa,FL,,41.0,28.841389,-82.505833,11026
WHGV,99.500000,Fort Lauderdale,FL,,2.2,29.739444,-82.385833,76433
WHHZ,100.500000,Gainesville,FL,,44.0,29.608639,-82.849639,48703
WHIF,91.300000,Palatka,FL,,1.7,29.651944,-81.592222,53953
WHIJ,88.100000,Ocala,FL,,1.25,29.237778,-82.121111,40160
WHLG,101.300000,Stuart,FL,,3.3,27.275,-80.286389,27674
WHOG-FM,95.700000,Daytona Beach,FL,,48.0,29.236389,-81.072778,24365
WHQT,105.100000,Hollywood,FL,,98.0,25.967222,-80.209444,72982
WHXT,103.900000,Ft. Lauderdale,FL,,9.2,33.670278,-80.873611,50522
WHYZ,91.100000,Orlando,FL,,9.2,29.435556,-81.155833,92508
WIHN,96.700000,Longboat Key,FL,,3.9,40.476111,-89.033889,4617
WIIS,106.900000,Key West,FL,,5.7,24.555,-81.801389,72196
WIKS,101.900000,Naples,FL,,100.0,35.201944,-77.1875,72389
WILF,88.900000,Baker,FL,,87.0,31.303611,-87.047222,89620
WILN,105.900000,Panama City,FL,,50.0,30.178889,-85.781944,4125
WINK-FM,96.900000,Fort Myers,FL,,98.0,26.800278,-81.763333,22094
WIRK,103.100000,West Palm Beach,FL,,90.0,27.025278,-80.178611,1246
WJAQ,100.900000,Marianna,FL,,5.9,30.783611,-85.255,6748
WJCT-FM,89.900000,Jacksonville,FL,,98.0,30.280833,-81.57,73125
WJFH,91.700000,Lakeland,FL,,2.0,27.381111,-81.491111,81147
WJFX,107.900000,Maimi,FL,,3.2,41.023889,-85.064167,1065
WJGO,102.900000,Fort Myers,FL,,96.0,26.487778,-81.929444,25568
WJIS,88.100000,Lakeland,FL,,100.0,27.131667,-82.394167,54857
WJKV,90.900000,Jacksonville,FL,,41.0,30.276139,-81.564278,31936
WJLF,91.700000,Gainesville,FL,,2.55,29.711694,-82.390444,21506
WJLH,90.300000,Port Orange,FL,,15.0,29.373889,-81.180278,13917
WJLU,89.700000,Port Orange,FL,,10.0,29.008889,-80.974167,13936
WJPT,106.300000,Naples,FL,,50.0,26.487778,-81.929444,74080
WJSH,104.700000,Panama City Beach,FL,,6.0,30.665278,-90.080278,19616
WJUF,90.100000,Gainesville,FL,,21.0,28.7775,-82.468056,985
WJXR,92.100000,Macclenny,FL,,25.0,30.298333,-82.015278,73151
WJZS,106.100000,Live Oak,FL,,2.6,30.218611,-82.990556,37060
WKCA,97.700000,Eastpoint,FL,,3.7,38.175833,-83.407778,56222
WKFA,89.300000,Silver Springs,FL,,0.0,28.539444,-82.08,89697
WKGC-FM,90.700000,Panama City,FL,,100.0,30.295833,-85.661667,25562
WKIS,99.900000,Hollywood,FL,,98.4,25.968611,-80.222222,64001
WKKR,97.700000,Daytona Beach,FL,,3.1,32.565,-85.370278,22875
WKLG,102.100000,Key West,FL,,100.0,25.091389,-80.443611,73177
WKML,95.700000,Naples,FL,,100.0,34.780278,-79.045833,37252
WKPX,88.500000,Sunrise,FL,,3.0,26.177222,-80.256389,66342
WKRO-FM,93.100000,Daytona Beach,FL,,24.5,29.154167,-80.995833,5464
WKSM,99.500000,Meridian,FL,,50.0,30.413889,-86.627778,27467
WKTO,88.900000,Mims,FL,,25.0,29.025,-81.147778,42684
WKVJ,89.700000,West Palm Beach,FL,,4.4,44.573333,-73.675278,91724
WKYZ,101.700000,Palm Beach Gardens,FL,,100.0,24.661056,-81.419556,73170
WKZA,106.900000,Windermere,FL,,5.1,41.958611,-79.269722,48736
WKZF,102.300000,Longboat Key,FL,,4.1,40.722778,-89.511111,43877
WKZM,104.300000,Sarasota,FL,,25.0,27.275,-82.481667,11037
WLEY-FM,107.900000,Miami,FL,,21.0,41.934167,-88.072778,71282
WLFE,90.900000,Pembroke,FL,,0.0,25.325278,-80.404444,76516
WLFJ-FM,89.300000,Lakeland,FL,,41.0,34.940556,-82.412222,54856
WLFS,91.900000,Lakeland,FL,,23.5,32.157778,-80.991111,85801
WLLY-FM,99.500000,Clewiston,FL,,6.0,26.761667,-80.078333,24230
WLRN-FM,91.300000,Miami,FL,,47.0,25.979444,-80.196111,66339
WLSF,88.300000,Starke,FL,,7.0,29.909444,-82.100556,62344
WLVF-FM,90.300000,Haines City,FL,,0.75,28.113611,-81.623056,36500
WLYF,101.500000,Miami,FL,,100.0,25.966667,-80.211889,30827
WMBX,102.300000,West Palm Beach,FL,,100.0,27.025278,-80.178611,25756
WMEG,106.900000,Miami,FL,,24.5,18.113333,-66.051944,32157
WMFE-FM,90.700000,Orlando,FL,,98.2,28.602222,-81.093611,12857
WMFL,88.500000,West Palm Beach,FL,,7.7,25.325278,-80.404444,61088
WMFQ,92.900000,Ft. Lauderdale,FL,,50.0,29.079167,-82.091944,3058
WMFV,89.500000,Titusville,FL,,22.0,29.187778,-81.881944,9714
WMGV,103.300000,Naples,FL,,100.0,35.131944,-76.875556,48400
WMIE-FM,91.500000,Cocoa,FL,,20.0,28.355833,-80.746389,47548
WMJV,99.500000,Naples,FL,,16.5,35.201944,-77.1875,64648
WMKL,91.900000,West Palm Beach,FL,,50.0,25.761556,-80.819667,61087
WMKO,91.700000,Ft Myers,FL,,1.7,26.05285,-81.701244,69378
WMNF,88.500000,Tampa,FL,,6.65,27.819444,-82.260833,47459
WMXA,96.700000,Daytona Beach,FL,,3.5,32.565,-85.370278,22877
WMXJ,102.700000,Miami,FL,,98.0,25.967222,-80.209444,30840
WNCT-FM,107.900000,Naples,FL,,100.0,35.365278,-77.393889,54388
WNDD,92.500000,Ocala,FL,,3.2,29.739444,-82.385833,737
WNDN,107.900000,Chiefland,FL,,6.0,29.51525,-82.884722,72201
WNFB,94.300000,Windermere,FL,,50.0,30.128889,-82.880278,2877
WNFK,92.100000,Perry,FL,,6.0,30.088056,-83.496111,54918
WNRW,98.900000,Naples,FL,,43.0,38.191944,-85.519722,60706
WOCL,105.900000,Longwood,FL,,96.0,28.919444,-81.318889,10138
WOFM,89.100000,Longwood,FL,,1.85,36.003556,-83.942861,22014
WOGK,93.700000,Ocala,FL,,100.0,29.268056,-82.080833,49962
WOLR,91.300000,Live Oak,FL,,0.0,30.048889,-82.812222,73398
WOMX-FM,105.100000,Winter Park,FL,,94.0,28.580833,-81.075556,47746
WOYS,106.500000,Eastpoint,FL,,100.0,29.7325,-84.89,56218
WPAT-FM,93.100000,Miami,FL,,8.0,40.756111,-73.986667,51663
WPCS,89.500000,Pensacola,FL,,95.0,30.587778,-87.553611,52230
WPFL,105.100000,Century,FL,,8.6,31.119167,-87.268056,74576
WPHK,102.700000,Blountstown,FL,,13.0,30.454167,-85.042222,5892
WPIK,102.500000,Summerland Key,FL,,50.0,24.676667,-81.510833,73880
WPIO,89.300000,Titusville,FL,,7.1,28.580278,-80.85,21787
WPJC,88.300000,Boca Raton,FL,,1.5,40.886389,-88.644722,91342
WPLL,106.900000,Cross City,FL,,100.0,29.608639,-82.849639,73409
WPLV,95.700000,Pensacola,FL,,25.0,30.450556,-86.866389,52024
WPMJ,94.300000,Longboat Key,FL,,6.0,40.83,-89.498333,33882
WPOW,96.500000,Miami,FL,,98.0,25.967222,-80.209444,73893
WPOZ,88.300000,Orlando,FL,,98.4,28.601944,-81.093611,9876
WPRK,91.500000,Winter Park,FL,,1.3,28.591111,-81.348806,57473
WPSF,91.500000,W Palm Beach,FL,,1.2,26.709667,-80.9,83097
WPSM,91.100000,Ft. Walton Beach,FL,,11.0,30.410556,-86.622778,22811
WQCP,91.100000,Cocoa,FL,,85.0,27.435278,-80.361389,5488
WQCS,88.900000,Fort Pierce,FL,,100.0,27.421389,-80.356389,28545
WQHL-FM,98.100000,Live Oak,FL,,50.0,30.287222,-82.965556,15871
WQJS,88.500000,Cocoa,FL,,3.0,26.729444,-80.913611,84098
WRAZ-FM,106.300000,Miami,FL,,50.0,25.235278,-80.326389,61646
WRGP,88.100000,Miami,FL,,0.165,25.54,-80.468611,21777
WRGV,107.300000,West Palm Beach,FL,,50.0,30.611111,-87.6075,63931
WRHS,103.100000,Panama City,FL,,6.0,38.943611,-76.178611,70351
WRMA,95.700000,Miami,FL,,40.0,25.773333,-80.188333,48368
WRMF,97.900000,West Palm Beach,FL,,100.0,26.574833,-80.242194,20436
WROK-FM,95.900000,Palm Beach Gardens,FL,,25.0,27.818056,-80.621667,59536
WRPW,92.900000,Longboat Key,FL,,6.0,40.491111,-88.720556,15486
WRRJ,89.700000,Cocoa,FL,,0.175,28.381667,-80.608611,93959
WRUF-FM,103.700000,Gainesville,FL,,0.46,29.642778,-82.420278,66575
WRXD,96.500000,Miami,FL,,11.5,18.31,-65.794722,51428
WRXK-FM,96.100000,Estero,FL,,100.0,26.422778,-81.630278,73976
WSBZ,106.300000,Santa Rosa Beach,FL,,6.0,30.385278,-86.300833,40200
WSCC-FM,94.300000,Odessa,FL,,25.0,32.817778,-79.835556,31939
WSCF-FM,91.900000,Vero Beach,FL,,15.5,27.636111,-80.466389,9871
WSDF,100.500000,Naples,FL,,37.0,38.191889,-85.522556,53593
WSEB,91.300000,Englewood,FL,,62.0,26.863333,-82.298333,63899
WSKQ-FM,97.900000,Miami,FL,,6.0,40.748333,-73.986111,61641
WSOS-FM,94.100000,St. Augustine,FL,,5.5,30.068889,-81.647222,74071
WSRQ-FM,106.900000,Punta Gorda,FL,,5.0,27.366389,-81.797778,64699
WSUN,97.100000,Odessa,FL,,11.5,28.182222,-82.768333,67136
WTBH,91.500000,Chiefland,FL,,3.0,29.459722,-82.898056,38349
WTFX-FM,93.100000,Naples,FL,,4.1,38.283889,-85.904722,37753
WTGF,90.500000,Milton,FL,,24.0,30.604167,-87.129167,20474
WTJT,90.100000,Baker,FL,,50.0,30.821944,-86.710278,50160
WTKP,93.500000,Palm Beach,FL,,14.5,29.819167,-85.259444,67579
WTLQ-FM,97.700000,Bonita Springs,FL,,14.5,26.487778,-81.929444,28901
WTMG,101.300000,Gainesville,FL,,3.5,29.417778,-82.549444,6268
WTRJ-FM,91.700000,Yulee,FL,,6.5,30.276111,-81.564167,47425
WTSM,97.900000,Orlando,FL,,6.0,30.369167,-84.1,89051
WTYS-FM,94.100000,Marianna,FL,,4.4,30.763056,-85.231111,29697
WUCF-FM,89.900000,Orlando,FL,,5.6,28.590556,-81.205,69229
WUFT-FM,89.100000,Gainesville,FL,,100.0,29.709444,-82.394444,66604
WUKS,107.700000,Naples,FL,,5.2,34.871389,-79.146944,39239
WUSF,89.700000,Tampa,FL,,69.0,27.848611,-82.263333,69122
WUUB,106.300000,Boca Raton,FL,,19.0,26.799722,-80.075833,24143
WUWF,88.100000,Pensacola,FL,,100.0,30.403611,-86.992778,66570
WVFJ-FM,93.300000,Lakeland,FL,,38.0,33.086111,-84.769444,53679
WVFS,89.700000,Tallahassee,FL,,0.0,30.439444,-84.291389,4204
WVFT,93.300000,Quincy,FL,,8.7,30.496667,-84.459167,15979
WVIJ,91.700000,Port Charlotte,FL,,1.9,26.980278,-82.0675,53029
WVUM,90.500000,Coral Gables,FL,,5.9,25.717222,-80.28,74175
WVYB,103.300000,Daytona Beach,FL,,6.0,29.236389,-81.072778,41669
WWCN,99.300000,Naples,FL,,50.0,26.487778,-81.929444,74286
WWLY,100.100000,Panama City,FL,,12.0,30.178889,-85.781944,72956
WWOJ,99.100000,Sebring,FL,,10.0,27.510833,-81.531667,27199
WWRM,94.900000,St. Petersburg,FL,,97.3,27.819444,-82.260833,74200
WXCL,104.900000,Longboat Key,FL,,6.0,40.642778,-89.543889,33879
WXCV,95.300000,Crystal River,FL,,6.0,28.834167,-82.659444,71693
WXCX,105.700000,Sebring,FL,,6.0,45.828611,-92.478056,85876
WXCZ,103.300000,Lecanto,FL,,31.0,29.195833,-82.996111,57563
WXDJ,106.700000,Miami,FL,,100.0,25.992778,-80.174167,66376
WXGL,107.300000,Saint Petersburg,FL,,100.0,28.039444,-82.653333,74199
WXHT,102.700000,Pinetta,FL,,19.0,30.639722,-83.447778,48644
WXJZ,100.900000,Ft. Lauderdale,FL,,6.0,29.634167,-82.313889,3057
WXKB,103.900000,Estero,FL,,100.0,26.422778,-81.630278,73933
WXOF,96.700000,Palm Harbor,FL,,14.5,29.021667,-82.688889,47881
WXTY,99.900000,Tallahassee,FL,,3.57,30.494083,-84.233333,9311
WXUS,102.300000,Ft Lauderdale,FL,,50.0,29.1875,-82.394444,3056
WXXJ,106.500000,Odessa,FL,,6.0,30.276389,-81.566111,28894
WXXL,106.700000,Altamonte Springs,FL,,100.0,28.558611,-81.593889,29569
WXZC,104.300000,Lecanto,FL,,19.0,29.021667,-82.688889,71585
WYBP,90.300000,Ft. Lauderdale,FL,,8.0,26.153333,-80.17,72029
WYBX,88.300000,Boca Raton,FL,,1.9,24.571944,-81.740278,90786
WYFZ,91.300000,Wildwood,FL,,0.9,29.176944,-82.144722,76441
WYGC,104.900000,Fort Lauderdale,FL,,3.2,29.821111,-82.573611,59076
WYKS,105.300000,Gainesville,FL,,3.0,29.631389,-82.418889,24208
WYLK,94.700000,Panama City Beach,FL,,2.9,30.385556,-89.925833,49247
WYLV,88.300000,Longwood,FL,,2.85,36.003556,-83.942861,81317
WYND-FM,95.500000,Ocala,FL,,6.0,29.282667,-82.04675,1099
WYOO,101.100000,Panama City,FL,,12.0,30.178889,-85.781944,67074
WYZB,105.500000,Fort Walton Beach,FL,,25.0,30.411667,-86.620556,27469
WZET,92.100000,Miami,FL,,2.95,18.318333,-67.178333,61579
WZFX,99.100000,Naples,FL,,100.0,34.732417,-78.783889,32376
WZMJ,93.100000,Ft. Lauderdale,FL,,2.1,33.900556,-81.406944,12421
WZSP,105.300000,Punta Gorda,FL,,4.1,27.183611,-81.949167,85759
WZZR,92.100000,Highland Beach,FL,,7.2,26.799444,-80.075833,20442
KBRJ,104.100000,Augusta,GA,,55.0,61.12,-149.895278,60915
KCLB-FM,93.700000,Augusta,GA,,26.5,33.801667,-116.224444,12131
KDGL,106.900000,Augusta,GA,,4.0,34.081944,-116.342222,14058
KEAG,97.300000,Augusta,GA,,55.0,61.12,-149.895278,28648
KGNC-FM,97.900000,Augusta,GA,,100.0,35.314722,-101.846389,63161
KIKX,104.700000,Atlanta,GA,,97.0,43.279167,-114.153889,28217
KIQQ-FM,103.700000,Atlanta,GA,,6.0,34.885278,-116.895833,79388
KKRV,104.700000,Augusta,GA,,6.5,47.478889,-120.213611,28635
KKUU,92.700000,Augusta,GA,,4.2,33.870833,-116.226944,11658
KOLI,94.900000,Brunswick,GA,,50.0,34.083611,-98.991389,78344
KPDA,100.700000,Atlanta,GA,,64.0,43.246944,-115.435556,72658
KTOH,99.900000,Clayton,GA,,0.45,21.978056,-159.498611,43732
KWIQ-FM,100.500000,Augusta,GA,,50.0,47.1025,-119.24,35887
KWLN,103.300000,Augusta,GA,,25.0,47.277778,-119.0,72880
WAAC,92.900000,Valdosta,GA,,100.0,30.803611,-83.355556,72122
WAAW,94.700000,Augusta,GA,,2.55,33.508611,-81.624167,4094
WABE,90.100000,Atlanta,GA,,100.0,33.759167,-84.334722,3538
WABR,91.100000,Atlanta,GA,,30.0,31.491667,-83.530278,23925
WACG-FM,90.700000,Atlanta,GA,,3.7,33.405,-81.8375,23922
WAEG,92.300000,Columbus,GA,,6.0,33.590139,-82.23125,31941
WAFT,101.100000,Valdosta,GA,,100.0,30.863889,-83.394444,11091
WAHP,88.500000,Toccoa Falls,GA,,50.0,34.395278,-82.496944,67212
WAJQ-FM,104.300000,Alma,GA,,4.5,31.607222,-82.546111,63862
WAKB,100.900000,Columbus,GA,,16.0,33.377778,-82.076944,31942
WAKL,106.700000,Atlanta,GA,,77.0,33.867222,-83.828889,48727
WATY,91.300000,Kingsland,GA,,3.8,30.821111,-81.737222,83543
WAZX-FM,101.900000,Atlanta,GA,,0.35,34.508889,-83.8075,71198
WBBK-FM,93.100000,Donalsonville,GA,,45.0,31.298611,-85.055,41207
WBCX,89.100000,Gainesville,GA,,0.84,34.316944,-83.829167,6706
WBGE,101.900000,Camilla,GA,,6.0,31.009167,-84.421111,89183
WBIY,88.300000,Toccoa Falls,GA,,9.0,26.722778,-81.501111,86109
WBMH,106.100000,Gainesville,GA,,12.0,31.725,-87.916111,8607
WBMZ,103.700000,Metter,GA,,3.0,32.398889,-82.043333,73247
WBRQ,91.900000,Norcross,GA,,1.0,33.013333,-85.049444,90858
WBTR-FM,92.100000,Carrollton,GA,,0.58,33.565,-85.017222,9118
WBTY,98.700000,Homerville,GA,,6.0,31.034444,-82.863889,61255
WBYZ,94.500000,Baxley,GA,,100.0,31.785,-82.449444,61095
WBZY,105.700000,Canton,GA,,20.0,34.066111,-84.454167,10698
WCCV,91.700000,Cartersville,GA,,7.3,34.159444,-85.036944,28333
WCEH-FM,98.300000,Hawkinsville,GA,,3.1,32.1675,-83.630833,60414
WCFB,94.500000,Atlanta,GA,,97.5,28.979722,-81.455556,10343
WCGQ,107.300000,Columbus,GA,,100.0,32.466667,-85.055556,72089
WCHZ-FM,93.100000,Augusta,GA,,4.1,33.499722,-82.619167,17129
WCKS,102.700000,Bowdon,GA,,1.0,33.650833,-85.294722,63409
WCLK,91.900000,Atlanta,GA,,0.48,33.807222,-84.339444,11675
WCON-FM,99.300000,Cornelia,GA,,100.0,34.523333,-83.679444,25814
WCUG,88.500000,Columbus,GA,,23.0,31.988611,-84.933056,88005
WDDK,103.900000,Greensboro,GA,,5.3,33.474722,-83.246111,6798
WDDQ,92.100000,Adel,GA,,2.6,31.1375,-83.394722,72786
WDEC-FM,94.700000,Americus,GA,,25.0,31.897778,-84.314722,63786
WDEN-FM,99.100000,Macon,GA,,100.0,32.764167,-83.558889,46996
WDMG-FM,97.900000,Tifton,GA,,3.5,31.530833,-82.909444,39473
WDRR,93.900000,Evans,GA,,14.5,33.438056,-82.088611,14667
WDUN-FM,102.900000,Gainesville,GA,,16.0,34.484722,-83.64,32978
WEAM-FM,100.700000,Hawkinsville,GA,,2.6,32.3425,-84.655,89045
WECC-FM,89.300000,St. Marys,GA,,30.0,30.931667,-81.708333,81294
WEDB,98.100000,Swainsboro,GA,,9.6,32.548611,-82.646944,54832
WEKS,92.500000,Newnan,GA,,12.0,33.138889,-84.525278,61617
WFFM,105.700000,Adel,GA,,6.0,31.688056,-83.643889,72056
WFNZ-FM,92.700000,Columbus,GA,,10.5,35.272222,-80.765,28898
WFSH-FM,104.700000,Atlanta,GA,,24.0,33.867222,-83.828889,56390
WFXA-FM,103.100000,Augusta,GA,,3.0,33.5,-81.934167,15848
WFXE,104.900000,Columbus,GA,,2.3,32.466389,-85.056111,15847
WFXM,107.100000,Lithonia,GA,,3.0,32.848611,-83.474722,25387
WGLH,103.900000,Hawkinsville,GA,,10.5,32.1675,-83.630833,67693
WGLU,102.500000,Marietta,GA,,4.0,32.572222,-83.670278,29129
WGMK,106.300000,Donalsonville,GA,,5.9,31.073889,-84.879722,41208
WGOV-FM,96.700000,Valdosta,GA,,50.0,30.803611,-83.355556,9684
WGPB,97.700000,Rome,GA,,4.2,34.234722,-85.23,6797
WGPH,91.500000,Augusta,GA,,31.0,32.232778,-82.480833,23950
WGUR,95.300000,Milledgeville,GA,,0.085,33.081389,-83.231111,23907
WGUS-FM,102.700000,Augusta,GA,,4.3,33.513611,-81.634167,25467
WHCJ,90.300000,Savannah,GA,,6.0,32.024444,-81.056389,59247
WHHD,98.300000,Atlanta,GA,,11.5,33.512222,-82.08,24148
WHKV,106.100000,Sylvester,GA,,6.0,31.504167,-83.929444,33058
WHLJ-FM,97.500000,Valdosta,GA,,4.2,30.806111,-83.005833,36659
WHOD,94.500000,Gainesville,GA,,30.0,31.483056,-87.790833,8605
WHTA,107.900000,Macon,GA,,35.0,33.49,-84.568611,52548
WIBB-FM,97.900000,Marietta,GA,,10.5,32.57,-83.757222,64652
WIBW-FM,94.500000,Augusta,GA,,98.4,39.006111,-96.049167,63174
WIFO-FM,105.500000,"Jesup,",GA,,25.0,31.601667,-81.933333,31096
WIHB-FM,96.500000,Marietta,GA,,8.0,32.975278,-83.799722,29128
WIOL-FM,95.700000,Columbus,GA,,6.0,32.698333,-84.735833,50534
WISK-FM,98.700000,Americus,GA,,25.0,32.080833,-84.255556,63784
WJCK,88.300000,Cartersville,GA,,0.0,33.836667,-85.733056,28334
WJDS,88.700000,Augusta,GA,,0.0,33.313333,-83.001389,92979
WJFL,101.900000,Sandersville,GA,,6.0,32.913611,-82.885,70985
WJGA-FM,92.100000,Jackson,GA,,5.5,33.276944,-83.966389,18179
WJIZ-FM,96.300000,Albany,GA,,79.0,31.549278,-84.005361,6616
WJJE,89.100000,Lawrenceville,GA,,0.0,40.400556,-82.778611,91080
WJNA,96.700000,Athens,GA,,25.0,33.989444,-82.773056,84470
WJSP-FM,88.100000,Atlanta,GA,,100.0,32.852222,-84.701111,23927
WJST,102.100000,Sylvester,GA,,6.0,31.527778,-83.839444,66942
WJWV,90.900000,Atlanta,GA,,20.5,31.604722,-85.028333,23946
WJXL-FM,92.500000,Kingsland,GA,,1.7,30.276111,-81.564167,22005
WJYO,91.500000,Toccoa Falls,GA,,3.0,26.505083,-81.852333,67215
WKAA,99.500000,Douglas,GA,,73.0,31.171667,-83.365833,71343
WKBX,106.300000,Kingsland,GA,,6.0,30.801111,-81.678611,54649
WKCN,99.300000,Columbus,GA,,29.0,32.466389,-85.056111,54670
WKEU-FM,88.900000,Griffin,GA,,5.0,32.986389,-84.365556,23908
WKKZ,92.700000,Dublin,GA,,50.0,32.5225,-82.9,34942
WKNG-FM,89.100000,Carrollton,GA,,1.0,33.555,-85.456944,92876
WKTM,106.100000,Augusta,GA,,6.0,32.425278,-82.557222,70118
WKUB,105.100000,Blackshear,GA,,50.0,31.181667,-82.380833,40704
WKXC-FM,99.500000,Atlanta,GA,,24.0,33.645556,-81.929167,24147
WKZJ,92.700000,Columus,GA,,39.0,32.132778,-85.070278,36307
WKZR,102.300000,Milledgeville,GA,,3.3,33.082778,-83.250278,73301
WKZZ,92.500000,Fitzgerald,GA,,20.5,31.527778,-83.333611,50535
WLGP,100.300000,Augusta,GA,,100.0,34.804722,-76.906389,27623
WLHR-FM,92.100000,Elberton,GA,,4.2,34.367417,-83.089444,54561
WLJA-FM,101.100000,Ellijay,GA,,21.5,34.580833,-84.521667,36892
WLKQ-FM,102.300000,Buford,GA,,4.2,34.121111,-83.976389,36350
WLPE,91.700000,Augusta,GA,,1.15,33.5725,-81.923056,3236
WLPF,98.500000,Augusta,GA,,2.3,31.469722,-83.236389,11646
WLPG,91.700000,Augusta,GA,,20.0,34.069472,-79.678417,9083
WLPT,88.300000,Augusta,GA,,20.0,31.674167,-81.886667,23953
WLRR,100.700000,Milledgeville,GA,,3.0,33.113889,-83.218889,53476
WLTC,103.700000,Columbus,GA,,8.8,32.457778,-84.885556,60372
WLUB,105.700000,Augusta,GA,,100.0,33.421389,-81.838611,59250
WLXF,105.500000,Macon,GA,,6.1,32.896667,-83.534722,68679
WLXP,88.100000,Savannah,GA,,5.5,32.063333,-81.048889,81997
WLYG,88.300000,Norcross,GA,,0.2,34.466944,-84.430278,90341
WLYU,100.900000,Lyons,GA,,6.0,32.113333,-82.397778,66966
WLZN,92.300000,Macon,GA,,3.0,32.773889,-83.6375,54672
WMCD,106.500000,Sylvania,GA,,25.0,32.7325,-81.861944,60213
WMCG,104.900000,Gulfport,GA,,49.0,32.383056,-83.118889,64757
WMGB,95.100000,Hawkinsville,GA,,46.0,32.555556,-83.737222,88541
WMGZ,97.700000,Milledgeville,GA,,8.5,33.344722,-83.228056,41993
WMMO,98.900000,Atlanta,GA,,44.0,28.574167,-81.462778,23444
WMOC,88.700000,Lumber City,GA,,50.0,31.93,-82.685,22871
WMOQ,92.300000,Social Circle,GA,,3.0,33.746944,-83.556389,6479
WMRZ,98.100000,Hawkinsville,GA,,25.0,31.624722,-84.322222,88542
WMSL,88.900000,Athens,GA,,20.0,33.906944,-83.493056,53562
WMTM-FM,93.900000,Moultrie,GA,,100.0,31.215,-83.786944,12381
WMUM-FM,89.700000,Atlanta,GA,,43.0,32.469722,-83.254722,23939
WMVV,90.700000,Lawrenceville,GA,,18.0,33.37,-84.133333,46714
WMVW,91.700000,Lovejoy,GA,,13.0,33.244167,-84.430278,86333
WNEX-FM,100.900000,Macon,GA,,3.3,32.555556,-83.737222,54726
WNGC,106.100000,Bogart,GA,,100.0,34.3775,-83.659722,60810
WNGH-FM,98.900000,Dalton,GA,,0.42,34.750556,-84.714694,2309
WNGU,89.500000,Altanta,GA,,0.75,34.524722,-83.997222,76477
WNNG-FM,99.900000,Warner Robins,GA,,6.0,32.308056,-83.775,15309
WNSY,100.100000,Columbus,GA,,7.0,34.630556,-84.491389,78332
WOAH,106.300000,Glennville,GA,,4.0,31.855,-81.741111,64632
WOAK,90.900000,Lagrange,GA,,3.4,32.965833,-84.985556,49942
WOCE,101.900000,Ringgold,GA,,1.3,34.969722,-85.086111,4059
WOEX,96.500000,Atlanta,GA,,99.0,28.568611,-81.054444,23443
WOKA-FM,106.700000,Douglas,GA,,100.0,31.6725,-82.857778,12203
WOLS,106.100000,Atlanta,GA,,21.0,34.883611,-80.793611,68809
WPEH-FM,92.100000,Louisville,GA,,6.0,33.013333,-82.3925,52029
WPEZ,93.700000,Macon,GA,,100.0,32.753333,-83.562778,52551
WPIL,91.700000,Norcross,GA,,1.3,33.615278,-85.544722,90951
WPMA,102.700000,Augusta,GA,,7.5,33.502778,-83.260278,77810
WPMX,94.900000,Hawkinsville,GA,,14.5,32.7325,-81.861944,54511
WPPL,103.900000,Atlanta,GA,,5.5,34.8675,-84.333889,21152
WPPR,88.300000,Atlanta,GA,,7.3,34.523333,-83.679444,23949
WPWB,90.500000,Augusta,GA,,16.5,32.681944,-83.369444,3229
WPYO,95.300000,Atlanta,GA,,12.0,28.574167,-81.462778,1186
WPZE,102.500000,Mableton,GA,,3.0,33.688889,-84.510556,24562
WQBZ,106.300000,Marietta,GA,,48.0,32.758611,-83.746944,64641
WQIL,101.300000,Milan,GA,,50.0,32.383056,-83.118889,25477
WQLI,92.300000,Pelham,GA,,6.0,31.086667,-84.202778,15915
WQMJ,100.100000,Lithonia,GA,,3.0,32.974167,-83.867222,41990
WQPW,95.700000,Valdosta,GA,,32.0,30.701944,-83.115,41336
WQTS,102.900000,Hawkinsville,GA,,25.0,32.445278,-81.968611,51398
WQTU,102.300000,Rome,GA,,1.1,34.233889,-85.230556,40816
WRAF,90.900000,Toccoa,GA,,100.0,34.599167,-83.365278,67213
WRAS,88.500000,Atlanta,GA,,50.0,33.744722,-84.36,23959
WRBN,96.300000,Athens,GA,,0.37,34.906667,-83.415556,56201
WRBV,101.700000,Marietta,GA,,4.9,32.638889,-83.6425,65043
WRBX,104.100000,Reidsville,GA,,4.9,32.087222,-82.13,73932
WRDG,105.300000,Tallapoosa,GA,,61.0,33.411389,-84.83,63406
WRDO,96.900000,Tifton,GA,,6.0,31.7425,-83.244167,24738
WREK,91.100000,Atlanta,GA,,100.0,33.778056,-84.406111,54536
WRFG,89.300000,Atlanta,GA,,65.0,33.807222,-84.339444,54585
WRHQ,105.300000,Richmond Hill,GA,,11.0,32.047778,-81.123889,66974
WRJY,104.100000,Brunswick,GA,,3.9,31.194167,-81.491667,472
WRWR,107.500000,Cochran,GA,,4.0,32.543333,-83.465278,26626
WRWX,91.100000,Toccoa Falls,GA,,0.06,42.7025,-72.038333,92287
WSGA,92.300000,Hinesville,GA,,50.0,31.693611,-81.390833,64428
WSNT-FM,99.900000,Sandersville,GA,,3.0,32.973056,-82.809444,54830
WSPA-FM,106.300000,Atlanta,GA,,25.0,34.8425,-82.166389,53623
WSRM,93.500000,Rome,GA,,1.2,34.233889,-85.230556,30623
WSRV,97.100000,Atlanta,GA,,98.0,34.125556,-83.858889,59970
WSTH-FM,106.100000,Columbus,GA,,86.0,32.758333,-85.472222,60763
WSTI-FM,105.300000,Valdosta,GA,,25.0,30.639722,-83.447778,1073
WSTR,94.100000,Atlanta,GA,,100.0,33.744611,-84.36,30822
WSVH,91.100000,Atlanta,GA,,0.0,32.146667,-81.618056,23926
WTCQ,97.700000,"Vidalia,",GA,,4.3,32.219667,-82.435278,70117
WTGA-FM,101.100000,Thomaston,GA,,1.25,32.986944,-84.365278,54590
WTHB-FM,96.900000,Augusta,GA,,6.2,33.258944,-82.319472,15849
WTHG,104.700000,Hinesville,GA,,12.0,31.855,-81.741111,7816
WTHO-FM,101.700000,Thomson,GA,,5.1,33.472222,-82.517222,8475
WTIF-FM,107.500000,Tifton,GA,,6.0,31.509444,-83.520278,63841
WTLD,90.500000,Jesup,GA,,6.0,31.596944,-81.937222,89988
WTSE,91.100000,Norcross,GA,,0.0,35.323611,-84.298333,93012
WTSH-FM,107.100000,Rome,GA,,100.0,34.250833,-84.984722,7043
WTUF,106.300000,Thomasville,GA,,6.0,30.794444,-83.781667,6472
WTXR,89.700000,Toccoa Falls,GA,,0.4,34.599167,-83.365278,77327
WUFF-FM,97.500000,Eastman,GA,,4.62,32.221667,-83.217778,21211
WUGA,91.700000,Atlanta,GA,,6.0,33.920278,-83.246111,22982
WUKV,95.700000,Rome,GA,,1.3,34.469444,-85.296667,67769
WULS,103.700000,Douglas,GA,,6.0,31.586667,-82.873611,57758
WUNV,91.700000,Atlanta,GA,,3.0,31.672222,-84.0575,23919
WUOG,90.500000,Athens,GA,,26.0,33.949722,-83.382778,66624
WUWG,90.700000,Carrollton,GA,,0.43,33.563889,-85.017778,71602
WVGA,105.900000,Valdosta,GA,,10.0,31.055833,-83.231667,36379
WVGS,91.900000,Statesboro,GA,,1.0,32.425556,-81.782778,23958
WVKV,95.300000,Tifton,GA,,29.0,31.171667,-83.365833,67098
WVKX,103.700000,Irwinton,GA,,6.0,32.88,-83.185278,72466
WVOH-FM,93.500000,Hazlehurst,GA,,50.0,31.485722,-82.691139,30658
WVVS-FM,90.900000,Valdosta,GA,,3.2,30.846833,-83.236972,69649
WWET,91.700000,Atlanta,GA,,0.0,30.826389,-83.277778,23921
WWEV-FM,91.500000,Cumming,GA,,8.9,34.236944,-84.16,14744
WWGF,107.500000,Augusta,GA,,6.0,30.979167,-84.9575,78706
WWIO-FM,88.900000,Atlanta,GA,,11.5,31.188889,-81.484722,23944
WWKA,92.300000,Atlanta,GA,,99.0,28.568611,-81.054444,48716
WWLD,102.300000,Cairo,GA,,27.0,30.492222,-84.283889,38640
WWQA,90.700000,Albany,GA,,5.5,31.645,-84.354167,36447
WWRQ-FM,107.900000,Valdosta,GA,,50.0,31.055833,-83.231667,863
WWUF,97.700000,Atlanta,GA,,6.0,31.184722,-82.256667,71149
WXKT,103.700000,Bogart,GA,,4.1,34.3775,-83.659722,3078
WXMK,105.900000,Brunswick,GA,,15.0,31.194167,-81.491667,61418
WXRS-FM,100.500000,Swainsboro,GA,,3.0,32.581111,-82.387222,36212
WXST,99.700000,Atlanta,GA,,70.0,32.817778,-79.835556,3969
WXVS,90.100000,Atlanta,GA,,79.0,31.221389,-82.573333,23923
WXYY,100.100000,Statesboro,GA,,50.0,32.280278,-81.194444,54805
WYSC,102.700000,Mcrae,GA,,3.0,32.056944,-82.865556,71318
WYUM,101.700000,Vidalia,GA,,3.6,32.219667,-82.435278,86166
WYYU,104.500000,Dalton,GA,,6.0,34.828333,-84.894722,54517
WZBN,105.500000,Atlanta,GA,,6.0,31.314167,-84.205,43240
WZIQ,106.500000,Augusta,GA,,2.45,31.799722,-84.248333,29130
WZTR,104.300000,Dahlonega,GA,,3.7,34.498889,-84.142222,34319
KGUM-FM,105.100000,Agana,GU,,10.5,13.489167,144.828056,87891
KHMG,88.100000,Barrigada,GU,,8.0,13.488056,144.831389,26384
KISH,102.900000,"Agana, Guam",GU,,25.0,13.488,144.831389,78492
KNUT,101.100000,Guam Main Facility,GU,,8.0,13.4875,144.828333,77695
KOKU,100.300000,Agana,GU,,50.0,13.488056,144.826389,25516
KOLG,90.900000,Agana,GU,,5.7,13.489167,144.825833,9349
KPRG,89.300000,Mangilao,GU,,9.2,13.488056,144.831389,25515
KSTO,95.500000,Guam Main Facility,GU,,25.0,13.488,144.831389,28863
KUAM-FM,93.900000,Dededo,GU,,5.2,13.431389,144.71,51236
KWAW,100.300000,Tamuning,GU,,1.1,15.184722,145.740556,12587
KZGU,99.500000,Agana,GU,,17.0,13.489167,144.828056,60854
KZGZ,97.500000,Agana,GU,,37.0,13.489167,144.828056,33082
KZMI,103.900000,Guam Main Facility,GU,,3.2,15.183333,145.735,28865
KAGB,99.100000,Kamuela,HI,,7.3,19.721111,-155.920833,35507
KAIM-FM,95.500000,Honolulu,HI,,100.0,21.395833,-158.099444,10950
KANO,89.100000,Honolulu,HI,,18.0,19.523611,-155.302222,26449
KAOY,101.500000,Hilo,HI,,6.5,19.720833,-155.921111,70377
KAPA,100.300000,Hilo,HI,,35.0,19.838611,-155.111944,5254
KAQA,91.900000,Hanalei,HI,,6.0,21.976556,-159.498528,33826
KCIF,90.300000,Hilo,HI,,0.0,19.637222,-155.055278,81518
KFMN,96.900000,Lihue,HI,,100.0,21.998333,-159.426389,21843
KHBC,92.700000,Honolulu,HI,,7.5,19.838611,-155.111944,70379
KHPR,88.100000,Honolulu,HI,,39.0,21.336667,-157.8175,26446
KIPO,89.300000,Honolulu,HI,,38.5,21.336667,-157.8175,26440
KJKS,99.900000,Lahaina,HI,,69.0,20.66,-156.363889,9674
KKCR,90.900000,Hanalei,HI,,0.9,22.217222,-159.481389,33827
KKOL-FM,107.900000,Kailua,HI,,100.0,21.3975,-158.100278,70384
KKUA,90.700000,Honolulu,HI,,14.5,20.709444,-156.263611,26437
KLHT-FM,91.500000,Honolulu,HI,,100.0,21.395833,-158.099444,81538
KLUA,93.900000,Hilo,HI,,7.3,19.721111,-155.920833,60504
KNWB,97.100000,Hilo,HI,,38.0,19.783889,-155.090278,69054
KONI,104.700000,Kihei,HI,,69.0,20.66,-156.363889,17023
KORL-FM,101.100000,Lahaina,HI,,100.0,21.395833,-158.099444,36242
KPHW,104.300000,Kailua,HI,,75.0,21.330278,-157.756667,27424
KPMW,105.500000,Kahului,HI,,21.0,20.744444,-156.310833,56069
KPOA,93.500000,Lahaina,HI,,69.0,20.66,-156.363889,35490
KPOI-FM,105.900000,Kaneohe,HI,,100.0,21.3975,-158.100278,33450
KPVS,95.900000,Honlulu,HI,,39.0,19.838611,-155.111944,51240
KRTR-FM,96.300000,Kailua,HI,,75.0,21.330278,-157.756667,50118
KTUH,90.100000,Honolulu,HI,,7.0,21.336667,-157.8175,66592
KUMU-FM,94.700000,Honolulu,HI,,100.0,21.285833,-157.838611,31601
KWXX-FM,94.700000,Hilo,HI,,51.0,19.783889,-155.090278,48679
KWYI,106.900000,Ookala,HI,,4.5,19.724444,-155.919444,12244
KALA,88.500000,Davenport,IA,,10.0,41.5955,-90.678806,62090
KBBG,88.100000,Waterloo,IA,,9.5,42.5125,-92.323333,597
KBEA-FM,99.700000,Davenport,IA,,100.0,41.606389,-90.993056,13666
KBOE-FM,104.900000,Oskaloosa,IA,,50.0,41.320833,-92.645556,31909
KBVU-FM,97.500000,Storm Lake,IA,,6.0,42.634722,-95.169444,7758
KCCK-FM,88.300000,Cedar Rapids,IA,,10.0,41.909167,-91.654722,34954
KCHE-FM,92.100000,Cherokee,IA,,6.0,42.789167,-95.552222,60491
KCII-FM,106.100000,Knoxville,IA,,6.2,41.305,-91.71,71015
KCMR,97.900000,Mason City,IA,,6.0,43.121667,-93.197222,67199
KCOB-FM,95.900000,Newton,IA,,5.1,41.736389,-93.02,9899
KCRR,97.700000,Marshalltown,IA,,16.0,42.390556,-92.531944,25471
KCSI,95.300000,Red Oak,IA,,50.0,41.026444,-95.200556,26456
KCVM,93.500000,Forest City,IA,,11.0,42.502222,-92.340833,17227
KCWN,99.900000,Pella,IA,,25.0,41.292222,-92.673333,14627
KCZQ,102.300000,Cresco,IA,,3.0,43.429722,-92.163611,41101
KDAO-FM,99.500000,Marshalltown,IA,,3.0,42.263611,-93.065833,19202
KDHK,100.500000,Decorah,IA,,30.0,43.324444,-91.784722,16367
KDLS-FM,105.500000,Perry,IA,,10.0,41.726389,-93.860556,52312
KDMG,103.100000,Burlington,IA,,12.0,40.734444,-91.254167,53603
KDPS,88.100000,Des Moines,IA,,5.2,41.583611,-93.641111,16720
KDSN-FM,104.900000,Denison,IA,,6.0,42.036111,-95.328889,39381
KDST,99.300000,Dyersville,IA,,3.0,42.428611,-91.213889,16778
KFHC,88.100000,Sioux City,IA,,2.28,42.463333,-96.617194,90282
KFMW,107.900000,Waterloo,IA,,95.5,42.400556,-91.843333,51664
KGLI,95.500000,Sioux  City,IA,,100.0,42.514722,-96.303611,8771
KGRR,97.300000,Dubuque,IA,,25.0,42.458056,-90.777778,26898
KHBT,97.700000,Adel,IA,,5.8,42.7325,-94.206389,10902
KHKE,89.500000,Cedar Falls,IA,,10.0,42.398611,-92.326111,69027
KHOE,90.500000,Fairfield,IA,,0.1,41.016389,-91.969167,20454
KIAQ,96.900000,Fort Dodge,IA,,100.0,42.671667,-94.153056,54641
KICB,88.100000,Fort Dodge,IA,,0.2,42.490833,-94.200278,29059
KICD-FM,107.700000,Spencer,IA,,100.0,43.165833,-95.146111,29079
KICG,91.700000,Ames,IA,,10.0,42.065583,-93.938111,78934
KICJ,88.900000,Cedar Falls,IA,,1.0,41.668056,-93.328611,90336
KICW,91.100000,Cedar Falls,IA,,1.7,40.961389,-92.370278,83086
KIFG-FM,95.300000,Iowa Falls,IA,,6.0,42.513611,-93.215833,52020
KIHK,106.900000,Spirit Lake,IA,,25.0,43.341111,-96.3175,57074
KIIC,96.700000,Albia,IA,,10.0,41.010556,-92.729722,25745
KIKD,106.700000,Carroll,IA,,25.0,42.120556,-94.813611,2117
KILJ-FM,105.500000,Mt. Pleasant,IA,,24.0,40.948611,-91.565278,34604
KILR-FM,95.900000,Estherville,IA,,25.0,43.429167,-94.823056,29725
KIOW,107.300000,Forest City,IA,,25.0,43.283889,-93.630556,52609
KIWA-FM,105.300000,Sheldon,IA,,50.0,43.181389,-95.865556,60089
KIWR,89.700000,Council Bluffs,IA,,100.0,41.311111,-96.026944,29126
KJMC,89.300000,Des Moines,IA,,7.1,41.655833,-93.5975,43060
KJOC,93.500000,Davenport,IA,,6.0,41.603889,-90.412222,19791
KKFD-FM,95.900000,Fairfield,IA,,4.1,40.979722,-92.095833,23037
KKIA,92.900000,Emmetsburg,IA,,25.0,42.489722,-95.294444,24517
KKMA,99.500000,Le Mars,IA,,100.0,42.482222,-96.258333,35055
KKMI,93.500000,Burlington,IA,,6.0,40.819722,-91.117222,53604
KKRL,93.700000,Carroll,IA,,100.0,42.049167,-94.884167,9115
KKSI,101.500000,Ottumwa,IA,,49.0,41.1325,-92.703333,49902
KLDX,88.500000,Sioux Center,IA,,100.0,43.092778,-96.156389,17314
KLGA-FM,92.700000,Algona,IA,,3.5,43.068056,-94.202222,35428
KLMJ,104.900000,Hampton,IA,,6.0,42.831111,-93.188889,25914
KMA-FM,99.100000,Shenandoah,IA,,100.0,40.801111,-94.901667,35106
KMAQ-FM,95.100000,Maquoketa,IA,,6.0,42.090556,-90.628611,39857
KMCH,94.700000,Forest City,IA,,6.0,42.528333,-91.381389,64125
KMCS,93.100000,Muscatine,IA,,4.4,41.442778,-91.075833,47086
KMGO,98.700000,Centerville,IA,,100.0,40.791944,-92.8775,35126
KMRR,104.900000,Spencer,IA,,25.0,43.286944,-95.142778,29080
KMSC,92.900000,Sioux City,IA,,0.012,42.474444,-96.359444,43807
KNOD,105.300000,Harlan,IA,,25.0,41.616667,-95.269444,15141
KNSB,91.100000,Cedar Falls,IA,,1.1,41.5455,-90.373222,83540
KNSK,91.100000,Fort Dodge,IA,,100.0,42.8175,-94.411389,29066
KNSM,91.500000,Cedar Falls,IA,,0.0,43.1575,-93.136389,69284
KNSY,89.700000,Cedar Falls,IA,,0.61,42.605,-90.799167,85606
KNSZ,89.100000,Amesclovis,IA,,15.5,40.961389,-92.370278,29117
KNWM,96.100000,Ames,IA,,6.0,41.851389,-93.724722,42083
KOKZ,105.700000,Waterloo,IA,,100.0,42.409722,-92.086111,35949
KOTM-FM,97.700000,Ottumwa,IA,,19.0,41.024444,-92.482222,21916
KPUL,101.700000,Des Moines,IA,,6.0,41.400556,-93.916111,19792
KQCR-FM,98.900000,Hampton,IA,,6.0,42.563333,-92.956111,78272
KQLF,88.300000,Cedar Falls,IA,,1.4,41.033889,-92.409444,85844
KQNU,102.300000,Sioux City,IA,,100.0,42.174722,-96.386944,3971
KQWC-FM,95.700000,Webster City,IA,,25.0,42.467778,-93.796667,24661
KRFH,88.700000,Marshalltown,IA,,8.3,42.071389,-92.921944,90503
KRGI-FM,96.500000,Shenandoah,IA,,100.0,40.864722,-98.396389,32381
KRGY,97.300000,Shenandoah,IA,,50.0,40.878889,-98.093333,9936
KRIO-FM,97.700000,Pella,IA,,2.25,26.436944,-99.059444,24816
KRLS,92.100000,Knoxville,IA,,25.0,41.361111,-93.004167,39462
KRTI,106.700000,Newton,IA,,50.0,41.804444,-92.669167,35564
KRUI-FM,89.700000,Iowa City,IA,,0.1,41.658056,-91.544444,63560
KSEZ,97.900000,Sioux City,IA,,100.0,42.482222,-96.258333,10777
KSFT-FM,107.100000,Sioux City,IA,,2.3,42.537778,-96.449444,10776
KSIB-FM,101.300000,Creston,IA,,19.0,41.094722,-94.375,22965
KSJZ,93.300000,Sioux City,IA,,100.0,46.8185,-98.71075,10774
KSOM,96.500000,Atlantic,IA,,100.0,41.435278,-94.833333,63296
KSOU-FM,93.900000,Sioux Center,IA,,0.0,0.0,-0.0,67773
KSTM,88.900000,Indianola,IA,,0.15,41.363611,-93.560278,60467
KSTZ,102.500000,Des Moines,IA,,92.0,41.800278,-93.6075,58541
KSUI,91.700000,Iowa City,IA,,95.0,41.720833,-91.341667,66626
KSWI,95.700000,Atlantic,IA,,20.0,41.435278,-94.833333,79302
KTDV,91.900000,Marshalltown,IA,,22.0,42.263611,-93.065833,92457
KTFC,103.300000,Sioux City,IA,,100.0,42.484861,-96.30525,17199
KTFG,102.900000,Sioux City,IA,,49.0,42.909611,-95.159194,17200
KTWA,92.700000,Ottumwa,IA,,50.0,41.024722,-92.469167,24204
KUDV,106.900000,Pella,IA,,14.0,40.7775,-92.398333,27659
KUNI,90.900000,Cedar Falls,IA,,94.0,42.316389,-91.858611,69158
KURE,88.500000,Ames,IA,,0.63,42.029722,-93.6475,55777
KUUL,101.300000,Davenport,IA,,50.0,41.619444,-90.294722,43208
KUYY,100.100000,Emmetsburg,IA,,16.0,43.123333,-94.857778,29724
KVDI,99.300000,Boone,IA,,5.3,41.851389,-93.724722,6417
KWAR,89.900000,Waverly,IA,,0.1,42.726944,-92.483611,90974
KWAY-FM,99.300000,Waverly,IA,,4.6,42.703611,-92.4725,543
KWDM,88.700000,West Des Moines,IA,,0.1,41.590278,-93.752778,70543
KWIT,90.300000,Sioux City,IA,,100.0,42.482222,-96.258333,71839
KWPU,90.500000,Oskaloosa,IA,,1.0,41.295111,-92.650417,72710
KXGM,89.100000,Waterloo,IA,,3.6,42.0325,-91.673333,85165
KXIA,101.100000,Marshalltown,IA,,100.0,42.005278,-92.929167,40464
KYTC,102.700000,Mason City,IA,,25.0,43.488333,-93.236667,49798
KZAT-FM,95.500000,Tama,IA,,4.4,41.943056,-92.3975,14846
KZIA,102.900000,Cedar Rapids,IA,,100.0,42.056944,-91.695,35556
KZOW,91.900000,Forest City,IA,,0.0,43.263889,-93.638889,70715
WOI-FM,90.100000,Ames,IA,,100.0,41.809167,-93.614722,29118
WQKQ,92.100000,Ft. Madison,IA,,25.0,40.593611,-91.113333,7635
WXLP,96.900000,Davenport,IA,,50.0,41.337778,-90.379444,13663
KATW,101.500000,Lewiston,ID,,100.0,46.460556,-117.016667,73614
KAWS,89.100000,Twin Falls,ID,,0.0,43.006944,-116.703611,8417
KAWZ,89.900000,Twin Falls,ID,,0.0,42.729722,-114.414444,8414
KBSJ,91.300000,Boise,ID,,3.7,41.785556,-114.839444,92575
KBSK,89.900000,Boise,ID,,0.45,45.008333,-116.133333,91742
KBSM,91.700000,Boise,ID,,0.22,45.010556,-116.131389,28244
KBSQ,90.700000,Boise,ID,,0.22,45.008333,-116.133333,91741
KBSS,91.100000,Boise,ID,,0.7,43.643333,-114.396944,87408
KBSU-FM,90.300000,Boise,ID,,17.5,43.755833,-116.098333,6325
KBSW,91.700000,Boise,ID,,4.5,42.73,-114.418333,28250
KBSX,91.500000,Boise,ID,,3.7,43.755833,-116.098333,28243
KBSY,88.500000,Boise,ID,,0.0,42.361667,-113.454722,85430
KBXL,94.100000,Boise,ID,,39.0,43.755,-116.097778,35628
KBYI,94.300000,Rexburg,ID,,99.0,43.762222,-111.958333,56345
KBYR-FM,91.500000,Rexburg,ID,,1.0,43.817222,-111.778333,56352
KCHQ,100.100000,Soda Springs,ID,,3.0,42.641667,-111.611111,17436
KECH-FM,95.300000,Ketchum,ID,,2.5,43.643611,-114.397222,1163
KEDJ,103.100000,Jerome,ID,,71.0,42.731667,-114.417778,33446
KEFX,88.900000,Twin Falls,ID,,0.0,42.729722,-114.414444,8432
KGTM,98.100000,Lewiston,ID,,100.0,43.542778,-111.885278,73616
KIBG,100.700000,Ketchum,ID,,85.0,47.773611,-114.267778,83460
KIBR,102.500000,Sandpoint,ID,,0.43,48.229167,-116.507778,36236
KIDJ,106.300000,Idaho Fall,ID,,100.0,43.542778,-111.885278,12665
KISU-FM,91.100000,Pocatello,ID,,0.0,42.862778,-112.5175,85417
KJYR,104.500000,Oldtown,ID,,87.0,48.385833,-117.2375,29911
KKMV,106.100000,Jerome,ID,,25.0,42.335,-113.604167,67744
KKTC,99.900000,Ketchum,ID,,1.75,36.558333,-105.193889,43767
KLCZ,88.900000,Lewiston,ID,,0.23,46.4125,-117.025278,28532
KLER-FM,103.300000,Orofino,ID,,2.3,46.469167,-116.277778,9890
KLXI,99.500000,Weiser,ID,,100.0,43.797222,-116.558889,67612
KMGI,102.500000,Lewiston,ID,,100.0,42.865833,-112.512778,51215
KMOK,106.900000,Lewiston,ID,,99.0,46.459167,-117.038333,28214
KOAY,88.700000,Caldwell,ID,,6.0,43.755,-116.097778,61307
KORR,104.100000,Pocatello,ID,,56.0,42.862778,-112.5175,28256
KORT-FM,92.700000,Lewiston,ID,,1.0,45.863333,-116.123333,136
KOZE-FM,96.500000,Lewiston,ID,,25.0,46.463333,-117.000278,137
KPND,95.300000,Sandpoint,ID,,56.0,48.078889,-116.953056,5992
KQBL,101.900000,Boise,ID,,52.0,43.755,-116.0975,54509
KQEO,107.100000,St Anthony,ID,,100.0,43.351667,-112.008056,87926
KRVB,94.900000,Meridian,ID,,49.0,43.755,-116.097778,17397
KSKI-FM,94.500000,Ketchum,ID,,2.5,43.643611,-114.397222,17828
KSNA,100.700000,Idaho Falls,ID,,100.0,43.351667,-112.008056,55237
KSRA-FM,92.700000,Salmon,ID,,1.5,45.183889,-113.87,71526
KTFY,88.100000,Caldwell,ID,,0.0,42.73,-114.418333,91839
KTSY,89.500000,Caldwell,ID,,8.3,43.755,-116.097778,23459
KUOI-FM,89.300000,Moscow,ID,,0.0,46.728611,-117.006111,69362
KUPI-FM,99.100000,St. Anthony,ID,,100.0,43.5425,-111.884444,64698
KVTY,105.100000,Lewiston,ID,,0.5,46.459167,-117.038333,57193
KWFO-FM,102.100000,St Anthony,ID,,16.0,43.731667,-111.364444,87925
KWYD,101.100000,Mccall,ID,,100.0,43.797222,-116.558889,7377
KXMT,99.100000,Ketchum,ID,,60.0,36.858889,-106.007778,18421
KXTA-FM,99.100000,Twin Falls,ID,,35.0,42.731667,-114.417778,28218
KZBQ,93.900000,Pocatello,ID,,100.0,42.865833,-112.512222,28254
KZDX,99.900000,Jerome,ID,,27.0,42.335,-113.604167,42885
KZFN,106.100000,Moscow,ID,,62.0,46.680833,-116.973889,35560
KZJH,95.300000,Ketchum,ID,,100.0,43.461111,-110.7525,65279
KAAZ-FM,106.700000,Westmont,IL,,25.0,40.659444,-112.201389,63536
KABQ-FM,95.100000,Westmont,IL,,100.0,35.067778,-106.779444,39265
KBAZ,96.300000,Chicago,IL,,50.0,46.802222,-113.9725,4700
KBHI,107.100000,Benton,IL,,3.7,36.9425,-89.696389,78625
KBQI,107.900000,Westmont,IL,,22.5,35.211944,-106.449167,4706
KBXB,97.900000,Mount Vernon,IL,,50.0,36.997778,-89.647778,16548
KCGK,104.100000,Ava,IL,,2.5,37.377778,-89.934444,26174
KCKV,91.900000,Quincy,IL,,1.0,40.229444,-92.543889,87796
KCLH,94.700000,Chicago,IL,,2.1,43.69,-91.5025,63807
KDUT,102.300000,Chicago,IL,,89.0,40.871111,-110.995278,88272
KEGH,107.100000,Westmont,IL,,89.0,40.871111,-110.995278,21607
KEWF,98.500000,Chicago,IL,,100.0,45.764167,-108.455,50356
KFTZ,103.300000,Chicago,IL,,100.0,43.351667,-112.006111,18116
KGCC,99.900000,Chicago,IL,,51.0,44.2925,-105.436111,88381
KGMO,100.700000,Mount Vernon,IL,,100.0,37.3625,-89.521944,70577
KGRC,92.900000,Kankakee,IL,,100.0,39.73,-91.405278,62332
KISN,96.700000,Chicago,IL,,18.5,45.673333,-110.867222,24172
KJCG,88.300000,Chicago,IL,,0.0,46.801667,-113.972778,87476
KJIR,91.700000,Quincy,IL,,12.0,39.698333,-91.496667,82721
KLBU,94.700000,Mount Vernon,IL,,100.0,36.089167,-106.028056,31801
KLUE,103.500000,Metropolis,IL,,50.0,36.847222,-90.331111,15942
KMBI-FM,107.900000,Chicago,IL,,56.0,47.570833,-117.083333,66099
KMBN,89.700000,Chicago,IL,,0.5,32.278056,-106.910833,82482
KMCN,94.700000,Monmouth,IL,,3.0,41.908889,-90.222222,33054
KMDY,90.900000,Chicago,IL,,7.7,40.511389,-91.330556,84893
KMLW,88.300000,Chicago,IL,,4.0,46.941944,-119.428056,43702
KMMS-FM,94.700000,Chicago,IL,,94.0,45.673333,-110.867222,24171
KNEI-FM,103.500000,Chicago,IL,,37.0,43.307778,-91.455,15734
KNRS-FM,105.900000,Westmont,IL,,25.0,40.659444,-112.201389,69555
KPEK,100.300000,Westmont,IL,,22.5,35.214167,-106.450556,4704
KPLD,105.100000,Chicago,IL,,100.0,37.295833,-112.842778,55399
KQBA,107.500000,Mount Vernon,IL,,100.0,36.089167,-106.028056,35534
KQCJ,93.900000,Taylorville,IL,,4.2,41.382222,-90.179722,70277
KQKL,95.300000,Mt. Vernon,IL,,100.0,40.400278,-91.585833,70573
KQYB,98.300000,Chicago,IL,,33.0,43.681389,-91.757778,63804
KREC,98.100000,Chicago,IL,,54.0,37.542222,-113.068056,6784
KREZ,104.700000,Benton,IL,,7.7,37.162778,-89.483056,10658
KRIV-FM,101.100000,Chicago,IL,,5.0,44.073889,-91.577222,27534
KRNQ,96.300000,Mt. Vernon,IL,,19.0,40.400278,-91.585833,15773
KRSQ,101.900000,Chicago,IL,,100.0,45.763333,-108.455556,4992
KSPL,90.900000,Chicago,IL,,0.25,48.506111,-114.346944,5185
KTEG,104.100000,Westmont,IL,,100.0,35.780556,-106.526389,53652
KTHK,105.500000,Chicago,IL,,100.0,43.351667,-112.006111,33447
KUUU,92.500000,Chicago,IL,,3.7,40.659722,-112.201389,37876
KVCN,106.700000,Mount Vernon,IL,,43.0,35.780556,-106.526389,65277
KVIK,104.700000,Chicago,IL,,1.95,43.286944,-91.884167,33080
KWKM,95.700000,Skokie,IL,,100.0,34.249444,-109.586389,78436
KWUL-FM,101.700000,Chicago,IL,,3.1,39.1025,-90.823056,70301
KXLB,100.700000,Chicago,IL,,94.0,45.673333,-110.867222,30566
KYRX,97.300000,Benton,IL,,3.6,37.380278,-90.080278,81680
KYSS-FM,94.900000,Chicago,IL,,63.0,47.0325,-113.991667,71759
KZHT,97.100000,Westmont,IL,,25.0,40.659444,-112.201389,63820
KZMT,101.100000,Chicago,IL,,95.0,46.747722,-112.329889,50357
KZRR,94.100000,Westmont,IL,,19.5,35.212222,-106.449444,68609
KZZK,105.900000,Kankakee,IL,,10.0,39.73,-91.405278,53663
WAAG,94.900000,Galesburg,IL,,50.0,40.942778,-90.344167,23038
WACD,106.100000,Chicago,IL,,10.0,45.106389,-89.1525,49814
WAJK,99.300000,Lasalle,IL,,11.0,41.413056,-89.276111,36181
WAKO-FM,103.100000,Lawrenceville,IL,,6.0,38.723056,-87.653611,36787
WALS,102.100000,Mendota,IL,,2.25,41.275556,-88.965278,17316
WAOX,105.300000,Litchfield,IL,,6.0,39.043611,-89.748889,64563
WARG,88.900000,Summit,IL,,0.5,41.776667,-87.804722,12921
WAWE,94.300000,Elgin,IL,,3.5,41.858333,-87.954444,19221
WAZU,90.700000,Canton,IL,,0.5,40.779444,-89.655,90309
WBBA-FM,97.500000,Pittsfield,IL,,10.0,39.581389,-90.797778,62351
WBEK,91.100000,Bourbonnais,IL,,2.6,41.160806,-87.874944,33327
WBEQ,90.700000,Chicago,IL,,1.45,41.285833,-88.430278,92544
WBEZ,91.500000,Chicago,IL,,5.7,41.898889,-87.623056,66649
WBFM,93.700000,Milwaukee,IL,,6.0,43.72,-87.734444,9968
WBGL,91.700000,Champaign,IL,,20.0,40.153333,-88.115556,28296
WBMV,89.700000,Carlinville,IL,,0.0,38.370833,-88.922222,28302
WBNH,88.500000,Pekin,IL,,48.0,40.648056,-89.557222,9893
WBNQ,101.500000,Bloomington,IL,,50.0,40.450278,-89.011667,68588
WBOO,102.900000,Chicago,IL,,3.6,43.592222,-90.011667,59232
WBVN,104.500000,Marion,IL,,6.0,37.773611,-88.738889,34015
WBWN,104.100000,Bloomington,IL,,47.0,40.423889,-88.874167,40906
WBZG,100.900000,Peru,IL,,3.0,41.3025,-89.236389,69732
WCBH,104.300000,Galva,IL,,12.5,39.273333,-87.9275,19050
WCBU,89.900000,Peoria,IL,,26.5,40.628889,-89.57,6610
WCCI,100.300000,Savanna,IL,,9.6,42.129722,-90.14,9119
WCCQ,98.300000,Joliet,IL,,3.0,41.435278,-88.183333,10677
WCEZ,93.900000,Benton,IL,,6.0,40.415,-91.253056,79019
WCFL,104.700000,Carlinville,IL,,50.0,41.354722,-88.498611,28304
WCIC,91.500000,Pekin,IL,,47.0,40.557778,-89.567778,28301
WCOY,99.500000,Quincy,IL,,100.0,39.941667,-91.584167,64844
WCRC,95.700000,Galva,IL,,50.0,39.107222,-88.562222,19048
WCRF-FM,103.300000,Chicago,IL,,25.5,41.296667,-81.6575,66101
WCRT-FM,88.500000,Carlinville,IL,,1.05,39.503889,-87.443611,28293
WCRX,88.100000,Chicago,IL,,0.1,41.872778,-87.647778,12424
WCSF,88.700000,Joliet,IL,,0.1,41.532778,-88.098333,12283
WCXO,96.700000,Centralia,IL,,2.1,38.64,-89.377778,12052
WCYE,93.700000,Chicago,IL,,100.0,45.775,-89.248611,49802
WDBR,103.700000,Springfield,IL,,50.0,39.793611,-89.605,9960
WDBX,91.100000,Carbondale,IL,,3.0,37.728611,-89.215833,27099
WDCB,90.900000,Glen Ellyn,IL,,5.0,41.843333,-88.083333,12281
WDDW,104.700000,Crystal Lake,IL,,4.2,42.855556,-87.844722,53506
WDGC-FM,88.300000,"Downers Grove,",IL,,0.25,41.804444,-88.012222,59285
WDKB,94.900000,Dekalb,IL,,3.0,41.949167,-88.895556,16408
WDKR,107.300000,Mt. Zion,IL,,3.0,39.965556,-89.0575,40425
WDKV,91.700000,Springfield,IL,,0.0,43.659722,-88.440556,90675
WDLM-FM,89.300000,Chicago,IL,,100.0,41.547778,-90.475,43691
WDML,106.900000,Mt. Vernon,IL,,3.0,38.358056,-89.098889,70468
WDNL,102.100000,Springfield,IL,,50.0,40.149444,-87.626389,48332
WDQN-FM,95.900000,Duquoin,IL,,6.0,38.032222,-89.241667,17749
WDRV,97.100000,Chicago,IL,,8.3,41.885,-87.621667,49552
WDUK,99.300000,Havana,IL,,3.0,40.311944,-90.055278,28313
WEAI,107.100000,Jacksonville,IL,,6.0,39.621111,-90.257778,30970
WEBQ-FM,102.300000,Harrisburg,IL,,6.0,37.7175,-88.543611,70349
WEFT,90.100000,Champaign,IL,,10.0,40.180833,-88.317778,71419
WEHP,93.700000,Casey,IL,,2.35,39.550278,-87.475556,73712
WEIU,88.900000,Charleston,IL,,4.0,39.478611,-88.1725,18299
WEPS,88.900000,Elgin,IL,,0.74,42.036389,-88.276111,4266
WERV-FM,95.900000,Aurora,IL,,2.85,41.769167,-88.267222,73171
WESN,88.100000,Bloomington,IL,,0.12,40.491111,-88.993611,28319
WEZC,95.900000,Clinton,IL,,6.0,40.095278,-88.964167,13901
WFAV,95.100000,Bourbonnais,IL,,2.3,41.0775,-87.756111,42656
WFCM-FM,91.700000,Chicago,IL,,2.5,35.800278,-86.621389,66111
WFEN,88.300000,Rockford,IL,,1.0,42.363333,-89.135,20468
WFIW-FM,104.900000,Fairfield,IL,,4.9,38.379444,-88.325833,71161
WFMT,98.700000,"Chicago,",IL,,6.0,41.878889,-87.635556,10801
WFPS,92.100000,Rockford,IL,,3.6,42.328056,-89.725,22647
WGBK,88.500000,Glenview,IL,,0.185,42.110833,-87.832222,42125
WGCA,88.500000,Quincy,IL,,40.0,39.971667,-91.328333,24944
WGCY,106.300000,Gibson City,IL,,6.0,40.565833,-88.346667,20383
WGEL,101.700000,Greenville,IL,,6.0,38.803056,-89.348889,6343
WGEM-FM,105.100000,Quincy,IL,,26.5,39.951111,-91.331389,54281
WGEN-FM,88.900000,Chicago,IL,,0.0,41.413306,-87.767444,43708
WGFA-FM,94.100000,Watseka,IL,,50.0,40.793611,-87.754722,29203
WGFB,103.100000,Aurora,IL,,2.4,42.367222,-89.086944,73975
WGKC,105.900000,Urbana,IL,,2.5,40.224167,-88.298889,10112
WGLC-FM,100.100000,Mendota,IL,,6.0,41.5355,-89.107194,41165
WGLT,89.100000,Normal,IL,,0.0,0.0,-0.0,28310
WGNB,89.300000,Chicago,IL,,30.0,42.837222,-85.988056,18425
WGNJ,89.300000,Champaign,IL,,50.0,40.087778,-87.895,13927
WGNN,102.500000,Champaign,IL,,6.0,40.339167,-88.405,58449
WGNR-FM,97.900000,Chicago,IL,,50.0,40.061944,-85.709444,2215
WGOW-FM,102.300000,Bloomington,IL,,6.0,35.195833,-85.229167,53956
WGRN,89.500000,Greenville,IL,,0.3,38.895278,-89.408333,25233
WHCM,88.300000,Palatine,IL,,0.1,42.081667,-88.073056,72720
WHFH,88.500000,Flossmoor,IL,,1.5,41.545556,-87.691944,12922
WHMS-FM,97.500000,Champaign,IL,,50.0,40.084444,-88.248056,14962
WHPI,96.500000,Peoria Heights,IL,,4.3,40.669444,-89.891944,76410
WHPK,88.500000,Chicago,IL,,0.16,41.784556,-87.60025,69000
WHPL,89.900000,Chicago,IL,,0.0,40.297222,-86.901389,70476
WHPO,100.900000,Hoopeston,IL,,3.0,40.476667,-87.693333,27614
WHSD,88.500000,Hinsdale,IL,,0.125,41.788333,-87.933889,27263
WHTQ,96.700000,Chicago,IL,,26.5,44.644167,-89.853333,60004
WIBI,91.100000,Carlinville,IL,,50.0,39.349444,-89.804444,28289
WIBV,102.100000,Metropolis,IL,,10.5,38.401944,-89.135833,15485
WIHC,97.900000,Chicago,IL,,50.0,46.449444,-85.101111,8125
WIIL,95.100000,Crystal Lake,IL,,50.0,42.552778,-87.893889,28473
WIIT,88.900000,Chicago,IL,,0.003,41.831389,-87.627222,28307
WIKK,103.500000,Newton,IL,,25.0,39.105556,-88.1725,58366
WILL-FM,90.900000,Urbana,IL,,105.0,40.038333,-88.669444,68940
WILV,91.100000,Rockford,IL,,7.0,42.322222,-89.011389,11064
WIMK,93.100000,Chicago,IL,,100.0,45.820833,-88.041667,64027
WIPA,89.300000,Springfield,IL,,50.0,39.723611,-90.685833,59011
WISH-FM,98.900000,Mount Vernon,IL,,4.1,37.931111,-88.680556,70601
WIUM,91.300000,Macomb,IL,,50.0,40.427778,-90.682778,71791
WIUS,88.300000,Macomb,IL,,0.22,40.465528,-90.685778,71788
WIUW,89.500000,Macomb,IL,,10.6,40.345556,-91.403056,71792
WIVQ,103.300000,Peru,IL,,4.9,41.3025,-89.236389,28312
WIXO,105.700000,Peoria,IL,,39.0,40.723611,-89.484444,9894
WIXY,100.300000,Champaign,IL,,13.0,40.0125,-88.141389,58539
WJBC-FM,93.700000,Pontiac,IL,,12.0,40.7575,-88.627778,37818
WJBD-FM,100.100000,Chicago,IL,,1.15,38.5625,-88.999167,70308
WJDK-FM,95.700000,Plano,IL,,3.0,41.22,-88.540833,40728
WJEK,95.300000,Peoria,IL,,1.9,40.218056,-88.115278,57466
WJEQ,102.700000,Macomb,IL,,10.0,40.4175,-90.614167,9896
WJEZ,98.900000,Pontiac,IL,,1.3,41.035,-88.436111,19211
WJLI,98.300000,Metropolis,IL,,100.0,36.7525,-88.499444,63817
WJLY,88.300000,Ramsey,IL,,25.0,39.135,-89.100556,78719
WJMU,89.500000,Decatur,IL,,1.65,39.841667,-88.974722,42654
WJPD,92.300000,Chicago,IL,,100.0,46.514167,-87.482778,24449
WJRE,102.500000,Galva,IL,,6.0,41.226667,-89.934722,12236
WJSO,90.100000,Chicago,IL,,3.8,37.464444,-82.545833,43693
WJVO,105.500000,Jacksonville,IL,,6.0,39.722222,-90.195278,43773
WJWR,90.300000,Bloomington,IL,,18.0,40.683139,-88.761944,93641
WKAI,100.100000,Macomb,IL,,25.0,40.533611,-90.8625,60016
WKAY,105.300000,Galesburg,IL,,3.7,40.942778,-90.344167,76984
WKCH,106.500000,Chicago,IL,,6.0,42.905556,-88.751389,59406
WKES,91.100000,Chicago,IL,,100.0,28.079444,-82.040833,19871
WKGL-FM,96.700000,Rockford,IL,,2.2,42.363333,-89.135,38638
WKIB,96.500000,Metropolis,IL,,22.0,37.362222,-89.521944,68793
WKIM,98.900000,Chicago,IL,,100.0,35.154444,-89.822222,33671
WKIO,107.900000,Effingham,IL,,3.6,39.878611,-88.1975,57469
WKJT,102.300000,Effingham,IL,,6.0,39.141667,-88.56,31833
WKKC,89.300000,Chicago,IL,,0.28,41.78,-87.643889,6115
WKLQ,94.500000,Bloomington,IL,,50.0,42.855556,-85.9625,41678
WKOS,104.900000,Bloomington,IL,,2.75,36.553889,-82.45,67674
WKRV,107.100000,Vandalia,IL,,6.0,38.996667,-88.928889,42088
WKSC-FM,103.500000,Chicago,IL,,4.3,41.878889,-87.635556,74178
WKXQ,92.500000,Rushville,IL,,6.0,40.138889,-90.657222,36579
WLAV-FM,96.900000,Bloomington,IL,,50.0,43.033611,-85.520833,41680
WLAW-FM,97.500000,Arlington Heights,IL,,3.0,43.384167,-86.325278,53960
WLCA,89.900000,Godfrey,IL,,1.5,38.949167,-90.196389,37167
WLCN,96.300000,Skokie,IL,,6.0,40.244167,-89.264167,82090
WLCS,98.300000,Arlington Heights,IL,,1.6,43.313889,-86.154722,5396
WLFZ,101.900000,Springfield,IL,,50.0,39.710833,-89.645,58549
WLHW,91.500000,Casey,IL,,6.0,39.303889,-87.970833,73713
WLKL,89.900000,Mattoon,IL,,1.3,39.418611,-88.381944,12868
WLLM-FM,90.100000,Carlinville,IL,,5.0,39.349444,-89.804444,28303
WLLT,94.300000,Dixon,IL,,3.3,41.897778,-89.605833,59235
WLMD,104.700000,Macomb,IL,,3.3,40.545833,-90.4875,36613
WLRA,88.100000,Romeoville,IL,,0.14,41.602778,-88.080278,37190
WLRW,94.500000,Champaign,IL,,50.0,40.126389,-88.290278,58542
WLSR,92.700000,Galesburg,IL,,4.2,40.942778,-90.344167,49514
WLTL,88.100000,La Grange,IL,,0.18,41.8125,-87.880833,39369
WLUJ,89.700000,Springfield,IL,,20.0,39.808333,-89.625,13576
WLUW,88.700000,Chicago,IL,,0.1,42.001111,-87.66,38939
WLWF,96.500000,Oglesby,IL,,2.5,41.309167,-88.8125,3958
WLWJ,88.100000,Springfield,IL,,6.0,40.001389,-89.696944,89735
WLWX,88.100000,Wheaton,IL,,0.25,41.869167,-88.098889,66499
WMAY-FM,92.700000,Springfield,IL,,11.5,39.643889,-89.514167,38346
WMBI-FM,90.100000,Chicago,IL,,100.0,41.928056,-88.006944,66063
WMBL,88.100000,Chicago,IL,,0.0,38.763889,-86.520833,84103
WMBU,89.100000,Chicago,IL,,10.0,32.315,-89.353333,9926
WMBV,91.900000,Chicago,IL,,62.0,32.129167,-87.737778,43690
WMBW,88.900000,Chicago,IL,,98.0,34.961944,-85.377778,66021
WMFT,88.900000,Chicago,IL,,0.0,33.338611,-87.358889,83088
WMIX-FM,94.100000,Mount Vernon,IL,,50.0,38.370833,-88.922222,73103
WMKB,102.900000,Skokie,IL,,2.15,41.621111,-89.088889,88204
WMKR,94.300000,Taylorville,IL,,5.6,39.452222,-89.286111,42646
WMKW,89.300000,Chicago,IL,,0.0,35.777222,-84.976111,65986
WMLV,89.700000,Deerfield,IL,,100.0,25.54,-80.468611,68118
WMMC,105.900000,Aurora,IL,,2.3,39.3525,-87.821944,28282
WMOI,97.700000,Monmouth,IL,,3.4,40.890278,-90.608611,33711
WMQZ,104.100000,Mccomb,IL,,6.0,40.533611,-90.8625,78977
WMTH,90.500000,Park Ridge,IL,,0.008,42.037222,-87.858333,6050
WMXM,88.900000,Lake Forest,IL,,0.295,42.249722,-87.828889,36309
WNFM,104.900000,Chicago,IL,,3.2,43.592222,-90.011667,59234
WNGE,99.500000,Chicago,IL,,3.6,46.514167,-87.482778,78159
WNIE,89.100000,Dekalb,IL,,6.0,42.3125,-89.593889,49555
WNIJ,89.500000,Dekalb,IL,,50.0,42.015278,-89.001944,49550
WNIQ,91.500000,Dekalb,IL,,2.4,41.897778,-89.605556,49557
WNIU,90.500000,Dekalb,IL,,50.0,42.015278,-89.001944,49545
WNIW,91.300000,Dekalb,IL,,0.0,41.413056,-89.276111,49556
WNLD,88.100000,Carlinville,IL,,1.0,39.809722,-88.991944,28294
WNLF,95.900000,Macomb,IL,,6.0,40.4175,-90.614167,84197
WNNS,98.700000,Springfield,IL,,50.0,39.699722,-89.781944,38347
WNOI,103.900000,Flora,IL,,3.3,38.678333,-88.487222,25753
WNSV,104.700000,Benton,IL,,3.4,38.433889,-89.315278,15380
WNTH,88.100000,Winnetka,IL,,0.1,42.094444,-87.718611,6052
WNUR-FM,89.300000,"Evanston,",IL,,7.2,42.053333,-87.675833,49779
WOGT,107.900000,Bloomington,IL,,25.0,35.125833,-85.290278,54527
WOKZ,105.900000,Fairfield,IL,,6.0,38.379444,-88.325833,71164
WOLG,95.900000,Glen Carbon,IL,,6.0,39.240278,-89.9075,8882
WONC,89.100000,Naperville,IL,,1.5,41.776111,-88.194722,49179
WONU,89.700000,Bourbonnais,IL,,35.0,41.156667,-87.871111,50284
WOSQ,92.300000,Chicago,IL,,6.0,44.808889,-90.361389,24445
WPBG,93.300000,Peoria,IL,,41.0,40.635278,-89.538611,42114
WPCD,88.700000,Champaign,IL,,10.5,40.224167,-88.298889,51693
WPEO-FM,98.300000,Farmer City,IL,,5.2,40.404722,-88.592778,53122
WPGU,107.100000,Champaign,IL,,3.0,40.109444,-88.235,28283
WPNG,101.900000,Skokie,IL,,13.0,31.326667,-82.865,78442
WPTH,88.100000,Olney,IL,,2.9,38.697222,-88.036944,50292
WPWQ,106.700000,Rushville,IL,,25.0,39.9425,-90.962222,39624
WPXN,104.900000,Paxton,IL,,3.0,40.453056,-88.103056,51989
WPZA,107.900000,Canton,IL,,25.0,40.544583,-90.020972,22899
WQCY,103.900000,Kankakee,IL,,1.8,39.941667,-91.584167,37579
WQFL,100.900000,Rockford,IL,,2.7,42.322222,-89.011389,54255
WQLF,102.100000,Lena,IL,,5.2,42.341944,-89.805833,59674
WQLZ,97.700000,Springfield,IL,,6.0,39.909722,-89.716944,56229
WQQB,96.100000,Peoria,IL,,3.8,40.224167,-88.298889,73229
WQRL,106.300000,Benton,IL,,12.5,37.930833,-88.681111,15378
WQUB,90.300000,Quincy,IL,,28.0,39.956111,-91.389444,54282
WRAN,97.300000,Taylorville,IL,,4.6,39.452222,-89.286111,79008
WRCV,101.700000,Chicago,IL,,6.0,41.824722,-89.4975,21203
WREE,92.500000,Champaign,IL,,16.0,40.0125,-88.141389,41592
WREZ,105.500000,Mount Vernon,IL,,6.0,37.173611,-88.708056,73277
WRHK,94.900000,Springfield,IL,,6.0,40.177778,-87.481944,57465
WRHN,100.100000,Chicago,IL,,100.0,45.628333,-89.393889,49800
WRKX,95.300000,Chicago,IL,,4.3,41.383333,-88.854444,70304
WRLJ,88.300000,Springfield,IL,,2.0,39.475278,-90.414167,89433
WRLO-FM,105.300000,Chicago,IL,,100.0,45.367778,-89.138889,432
WRMB,89.300000,Chicago,IL,,100.0,26.517778,-80.170556,43686
WRMJ,102.300000,Aledo,IL,,3.0,41.208056,-90.802778,71790
WRMS-FM,94.300000,Beardstown,IL,,6.0,40.079167,-90.432778,13650
WRNF,89.500000,Chicago,IL,,6.0,32.547222,-86.925833,87367
WRRG,88.900000,River Grove,IL,,0.1,41.915556,-87.836667,68153
WRSE,88.700000,Elmhurst,IL,,0.32,41.896111,-87.945833,4299
WRTB,95.300000,Rockford,IL,,1.25,42.290556,-89.164167,59620
WRTE,90.700000,Chicago,IL,,0.006,41.873611,-87.651111,10794
WRUL,97.300000,Carmi,IL,,50.0,38.0825,-88.201667,9010
WRVY-FM,100.500000,Carlinville,IL,,3.0,41.075833,-89.353611,28292
WRXQ,100.700000,Crystal Lake,IL,,2.45,41.295,-88.170833,3959
WRXX,95.300000,Mount Vernon,IL,,5.5,38.562778,-88.999444,26625
WSCT,90.500000,Carlinville,IL,,3.8,39.643889,-89.514167,28285
WSHE-FM,100.300000,Chicago,IL,,5.7,41.898889,-87.623056,10059
WSIE,88.700000,Edwardsville,IL,,50.0,38.785,-89.986111,6128
WSIU,91.900000,Carbondale,IL,,50.0,37.708056,-89.234722,61309
WSJK,93.500000,Champaign,IL,,5.0,39.973611,-88.238333,57471
WSJY,107.300000,Chicago,IL,,26.0,42.800556,-89.054444,24442
WSKZ,106.500000,Bloomington,IL,,100.0,35.161667,-85.318333,54525
WSLD,104.500000,Monmouth,IL,,6.0,42.727222,-88.748333,60612
WSMI-FM,106.100000,Litchfield,IL,,50.0,39.255833,-89.613333,64566
WSOG,88.100000,Spring Valley,IL,,0.0,41.292222,-89.133056,91823
WSOR,90.900000,Chcago,IL,,36.0,26.341389,-81.710556,61506
WSOY-FM,102.900000,Decatur,IL,,54.0,39.877778,-88.941667,36951
WSPY-FM,107.100000,Plano,IL,,3.1,41.665278,-88.576111,48247
WSSQ,105.500000,Mount Vernon,IL,,6.0,41.852222,-89.709722,37208
WSSR,96.700000,Crystal Lake,IL,,3.1,41.600278,-87.978889,62240
WSTQ,97.700000,Steator,IL,,6.0,41.180278,-88.868333,63534
WSVZ,98.300000,Taylorville,IL,,3.7,39.28,-88.972778,78691
WSWT,106.900000,Peoria,IL,,50.0,40.722778,-89.511111,13041
WTAX-FM,93.900000,Springfield,IL,,15.0,39.990278,-89.512778,9964
WTBX,93.900000,Chicago,IL,,100.0,47.373333,-93.013333,73172
WTRH,93.300000,Ramsey,IL,,3.0,39.135,-89.100556,14071
WTTT,88.900000,Springfield,IL,,0.25,39.734167,-89.638333,8603
WTYE,101.700000,Robinson,IL,,3.1,39.008056,-87.778056,2271
WUBU,106.300000,Oak Park,IL,,1.4,41.616333,-86.195556,21927
WUIS,91.900000,Springfield,IL,,50.0,39.783639,-89.446083,59012
WUPK,94.100000,Chicago,IL,,4.4,46.514167,-87.482778,64025
WUSI,90.300000,Carbondale,IL,,25.0,38.838333,-88.129444,6108
WVAZ,102.700000,Chicago,IL,,3.8,41.898889,-87.623056,6588
WVIK,90.300000,Rock Island,IL,,31.0,41.546944,-90.476389,3242
WVIV-FM,93.500000,Crystal Lake,IL,,3.5,41.858333,-87.954444,48449
WVJC,89.100000,Mt. Carmel,IL,,50.0,38.441389,-87.757222,28305
WVKC,90.700000,Galesburg,IL,,1.0,40.946111,-90.369722,35258
WVME,91.900000,Chicago,IL,,4.4,41.630556,-80.177222,88021
WVML,90.500000,Chicago,IL,,15.0,40.602222,-81.742222,85908
WVMN,90.100000,Chicago,IL,,2.0,41.013056,-80.293333,43698
WVMS,89.500000,Chicago,IL,,5.5,41.441389,-82.805556,43701
WVNL,91.700000,Carlinville,IL,,0.1,38.945,-89.102778,92248
WWDV,96.900000,"Chicago,",IL,,50.0,42.509722,-87.886389,49547
WXAJ,99.700000,Centralia,IL,,50.0,39.353333,-89.531389,4738
WXAN,103.900000,Ava,IL,,2.9,37.855278,-89.468333,26173
WXAV,88.300000,Chicago,IL,,0.15,41.710278,-87.715,62179
WXCH,102.900000,Aurora,IL,,5.1,39.186111,-85.958056,16255
WXEF,97.900000,Effingham,IL,,6.0,39.123611,-88.641111,53399
WXFM-FM,99.300000,Mt Zion,IL,,1.15,39.809722,-88.991944,64677
WXLC,102.300000,Chicago,IL,,3.0,42.349722,-87.881389,10451
WYKT,105.500000,Warrenville,IL,,1.3,41.286389,-88.239722,36120
WYMG,100.500000,Springfield,IL,,50.0,39.661944,-89.922778,58537
WYOT,102.300000,Rochelle,IL,,6.0,41.9225,-89.058333,57269
WYRB,106.300000,Chicago,IL,,3.8,42.074444,-88.823333,21202
WYSS,99.500000,Chicago,IL,,100.0,46.396667,-84.397778,977
WYTE,106.500000,Chicago,IL,,100.0,44.644167,-89.853333,24444
WYYS,106.100000,Monticello,IL,,2.45,41.275556,-88.965,35058
WZGL,88.100000,Carlinville,IL,,2.1,39.477222,-88.140278,83381
WZKL,91.700000,Springfield,IL,,0.0,42.298889,-88.592778,94208
WZNL,94.300000,Chicago,IL,,2.55,45.820833,-88.041667,74549
WZOE-FM,98.100000,Princeton,IL,,6.0,41.363333,-89.393333,74290
WZOK,97.500000,Rockford,IL,,50.0,42.279167,-89.0375,48986
WZPW,92.300000,Peoria,IL,,19.2,40.786111,-89.783611,3464
WZRD,88.300000,Chicago,IL,,0.1,41.982222,-87.718611,49444
WZSR,105.500000,Crystal Lake,IL,,1.6,42.259444,-88.3625,53505
WZUS,100.900000,Taylorville,IL,,6.0,39.786389,-88.991389,61225
WZZL,106.700000,Mount Vernon,IL,,4.7,37.098611,-88.621944,73276
WZZT,102.700000,Mount Vernon,IL,,6.0,41.837778,-89.924722,37209
KATI,94.300000,Evansville,IN,,50.0,38.523611,-92.406944,67379
KFAV,99.900000,Frankfort,IN,,10.5,38.838889,-91.044444,33465
KKCB,105.100000,Evansville,IN,,100.0,46.789167,-92.114167,49686
KLDJ,101.700000,Evansville,IN,,18.5,46.787556,-92.122583,53999
KMAX-FM,94.300000,Evansville,IN,,8.7,40.928056,-105.143333,84497
KSHE,94.700000,Indianapolis,IN,,100.0,38.574361,-90.325417,19523
KTRR,102.500000,Evansville,IN,,17.0,40.641944,-104.8175,50375
KTXY,106.900000,Evansville,IN,,0.0,0.0,-0.0,9929
KUAD-FM,99.100000,Evansville,IN,,100.0,40.641944,-104.8175,49538
KVLE-FM,102.300000,Indianapolis,IN,,6.0,38.564722,-106.927222,27158
WABX,107.500000,Evansville,IN,,2.0,37.989167,-87.596667,61055
WAJI,95.100000,Bloomington,IN,,39.0,41.103611,-85.191111,59132
WAMW-FM,107.900000,Washington,IN,,3.0,38.646028,-87.27925,25209
WAOR,102.700000,Winona Lake,IN,,2.0,41.458889,-85.745278,63773
WARU-FM,101.900000,Martinsville,IN,,3.6,40.808333,-85.935278,78254
WASK-FM,98.700000,Lafayette,IN,,4.4,40.390556,-86.864722,59361
WAUZ,89.100000,Corydon,IN,,0.8,39.236944,-85.566667,81833
WAWC,103.500000,Syracuse,IN,,3.0,41.3825,-85.693056,72487
WAXI,104.900000,Terre Haute,IN,,1.7,39.727222,-87.298889,14232
WAXL,103.300000,Santa Claus,IN,,3.0,38.208611,-86.9,64420
WAYI,104.300000,New Albany,IN,,3.0,38.481944,-85.625833,76595
WAZY-FM,96.500000,Indianapolis,IN,,50.0,40.383889,-87.131944,68970
WBAA-FM,101.300000,West Lafayette,IN,,14.0,40.297222,-86.901389,53947
WBCJ,88.100000,Fort Wayne,IN,,3.1,40.711389,-84.383333,64660
WBCL,90.300000,Fort Wayne,IN,,26.0,41.103611,-85.196111,64658
WBCW,89.700000,Upland,IN,,0.15,40.417222,-85.491944,64659
WBCY,89.500000,Fort Wayne,IN,,20.0,41.483056,-84.282778,64657
WBDC,100.900000,Jasper,IN,,11.0,38.208611,-86.9,17623
WBDG,90.900000,Indianapolis,IN,,0.4,39.784722,-86.290833,41317
WBET-FM,99.300000,Angola,IN,,4.4,41.769722,-85.419167,22125
WBGW-FM,101.500000,Evansville,IN,,2.1,38.179167,-87.486944,47099
WBHW,88.700000,Evansville,IN,,5.3,38.567961,-87.212814,47098
WBJW,91.700000,Evansville,IN,,1.7,38.320556,-88.043611,76428
WBKR,92.500000,Evansville,IN,,91.0,37.608056,-87.054167,67778
WBOI,89.100000,Fort Wayne,IN,,34.0,41.103611,-85.178889,53745
WBOW,102.700000,Marion,IN,,28.0,39.336944,-87.466667,6334
WBPE,95.300000,Indianapolis,IN,,2.3,40.546667,-86.849722,6336
WBRO,89.900000,Corydon,IN,,1.0,38.363611,-86.420278,76439
WBSB,89.500000,Muncie,IN,,0.0,40.177222,-85.673056,3650
WBSH,91.100000,Muncie,IN,,0.3,39.941944,-85.194722,3648
WBST,92.100000,Muncie,IN,,3.0,40.213333,-85.46,3645
WBSW,90.900000,Muncie,IN,,1.0,40.666944,-85.630556,3649
WBTO-FM,102.300000,Petersburg,IN,,3.0,38.509167,-87.291111,52567
WBYR,98.900000,Elkhart,IN,,50.0,40.953889,-84.885278,55659
WBYT,100.700000,Mishawaka,IN,,15.0,41.616111,-86.193889,51723
WCBK-FM,102.300000,Martinsville,IN,,6.0,39.438333,-86.466111,57351
WCDX,92.100000,Plainfield,IN,,4.5,37.614444,-77.515556,60473
WCJC,99.300000,Martinsville,IN,,3.0,40.666944,-85.630278,41840
WCJK,96.300000,Evansville,IN,,39.0,36.263889,-86.794167,61053
WCJZ,105.700000,Cannelton,IN,,2.0,37.795556,-86.849444,83101
WCKZ,91.300000,Fort Wayne,IN,,2.0,41.743333,-85.096667,93623
WCLS,97.700000,Spencer,IN,,6.0,39.222778,-86.644444,61922
WCNB,91.500000,Indianapolis,IN,,4.2,40.2795,-86.587472,93231
WCOE,96.700000,Laporte,IN,,3.0,41.633486,-86.759108,36541
WCRD,91.300000,Muncie,IN,,0.38,40.200861,-85.408389,47007
WCYT,91.100000,Fort Wayne,IN,,0.125,40.980833,-85.28,61430
WDCK,101.100000,Martinsville,IN,,3.8,39.089722,-86.740278,87626
WDKS,106.100000,Newburgh,IN,,6.0,37.8825,-87.541111,48710
WDKW,95.700000,Evansville,IN,,6.0,35.831111,-84.023889,23332
WDSO,88.300000,Chesterton,IN,,0.4,41.60875,-87.060417,17731
WEAX,88.300000,Angola,IN,,0.57,41.686667,-84.998056,67795
WECI,91.500000,Richmond,IN,,0.4,39.808056,-84.913056,18167
WEDJ,107.100000,Indianapolis,IN,,1.8,39.801667,-86.573333,13794
WEDM,91.100000,Indianapolis,IN,,0.0,39.791389,-85.998056,41402
WEEM-FM,91.700000,Pendleton,IN,,1.2,39.997778,-85.735278,61140
WEFM,95.900000,Michigan City,IN,,3.0,41.716111,-86.863056,41677
WETL,91.700000,South Bend,IN,,3.0,41.623333,-86.2375,60920
WFCV-FM,100.100000,Bluffton,IN,,6.0,40.869444,-85.172222,71464
WFDM-FM,95.900000,Indianapolis,IN,,3.4,39.513611,-86.068611,21842
WFHB,91.300000,Bloomington,IN,,1.6,39.021667,-86.601389,5878
WFIU,103.700000,Bloomington,IN,,29.0,39.141944,-86.495278,68269
WFLQ,100.100000,French Lick,IN,,6.0,38.594722,-86.613333,72842
WFMG,101.300000,Richmond,IN,,20.5,39.828056,-84.9325,41845
WFML,96.700000,Vincennes,IN,,2.15,38.651667,-87.476944,66637
WFNB,92.700000,Terre Haute,IN,,6.0,39.512222,-87.138333,19670
WFOF,90.300000,Covington,IN,,0.0,40.152222,-87.466111,17491
WFRI,100.100000,Elkhart,IN,,6.0,41.039167,-86.515278,53645
WFRN-FM,104.700000,"Elkhart,",IN,,50.0,41.621667,-85.960278,53639
WFRR,93.700000,Elkhart,IN,,6.0,40.725278,-86.175833,11041
WFWI,92.300000,Elkhart,IN,,2.2,41.110833,-85.195556,18662
WFWR,91.500000,Attica,IN,,0.0,40.279722,-87.247222,90120
WFYI-FM,90.100000,Indianapolis,IN,,10.0,39.899722,-86.200278,41394
WGBJ,102.300000,Fort Wayne,IN,,6.0,41.351944,-85.165278,8080
WGCS,91.100000,Goshen,IN,,6.0,41.558056,-85.851667,24663
WGHL,105.100000,New Albany,IN,,1.9,38.081944,-85.785,51074
WGRE,91.500000,Greencastle,IN,,0.0,39.638611,-86.863611,16697
WGVE-FM,88.700000,Gary,IN,,2.1,41.554167,-87.318056,23278
WHBE-FM,105.700000,New Albany,IN,,3.0,38.3525,-85.185833,42126
WHCC,105.100000,Indianapolis,IN,,1.85,39.188611,-86.698056,33540
WHHH,100.900000,Indianapolis,IN,,6.0,39.800278,-86.0775,6420
WHJE,91.300000,Carmel,IN,,0.4,39.979167,-86.119444,9004
WHLR,95.900000,Terre Haute,IN,,4.1,39.574722,-87.401667,66296
WHME,103.100000,South Bend,IN,,3.0,41.603056,-86.214167,37149
WHPZ,96.900000,Marion,IN,,2.0,41.411944,-86.030833,6335
WHZN,88.300000,Indianapolis,IN,,0.001,39.403889,-86.144722,93005
WHZR,103.700000,Martinsville,IN,,6.0,40.811944,-86.365556,7820
WIBN,98.100000,Rensselaer,IN,,25.0,40.572778,-87.453333,28200
WICR,88.700000,Indianapolis,IN,,8.0,39.894444,-86.205833,69115
WIFE-FM,94.300000,Rushville,IN,,1.05,39.706111,-85.494722,54151
WIKI,95.300000,North Vernon,IN,,1.8,38.666111,-85.280833,72388
WIKY-FM,104.100000,Evansville,IN,,39.0,37.989167,-87.596667,61014
WIMZ-FM,103.500000,Evansvill,IN,,0.0,0.0,-0.0,61046
WINN,104.900000,North Vernon,IN,,6.0,39.185833,-85.960278,41891
WIOE-FM,101.100000,Ft. Wayne,IN,,6.0,41.099444,-85.724722,36577
WIOV-FM,105.100000,Evansville,IN,,25.0,40.175,-76.158611,55308
WIRE,91.100000,Indianapolis,IN,,0.0,40.063333,-86.441389,87829
WISU,89.700000,Terre Haute,IN,,13.5,39.507222,-87.530556,28603
WITT,91.900000,Indianapolis,IN,,6.0,40.003889,-86.470556,91740
WITZ-FM,104.700000,Jasper,IN,,50.0,38.350556,-86.940556,30584
WIWC,91.700000,Kokomo,IN,,2.1,40.6,-86.302222,43695
WJAA,96.300000,Seymour,IN,,3.0,38.844167,-85.823889,42022
WJCI,102.900000,Fort Wayne,IN,,4.7,40.925833,-85.3875,28206
WJEF,91.900000,Lafayeytte,IN,,0.25,40.397778,-86.873889,36228
WJEL,89.300000,Indianapolis,IN,,0.0,39.909444,-86.1275,41316
WJHS,91.500000,Columbia City,IN,,2.65,41.167778,-85.494722,12423
WJLR,91.500000,Corydon,IN,,30.0,38.822222,-85.793889,24623
WJOT-FM,105.900000,Wabash,IN,,6.0,40.831667,-85.81,13537
WJPR,91.700000,Corydon,IN,,2.6,38.423056,-86.829722,79041
WJPS,107.100000,Boonville,IN,,1.6,37.986944,-87.269722,6424
WJWA,91.500000,Evansville,IN,,6.1,37.973333,-87.53,69106
WJXA,92.900000,Evansville,IN,,97.0,36.120556,-86.968611,61035
WJXB-FM,97.500000,Evansville,IN,,96.0,36.01,-83.9325,61040
WKDQ,99.500000,Evansville,IN,,98.0,37.8825,-87.541111,6871
WKHY,93.500000,Lafayette,IN,,6.0,40.386667,-86.970556,63185
WKID,95.900000,Vevay,IN,,2.8,38.837611,-85.029972,55249
WKJD,90.300000,Corydon,IN,,0.0,39.186111,-85.958056,86545
WKKG,101.500000,Columbus,IN,,50.0,39.186667,-85.95,72259
WKLU,101.900000,Brownsburg,IN,,4.0,39.786944,-86.299167,54289
WKOA,105.300000,Lafayette,IN,,50.0,40.503333,-86.729722,71064
WKPW,90.700000,Knightstown,IN,,0.0,39.766944,-85.516667,28464
WKRY,88.100000,Corydon,IN,,0.0,39.068333,-85.266111,91416
WKUZ,95.900000,Wabash,IN,,4.2,40.698333,-85.750833,69496
WKVI-FM,99.300000,Knox,IN,,3.3,41.321583,-86.605944,33328
WKZS,103.300000,Covington,IN,,3.0,40.146111,-87.454167,4807
WLAB,88.300000,Fort Wayne,IN,,7.5,41.106667,-85.196111,28467
WLBC-FM,104.100000,Munice,IN,,41.0,40.161111,-85.378889,17602
WLCL,93.900000,Jeffersonville,IN,,2.65,38.256028,-85.758083,58380
WLDE,101.700000,Bloomington,IN,,6.0,41.076389,-85.045278,59134
WLHM,102.300000,Logansport,IN,,3.0,40.754444,-86.311111,38276
WLJE,105.500000,Valparaiso,IN,,1.25,41.524444,-87.018889,53056
WLKI,100.300000,Angola,IN,,4.0,41.680833,-85.001389,36273
WLQI,97.700000,Rensselaer,IN,,2.95,40.970278,-87.160556,7309
WLQQ,106.700000,West Lafayette,IN,,6.0,40.522222,-86.9825,35842
WLYD,93.500000,Evansville,IN,,3.2,38.024167,-87.361944,73350
WMEE,97.300000,Fort Wayne,IN,,26.0,41.110833,-85.195556,51726
WMGI,100.700000,Terre Haute,IN,,50.0,39.457778,-87.480556,6828
WMPI,105.300000,Kokomo,IN,,2.2,38.712222,-85.686667,14957
WMRS,107.700000,Monticello,IN,,2.45,40.668889,-86.695556,24091
WMVI,106.700000,Vincennes,IN,,3.0,37.934167,-87.926389,53089
WMXQ,93.500000,Muncie,IN,,3.4,40.421111,-85.427778,70187
WMYJ-FM,88.900000,Corydon,IN,,5.2,38.987222,-86.458611,92257
WMYK,98.500000,Peru,IN,,6.0,40.629444,-86.041667,71277
WNAP-FM,88.100000,Indianapolis,IN,,28.0,39.750278,-85.555278,91193
WNAS,88.100000,New Albany,IN,,2.85,38.298889,-85.8125,48372
WNDI-FM,95.300000,Sullivan,IN,,6.0,39.16,-87.542222,2395
WNDV-FM,92.900000,Indianapolis,IN,,12.0,41.605556,-86.2125,41675
WNDY,91.300000,Crawfordsville,IN,,0.0,40.055278,-86.9325,81314
WNIN-FM,88.300000,Evansville,IN,,17.0,37.983611,-87.270278,67801
WNSN,101.500000,South Bend,IN,,13.0,41.616667,-86.216944,73984
WNTR,107.900000,Indianapolis,IN,,22.0,39.895278,-86.201111,47143
WORX-FM,96.700000,Jasper,IN,,1.05,38.742222,-85.361944,17622
WOSL,100.300000,Richmond,IN,,3.1,39.121944,-84.547778,57353
WPGW-FM,100.900000,Portland,IN,,4.6,40.436111,-85.015,73878
WPHZ,102.500000,Bedford,IN,,6.0,38.637778,-86.453056,43248
WPSR,90.700000,Evansville,IN,,14.0,38.028889,-87.579722,20032
WQHK-FM,105.100000,Fort Wayne,IN,,5.7,41.110833,-85.195556,29859
WQKZ,98.500000,Jasper,IN,,3.6,38.167222,-86.830278,15906
WQLK,96.100000,Richmond,IN,,50.0,39.89125,-84.935972,6749
WQME,98.700000,Anderson,IN,,4.5,39.983056,-85.711389,2216
WQRA,90.500000,Indianapolis,IN,,8.1,39.589444,-86.550556,93526
WQRK,105.500000,Bedford,IN,,2.0,38.908056,-86.474444,437
WQTY,93.300000,Linton,IN,,12.0,39.012778,-87.373056,37737
WRAY-FM,98.100000,Princeton,IN,,50.0,38.356944,-87.590278,53568
WRBR-FM,103.900000,Mishawaka,IN,,3.0,41.698056,-86.156944,27145
WRDF,106.300000,Ft. Wayne,IN,,5.6,41.213611,-85.201111,29204
WRDI,95.700000,Nappanee,IN,,2.5,41.449444,-86.075,49174
WREB,94.300000,Vincennes,IN,,3.0,39.660556,-86.892778,54600
WRFM,103.900000,Evansville,IN,,1.95,37.113889,-87.064444,85772
WRFT,91.500000,Indianapolis,IN,,0.13,39.675833,-86.015556,22366
WRGF,89.700000,Greenfield,IN,,0.75,39.748611,-85.680556,88923
WROI,92.100000,Rochester,IN,,6.0,41.053889,-86.27,3605
WRSW-FM,107.300000,Winona Lake,IN,,50.0,41.2225,-85.838056,73967
WRTW,90.500000,Crown Point,IN,,3.1,41.348889,-87.400556,28188
WRZQ-FM,107.300000,Columbus,IN,,10.5,39.226389,-85.746389,74123
WRZR,94.500000,Loogootee,IN,,1.8,38.619167,-86.974167,12795
WSCH,99.300000,Aurora,IN,,1.15,38.965278,-84.9475,16256
WSHW,99.700000,Frankfort,IN,,50.0,40.420556,-86.413056,33466
WSJD,100.500000,Evansville,IN,,6.0,38.39,-87.573056,55111
WSKL,92.900000,Corydon,IN,,4.5,40.146111,-87.454167,69850
WSLM-FM,97.900000,Salem,IN,,3.0,38.635278,-86.176944,55319
WSMK,99.100000,Gary,IN,,6.0,41.823139,-86.284056,40167
WSND-FM,88.900000,Notre Dame,IN,,3.4,41.605278,-86.2125,70459
WSOM,89.500000,Franklin,IN,,0.0,39.408056,-86.147778,22336
WSPM,89.100000,Indianapolis,IN,,0.0115,39.688611,-86.700833,93486
WSRC,88.100000,Crawfordsville,IN,,17.0,40.15,-86.903889,92984
WSTO,96.100000,Evansville,IN,,100.0,37.772222,-87.3575,51072
WTHD,105.500000,Lagrange,IN,,2.4,41.623333,-85.346944,36274
WTID,101.700000,Indianapolis,IN,,6.0,30.955833,-85.498056,37510
WTLC-FM,106.700000,Indianapolis,IN,,6.0,39.711667,-86.145833,25071
WTLZ,107.100000,New Castle,IN,,4.9,43.353889,-83.918333,74093
WTRC-FM,95.300000,Elkhart,IN,,5.5,41.737778,-86.252778,48911
WTTS,92.300000,Bloomington,IN,,37.0,39.4075,-86.147778,59141
WUBS,89.700000,South Bend,IN,,1.5,41.680833,-86.259444,28881
WUME-FM,95.300000,French Lick,IN,,3.0,38.538056,-86.478889,28600
WUZR,105.700000,Vincennes,IN,,1.8,38.729722,-87.412222,41004
WVNI,95.100000,Martinsville,IN,,3.8,39.231111,-86.377778,7322
WVPE,88.100000,Elkhart,IN,,11.5,41.613611,-86.188889,19365
WVSH,91.900000,Huntington,IN,,0.92,40.892222,-85.510556,28134
WVUB,91.100000,"Vincennes,",IN,,50.0,38.651667,-87.476944,70241
WVUR-FM,95.100000,Valparaiso,IN,,0.036,41.465833,-87.041389,69776
WWBL,106.500000,Vincennes,IN,,50.0,38.651111,-87.165278,50239
WWDL,91.300000,Indianapolis,IN,,0.295,39.671667,-86.358333,91476
WWFW,103.900000,Fort Wayne,IN,,1.6,41.106667,-85.196111,56765
WXKE,96.300000,Fort Wayne,IN,,8.4,41.106667,-85.196111,22287
WXKU-FM,92.700000,North Vernon,IN,,3.6,38.822222,-85.793889,3347
WXRD,103.900000,Merrillville,IN,,1.35,41.323333,-87.356111,39382
WXXB,102.900000,Dyer,IN,,4.0,40.503333,-86.729722,72676
WXXC,106.900000,Marion,IN,,50.0,40.597778,-85.655833,6338
WYET,102.300000,South Bend,IN,,2.0,41.726944,-86.408611,63772
WYGB,100.300000,Columbus,IN,,4.9,39.3625,-85.906389,18668
WYGS,91.100000,Corydon,IN,,0.0,39.226389,-85.746389,90693
WYHX,96.300000,Indianapolis,IN,,3.3,39.775556,-86.152778,60207
WYNG,94.900000,Vincennes,IN,,50.0,38.399167,-87.788333,56560
WYTJ,89.300000,Linton,IN,,1.43,39.099444,-87.183056,91863
WYXB,105.700000,Indianapolis,IN,,50.0,39.7675,-86.003333,51432
WZBD,92.700000,Portland,IN,,4.1,40.770833,-84.934722,56751
WZDM,92.100000,Vincennes,IN,,4.1,38.683889,-87.435556,66214
WZIS-FM,90.700000,Terre Haute,IN,,0.86,39.507222,-87.530556,57684
WZJR,91.700000,Muncie,IN,,2.0,40.407222,-85.0375,3647
WZOC,94.300000,Plymouth,IN,,11.5,41.528333,-86.266111,12999
WZPL,99.500000,Indianapolis,IN,,19.0,39.76,-86.006111,47144
WZRL,98.300000,Indianapolis,IN,,3.0,39.759167,-86.375,54705
WZVN,107.100000,Hammond,IN,,2.65,41.323306,-87.356083,24727
WZWZ,92.500000,Martinsville,IN,,6.0,40.471667,-86.164444,41850
WZZY,98.300000,Winchester,IN,,3.0,40.089722,-84.936944,71415
KAAQ,105.900000,Hays,KS,,100.0,41.841389,-103.085278,18090
KACZ,96.300000,Olathe,KS,,12.5,39.226111,-96.616667,88543
KAHE,95.500000,Wichita,KS,,100.0,37.641111,-100.344444,37131
KAIR-FM,93.700000,Hiawatha,KS,,25.0,39.628611,-95.314722,33397
KANH,89.700000,Lawrence,KS,,3.0,38.3625,-96.116667,90457
KANS,96.100000,Emporia,KS,,6.0,38.405833,-96.236944,41542
KANU,91.500000,Lawrence,KS,,100.0,38.953889,-95.269722,69350
KANV,91.300000,Lawrence,KS,,6.0,39.015278,-96.898611,92667
KANZ,91.100000,Garden City,KS,,100.0,37.778611,-100.895389,33372
KAYX,92.500000,Overland Park,KS,,2.35,39.186667,-93.834167,6508
KBCU,88.100000,North Newton,KS,,0.15,38.073889,-97.343056,4987
KBGL,106.900000,Hays,KS,,100.0,38.451667,-99.1675,82841
KBIE,103.100000,Overland Park,KS,,50.0,40.465833,-95.760556,63953
KBIK,102.900000,Independence,KS,,25.0,37.261667,-95.766389,9793
KBLS,102.500000,Mccook,KS,,100.0,38.951389,-96.795833,65598
KBTL,88.100000,El Dorado,KS,,0.4,37.804444,-96.883889,83259
KCCV-FM,92.300000,Overland Park,KS,,8.3,38.936111,-94.844722,6492
KCIV,99.900000,Overland Park,KS,,1.9,37.533333,-120.024722,6504
KCJK,105.100000,Overland Park,KS,,72.0,39.090556,-94.471667,87565
KCLY,100.900000,Clay Center,KS,,35.5,39.4675,-97.0625,64650
KCRL,90.300000,Overland Park,KS,,25.0,38.239167,-92.765556,85069
KCVT,92.500000,Overland Park,KS,,6.7,39.145,-95.926944,56244
KDNS,94.100000,Glen Elder,KS,,28.0,39.508056,-98.315833,27435
KELN,97.100000,Hays,KS,,100.0,41.238889,-100.695278,69699
KEMA,94.500000,Hiawatha,KS,,48.0,28.719444,-98.042778,31640
KFFX,104.900000,Emporia,KS,,3.0,38.386111,-96.176667,69778
KFIX,96.900000,Hays,KS,,10.5,39.020833,-99.47,77331
KFNF,101.100000,Wichita,KS,,100.0,39.827222,-100.646667,37132
KGBK,96.700000,Wichita,KS,,3.0,38.165,-99.101389,7990
KGHF,99.700000,Witchita,KS,,50.0,37.335556,-97.464722,15410
KHAZ,99.500000,Hays,KS,,100.0,38.941389,-99.356111,18073
KHCA,95.300000,Manhattan,KS,,6.0,39.187272,-96.403339,34525
KHCC-FM,90.100000,Hutchinson,KS,,100.0,38.056111,-97.745278,28158
KHCD,89.500000,Hutchinson,KS,,100.0,39.104444,-97.3875,28156
KHCT,90.900000,Hutchinson,KS,,50.0,38.617778,-98.942222,28157
KHMY,93.100000,Wichita,KS,,100.0,37.928611,-98.31,37122
KHOK,100.700000,Hays,KS,,100.0,38.546944,-98.766389,18087
KHST,101.700000,Pittsburg,KS,,22.0,37.424167,-94.269722,34541
KHUT,102.900000,Hays,KS,,98.0,38.044167,-98.015556,18068
KHYM,103.900000,Meade,KS,,100.0,37.476389,-100.599722,81144
KIBB,97.100000,Hutchinson,KS,,18.5,37.800194,-97.524722,59995
KIKS-FM,101.500000,Iola,KS,,11.5,37.901111,-95.401111,29046
KIMY,93.900000,Anthony,KS,,4.2,35.840833,-98.319167,69913
KINZ,95.300000,Chanute,KS,,24.0,37.747778,-95.560833,87299
KJCK-FM,97.500000,Junction City,KS,,100.0,39.014722,-96.87,52799
KJHK,90.700000,Lawrence,KS,,2.3,38.953889,-95.269722,66587
KJIL,99.100000,Meade,KS,,100.0,37.476389,-100.599722,24987
KJLG,91.900000,"Emporia,",KS,,3.0,38.409722,-96.225,10904
KJLS,103.300000,Hays,KS,,100.0,38.922222,-99.353056,54892
KJRL,105.700000,Herington,KS,,12.5,38.616944,-96.985833,40115
KKCI,102.500000,Goodland,KS,,100.0,39.39,-101.559722,18076
KKGQ,92.300000,Newton,KS,,95.0,38.02,-97.384444,35020
KKJO-FM,105.500000,Hays,KS,,100.0,39.709722,-95.0425,8770
KKOW-FM,96.900000,Pittsburg,KS,,100.0,37.312222,-94.816111,1877
KKOY-FM,105.500000,Wichita,KS,,8.0,37.599722,-95.652778,48291
KKQY,101.900000,Hays,KS,,97.0,39.020833,-99.47,54891
KLBG,95.500000,Salina,KS,,15.5,38.666667,-97.691667,3483
KLCV,88.500000,Overland Park,KS,,46.0,40.786111,-96.386111,12837
KLDG,102.700000,Liberal,KS,,100.0,37.045833,-101.103056,59802
KLKC-FM,93.500000,Parsons,KS,,3.0,37.343056,-95.231944,65566
KLZA,101.300000,Hiawatha,KS,,25.0,40.115,-95.651667,35286
KMKF,101.500000,Manhattan,KS,,37.0,39.265222,-96.465972,39784
KMPK,96.700000,Mcpherson,KS,,6.0,38.338611,-97.668056,15841
KMUW,89.100000,Wichita,KS,,100.0,37.773889,-97.514389,72364
KMXN,92.900000,Emporia,KS,,42.0,38.739444,-95.551944,7946
KMZA,92.100000,Hiawatha,KS,,4.0,39.826111,-96.029167,35287
KNCK-FM,94.900000,Concordia,KS,,100.0,39.438611,-97.704444,35209
KNDY-FM,95.500000,Marysville,KS,,25.0,39.96,-96.734722,16915
KNZA,103.900000,Hiawatha,KS,,50.0,39.578056,-95.562778,35285
KNZS,100.300000,Wichita,KS,,14.5,37.928056,-98.299444,1137
KOMB,103.900000,Fort Scott,KS,,25.0,37.907778,-94.767222,22096
KONQ,91.900000,Dodge City,KS,,2.6,37.787222,-100.031944,17053
KOTE,93.900000,Eureka,KS,,3.0,37.791389,-96.290278,48789
KQLA,103.500000,Junction City,KS,,41.0,39.155833,-96.612222,33565
KQMA,92.500000,Phillipsburg,KS,,100.0,39.617222,-99.298611,70775
KQNK-FM,106.700000,Norton,KS,,21.0,39.7975,-99.891389,52680
KQSK,97.500000,Hays,KS,,100.0,42.635,-103.103333,18091
KRDQ,100.300000,Wichita,KS,,100.0,39.480556,-100.909444,37124
KREP,92.100000,Belleville,KS,,14.5,39.75,-97.613333,21627
KRPS,89.900000,Pittsburg,KS,,100.0,37.312222,-94.816111,52740
KRSL-FM,95.900000,Russell,KS,,1.35,38.906111,-98.860833,71553
KSAJ-FM,98.500000,Salina,KS,,17.5,39.063889,-95.763611,18055
KSAL-FM,104.900000,Mccook,KS,,14.0,38.876667,-97.720833,65599
KSCB-FM,107.500000,Liberal,KS,,100.0,37.045833,-101.103056,59801
KSDB-FM,91.900000,Manhattan,KS,,1.4,39.163611,-96.531667,33351
KSEK-FM,99.100000,Pittsburg,KS,,6.0,37.483889,-94.852222,22609
KSJQ,92.700000,Hays,KS,,50.0,39.976111,-94.976944,59246
KSKG,99.900000,Hays,KS,,100.0,38.793333,-97.525833,58645
KSKU,94.700000,Hutchinson,KS,,50.0,38.230556,-98.314722,431
KSMM-FM,101.500000,Wichita,KS,,100.0,37.055556,-100.811111,37120
KSNP,97.700000,Wichita,KS,,17.2,38.165833,-95.538611,12206
KSOK-FM,95.900000,Pittsburgh,KS,,15.2,37.075556,-96.936944,31893
KTCC,91.900000,Colby,KS,,3.0,39.376111,-101.052222,12220
KTOT,89.500000,Garden City,KS,,100.0,36.062222,-101.032222,92623
KTXP,91.500000,Garden City,KS,,1.0,35.1475,-102.098889,90579
KVCO,88.300000,Concordia,KS,,0.125,39.554722,-97.663333,12065
KVGB-FM,104.300000,Hays,KS,,100.0,38.431667,-98.771667,22149
KVOE-FM,101.700000,Emporia,KS,,3.2,38.3625,-96.116667,37128
KVSV-FM,105.500000,Beloit,KS,,50.0,39.469167,-98.093611,60774
KWGB,97.900000,Goodland,KS,,100.0,39.39,-101.559722,81915
KWKR,99.900000,Garden City,KS,,97.0,38.2775,-101.297222,67042
KWLS,107.900000,Pittsburgh,KS,,50.0,37.262778,-96.895,14239
KWME,92.700000,Wellington,KS,,14.0,37.335556,-97.464722,31894
KWXD,103.500000,Pittsburg,KS,,16.0,37.395556,-94.678333,28689
KXBZ,104.700000,Manhattan,KS,,50.0,39.265222,-96.465972,37775
KXKU,106.100000,Hutchinson,KS,,100.0,38.263056,-97.902222,430
KYEZ,93.700000,Salina,KS,,100.0,38.953889,-97.608056,28470
KYWA,90.700000,Wichita,KS,,53.0,37.476944,-97.074444,48537
KZAN,91.700000,Garden City,KS,,7.5,38.958056,-99.351833,92646
KZDY,96.300000,Glen  Elder,KS,,13.0,39.508056,-98.315833,87228
KZNA,90.500000,Garden City,KS,,100.0,39.265833,-99.833333,33383
KZQD,105.100000,Liberal,KS,,50.0,37.048056,-100.909444,14982
KZRD,93.900000,Wichita,KS,,100.0,37.932222,-100.317222,13010
KZRS,107.900000,Wichita,KS,,99.0,38.771111,-98.738056,37129
KZUH,92.700000,Wichita,KS,,50.0,39.014444,-97.628333,37127
KATZ-FM,100.300000,Covington,KY,,17.0,38.685278,-90.381667,48958
KAWO,104.300000,Covington,KY,,52.0,43.755,-116.097778,63916
KBCO,97.300000,Covington,KY,,94.0,39.913333,-105.292222,48966
KBKB-FM,101.700000,Covington,KY,,50.0,40.723611,-91.230278,64564
KBPI,107.900000,Covington,KY,,100.0,40.894917,-105.197056,68976
KCIX,105.900000,Covington,KY,,49.0,43.755,-116.097778,13750
KDHT,95.700000,Covington,KY,,100.0,39.733056,-105.236111,48967
KDLD,103.100000,Covington,KY,,3.7,34.014722,-118.380556,33902
KDLE,103.100000,Covington,KY,,0.3,33.605278,-117.810556,33904
KDMX,102.900000,Covington,KY,,98.45,32.58875,-96.968028,47739
KDRB,100.300000,Covington,KY,,100.0,41.83,-93.615,51332
KEGL,97.100000,Covington,KY,,97.0,32.588611,-96.968056,18114
KENZ,94.900000,Covington,KY,,47.0,40.282778,-111.936389,6545
KEZJ-FM,95.700000,Covington,KY,,100.0,42.728333,-114.413333,3403
KFBW,105.900000,Covington,KY,,21.0,45.5225,-122.745833,60640
KFLG-FM,94.700000,Covington,KY,,19.5,34.551667,-114.193611,55495
KFSH-FM,95.900000,Covington,KY,,6.0,33.831389,-117.809167,2195
KGB-FM,101.500000,Covington,KY,,50.0,32.73,-117.084167,34454
KGLK,107.500000,Covington,KY,,95.0,29.287778,-95.231389,59951
KGRS,107.300000,Covington,KY,,100.0,40.823889,-91.1425,39267
KHMX,96.500000,Covington,KY,,97.0,29.576111,-95.51,47749
KHTB,101.900000,Covington,KY,,25.0,40.659444,-112.201389,2444
KHTS-FM,93.300000,Covington,KY,,50.0,32.73,-117.083889,20697
KIFS,107.500000,Covington,KY,,5.8,42.298333,-122.748056,42657
KIIS-FM,102.700000,Covington,KY,,8.0,34.226667,-118.065833,19218
KIOZ,105.300000,Covington,KY,,26.0,32.838889,-117.248889,13504
KIST-FM,107.700000,Covington,KY,,0.93,34.502778,-119.848889,31434
KIXA,106.500000,Covington,KY,,0.56,34.385833,-117.056667,55181
KJMY,99.500000,Covington,KY,,39.0,40.608056,-112.159167,6543
KKCW,103.300000,Covington,KY,,95.0,45.5225,-122.745833,68210
KKRQ,100.700000,Covington,KY,,100.0,41.757222,-91.525278,29076
KKRZ,100.300000,Covington,KY,,95.0,45.5225,-122.745833,11280
KKSY-FM,96.500000,Covington,KY,,100.0,42.027778,-91.640278,73594
KLDZ,103.500000,Covington,KY,,100.0,42.286944,-123.004167,40983
KLEN,106.300000,Covington,KY,,6.0,41.0525,-104.831944,5991
KLIX-FM,96.500000,Covington,KY,,100.0,42.551389,-114.516389,3407
KLLP,98.500000,Covington,KY,,7.4,42.873889,-112.513333,8413
KLOO-FM,106.300000,Covington,KY,,100.0,44.646389,-123.269444,35077
KLOU,103.300000,Covington,KY,,90.0,38.574361,-90.325389,9626
KLXB,105.100000,Covington,KY,,2.05,33.865278,-116.436111,2316
KMED,106.300000,Covington,KY,,1.0,42.353333,-122.785556,60181
KMXK,94.900000,Covington,KY,,50.0,45.398056,-94.420833,73146
KMXP,96.900000,Covington,KY,,98.0,33.334167,-112.06,6361
KOAS,105.700000,Covington,KY,,100.0,35.836639,-114.320583,25692
KODJ,94.100000,Covington,KY,,21.5,40.659722,-112.201389,48916
KOLT-FM,100.700000,Covington,KY,,100.0,41.048611,-104.891111,30225
KPKY,94.900000,Covington,KY,,100.0,42.873889,-112.513333,30246
KRFX,103.500000,Covington,KY,,100.0,39.733056,-105.236111,29731
KRKT-FM,99.900000,Covington,KY,,100.0,44.646111,-123.269722,39483
KRUF,94.500000,Covington,KY,,100.0,32.704444,-93.882222,60265
KRWQ,100.300000,Covington,KY,,30.0,42.453056,-123.056111,27229
KSAS-FM,103.500000,Covington,KY,,54.0,43.755,-116.097778,63920
KSBL,101.700000,Covington,KY,,0.89,34.502778,-119.848889,35592
KSD,93.700000,Covington,KY,,74.0,38.574361,-90.325417,20360
KSJO,92.300000,Covington,KY,,32.0,37.208889,-121.774167,4117
KSLZ,107.700000,Covington,KY,,100.0,38.574361,-90.325417,48960
KSME,96.100000,Covington,KY,,100.0,40.680556,-104.942222,17626
KSNE-FM,106.500000,Covington,KY,,100.0,36.008333,-115.005556,71525
KSSX,95.700000,Covington,KY,,28.0,32.838833,-117.248861,67664
KTCL,93.300000,Covington,KY,,71.0,39.733056,-105.236111,68684
KTHT,97.100000,Covington,KY,,100.0,30.535,-95.017778,65308
KTLK-FM,104.900000,Covington,KY,,8.4,38.574361,-90.325417,13793
KTPI-FM,97.700000,Covington,KY,,3.0,34.979167,-118.167222,2320
KTYD,99.900000,Covington,KY,,34.0,34.470833,-119.675833,14528
KUFX,98.500000,Covington,KY,,10.0,37.204722,-121.948889,65415
KVKI-FM,96.500000,Covington,KY,,95.0,32.593889,-93.860833,19560
KVVS,105.500000,Covington,KY,,6.0,34.850833,-118.156111,49950
KWBL,106.700000,Covington,KY,,100.0,39.732778,-105.235556,29739
KWFI-FM,96.100000,Covington,KY,,100.0,43.4975,-112.663889,22195
KWID,101.900000,Covington,KY,,47.0,35.945556,-115.041944,55503
KWNR,95.500000,Covington,KY,,92.0,36.008611,-115.006111,61527
KXBG,97.900000,Covington,KY,,100.0,40.894917,-105.197056,7693
KXKS-FM,93.700000,Covington,KY,,95.0,32.677611,-93.928694,46982
KXLT-FM,107.900000,Covington,KY,,45.0,43.755,-116.097778,18049
KXNO-FM,106.300000,Covington,KY,,25.0,41.679167,-93.596111,69635
KYMT,93.100000,Covington,KY,,23.5,35.965278,-115.500028,6893
KYYY,92.900000,Covington,KY,,100.0,46.941944,-100.693611,41424
KZTM,102.900000,Covington,KY,,70.0,46.975278,-123.137778,33829
KZXY-FM,102.300000,Covington,KY,,6.0,34.411111,-117.185833,57920
KZZP,104.700000,Covington,KY,,100.0,33.334444,-112.059722,47742
WAAJ,89.700000,Hardin,KY,,0.0,36.808611,-88.223889,78270
WAGX,101.300000,Alexandria,KY,,3.0,38.600833,-83.672778,31113
WAIN-FM,93.500000,Corbin,KY,,4.6,37.107222,-85.278333,67714
WAIO,95.100000,Covington,KY,,50.0,43.033611,-77.421667,24958
WAJJ,89.300000,Hardin,KY,,1.0,36.115278,-88.510556,93702
WAKY-FM,103.500000,Elizabethtown,KY,,3.5,37.879167,-85.7175,70495
WALC,100.500000,Covington,KY,,13.5,32.816778,-79.836028,72377
WANY-FM,100.900000,Albany,KY,,6.0,36.698333,-85.15,834
WBBG,106.100000,Covington,KY,,3.0,41.264444,-80.759722,73309
WBFI,91.500000,Mcdaniels,KY,,5.0,37.601667,-86.370278,4989
WBHQ,92.700000,Covington,KY,,5.3,29.460278,-81.257222,68760
WBTF,107.900000,Lexington,KY,,6.0,38.045556,-84.658056,4592
WBUK,106.300000,Covington,KY,,1.4,40.955833,-83.911667,40172
WBUL-FM,98.100000,Covington,KY,,100.0,38.035278,-84.450556,70192
WBVR-FM,96.700000,Russellville,KY,,45.0,36.843056,-86.258333,71244
WBVX,92.100000,Lexington,KY,,32.0,38.188611,-84.370278,30191
WBWB,96.700000,Covington,KY,,1.65,39.1625,-86.472778,68968
WBZW,96.700000,Covington,KY,,2.1,33.489917,-84.568583,61142
WCBJ,103.700000,West Liberty,KY,,4.1,37.650833,-83.439167,82447
WCBL-FM,99.100000,Benton,KY,,16.0,37.113056,-88.359444,53944
WCCK,95.700000,Calvert City,KY,,3.5,37.113056,-88.359444,63436
WCDA,106.300000,Lexington,KY,,3.7,38.0475,-84.499167,43861
WCHO-FM,105.500000,Covington,KY,,6.0,39.400278,-83.446667,57354
WCKQ,104.100000,Glasgow,KY,,17.0,37.335278,-85.375833,26644
WCOL-FM,92.300000,Covington,KY,,22.0,39.971111,-83.027778,25037
WCPN,104.900000,Covington,KY,,6.0,41.475556,-81.99,70109
WCPZ,102.700000,Covington,KY,,50.0,41.330917,-82.599139,19706
WCTQ,92.100000,Covington,KY,,11.5,27.150833,-82.464167,3059
WCTT-FM,107.300000,Corbin,KY,,50.0,36.9025,-84.081944,14360
WCVK,90.700000,Bowling Green,KY,,14.0,37.005,-86.521944,6569
WCVU,104.900000,Covington,KY,,6.0,26.89375,-82.05075,71594
WCYO,100.700000,Irvine,KY,,11.0,37.66,-84.15,34247
WDCL-FM,89.700000,Bowling Green,KY,,100.0,37.158056,-85.163889,71857
WDFB-FM,88.100000,Danville,KY,,0.17,37.596111,-84.838611,1199
WDFM,98.100000,Covington,KY,,50.0,41.291111,-84.538056,73393
WDHR,93.100000,Pikeville,KY,,22.0,37.465833,-82.551111,18224
WDJX,99.700000,Covington,KY,,24.0,38.364722,-85.838333,55498
WDNS,93.300000,Bowling Green,KY,,12.0,36.944167,-86.253056,15258
WDVI,100.500000,Covington,KY,,50.0,43.033611,-77.421667,37546
WEBF,88.300000,Booneville,KY,,7.8,37.613056,-83.671667,90101
WEBN,102.700000,Covington,KY,,16.0,39.116389,-84.501944,29734
WEKC,88.500000,Richmond,KY,,0.0,37.020278,-84.394722,92574
WEKH,90.900000,Richmond,KY,,31.0,37.193056,-83.188056,18306
WEKU,88.900000,Richmond,KY,,50.0,37.879167,-84.325833,18307
WEKV,101.900000,Central City,KY,,100.0,37.584167,-86.991389,46945
WEKX,102.700000,Hindman,KY,,0.63,36.691111,-84.208611,68133
WEMM-FM,107.900000,Lexington,KY,,50.0,38.476944,-82.255556,43860
WEZJ-FM,104.300000,Williamsburg,KY,,6.2,36.745278,-84.19,72289
WEZL,103.500000,Covington,KY,,100.0,32.817778,-79.835833,2441
WFGS,103.700000,Russellville,KY,,100.0,36.549444,-88.331111,73269
WFKY,104.900000,Glasgow,KY,,3.4,38.221667,-84.915,54567
WFLE-FM,95.100000,Flemingsburg,KY,,2.35,38.411667,-83.578056,21719
WFLZ-FM,93.300000,Covington,KY,,97.0,27.819361,-82.26075,29732
WFPK,91.900000,Louisville,KY,,6.8,38.365278,-85.84,38621
WFPL,89.300000,Louisville,KY,,21.0,38.365278,-85.84,4258
WFRT-FM,103.700000,Glasgow,KY,,2.5,38.221389,-84.914444,1037
WFTM-FM,95.900000,Maysville,KY,,3.0,38.643056,-83.779722,62216
WFUS,103.500000,Covington,KY,,66.0,27.819361,-82.26075,63984
WGAR-FM,99.500000,Covington,KY,,50.0,41.371667,-81.717778,47740
WGCF,89.300000,Bowling Green,KY,,12.0,37.191944,-88.978056,10961
WGCQ,98.700000,Somerset,KY,,1.7,36.213889,-89.690278,64493
WGGC,95.100000,Elizabethtown,KY,,100.0,36.911944,-86.189167,27007
WGKS,96.900000,Lexington,KY,,50.0,38.125556,-84.353333,36140
WGKY,95.900000,Wickliffe,KY,,4.9,36.938056,-88.966944,53945
WGRK-FM,105.700000,Glasgow,KY,,5.1,37.259444,-85.515833,69852
WHAY,98.300000,Whitley City,KY,,3.1,36.8025,-84.492778,67124
WHHT,103.700000,Glasgow,KY,,13.5,36.959444,-86.002222,48704
WHKQ,92.300000,Louisa,KY,,4.5,38.175833,-82.6275,38568
WHLK,106.500000,Covington,KY,,11.5,41.379167,-81.72,59594
WHOP-FM,98.700000,Hopkinsville,KY,,100.0,36.928056,-87.547222,27633
WHSX,99.100000,Edmonton,KY,,6.0,37.025833,-85.553889,48707
WHVE,92.700000,Columbia,KY,,6.0,37.077778,-85.174444,26639
WIFX-FM,94.300000,Jenkins,KY,,6.3,37.166389,-82.620278,37155
WIKX,92.900000,Covington,KY,,100.0,26.896389,-82.240833,28899
WIMC,103.900000,Corbin,KY,,1.35,40.135,-86.903889,8094
WIMT,102.100000,Covington,KY,,11.0,40.634167,-84.208056,37497
WIOK,107.500000,Walton,KY,,1.35,38.586944,-84.361111,1298
WIOT,104.700000,Covington,KY,,50.0,41.673056,-83.425278,19628
WIVY,96.300000,Owingsville,KY,,2.9,38.175833,-83.407778,23344
WJCR-FM,90.100000,Upton,KY,,100.0,37.4325,-86.030556,21837
WJIE-FM,88.500000,Louisville,KY,,24.5,38.033056,-85.754444,19880
WJMD,104.700000,Hazard,KY,,0.48,37.193333,-83.184444,26496
WJMM-FM,99.100000,Lexington,KY,,2.1,38.065556,-84.486944,22085
WJQQ,97.100000,Somerset,KY,,27.5,36.961111,-84.568611,21624
WJRS,104.900000,Jamestown,KY,,5.0,37.025278,-85.073056,36305
WJSN-FM,97.300000,Jackson,KY,,19.0,37.671944,-83.405833,28905
WJVK,91.700000,Bowling Green,KY,,0.1,37.746667,-87.116111,81648
WKCB-FM,107.100000,Hindman,KY,,1.55,37.332222,-82.947778,27249
WKDO-FM,98.700000,Liberty,KY,,25.0,37.306111,-84.917222,8890
WKDP-FM,99.500000,Corbin,KY,,25.0,36.953889,-83.978056,19816
WKDZ-FM,106.500000,Cadiz,KY,,13.4,36.808056,-87.635833,25886
WKFS,107.100000,Covinington,KY,,2.8,39.116389,-84.501944,70866
WKGS,106.700000,Covington,KY,,4.6,43.134722,-77.585278,3205
WKHG,104.900000,Leitchfield,KY,,3.5,37.511111,-86.2875,27025
WKKQ,96.100000,Barbourville,KY,,25.0,36.866389,-83.899722,3954
WKKS-FM,104.900000,Vanceburg,KY,,3.0,38.605278,-83.3325,7317
WKLO,96.900000,Mt. Washington,KY,,3.5,38.4725,-86.410833,88536
WKLW-FM,94.700000,Paintsville,KY,,4.9,37.795,-82.800833,3432
WKLX,100.700000,Bowling Green,KY,,16.0,37.155278,-86.325833,10515
WKMD,90.900000,Murray,KY,,20.5,37.363056,-87.515556,81313
WKMO-FM,101.500000,Elizabethtown,KY,,6.0,37.718056,-86.016389,36632
WKMS-FM,91.300000,Murray,KY,,100.0,36.921389,-88.096667,47080
WKPB,89.500000,Bowling Green,KY,,43.0,37.851667,-87.328611,71864
WKPL,92.100000,Covington,KY,,2.5,40.769167,-80.282222,24999
WKQQ,100.100000,Covington,KY,,20.0,38.123333,-84.443611,68206
WKTG,93.900000,Madisonville,KY,,35.0,37.523889,-87.403056,60877
WKUE,90.900000,Bowling Green,KY,,5.2,37.745,-85.889444,71860
WKVN,95.300000,Morganfield,KY,,25.0,37.777222,-87.623889,68810
WKVO,89.900000,Georgetown,KY,,50.0,38.204167,-84.5475,23901
WKWC,90.300000,Owensboro,KY,,5.0,37.742222,-87.124167,34259
WKYA,105.500000,Central City,KY,,3.0,37.195833,-87.210556,26491
WKYL,102.100000,Frankfort,KY,,6.0,38.026944,-84.883056,22938
WKYM,101.700000,Monticello,KY,,1.75,36.81,-84.846944,63323
WKYN,107.700000,Owingsville,KY,,6.0,38.102222,-83.836667,23345
WKYP,90.100000,Hardin,KY,,1.2,37.048889,-88.614444,93703
WKYR-FM,107.900000,Burkesville,KY,,6.0,36.790556,-85.379722,73199
WKYU-FM,88.900000,Bowling Green,KY,,98.0,37.089722,-86.634722,71856
WKYX-FM,94.300000,Bowling Green,KY,,3.1,37.234444,-88.496667,40647
WLAI,107.100000,Greenup,KY,,3.6,37.960278,-84.545,52309
WLEZ,99.300000,Glasgow,KY,,6.0,37.744167,-85.813611,48245
WLFX,106.700000,Irvine,KY,,14.5,37.66,-84.15,4809
WLGC-FM,105.700000,Greenup,KY,,12.5,38.595556,-82.856111,25224
WLJC,102.100000,Beattyville,KY,,1.5,37.613056,-83.671667,27695
WLKS-FM,102.900000,West Liberty,KY,,6.0,38.037778,-83.338333,43776
WLKT,104.500000,Covington,KY,,50.0,38.069167,-84.312222,29575
WLLE,102.100000,Bowling Green,KY,,50.0,36.766056,-88.647167,56556
WLLI,102.300000,Glasgow,KY,,2.8,37.178056,-85.920833,61047
WLLK-FM,102.300000,Somerset,KY,,6.0,37.078056,-84.6775,72780
WLSK,100.900000,Glasgow,KY,,3.9,37.695278,-85.318333,36886
WLVG,105.100000,Covington,KY,,3.1,34.566111,-83.777778,26854
WLVK,105.500000,Elizabethtown,KY,,3.2,37.7825,-85.910556,70496
WLXO,105.500000,Lexington,KY,,25.0,38.069167,-84.312222,46744
WLYE-FM,94.100000,Glasgow,KY,,4.5,36.983889,-85.872222,57897
WMDJ-FM,100.100000,Martin,KY,,2.6,37.586667,-82.715833,21815
WMGP,98.100000,Covington,KY,,25.0,33.065,-84.956389,39619
WMIK-FM,92.700000,Middlesboro,KY,,0.35,36.594167,-83.795,14731
WMJI,105.700000,Covington,KY,,16.0,41.383889,-81.695556,73268
WMJK,100.900000,Covington,KY,,3.0,41.249167,-82.913056,58344
WMJL-FM,102.700000,Marion,KY,,6.0,37.337778,-88.0675,31436
WMKY,90.300000,Morehead,KY,,37.0,38.177222,-83.404722,43765
WMKZ,93.100000,Monticello,KY,,1.45,36.808056,-84.846111,43654
WMLX,103.300000,Covington,KY,,1.95,40.634167,-84.208056,37499
WMMG-FM,93.500000,Brandenburg,KY,,3.4,37.985833,-86.184444,40928
WMMS,100.700000,Covington,KY,,34.0,41.358333,-81.6675,73273
WMMT,88.700000,Whitesburg,KY,,1.0,37.110556,-82.7375,2476
WMMX,107.700000,Covington,KY,,28.0,39.721944,-84.209167,1904
WMOR-FM,106.100000,West Liberty,KY,,19.5,38.182222,-83.448889,73279
WMRN-FM,94.300000,Covington,KY,,3.0,40.6075,-83.237222,59282
WMTC-FM,99.900000,Vancleve,KY,,6.0,37.606389,-83.446667,34241
WMTX,100.700000,Covington,KY,,96.0,27.819361,-82.26075,23078
WMXL,94.500000,Covington,KY,,85.0,38.123333,-84.443611,68208
WNBL,107.300000,Covington,KY,,0.65,42.746389,-77.426389,27580
WNCI,97.900000,Covington,KY,,175.0,39.969444,-83.002778,47741
WNKJ,89.300000,Hopkinsville,KY,,12.0,36.809444,-87.405556,52223
WNKR,106.700000,Dry Ridge,KY,,1.8,38.688611,-84.585278,24817
WNLJ,91.700000,Hopkinsville,KY,,0.2,37.390278,-87.495,92339
WNNF,94.100000,Covington,KY,,16.0,39.116389,-84.501944,59593
WNXT-FM,99.300000,Greenup,KY,,2.55,38.722778,-82.998889,62329
WOFX-FM,92.500000,Covington,KY,,16.0,39.116389,-84.501944,51725
WOKH,102.700000,Glasgow,KY,,4.0,37.695278,-85.318333,71010
WOVO,106.300000,Glasgow,KY,,50.0,37.044167,-86.183333,48702
WOWC,105.300000,Glasgow,KY,,6.0,35.624167,-85.893611,3337
WPBX,99.300000,Glasgow,KY,,1.4,36.021667,-84.971667,14618
WPFX-FM,107.700000,Covington,KY,,5.2,41.4275,-83.608333,7821
WPKE-FM,103.100000,Elkhorn City,KY,,1.2,37.465833,-82.551111,32973
WPOC,93.100000,Covington,KY,,16.0,39.287111,-76.75475,47747
WPTJ,90.700000,Paris,KY,,10.0,38.327778,-84.128889,93789
WPTQ,105.300000,Glasgow,KY,,15.0,36.980556,-86.102778,70870
WQHY,95.500000,Prestonsburg,KY,,100.0,37.695833,-82.756667,71347
WQIK-FM,99.100000,Covington,KY,,100.0,30.280833,-81.570278,29728
WQXE,98.300000,Elizabethtown,KY,,8.5,37.721667,-86.036111,26017
WREF,97.700000,Glasgow,KY,,11.5,37.711389,-87.528611,67479
WRFL,88.100000,Lexington,KY,,7.9,38.038611,-84.504444,54586
WRFQ,104.500000,Covington,KY,,100.0,32.817778,-79.835833,38901
WRIL,106.300000,Pineville,KY,,1.15,36.754444,-83.703333,52625
WRKA,103.900000,Louisville,KY,,1.35,38.256111,-85.758056,48290
WRLV-FM,106.500000,Irvine,KY,,5.9,37.7575,-83.063889,37255
WRNZ,105.100000,Greenup,KY,,3.0,37.601667,-84.574167,27548
WRUB,106.500000,Covington,KY,,13.0,27.545,-82.574167,48672
WRVF,101.500000,Covington,KY,,33.0,41.673056,-83.425278,62188
WRZI,107.300000,Elizabethtown,KY,,3.8,37.6725,-85.742778,19354
WSEI,92.900000,Corbin,KY,,49.0,38.700278,-88.081389,69634
WSEK-FM,93.900000,Somerset,KY,,0.0,0.0,-0.0,37027
WSGP,88.300000,Somerset,KY,,13.0,36.818056,-85.691667,91596
WSGS,101.100000,Hazard,KY,,100.0,37.193889,-83.181111,43964
WSIP-FM,98.900000,Corbin,KY,,100.0,37.858333,-82.794722,60502
WSKV-FM,104.900000,Stanton,KY,,0.72,37.761944,-83.843333,51694
WSOF,89.900000,Madisonville,KY,,39.0,37.357222,-87.478056,39596
WSOL-FM,101.500000,Covington,KY,,100.0,30.821111,-81.737222,23830
WSRZ-FM,107.900000,Covington,KY,,47.0,27.150833,-82.464167,48673
WSWR,100.100000,Covington,KY,,3.0,40.945,-82.661667,66247
WTBK,105.700000,Manchester,KY,,5.0,37.149722,-83.752222,39774
WTHL,90.500000,Somerset,KY,,50.0,37.131111,-84.554167,60782
WTKD,106.500000,Covington,KY,,50.0,40.146944,-84.61,67615
WTKY-FM,92.100000,Tompkinsville,KY,,5.3,36.818611,-85.658889,72293
WTRT,88.100000,Hardin,KY,,2.3,36.809972,-88.359167,88122
WTTL-FM,106.900000,Madisonville,KY,,2.35,37.380833,-87.467778,13800
WTUK,105.100000,Harlan,KY,,0.53,36.9025,-83.300278,18281
WTZB,105.900000,Covington,KY,,25.0,27.105278,-82.399722,59127
WUBL,94.900000,Covington,KY,,78.0,33.807222,-84.339389,29735
WUGO,99.700000,Grayson,KY,,4.8,38.328889,-82.975833,9212
WUHU,107.100000,Bowling Green,KY,,50.0,36.843056,-86.258333,27242
WUKY,91.300000,Lexington,KY,,100.0,37.879167,-84.325833,4303
WULF,94.300000,Corbin,KY,,40.0,37.871667,-86.267778,25799
WUOL-FM,90.500000,Louisville,KY,,21.0,38.365278,-85.84,69113
WVCT,91.500000,Keavy,KY,,0.1,36.983611,-84.133611,70115
WVEK-FM,102.700000,Cumberland,KY,,1.75,36.526667,-82.586944,14721
WVFB,101.500000,Tompkinsville,KY,,6.0,36.557778,-85.604167,19247
WVHM,90.500000,Hardin,KY,,16.5,36.808611,-88.223889,26646
WVKS,92.500000,Covington,KY,,50.0,41.531944,-83.593611,48964
WVKY,101.700000,Glasgow,KY,,6.0,38.213333,-85.171111,60081
WVLC,99.900000,Campbellsville,KY,,11.0,37.167778,-85.190556,51805
WVLE,99.300000,Scottsville,KY,,6.0,36.740278,-86.175278,60148
WVOR,102.300000,Covington,KY,,3.4,42.863056,-77.322778,8505
WVVR,100.300000,Hopkinsville,KY,,100.0,36.949444,-87.671667,73970
WWAG,107.900000,Sand Gap,KY,,3.9,37.394167,-83.9075,15508
WWEL,103.900000,Corbin,KY,,5.4,37.141667,-84.079167,20413
WWHR,91.700000,Bowling Green,KY,,1.3,37.005278,-86.523056,71863
WWJD,91.700000,Pippa Passes,KY,,7.3,37.329167,-82.875,56225
WWJO,98.100000,Covington,KY,,97.0,45.814444,-94.027222,73145
WWKY-FM,104.900000,Glasgow,KY,,5.3,37.414444,-87.573056,15527
WWLT,103.100000,London,KY,,2.1,37.075,-83.820556,72442
WWOG,90.900000,Somerset,KY,,40.0,36.184722,-85.375,60780
WWPW,96.100000,Covington,KY,,97.0,33.807222,-84.339389,11275
WWVR,98.500000,Corbin,KY,,50.0,39.605556,-87.725556,51153
WXBC,104.300000,Hardinsburg,KY,,2.3,37.770556,-86.435278,6700
WXKC,99.900000,Covington,KY,,50.0,42.09,-79.953333,32984
WXKQ-FM,103.900000,Corbin,KY,,0.28,37.110556,-82.7375,64430
WXKY,96.300000,Stanford,KY,,4.9,37.524167,-84.87,37560
WXKZ-FM,105.300000,Harold,KY,,1.7,37.656667,-82.766111,18549
WXLR,104.900000,Harold,KY,,0.37,37.533056,-82.494444,440
WXLY,102.500000,Covington,KY,,100.0,32.817778,-79.835833,34163
WXMA,102.300000,Covington,KY,,6.0,38.243611,-85.759444,37236
WXMZ,99.900000,Central City,KY,,6.0,37.360556,-86.803889,26494
WXTA,97.900000,Covington,KY,,10.0,41.966389,-80.111111,72892
WXTB,97.900000,Covington,KY,,100.0,28.182222,-82.768333,11274
WYCM,95.700000,Covington,KY,,3.1,40.383889,-87.131944,68985
WYDB,94.500000,Covington,KY,,3.6,39.8175,-84.248056,55501
WYGE,92.300000,London,KY,,23.5,37.150278,-83.992222,19794
WYHH,89.700000,Highland Heights,KY,,12.0,39.039167,-84.465833,4280
WYXY,99.100000,Corbin,KY,,50.0,40.148056,-87.7725,28195
WZCB,106.700000,Covington,KY,,3.0,40.017167,-83.019806,40170
WZDA,103.900000,Covington,KY,,2.9,39.721944,-84.209167,67689
WZFT,104.300000,Covington,KY,,13.0,39.336111,-76.649722,8684
WZLK,107.500000,Pikeville,KY,,1.45,37.465833,-82.551111,34002
WZQQ,97.900000,Hyden,KY,,2.0,37.193333,-83.184444,37110
WZRX-FM,107.500000,Covington,KY,,1.35,40.663889,-84.085278,8061
WZYK,94.700000,Russellville,KY,,50.0,36.755278,-88.660167,71613
KAJN-FM,102.900000,Crowley,LA,,95.0,30.038611,-92.370833,56098
KAPB-FM,97.700000,Columbia,LA,,6.0,31.124167,-92.077778,67036
KBCE,102.300000,Alexandria,LA,,21.0,31.3725,-92.635833,67947
KBEF,104.500000,Dubberly,LA,,6.0,32.533056,-93.192778,82842
KBKK,105.500000,Pineville,LA,,6.0,31.4275,-92.405,86913
KBMQ,88.700000,Monroe,LA,,25.0,32.404167,-92.035278,22172
KBON,101.100000,Mamou,LA,,25.0,30.497222,-92.266389,60867
KBSA,90.900000,Shreveport,LA,,3.0,33.271944,-92.703333,4217
KBTT,103.700000,Shreveport,LA,,6.0,32.553056,-93.582222,9221
KBYO-FM,92.700000,Farmerville,LA,,6.0,32.675278,-92.319444,68796
KBZE,105.900000,Morgan City,LA,,4.0,29.7575,-91.173611,40580
KCIL,96.700000,Baton Rouge,LA,,50.0,29.608889,-90.895278,67677
KDAQ,89.900000,Shreveport,LA,,100.0,32.677778,-93.925,4317
KDBH-FM,97.500000,Natchitoches,LA,,6.0,31.804722,-93.024167,8519
KDKS-FM,102.100000,Shreveport,LA,,20.0,32.599167,-93.900278,16436
KDPM,92.300000,Shreveport,LA,,5.8,32.540556,-94.400833,18263
KEDM,90.300000,Baton Rouge,LA,,100.0,32.660556,-91.991111,49406
KEUN-FM,105.500000,Eunice,LA,,1.0,30.437778,-92.446944,67747
KEZP,104.300000,Alexandria,LA,,19.2,31.087222,-92.359444,51078
KFLO-FM,89.100000,Shreveport,LA,,38.0,32.307778,-93.976111,84100
KFNV-FM,107.100000,Columbia,LA,,18.5,31.602222,-91.540833,67289
KFTE,105.100000,Abbeville,LA,,25.0,30.011111,-92.1225,276
KFXZ-FM,105.900000,Lafayette,LA,,3.4,30.466389,-92.075,9416
KGGM,93.900000,Delhi,LA,,12.0,32.464556,-91.651583,35646
KGRM,91.500000,Grambling,LA,,50.0,32.515556,-92.724167,24741
KHCL,92.500000,Minden,LA,,6.0,32.4575,-92.993889,84058
KHLA,92.900000,Jennings,LA,,30.0,30.18,-93.031111,8169
KHLL,100.900000,West Monroe,LA,,25.0,32.406944,-92.070278,15349
KHMB,99.500000,Rayville,LA,,3.2,33.288611,-91.879167,34020
KHXT,107.900000,Lafayette,LA,,97.0,30.201667,-91.776944,54650
KITH,98.900000,Baton Rouge,LA,,0.45,21.978056,-159.498611,70023
KJAE,93.500000,Leesville,LA,,7.5,31.141111,-93.295556,52140
KJMG,97.300000,Meridian,LA,,6.0,32.660556,-91.991111,15095
KJMH,107.500000,Lake Charles,LA,,50.0,30.201944,-92.946389,22962
KJNA-FM,102.700000,Jena,LA,,6.0,31.6975,-92.095278,37785
KLAA-FM,103.500000,Pineville,LA,,50.0,31.4275,-92.405,8166
KLDN,88.900000,Shreveport,LA,,50.0,31.407778,-94.764722,6100
KLIL,92.100000,Moreauville,LA,,6.0,31.048056,-91.996389,8164
KLKL,95.700000,Shreveport,LA,,50.0,32.554444,-93.529722,13802
KLNQ,106.500000,Shreveport,LA,,25.0,31.808056,-92.806111,88686
KLPI,89.100000,Ruston,LA,,4.0,32.528056,-92.647222,38615
KLRZ,100.300000,Larose,LA,,89.0,29.550278,-90.351111,19212
KLSA,90.700000,Baton Rouge,LA,,100.0,31.565556,-92.547222,4218
KLSP,91.700000,Angola,LA,,0.105,30.954722,-91.595833,2260
KLSU,91.100000,Baton Rouge,LA,,23.0,30.410278,-91.176944,38604
KLXA,89.900000,Shreveport,LA,,3.0,31.377778,-92.474167,43156
KLXH,106.300000,Baton Rouge,LA,,25.0,29.647778,-90.692778,35989
KMAR-FM,95.900000,Columbia,LA,,6.0,32.183889,-91.7475,4762
KMDL,97.300000,Lafayette,LA,,38.0,30.048333,-91.996944,59289
KMRL,91.900000,Buras,LA,,11.5,29.5625,-89.829444,16378
KMVX,101.900000,Monroe,LA,,97.0,32.197222,-92.070556,48976
KMXH,93.900000,Alexandria,LA,,7.3,31.267861,-92.439861,21854
KMYY,92.300000,Rayville,LA,,25.0,32.470833,-91.873611,34016
KNBB,97.700000,Ruston,LA,,50.0,32.669167,-92.632778,72765
KNCB-FM,105.300000,Vivian,LA,,3.2,32.931667,-93.906111,49155
KNGT,99.500000,Lake Charles,LA,,100.0,30.290556,-93.576389,53643
KNOL,107.500000,Baton Rouge,LA,,15.0,29.953889,-89.949444,25520
KNSU,91.500000,Thibodaux,LA,,0.0,29.791389,-90.801944,48825
KNWD,91.700000,Natchitoches,LA,,0.255,31.7475,-93.096389,49791
KNXX,104.900000,Donaldsonville,LA,,3.8,30.103611,-91.016111,36160
KOGM,107.100000,Opelousas,LA,,0.99,30.342222,-91.962778,33220
KPAE,91.500000,Erwinville,LA,,10.0,30.535833,-91.414444,53023
KPCH,99.300000,Ruston,LA,,24.5,32.481389,-92.676111,5065
KPCZ-FM,106.700000,Crowley,LA,,4.5,30.325833,-92.355556,7054
KPEL-FM,96.500000,Lafayette,LA,,42.0,30.103111,-91.992194,59288
KQID-FM,93.100000,Alexandria,LA,,97.0,31.638889,-92.205,9751
KQKI-FM,95.300000,Morgan City,LA,,16.5,29.657778,-91.294722,64675
KQLK,97.900000,Lake Charles,LA,,50.0,30.615833,-93.225278,9029
KROK,95.700000,Many,LA,,25.0,31.051389,-93.278056,77184
KRVS,88.700000,Lafayette,LA,,27.5,30.322222,-92.377778,66595
KRVV,100.100000,Monroe,LA,,50.0,32.672222,-91.918333,27468
KSBH,94.900000,Natchitoches,LA,,25.0,31.859444,-93.216667,4956
KSCL,91.300000,Shreveport,LA,,2.6,32.480944,-93.730861,9758
KSMB,94.500000,Baton Rouge,LA,,100.0,30.362222,-92.214722,41057
KSUX,105.700000,Baton Rouge,LA,,50.0,42.3425,-96.520278,21692
KSYR,92.100000,Shreveport,LA,,6.0,32.655278,-93.693333,9681
KTHP,103.900000,Many,LA,,4.5,31.423333,-93.841667,84879
KTLN,90.500000,New Orleans,LA,,0.2,29.721667,-90.775833,4219
KTOC-FM,104.900000,Shreveport,LA,,25.0,32.224444,-92.724167,15064
KTSR,92.100000,De Ridder,LA,,13.5,30.221111,-93.311111,71555
KTUX,98.900000,Shreveport,LA,,100.0,32.388611,-94.019444,35688
KUMX,106.700000,Leesville,LA,,6.0,31.051389,-93.278056,57668
KVCL-FM,92.100000,Winnfield,LA,,6.0,31.948333,-92.626944,26233
KVDP,89.100000,Dry Prong,LA,,4.5,31.588889,-92.516389,17609
KVDU,104.100000,Houma,LA,,100.0,29.953611,-90.723611,34528
KVPI-FM,92.500000,Ville Platte,LA,,25.0,30.694167,-92.312778,70234
KVVP,105.700000,Leesville,LA,,13.5,31.005278,-93.278333,62277
KWCL-FM,96.700000,Oak Grove,LA,,23.0,32.858889,-91.356111,35878
KWLV,107.100000,Many,LA,,25.0,31.6075,-93.401389,73236
KXKC,99.100000,New Iberia,LA,,100.0,30.201667,-91.776944,6350
KXKZ,107.500000,Ruston,LA,,100.0,32.443611,-92.711944,58273
KXUL,91.100000,Monroe,LA,,8.5,32.660556,-91.991111,49404
KYBG,102.100000,Crowley,LA,,96.0,30.086944,-92.381667,66791
KYFJ,93.700000,Baton Rouge,LA,,100.0,30.338611,-91.523056,8167
KYXA,106.700000,Shreveport,LA,,50.0,32.744167,-93.381111,49880
KZBL,100.700000,Natchitoches,LA,,25.0,31.804722,-93.024167,7824
KZLG,95.900000,Moreauville,LA,,6.0,31.046944,-91.994722,88808
KZWA,104.900000,Lake Charles,LA,,25.0,30.454167,-93.138889,3422
WBKL,92.700000,Baker,LA,,32.0,30.850833,-91.075278,27441
WBRH,90.300000,Baton Rouge,LA,,3.5,30.443419,-91.181558,18185
WBRP,107.300000,Baton Rouge,LA,,4.27,30.473889,-91.060556,4490
WBSN-FM,89.100000,New Orleans,LA,,11.0,29.919722,-90.024722,53677
WDGL,98.100000,Baton Rouge,LA,,95.0,30.366111,-91.213056,25518
WGUO,94.900000,Laplace,LA,,50.0,29.73,-90.726944,70279
WHMD,107.100000,Baton Rouge,LA,,6.0,30.425556,-90.283611,680
WIST-FM,98.300000,New Orleans,LA,,1.7,35.961389,-80.036944,27123
WJFM,88.500000,Baton Rouge,LA,,25.5,30.385,-91.089722,31171
WKBU,95.700000,Metairie,LA,,99.5,29.92,-90.024444,52434
WNOE-FM,101.100000,New Orleans,LA,,100.0,29.9825,-89.9525,58394
WNXX,104.500000,Kenner,LA,,3.0,30.745556,-91.125556,52882
WPAE,89.700000,Port Allen,LA,,84.0,31.087778,-91.0525,53026
WRBH,88.300000,New Orleans,LA,,51.0,29.949722,-89.957778,54575
WRKF,89.300000,Baton Rouge,LA,,28.0,30.372778,-91.204444,53834
WRKN,106.100000,Baton Rouge,LA,,28.0,30.521389,-90.02,27951
WTGE,100.700000,Baton Rouge,LA,,97.0,30.366111,-91.213056,70022
WTIX-FM,94.300000,New Orleans,LA,,100.0,29.5625,-89.829444,8382
WTUL,91.500000,New Orlans,LA,,1.5,29.938333,-90.118611,68321
WUUU,98.900000,Franklinton,LA,,25.0,30.736667,-90.201111,22992
WWL-FM,105.300000,Metairie,LA,,96.0,29.9825,-89.9525,52435
WWNO,89.900000,New Orleans,LA,,35.0,29.920111,-90.0245,38607
WWOZ,90.700000,New Orleans,LA,,100.0,29.956944,-90.075278,22659
WZRH,92.300000,Metairie,LA,,100.0,29.952778,-90.723889,117
KJJY,92.500000,Newton,MA,,41.0,41.664722,-93.756667,22882
KNSL,97.900000,Wilbraham,MA,,50.0,40.814444,-93.8375,81325
KNWI,107.100000,Wilbraham,MA,,30.0,41.025,-93.861111,37454
KWQW,98.300000,Newton,MA,,41.0,41.830833,-93.731389,30116
WAIC,91.900000,"Springfield,",MA,,0.2,42.1125,-72.556667,1749
WAMH,89.300000,Amherst,MA,,0.13,42.363611,-72.423333,68222
WAQY,102.100000,East Longmeadow,MA,,17.0,42.083333,-72.704444,58551
WARX,93.900000,Newburyport,MA,,27.5,44.144444,-70.022778,26389
WATD-FM,95.900000,Marshfield,MA,,1.6,42.110833,-70.704722,40468
WAVM,91.700000,Maynard,MA,,0.5,42.421389,-71.452778,40791
WBCI,105.900000,Topsham,MA,,50.0,44.069167,-69.924444,33288
WBEC-FM,95.900000,Pittsfield,MA,,1.0,42.41225,-73.285167,71437
WBIM-FM,91.500000,Bridgewater,MA,,0.18,41.9875,-70.9725,6820
WBLM,102.900000,Newburyport,MA,,100.0,43.924722,-70.491389,22878
WBMT,88.300000,Topsfield/Boxford,MA,,0.66,42.627222,-70.975556,40640
WBPR,91.900000,Boston,MA,,0.27,42.303056,-71.897778,69163
WBRK-FM,101.700000,Pittsfield,MA,,3.0,42.475278,-73.268611,71231
WBRS,100.100000,Waltham,MA,,0.025,42.369167,-71.257778,6638
WBSL-FM,91.700000,Sheffield,MA,,0.23,42.115833,-73.416667,65455
WBUA,92.700000,Pittsfield,MA,,3.0,41.437778,-70.614167,7055
WBUR-FM,90.900000,Boston,MA,,8.6,42.310181,-71.237167,68241
WBWL,101.700000,Boston,MA,,13.5,42.431028,-71.088556,40824
WCAI,90.100000,Boston,MA,,12.5,41.437778,-70.613889,8566
WCCC,106.900000,Boston,MA,,23.0,41.796667,-72.797778,25072
WCCH,103.500000,Holyoke,MA,,0.009,42.198611,-72.640833,27526
WCCT-FM,90.300000,Harwich,MA,,0.16,41.711111,-70.076111,8574
WCFM,91.900000,Williamstown,MA,,0.44,42.710556,-73.201667,66277
WCHC,88.100000,Worcester,MA,,0.0,42.2375,-71.808611,65560
WCIB,101.900000,Hyannis,MA,,12.0,41.5585,-70.596083,2683
WCLZ,98.900000,Newburyport,MA,,48.0,43.927778,-69.995,56569
WCOD-FM,106.100000,West Yarmouth,MA,,50.0,41.728889,-70.167222,29568
WCRI-FM,95.900000,Waltham,MA,,6.0,41.174444,-71.572222,67119
WCUW,91.300000,Worcester,MA,,0.63,42.262778,-71.799722,74162
WDJM-FM,91.300000,Framingham,MA,,0.1,42.295556,-71.438333,22221
WDKC,101.500000,Marlboro,MA,,1.9,41.723611,-77.046111,36240
WEGZ,105.900000,North Andover,MA,,98.0,46.691944,-90.990833,15972
WEIB,106.300000,Longmeadow,MA,,3.0,42.373611,-72.673889,14771
WEII,96.300000,Hyannis,MA,,25.0,41.728889,-70.167222,54037
WERS,88.900000,Boston,MA,,4.0,42.352222,-71.056944,19482
WFCC-FM,107.500000,Waltham,MA,,50.0,41.737222,-70.011111,17066
WFCR,88.500000,Amherst,MA,,13.0,42.363611,-72.423333,69304
WFEZ,93.100000,Boston,MA,,98.0,25.967222,-80.209444,40408
WFHL,88.100000,New Bedford,MA,,0.3,41.6375,-70.871944,87375
WFMR,91.300000,Provicetown,MA,,1.15,41.776667,-70.011111,93704
WFMX,107.900000,No. Marshfield,MA,,32.0,44.554444,-69.741389,26388
WFPB-FM,91.900000,Boston,MA,,0.26,41.613889,-70.598889,69057
WFRQ,93.500000,West Yarmouth,MA,,6.0,41.691667,-70.147222,29570
WGAO,88.300000,Franklin,MA,,0.175,42.085556,-71.398333,15985
WGBH,89.700000,Boston,MA,,98.0,42.211667,-71.114167,70510
WGH-FM,97.300000,Newton,MA,,74.0,36.963056,-76.411667,72102
WGTX,102.300000,Newton,MA,,2.15,42.022222,-70.074444,68214
WHAB,89.100000,Acton,MA,,0.008,42.48,-71.457778,426
WHAI,98.300000,Greenfield,MA,,2.0,42.570833,-72.645,25833
WHHB,99.900000,Holliston,MA,,0.017,42.211667,-71.443333,27476
WHOM,94.900000,Newburyport,MA,,48.0,44.269722,-71.304167,49687
WHRB,95.300000,Cambridge,MA,,1.45,42.352222,-71.056944,26341
WHYA,101.100000,West Yarmouth,MA,,2.9,41.688889,-70.346944,29571
WICN,90.500000,Worcester,MA,,1.1,42.303056,-71.897778,72379
WIQH,88.300000,Concord,MA,,0.1,42.447056,-71.348333,13556
WJBQ,97.900000,Newburyport,MA,,16.0,43.851667,-70.327778,3134
WJFD-FM,97.300000,New Bedford,MA,,50.0,41.637444,-70.871306,18720
WJJB-FM,96.300000,Boston,MA,,40.0,44.250833,-70.421111,9180
WJJW,91.100000,North Adams,MA,,0.423,42.690833,-73.104444,49102
WJZ-FM,105.700000,Boston,MA,,50.0,39.323889,-76.548889,1916
WKKL,90.700000,West Barnstable,MA,,0.205,41.691944,-70.337778,8572
WKLB-FM,102.500000,Waltham,MA,,14.0,42.310278,-71.237222,10542
WMAS-FM,94.700000,Springfield,MA,,50.0,42.109167,-72.611111,36543
WMBR,88.100000,Cambridge,MA,,0.72,42.361667,-71.084167,64683
WMFO,91.500000,Medford,MA,,0.125,42.4075,-71.120833,68320
WMHC,91.500000,South Hadley,MA,,0.1,42.253333,-72.577778,68245
WMLN-FM,91.500000,Milton,MA,,0.17,42.241111,-71.114444,14747
WMUA,91.100000,Amherst,MA,,0.45,42.393611,-72.5225,69184
WMWM,91.700000,Salem,MA,,0.13,42.503889,-70.890556,58636
WNAN,91.100000,Boston,MA,,0.0,41.285,-70.144167,8600
WNCK,89.500000,Nantucket,MA,,0.82,41.285,-70.144167,87830
WNEF,91.700000,Boston,MA,,0.001,42.865556,-70.938056,93889
WNKC,104.900000,Boston,MA,,6.0,42.639444,-70.939444,61409
WNNZ-FM,91.700000,Deerfield,MA,,0.1,42.534167,-72.592222,68194
WNPN,89.300000,North Dartmouth,MA,,7.0,41.596667,-71.19,163899
WOCN-FM,104.700000,Waltham,MA,,50.0,41.78,-70.01,8592
WOKQ,97.500000,Newburyport,MA,,50.0,43.223889,-70.971667,22887
WOMR,92.100000,Provincetown,MA,,6.0,42.065,-70.158611,38905
WORC-FM,98.900000,Worcester,MA,,1.87,42.036389,-71.989444,50231
WOZQ,91.900000,Northampton,MA,,0.2,42.320278,-72.637222,68226
WPLM-FM,99.100000,North Plymouth,MA,,50.0,41.967222,-70.701111,52838
WPXC,102.900000,Hyannis,MA,,6.8,41.688889,-70.346944,54620
WQRC,99.900000,Hyannis,MA,,50.0,41.688611,-70.346944,58948
WRBB,104.900000,Boston,MA,,0.019,42.338611,-71.091111,49425
WRBO,103.500000,Newton,MA,,100.0,34.862222,-89.878333,7075
WRFK,107.100000,Newton,MA,,3.9,44.158333,-72.479444,34810
WRNX,100.900000,Holyoke,MA,,0.87,42.251944,-72.644722,25906
WRPS,88.300000,Rockland,MA,,0.105,42.128333,-70.916667,57299
WRSI,93.900000,Whately,MA,,2.5,42.533611,-72.592778,8775
WSAK,102.100000,Newburyport,MA,,3.0,42.8975,-70.883889,12155
WSCB,89.900000,Springfield,MA,,0.1,42.099722,-72.558333,66279
WSDH,91.500000,East Sandwich,MA,,0.31,41.735,-70.459722,59002
WSHK,105.300000,Newburyport,MA,,2.2,43.174444,-70.780556,4380
WSHL-FM,91.300000,Easton,MA,,0.1,42.0575,-71.079722,63487
WSKB,89.500000,Westfield,MA,,0.1,42.131944,-72.7975,72025
WSNI,97.700000,Haverhill,MA,,2.15,42.915833,-72.331389,9795
WTBR-FM,89.700000,Pittsfield,MA,,0.38,42.459444,-73.275278,52749
WTCC,90.700000,Springfield,MA,,4.0,42.108889,-72.579167,62018
WTKL,91.100000,North Dartmouth,MA,,1.2,41.628611,-71.006667,69407
WTWV-FM,92.900000,Newton,MA,,50.0,36.876389,-76.391111,64000
WUMB-FM,91.900000,Boston,MA,,0.16,42.246944,-71.048889,66578
WUML,91.500000,Lowell,MA,,1.4,42.651944,-71.320833,69410
WUPE-FM,100.100000,North Adams,MA,,1.15,42.698333,-73.065,4821
WWEI,105.500000,Pittsfield,MA,,0.72,42.241389,-72.649167,11295
WWFX,100.100000,Needham,MA,,2.85,42.224444,-71.880833,18310
WXLO,104.500000,Worceser,MA,,37.0,42.5075,-71.826944,43557
WXMX,98.100000,Newton,MA,,100.0,35.154444,-89.822222,35399
WXPL,91.300000,Fitchburg,MA,,0.1,42.588333,-71.790556,21667
WXRB,95.100000,Dudley,MA,,0.014,42.044444,-71.931111,48827
WXTK,95.100000,West Yarmouth,MA,,50.0,41.635278,-70.235278,6250
WYQQ,90.100000,Charlton,MA,,0.12,42.158056,-71.963333,4102
WZBC,90.300000,Chestnut Hill,MA,,1.0,42.334722,-71.175278,68240
WZLY,91.500000,Wellesley,MA,,0.007,42.293056,-71.305833,71457
WZRM,97.700000,Pittsfield,MA,,2.05,42.211667,-71.114167,19633
KCFX,101.100000,Cockeysville,MD,,97.0,39.022222,-94.513611,27021
KCHZ,95.700000,Silver Spring,MD,,96.0,39.0125,-95.029444,33332
KDVA,106.900000,Silver Spring,MD,,6.0,33.450278,-112.599444,2750
KFTK-FM,97.100000,Baltimore,MD,,100.0,38.779167,-90.728611,73890
KILV,107.500000,Baltimore,MD,,25.0,42.207222,-96.123889,87226
KNRQ,103.700000,Bethesda,MD,,100.0,44.002222,-123.113889,61987
KPNT,105.700000,Cockeysville,MD,,53.14,38.574361,-90.325417,56525
KQRC-FM,98.900000,Cockeysville,MD,,98.5,39.022222,-94.513611,74101
KQZR,107.300000,Baltimore,MD,,29.0,40.521111,-107.296111,84270
KRBZ,96.500000,Cockeysville,MD,,98.5,39.022222,-94.513611,57119
KSDA-FM,91.900000,Silver Spring,MD,,3.8,13.431389,144.71,499
KWWV,106.100000,Baltimore,MD,,1.1,35.361111,-120.655833,25960
KXBS,95.500000,Lanham,MD,,10.5,38.652222,-90.284167,4948
KYKK,93.500000,Chevy Chase,MD,,50.0,30.491944,-100.034167,57035
WAAI,100.900000,Cambridge,MD,,1.3,38.624444,-75.888889,2417
WAFY,103.100000,Frederick,MD,,1.0,39.418056,-77.500833,3728
WAIJ,90.300000,Grantsville,MD,,10.0,39.703889,-79.091944,26528
WAMJ,107.500000,Lanham,MD,,18.0,33.916944,-84.201667,31872
WASH,97.100000,Rockville,MD,,17.5,38.950278,-77.079722,70933
WAYZ,104.700000,Hagerstown,MD,,8.3,39.696389,-77.513056,25827
WBBX,106.100000,Pocomoke City,MD,,4.0,38.076667,-75.538333,67576
WBEY-FM,97.900000,Waldorf,MD,,4.3,38.029167,-75.751389,27438
WBIG-FM,100.300000,Rockville,MD,,50.0,38.886944,-77.200833,54459
WBJC,91.500000,Baltimore,MD,,50.0,39.386389,-76.731111,3654
WBOC-FM,102.500000,Princess Anne,MD,,50.0,38.111944,-75.653889,39894
WCBC-FM,107.100000,Cumberland,MD,,0.48,39.525,-78.861944,53671
WCEM-FM,106.300000,Cambridge,MD,,6.0,38.584167,-76.081667,46940
WCRH,90.500000,Williamsport,MD,,10.0,39.659444,-77.965556,9723
WDAF-FM,106.500000,Cockeysville,MD,,100.0,39.073333,-94.485,8609
WDCJ,92.700000,Prince Frederick,MD,,2.85,38.673889,-76.594722,43277
WDIH,90.300000,Salisbury,MD,,0.38,38.407778,-75.604444,58655
WDKL,102.700000,Lanham,MD,,36.0,42.471083,-83.200361,54915
WDLD,96.700000,Hagerstown,MD,,4.8,39.6175,-77.738056,23469
WDMK,105.900000,Lanham,MD,,20.0,42.471111,-83.200833,4597
WEAA,88.900000,Baltimore,MD,,12.5,39.341944,-76.586944,43794
WEND,106.500000,Potomac,MD,,84.0,35.592222,-80.628889,74074
WENZ,107.900000,Lanham,MD,,16.0,41.465,-81.286944,2685
WERQ-FM,92.300000,Lanham,MD,,37.0,39.338333,-76.666667,68827
WESM,91.300000,Princess Anne,MD,,45.0,38.210278,-75.682222,69082
WEZB,97.100000,Cockeysville,MD,,99.0,29.92,-90.024444,20346
WFBC-FM,93.700000,Cockeysville,MD,,100.0,35.111944,-82.606667,34390
WFHN,107.100000,Rockville,MD,,5.4,41.640278,-70.9175,10453
WFPG,96.900000,Rockville,MD,,50.0,39.378333,-74.448056,10449
WFRB-FM,105.300000,Cumberland,MD,,13.5,39.683444,-78.965278,71869
WFUN-FM,96.300000,Cockeysville,MD,,92.0,38.574361,-90.325389,27022
WFWM,91.900000,Frostburg,MD,,1.3,39.581667,-78.898056,22791
WGGY,101.300000,Cockeysville,MD,,7.0,41.427222,-75.748056,36202
WGTS,91.900000,Takoma Park,MD,,23.5,38.891667,-77.131944,12460
WGYL,93.700000,Baltimore,MD,,50.0,27.601111,-80.3925,58946
WHFC,91.100000,Bel Air,MD,,1.1,39.556111,-76.28,26024
WHQC,96.100000,Potomac,MD,,98.0,35.362222,-81.155278,74194
WICL,95.900000,Salisbury,MD,,3.0,39.606111,-77.770556,50058
WICO-FM,101.100000,Crisfield,MD,,1.2,38.215833,-75.3225,88291
WIL-FM,92.300000,Cockeysville,MD,,99.0,38.482222,-90.398056,72390
WILK-FM,103.100000,Cockeysville,MD,,6.0,41.305556,-75.760556,22666
WINX-FM,94.300000,Annapolis,MD,,4.6,38.630278,-76.056944,14774
WIYY,97.900000,Baltimore,MD,,13.5,39.334722,-76.650833,65693
WJMH,102.100000,Cockeysville,MD,,99.0,36.275833,-79.940556,40754
WJSR,100.900000,Lanham,MD,,15.0,37.621389,-77.370556,27439
WKBP,95.900000,Cockeysville,MD,,4.2,41.158889,-76.401667,19543
WKGO,88.100000,Grantsville,MD,,0.001,40.52,-79.658056,26527
WKHJ,104.500000,Mtn. Lake Park,MD,,1.55,39.409972,-79.287917,61304
WKHS,90.500000,Chestertown,MD,,17.5,39.281944,-76.090556,6057
WKIK,102.900000,Mechanicsville,MD,,4.0,38.3675,-76.615278,60777
WKPE-FM,103.900000,Baltimore,MD,,5.5,41.690556,-70.189167,8586
WKRF,107.900000,Cockeysville,MD,,0.83,41.04425,-75.377528,14643
WKRZ,98.500000,Cockeysville,MD,,8.7,41.198889,-75.818333,34379
WKSE,98.500000,Cockeysville,MD,,46.0,43.005,-78.992778,34384
WKTQ,92.300000,Oakland,MD,,1.4,39.444722,-79.528333,49936
WKYS,93.900000,Lanham,MD,,24.5,38.94,-77.081667,73200
WKYV,100.300000,Lanham,MD,,4.5,37.181944,-77.400278,21826
WLFP,94.100000,Cockeysville,MD,,50.0,34.989444,-89.8625,2686
WLIC,97.100000,Frostburg,MD,,0.14,39.601667,-78.887222,26529
WLMG,101.900000,Cockeysville,MD,,99.0,29.92,-90.024444,34376
WLTF,97.500000,Salisbury,MD,,11.4,39.459167,-78.063333,53486
WMDM,97.700000,Lexington Park,MD,,6.0,38.282778,-76.560833,61314
WMMJ,102.300000,Lanham,MD,,2.9,38.936111,-77.0925,54712
WMQX,102.300000,Cockeysville,MD,,5.8,41.305556,-75.760556,22925
WMTB-FM,89.900000,Emmitsburg,MD,,0.1,39.683889,-77.356944,43919
WMUC-FM,88.100000,College Park,MD,,0.01,38.983056,-76.943611,69019
WMYX-FM,99.100000,Cockeysville,MD,,50.0,42.945556,-88.060833,27029
WNKZ-FM,92.500000,Suitland,MD,,2.95,38.143056,-75.664722,60884
WNVZ,104.500000,Cockeysville,MD,,49.0,37.038222,-76.307972,40755
WOEL-FM,89.900000,Elkton,MD,,3.0,39.593056,-75.863611,39897
WPAW,93.100000,Cockeysville,MD,,99.0,36.275833,-79.940556,40752
WPCL,97.300000,Grantsville,MD,,1.75,40.5075,-78.803889,73197
WPHI-FM,103.900000,Lanham,MD,,0.27,40.041556,-75.2365,30572
WPTE,94.900000,Cockeysville,MD,,50.0,36.810278,-76.283056,64004
WPUR,107.300000,Rockville,MD,,25.0,39.378333,-74.448056,54894
WPZZ,104.700000,Lanham,MD,,0.0,0.0,-0.0,321
WQGN-FM,105.500000,Rockville,MD,,3.0,41.384722,-72.070278,10455
WQMG,97.100000,Cockeysville,MD,,100.0,35.945,-79.8625,47078
WRBS-FM,95.100000,Baltimore,MD,,50.0,39.255833,-76.674722,52353
WRQE,106.100000,Cumberland,MD,,5.4,39.581056,-78.899722,74083
WRVR,104.500000,Cockeysville,MD,,100.0,35.154444,-89.822222,34375
WSCL,89.500000,Salisbury,MD,,33.0,38.654167,-75.611667,58660
WSDL,90.700000,Salisbury,MD,,18.5,38.501667,-75.168611,83090
WSJO,104.900000,Silver Spring,MD,,10.0,39.546944,-74.638611,57357
WSMD-FM,98.300000,Laplata,MD,,3.0,38.413611,-76.775278,60776
WTDK,107.100000,Cambridge,MD,,3.9,38.767222,-75.746111,51149
WTMD,89.700000,Towson,MD,,7.4,39.402778,-76.603333,67461
WTMP-FM,96.100000,Silver Spring,MD,,2.8,28.472778,-82.295833,15239
WTSS,102.500000,Cockeysville,MD,,110.0,42.659167,-78.625833,34382
WUKL,106.900000,Grantsville,MD,,0.98,39.704722,-79.775,26522
WUMJ,97.500000,Lanham,MD,,8.5,33.503611,-84.582778,3105
WVKL,95.700000,Cockeysville,MD,,40.0,36.815556,-76.466667,4672
WVMD,100.100000,Cumberland,MD,,0.9,39.422222,-78.790278,10657
WWDE-FM,101.300000,Cockeysville,MD,,50.0,36.828056,-76.251389,40753
WWEG,106.900000,Hagerstown,MD,,15.5,39.499167,-77.611667,39806
WWIN-FM,95.900000,Lanham,MD,,3.0,39.204444,-76.568611,54710
WWPN,101.100000,Lavale,MD,,0.32,39.382778,-79.078611,19717
WXOS,101.100000,Cockeysville,MD,,100.0,38.482222,-90.398056,56512
WXSS,103.700000,Cockeysville,MD,,19.5,43.096667,-87.905,27031
WYPF,88.100000,Braddock Heights,MD,,1.0,39.491944,-77.5,32360
WYPR,88.100000,Baltimore,MD,,15.5,39.331389,-76.657778,65753
WYRD-FM,98.900000,Cockeysville,MD,,100.0,35.169722,-82.291111,66400
WALZ-FM,95.300000,Calais,ME,,3.0,44.735556,-67.503056,54578
WBAK,104.700000,Ellsworth,ME,,10.0,44.580833,-68.8975,25411
WBFB,97.100000,Bangor,ME,,6.5,44.703333,-69.079722,3671
WBFE,99.100000,Ellsworth,ME,,45.0,44.444722,-68.022778,62289
WBKA,107.700000,Bar Harbor,ME,,11.5,44.553611,-68.094444,40925
WBOR,91.100000,Brunswick,ME,,0.3,43.905833,-69.963611,66276
WBQQ,99.300000,Kennebunk,ME,,3.0,43.404444,-70.4375,69854
WBQX,106.900000,Kennebunk,ME,,29.5,44.108333,-69.157778,49564
WBYA,105.500000,Bangor,ME,,25.0,44.316111,-68.97,41105
WCTB,93.500000,Skowhegan,ME,,10.5,44.745,-69.692222,46353
WCXU,97.700000,Caribou,ME,,20.0,46.790556,-67.918611,65497
WCXV,98.100000,Caribou,ME,,6.0,47.167778,-67.961944,76041
WCXX,102.300000,Caribou,ME,,1.2,47.330833,-68.340556,65498
WERU-FM,89.900000,East Orland,ME,,11.5,44.434444,-68.590278,58726
WFNK,107.500000,Lewiston,ME,,100.0,44.003333,-70.423333,65675
WHCF,88.500000,Bangor,ME,,35.0,45.129444,-68.357778,3665
WHMX,105.700000,Bangor,ME,,48.0,45.343889,-68.506667,49690
WHOU-FM,100.100000,Houlton,ME,,9.6,46.143056,-68.113889,52037
WHSN,89.300000,Bangor,ME,,3.0,44.829444,-68.794167,28151
WHTP-FM,104.700000,Kennebunk,ME,,6.0,43.404444,-70.4375,69855
WHXR,106.300000,Kennebunk,ME,,3.0,43.589444,-70.3725,73885
WIGY-FM,100.700000,Norway,ME,,0.85,44.582222,-70.633056,46323
WKIT,100.300000,Bangor,ME,,16.0,44.6775,-68.754167,25747
WKSQ,94.500000,Ellsworth,ME,,0.0,0.0,-0.0,341
WKTJ-FM,99.300000,Farmington,ME,,1.5,44.656111,-70.196667,22323
WKVV,101.700000,Bangor,ME,,2.65,44.580833,-68.896389,59505
WKVZ,102.100000,Dexter,ME,,27.0,45.044444,-69.250278,28685
WMCM,103.300000,Rockland,ME,,16.0,44.126389,-69.138333,57301
WMDR-FM,88.900000,Augusta,ME,,100.0,44.250556,-70.423333,92341
WMEA,90.100000,Lewiston,ME,,24.5,43.858333,-70.711389,39655
WMEB-FM,91.900000,Bangor,ME,,10.0,44.918889,-68.666667,69267
WMED,89.700000,Lewiston,ME,,30.0,45.029167,-67.323889,39646
WMEF,106.500000,Lewiston,ME,,7.4,47.258333,-68.558333,39653
WMEH,90.900000,Lewiston,ME,,13.5,44.7625,-68.566111,39650
WMEM,106.100000,Lewiston,ME,,100.0,46.551667,-67.810556,39661
WMEP,90.500000,Bangor,ME,,0.0,44.211111,-69.151667,92566
WMEW,91.300000,Lewiston,ME,,3.0,44.489722,-69.651389,39645
WMGX,93.100000,South Portland,ME,,50.0,43.688056,-70.2575,58548
WMHB,89.700000,Waterville,ME,,0.0,44.565833,-69.663611,65947
WMPG,90.900000,Bangor,ME,,4.5,43.743806,-70.333556,69132
WMSJ,89.300000,Freeport,ME,,14.0,43.7625,-70.325,17483
WNSX,97.700000,Bar Harbor,ME,,50.0,44.553611,-68.094444,66712
WOXO-FM,92.700000,Norway,ME,,5.2,44.296389,-70.618056,67698
WPEI,95.900000,Portland,ME,,4.1,43.5425,-70.404722,69640
WPOR,101.900000,South Portland,ME,,32.0,43.759167,-70.320833,49982
WPPI,95.500000,Brunswick,ME,,3.0,43.903333,-70.036944,12160
WQDY-FM,92.700000,Calais,ME,,3.0,45.167222,-67.277222,73915
WQSS,102.500000,Bangor,ME,,20.5,44.126389,-69.138333,41104
WRBC,91.500000,Lewiston,ME,,0.12,44.105,-70.208889,53405
WSHD,91.700000,Eastport,ME,,0.012,44.908333,-66.99,60040
WSYY-FM,94.900000,Millinocket,ME,,23.5,45.716111,-68.798333,33470
WTHT,99.900000,Auburn,ME,,28.5,43.951944,-70.296111,24949
WUPI,92.100000,Bangor,ME,,0.017,46.670833,-68.016667,69317
WVOM-FM,103.900000,Bangor,ME,,90.0,45.129444,-68.357778,4092
WWWA,95.300000,Litchfield,ME,,12.0,44.713333,-69.7275,37467
WXTP,106.700000,Lewiston,ME,,0.81,43.851667,-70.327778,59534
WYAR,88.300000,Yarmouth,ME,,1.0,43.765556,-70.140833,78242
WYNZ,100.900000,South Portland,ME,,25.0,43.690556,-70.318056,58536
WZLO,103.100000,Dover-Foxcroft,ME,,1.5,45.093722,-69.083333,12882
KAFE,104.100000,Grosse Pointe Farms,MI,,60.0,48.680444,-122.840639,58886
KAZR,103.300000,Crosse Pointe,MI,,100.0,41.538056,-93.299167,28882
KIOA,93.300000,Grosse Pointe Farms,MI,,82.0,41.631944,-93.457222,58547
KISM,92.900000,Grosse Pointe Farms,MI,,50.0,48.68,-122.84,34469
KOEZ,104.100000,Grosse Pointe Farms,MI,,100.0,41.9025,-93.904167,7823
KVCK-FM,92.700000,Wolf Point,MI,,11.5,48.185833,-105.668889,73384
WAHS,89.500000,Auburn Hills,MI,,2.4,42.628333,-83.232222,3373
WAIR,104.900000,Imlay City,MI,,2.8,44.248889,-85.313333,92345
WATZ-FM,99.300000,Traverse City,MI,,17.0,44.856944,-83.542778,71108
WAUS,90.700000,Berrien Springs,MI,,50.0,41.961667,-86.350556,2241
WAVC,93.900000,Traverse City,MI,,30.0,44.728333,-84.360278,67218
WAWM,98.900000,Grand Rapids,MI,,100.0,45.477778,-84.951111,49590
WBCH-FM,100.100000,Hastings,MI,,3.0,42.626111,-85.278056,3989
WBCM,93.500000,Traverse City,MI,,14.0,45.324167,-84.878889,71210
WBFH,88.100000,Bloomfield Hills,MI,,0.36,42.577778,-83.286111,5872
WBGV,92.500000,Croswell,MI,,3.0,43.286111,-82.971389,23435
WBLD,89.300000,West Bloomfield,MI,,0.044,42.569722,-83.361111,71544
WBLU-FM,88.900000,Twin Lake,MI,,0.65,42.9875,-85.623889,5903
WBLV,90.300000,Twin Lake,MI,,100.0,43.552111,-86.041944,5902
WBLW,88.100000,Gaylord,MI,,0.0,45.17,-84.751111,91339
WBMI,105.500000,Alpena,MI,,6.0,44.299167,-84.265,29288
WBNZ,92.300000,Lansing,MI,,50.0,44.610556,-86.160556,57414
WBTI,96.900000,Port Huron,MI,,3.0,43.209444,-82.536111,25989
WBZV,102.500000,Adrian,MI,,6.0,41.884167,-84.523333,22650
WCBN-FM,88.300000,Ann Arbor,MI,,1.4,42.296667,-83.698333,66316
WCCW-FM,107.500000,Traverse City,MI,,50.0,44.767222,-85.690556,20423
WCEN-FM,94.500000,Mt. Pleasant,MI,,100.0,43.726667,-84.604444,60787
WCFG,90.900000,Grand Rapids,MI,,0.7,42.355556,-85.341111,91422
WCFX,95.300000,Mt. Pleasant,MI,,6.0,43.7425,-84.805278,39546
WCHW-FM,91.300000,Bay City,MI,,0.11,43.588611,-83.874444,59351
WCKC,107.100000,Traverse City,MI,,2.75,44.171111,-85.336944,22183
WCMB-FM,95.700000,Mt. Pleasant,MI,,25.0,44.673333,-83.518333,9914
WCML-FM,91.700000,Mt. Pleasant,MI,,92.0,45.138139,-84.162111,9907
WCMM,102.500000,Negaunee,MI,,60.0,45.966667,-86.488056,73995
WCMU-FM,89.500000,"Mt. Pleasant,",MI,,100.0,43.575833,-84.774722,9918
WCMV-FM,94.300000,Grand Rapids,MI,,20.5,44.771944,-85.682778,49575
WCMW-FM,103.900000,Mt Pleasant,MI,,12.0,45.502222,-85.028889,9923
WCMZ-FM,98.300000,Mt. Pleasant,MI,,25.0,46.486111,-84.230278,9911
WCNK,98.700000,Detroit,MI,,100.0,24.661056,-81.419556,34363
WCRZ,107.900000,"Flint,",MI,,50.0,42.980278,-83.577778,20446
WCSG,91.300000,Grand Rapids,MI,,37.0,42.796111,-85.649444,13935
WCSR-FM,92.100000,Hillsdale,MI,,6.0,41.928056,-84.636111,71298
WCSY-FM,103.700000,St. Joseph,MI,,3.0,42.300556,-86.250833,57954
WCTP,88.500000,Gagetown,MI,,6.0,43.76,-83.095833,90608
WCXB,89.900000,Grand Rapids,MI,,0.25,42.071944,-86.370556,91618
WCXK,88.300000,Grand Rapids,MI,,0.0,42.306389,-85.656944,24786
WCXT,98.300000,St. Joseph,MI,,3.7,42.253889,-86.335833,14012
WCZE,103.700000,Imlay City,MI,,43.0,43.686111,-82.994444,30944
WCZY-FM,104.300000,Mt. Pleasant,MI,,3.0,43.594167,-84.823889,9920
WDBM,88.900000,East Lansing,MI,,2.0,42.705556,-84.475,4241
WDEE-FM,97.300000,Reed City,MI,,2.85,43.781389,-85.616111,63424
WDET-FM,101.900000,Detroit,MI,,48.0,42.351667,-83.063333,71189
WDLG,90.100000,Fenton,MI,,0.65,31.728472,-87.751056,86328
WDTR,88.900000,Imlay City,MI,,3.2,42.869167,-83.145278,92635
WDZZ-FM,92.700000,Flint,MI,,3.0,43.041389,-83.691111,13665
WEJC,88.300000,Imlay City,MI,,0.001,43.694444,-84.084167,64021
WEMU,89.100000,Ypsilanti,MI,,15.5,42.263333,-83.626111,18311
WERW,94.300000,Monroe,MI,,0.078,41.918611,-83.437222,43550
WEUL,98.100000,Marquette,MI,,1.0,45.833972,-88.088056,24690
WFBE,95.100000,Lansing,MI,,34.0,42.973889,-83.650278,21730
WFGR,98.700000,Grand Rapids,MI,,2.75,43.0325,-85.696389,25837
WFMK,99.100000,Lansing,MI,,28.0,42.675833,-84.5,37460
WFUM,91.100000,Flint,MI,,17.5,42.899167,-83.461667,66306
WFXD,103.300000,Marquette,MI,,100.0,46.603889,-87.620833,70392
WGDN-FM,103.100000,Gladwin,MI,,11.5,43.954722,-84.549722,2484
WGFE,95.500000,Traverse City,MI,,21.0,44.821111,-85.996389,15631
WGFM,105.100000,Traverse City,MI,,43.0,45.17,-84.751111,56073
WGFN,98.100000,Traverse City,MI,,21.0,44.821111,-85.996389,10750
WGHN-FM,92.100000,Grand Haven,MI,,6.0,43.056944,-86.241111,72105
WGJU,91.300000,Gaylord,MI,,0.0,44.273611,-83.663333,90268
WGLM-FM,106.300000,Greenville,MI,,3.0,43.405,-85.265556,35422
WGLQ,97.100000,Escanaba,MI,,100.0,46.134444,-86.947778,47120
WGNW,99.900000,Kalamazoo,MI,,25.0,45.122778,-91.406389,82292
WGPR,107.500000,Detroit,MI,,50.0,42.357778,-83.065278,70512
WGRT,102.300000,Port Huron,MI,,3.0,43.068889,-82.48,53033
WGRY-FM,101.100000,Grayling,MI,,3.4,44.570833,-84.6925,23085
WGVS-FM,95.300000,Grand Rapids,MI,,2.0,43.353889,-86.327222,33696
WGVU-FM,88.500000,Grand Rapids,MI,,4.0,43.056667,-85.960278,4174
WHAK-FM,99.900000,Alpena,MI,,50.0,45.398056,-83.921944,29289
WHFR,89.300000,Dearborn,MI,,0.27,42.323889,-83.235833,26945
WHMI-FM,93.500000,Howell,MI,,5.2,42.663056,-83.939722,65917
WHNN,96.100000,Lansing,MI,,100.0,43.552778,-83.69,37458
WHPD,92.100000,South Haven,MI,,3.3,41.997778,-86.053889,69804
WHPR-FM,88.100000,Highland Park,MI,,0.012,42.408056,-83.091667,54428
WHSB,107.700000,Alpena,MI,,100.0,45.062778,-83.715556,15509
WHTO,106.700000,Fremont,MI,,6.1,45.820833,-88.043333,78163
WHTS,105.300000,Muskegon,MI,,20.0,43.309722,-85.9125,71090
WHWG,89.900000,Marquette,MI,,1.0,46.188056,-84.946111,90578
WHWL,95.700000,Marquette,MI,,100.0,46.497778,-87.416389,24688
WHYB,103.700000,Menominee,MI,,13.0,45.066111,-87.665278,11609
WHYT,88.100000,Reed City,MI,,0.0,43.175,-83.067222,84187
WHZZ,101.700000,Lansing,MI,,4.1,42.691389,-84.558056,39538
WIAA,88.700000,Interlochen,MI,,100.0,44.275833,-85.713611,28887
WIAB,88.500000,Stanwood,MI,,50.0,45.568611,-85.043056,89513
WICA,91.500000,Interlocen,MI,,4.0,44.756111,-85.678333,89497
WIDR,89.100000,Kalamazoo,MI,,0.1,42.281944,-85.618056,71873
WIKB-FM,99.100000,Iron River,MI,,60.0,46.100833,-88.539722,49683
WIRX,107.100000,St. Joseph,MI,,1.2,42.071944,-86.370556,74005
WITL-FM,100.700000,Lansing,MI,,26.5,42.675833,-84.5,46706
WJIM-FM,97.500000,Lansing,MI,,45.0,42.675833,-84.5,17386
WJKN-FM,89.300000,Spring Arbor,MI,,0.0,42.153611,-84.549167,91139
WJLB,97.900000,Detroit,MI,,50.0,42.406111,-83.112222,59592
WJNR-FM,101.500000,Iron Mountain,MI,,52.0,45.820833,-88.043333,72151
WJOJ,89.700000,Petoskey,MI,,0.001,44.703333,-83.524167,88667
WJQK,99.300000,Holland,MI,,4.7,42.816389,-85.956667,4364
WJSZ,92.500000,Owosso,MI,,4.0,43.182222,-84.450833,51080
WJXQ,106.100000,East Lansing,MI,,49.0,42.391667,-84.623056,55656
WJZQ,92.900000,Traverse City,MI,,100.0,44.594722,-85.198056,5207
WKAD,93.700000,Fremont,MI,,4.3,44.278056,-85.591111,87890
WKAR-FM,90.500000,East Lansing,MI,,85.0,42.701944,-84.413333,41683
WKCQ,98.100000,Saginaw,MI,,50.0,43.417778,-83.918333,65927
WKDS,89.900000,Kalamazoo,MI,,0.14,42.243333,-85.571944,4198
WKHM-FM,105.300000,Adrian,MI,,2.2,42.153889,-84.401944,9247
WKHQ-FM,105.900000,Petosky,MI,,100.0,45.180278,-85.097222,214
WKJC,104.700000,Tawas City,MI,,50.0,44.413333,-83.620556,9123
WKJZ,94.900000,Tawas City,MI,,50.0,45.020833,-83.9225,9120
WKKM,89.700000,Richmond,MI,,0.1,43.198889,-82.804167,93344
WKLT,97.500000,Traverse City,MI,,32.0,44.791389,-85.238889,49591
WKMJ-FM,93.500000,Hancock,MI,,13.5,47.101667,-88.569722,13867
WKPK,88.300000,Petdskey,MI,,0.0,46.603889,-87.620833,92241
WKQI,95.500000,Oak Park,MI,,100.0,42.473056,-83.199722,6592
WKQS-FM,101.900000,Negaunee,MI,,13.0,46.603889,-87.620833,78161
WKVR,88.900000,Fenton,MI,,0.0,42.980278,-83.577778,47686
WKZC,94.900000,Ludington,MI,,17.0,44.0575,-86.416111,10811
WLDR-FM,101.900000,Traverse City,MI,,100.0,44.770278,-85.695278,24974
WLEN,103.900000,Adrian,MI,,3.0,41.903056,-83.986944,37019
WLEW-FM,102.100000,Bad Axe,MI,,50.0,43.891111,-83.123889,67046
WLGH,88.100000,Reed City,MI,,0.001,42.705556,-84.3575,78460
WLJD,107.900000,Traverse City,MI,,5.0,45.333333,-85.246389,87539
WLJN-FM,89.900000,Traverse City,MI,,100.0,44.776667,-85.661944,24607
WLKB,89.100000,Bay City,MI,,0.0,43.561667,-83.981111,5064
WLKM-FM,95.900000,Three Rivers,MI,,3.6,41.8975,-85.564167,70461
WLLS,99.300000,Frankfort,MI,,50.0,44.610556,-86.160556,14646
WLMI,92.900000,Troy,MI,,5.4,42.732778,-84.553611,24645
WLNZ,89.700000,Lansing,MI,,1.0,42.7375,-84.553333,36537
WLXT,96.300000,Petosky,MI,,100.0,45.321389,-84.875833,65926
WLXV,96.700000,Petosky,MI,,7.2,44.380833,-85.556667,39539
WMCQ,91.700000,Stanwood,MI,,6.0,43.310278,-85.912222,84851
WMJO,97.300000,Saginaw,MI,,3.0,43.514167,-83.764167,73111
WMJZ-FM,101.500000,Gaylord,MI,,50.0,45.019444,-84.407778,11756
WMKC,102.900000,Traverse City,MI,,100.0,45.501389,-85.030278,42141
WMLL,96.500000,Grosse Pointe Farms,MI,,0.73,42.983889,-71.589444,17278
WMMQ,94.900000,Lansing,MI,,50.0,42.645833,-84.560556,24641
WMQT,107.700000,Ishpeming,MI,,98.0,46.502222,-87.647778,64503
WMRR,101.700000,Kentwood,MI,,12.0,43.277222,-86.334722,24640
WMRX-FM,97.700000,Midland,MI,,4.1,43.887778,-84.529167,39674
WMSD,90.900000,Lupton,MI,,0.0,44.432778,-84.009167,88118
WMTE-FM,101.500000,Manistee,MI,,6.0,44.211111,-86.297972,4109
WMTU-FM,91.900000,Houghton,MI,,0.0,47.140833,-88.540556,41685
WMUK,102.100000,Kalamazoo,MI,,49.0,42.416944,-85.531944,71874
WMUS,107.900000,Kentwood,MI,,15.0,43.277222,-86.334722,70635
WMXD,92.300000,Detroit,MI,,45.0,42.331944,-83.045,59596
WNAX-FM,104.100000,Grosse Pointe Farms,MI,,97.0,42.64,-97.055833,57839
WNBY-FM,93.900000,Newberry,MI,,50.0,46.449444,-85.101111,20379
WNFA,88.300000,Port Huron,MI,,1.3,42.993333,-82.468333,57705
WNFR,90.700000,Port Huron,MI,,42.0,43.174167,-82.600278,57704
WNHG,89.700000,Grand Rapids,MI,,3.2,42.977778,-85.595556,24772
WNMC-FM,90.700000,Traverse City,MI,,0.6,44.776667,-85.683889,49782
WNMU-FM,90.100000,Marquette,MI,,100.0,46.352778,-87.854167,49572
WNOR,98.700000,Grosse Pointe Farms,MI,,46.0,36.834444,-76.269722,67080
WOAS,88.500000,Ontonagon,MI,,0.009,46.875,-89.3,50373
WOCR,89.100000,Olivet,MI,,0.5,42.441944,-84.925,6114
WOES,91.300000,Elsie,MI,,0.55,43.046111,-84.388056,50794
WOLV,97.700000,Houghton,MI,,6.5,47.135,-88.564722,65673
WOLW,91.100000,Gaylord,MI,,50.0,44.275833,-85.713611,49537
WORW,91.900000,Port Huron,MI,,0.18,43.025,-82.436111,53032
WOVI,89.500000,Novi,MI,,0.1,42.463611,-83.491111,4271
WOWE,98.900000,Vassar,MI,,3.0,43.298889,-83.509444,53297
WPCJ,91.100000,Pittsford,MI,,0.27,41.884444,-84.470833,52750
WPHN,90.500000,Gaylord,MI,,100.0,45.138056,-84.162222,49536
WPHS,89.100000,Warren,MI,,0.1,42.516667,-83.01,70892
WPRJ,101.700000,Coleman,MI,,4.6,43.810833,-84.463889,12527
WQBX,104.900000,Alma,MI,,6.0,43.368889,-84.605278,60788
WQHH,96.500000,Lansing,MI,,6.0,42.849444,-84.667778,41819
WQHN,100.900000,Interlochen,MI,,11.5,45.177778,-85.099167,28886
WQLB,103.300000,Tawas City,MI,,15.0,44.413333,-83.620556,51746
WQLQ,99.900000,Benton Harbor,MI,,50.0,41.961667,-86.350556,72175
WQON,100.300000,Grayling,MI,,60.0,44.570833,-84.6925,23086
WQTE,95.300000,Adrian,MI,,3.0,41.804167,-84.090278,22649
WQTX,92.100000,East Lansing,MI,,4.0,42.891667,-84.575278,72121
WQUS,103.100000,Lapeer,MI,,2.6,43.078611,-83.19,14224
WQXC-FM,100.900000,Otsego,MI,,3.0,42.507222,-85.758889,22128
WRCJ-FM,90.900000,Detroit,MI,,22.5,42.448056,-83.173056,6056
WRCL,93.700000,Howell,MI,,3.5,43.305389,-83.5515,78673
WRPP,92.700000,Negaunee,MI,,51.0,45.966667,-86.488056,88444
WRSX,91.300000,Port Huron,MI,,0.12,42.978611,-82.429167,62110
WRUP,98.300000,Marquette,MI,,2.6,46.603889,-87.620833,41825
WSAE,106.900000,Spring Arbor,MI,,3.9,42.153611,-84.549444,61994
WSAG,104.100000,Pinconning,MI,,4.6,43.725,-83.947222,87624
WSAQ,107.100000,Port Huron,MI,,6.0,42.976944,-82.464444,73074
WSDP,88.100000,Canton,MI,,0.3,42.349444,-83.495833,52840
WSFQ,96.300000,Menominee,MI,,49.0,45.121944,-87.851944,30467
WSGW-FM,100.500000,Lansing,MI,,3.0,43.561667,-83.981111,41842
WSHJ,88.300000,Southfield,MI,,0.105,42.47,-83.264167,65449
WSIS,88.700000,Imlay City,MI,,6.0,42.253889,-86.335833,90658
WSJM-FM,94.900000,St. Joseph,MI,,2.2,42.071944,-86.370556,74006
WSLI-FM,90.900000,Imlay City,MI,,0.0,43.086667,-85.316389,91446
WSMF,88.100000,Petoskey,MI,,1.2,41.918889,-83.376111,89277
WSNX-FM,104.500000,Kentwood,MI,,32.0,43.204444,-86.029167,24644
WSRT,106.700000,Grand Rapids,MI,,100.0,45.045556,-84.846111,1159
WSUE,101.300000,Sault Ste. Marie,MI,,100.0,46.437778,-84.378333,20422
WTAC,89.700000,Reed City,MI,,0.0,42.748889,-83.716389,88040
WTCM-FM,103.500000,Traverse City,MI,,100.0,44.458611,-85.700556,70525
WTGV-FM,97.700000,Sandusky,MI,,3.0,43.392778,-82.835,59027
WTHN,102.300000,Gaylord,MI,,6.1,46.485556,-84.230278,91115
WTHS,89.900000,Holland,MI,,1.0,42.787778,-86.100556,27622
WTLI,89.300000,Imlay City,MI,,0.0,45.17,-84.751111,84479
WTNR,107.300000,Kentwood,MI,,50.0,43.019444,-85.349444,24639
WTWS,92.100000,Harrison,MI,,0.92,44.289167,-84.742222,15563
WTZM,106.100000,Alpena,MI,,25.0,44.273611,-83.663333,29285
WUCX-FM,90.100000,Mt. Pleasant,MI,,30.0,43.552778,-83.69,9921
WUOM,91.700000,Ann Arbor,MI,,93.0,42.4075,-83.913889,66319
WUPM,106.900000,Ironwood,MI,,100.0,46.471667,-90.011944,5236
WUPS,98.500000,Prudenville,MI,,100.0,44.289167,-84.742222,49694
WUPX,91.500000,Marquette,MI,,1.7,46.514444,-87.485278,49571
WVAC-FM,107.900000,Adrian,MI,,0.087,41.896944,-84.061111,478
WVFM,106.500000,Kalamazoo,MI,,33.0,42.476389,-85.484722,20453
WVGR,104.100000,Ann Arbor,MI,,96.0,42.654722,-85.527222,66309
WVIB,100.100000,Fremont,MI,,2.9,43.313889,-86.154722,73994
WWBN,101.500000,Burton,MI,,1.8,43.2,-83.558333,20448
WWBR,100.900000,Big Rapids,MI,,6.0,43.663611,-85.481667,70505
WWCM,96.900000,Pigeon,MI,,3.0,44.035556,-84.008611,646
WWDK,94.100000,East Lansing,MI,,40.0,42.391944,-84.666667,55658
WWKR,94.100000,Ludington,MI,,5.0,43.676111,-86.238889,7994
WWMN,106.300000,Ludington,MI,,2.2,44.635278,-85.764806,10809
WWSN,92.500000,Fremont,MI,,2.25,43.309722,-85.9125,89477
WWTH,100.700000,Grand Ledge,MI,,20.5,44.578333,-83.377778,61813
WWUS,104.100000,Detroit,MI,,100.0,24.661056,-81.419556,14346
WXDC,92.900000,West Bloomfield,MI,,3.2,39.616667,-78.2175,68204
WXOU,88.300000,Auburn Hills,MI,,0.11,42.709722,-83.230556,49941
WYAB,103.900000,Canton,MI,,5.4,32.446944,-90.302222,77646
WYBR,102.300000,Grand Rapids,MI,,10.5,43.683611,-85.582222,71629
WYCE,88.100000,Grand Rapids,MI,,10.0,42.911944,-85.683333,24773
WYHA,102.900000,Grand Rapids,MI,,50.0,42.953611,-85.698611,22918
WYKX,104.700000,Escanaba,MI,,100.0,45.929167,-87.269722,35116
WYPV,94.500000,Traverse City,MI,,50.0,45.666667,-84.634722,53290
WYTZ,97.500000,St. Joseph,MI,,3.8,41.99,-86.529722,17734
WYVN,92.700000,Saugatuck,MI,,3.3,42.686111,-86.168056,13676
WYXX,97.700000,Dowagiac,MI,,2.9,41.603667,-85.929417,49558
WZTC,104.500000,Saginaw,MI,,1.75,44.776667,-85.683889,65931
WZUU,92.500000,Otsego,MI,,4.7,42.255278,-85.682778,42034
KADU,90.100000,Hibbing,MN,,1.5,47.402778,-92.963889,32377
KARL,105.100000,Mankato,MN,,45.0,44.325556,-95.871944,35129
KARP-FM,106.900000,Hutchinson,MN,,7.0,45.045278,-94.558889,49139
KARZ,99.700000,Mankato,MN,,100.0,44.2825,-96.315278,35127
KATK-FM,92.100000,Carlsbad,MN,,6.0,32.450556,-104.213056,54514
KATS,94.500000,Minneapolis,MN,,100.0,46.533056,-120.503889,64397
KAUS-FM,99.900000,Austin,MN,,100.0,43.628333,-93.153333,50660
KAXE,91.700000,Grand Rapids,MN,,100.0,47.254722,-93.434167,49540
KBAJ,105.500000,Minneapolis,MN,,100.0,47.339444,-93.396667,26005
KBEK,95.500000,Mora,MN,,25.0,45.7425,-93.38,31613
KBEM-FM,88.500000,Minneapolis,MN,,2.15,44.977222,-93.265278,4275
KBEW-FM,98.100000,Winona,MN,,25.0,43.666944,-94.121944,33651
KBHL,103.900000,Osakis,MN,,6.0,45.84,-95.098889,11042
KBHP,101.100000,Bemidji,MN,,100.0,47.369722,-94.881667,51878
KBHW,99.500000,Pequot Lakes,MN,,100.0,48.5625,-93.8225,42902
KBHZ,91.900000,Osakis,MN,,25.0,45.011111,-94.898889,11043
KBLB,93.300000,Bemidji,MN,,100.0,46.442778,-94.381944,4337
KBMX,107.700000,Duluth,MN,,7.7,46.787556,-92.122583,4588
KBOT,104.100000,Detroit Lakes,MN,,50.0,46.721944,-95.843611,51059
KBPN,88.300000,Saint Paul,MN,,5.0,46.4225,-94.461389,92068
KBPR,90.700000,St. Paul,MN,,34.0,46.4225,-94.461389,42912
KBSB,89.700000,Bemidji,MN,,0.2,47.486667,-94.874444,4654
KCAJ-FM,102.100000,Roseau,MN,,50.0,48.647222,-95.736111,29635
KCCD,90.300000,Saint Paul,MN,,0.0,46.759722,-96.6075,42951
KCCM-FM,91.100000,St. Paul,MN,,67.0,46.759722,-96.6075,42926
KCFA,106.100000,St. Paul,MN,,3.8,38.377778,-120.1925,9995
KCFB,91.500000,Pequot Lakes,MN,,15.0,45.500556,-94.241944,21379
KCHK-FM,95.500000,Minneapolis,MN,,6.0,44.461111,-93.585556,34906
KCLD-FM,104.700000,St. Cloud,MN,,100.0,45.5675,-94.511944,37003
KCMF,89.700000,Saint Paul,MN,,2.7,46.32,-96.092222,92307
KCML,99.900000,St. Cloud,MN,,2.9,45.539167,-94.168056,79009
KCMP,89.300000,Northfield,MN,,97.6,44.689167,-93.0725,62162
KCPI,94.900000,Luverne,MN,,5.0,43.633333,-93.370833,12706
KCRB-FM,88.500000,Saint Paul,MN,,83.0,47.705833,-94.485833,42970
KDBL,92.900000,Minneapolis,MN,,17.0,46.504167,-120.3925,64507
KDCZ,107.700000,Rochester,MN,,1.95,44.040278,-92.218056,56252
KDDG,105.500000,St. Cloud,MN,,6.0,45.631389,-94.6,33463
KDJS-FM,95.300000,Willmar,MN,,50.0,45.023056,-95.265556,33310
KDKK,97.500000,Park Rapids,MN,,100.0,46.930833,-95.0075,16433
KDLB,94.500000,Park Rapids,MN,,11.0,46.806694,-95.773,49094
KDMA-FM,93.900000,Minneapolis,MN,,6.0,44.856667,-95.629444,34618
KDNI,90.500000,St. Paul,MN,,2.0,46.789167,-92.114167,49768
KDNW,97.300000,St. Paul,MN,,72.0,46.788889,-92.117778,49797
KDOG,96.700000,Mankato,MN,,4.0,44.222222,-94.1175,42993
KDOM-FM,94.300000,Windom,MN,,5.7,43.885,-95.182222,72906
KDWB-FM,101.300000,Minneapolis,MN,,0.0,0.0,-0.0,41967
KEEY-FM,102.100000,Bloomington,MN,,100.0,45.058333,-93.124167,59967
KEEZ-FM,99.100000,Mankato,MN,,100.0,44.051667,-94.299722,21193
KEMJ,101.500000,Mankato,MN,,14.0,43.874167,-94.6,57428
KFAI,90.300000,Minneapolis,MN,,0.9,44.976111,-93.2725,22630
KFFM,107.300000,Minnetonka,MN,,100.0,46.640556,-120.395833,49723
KFGI,101.500000,Bemidji,MN,,25.0,46.564444,-93.950833,21622
KFIL-FM,103.100000,Preston,MN,,3.5,43.733056,-92.085,34428
KFML,94.100000,Little Falls,MN,,6.0,46.004167,-94.327778,37779
KFNL-FM,104.300000,"Preston, Mn",MN,,10.0,43.643333,-92.647222,54631
KFNW-FM,97.900000,Roseville,MN,,100.0,47.01,-97.194722,49772
KFSI,92.900000,Rochester,MN,,6.0,44.024167,-92.543333,20569
KFXN-FM,100.300000,Minneapolis,MN,,98.0,45.058333,-93.124167,54458
KFXS,100.300000,Minnetonka,MN,,100.0,44.070278,-103.250278,66821
KGAC,91.500000,Saint Paul,MN,,0.0,44.222222,-94.1175,42944
KGRA,98.900000,Lacrescent,MN,,11.0,41.981667,-94.52,6685
KGSL,95.300000,Winona,MN,,11.0,44.041944,-91.679722,33277
KIKN-FM,100.500000,Rochester,MN,,100.0,43.489444,-97.4425,61328
KIKV-FM,100.700000,Bemidji,MN,,100.0,45.699722,-95.176389,4336
KISD,98.700000,"Pipestone,",MN,,100.0,43.897778,-95.947222,70738
KITN,93.500000,Mankato,MN,,50.0,43.525278,-95.413056,30878
KJIA,88.900000,Blue Earth,MN,,50.0,43.342778,-95.206667,92473
KJJK-FM,96.500000,Winona,MN,,100.0,46.245278,-95.979444,50758
KJKJ,107.500000,Minneapolis,MN,,100.0,47.964444,-97.029444,35012
KJLY,104.500000,Blue Earth,MN,,50.0,43.910556,-94.0525,42895
KJMD,98.300000,Minneapolis,MN,,9.4,20.66,-156.363889,49958
KJOE,106.100000,Pipestone,MN,,10.0,43.897778,-95.947222,70736
KJTS,88.300000,Blue Earth,MN,,2.4,44.268611,-94.439167,90944
KJWR,90.900000,Blue Earth,MN,,25.0,44.006111,-95.2025,92363
KJYL,100.700000,Blue Earth,MN,,25.0,42.655,-93.99,42894
KKBJ-FM,103.700000,Bemidji,MN,,100.0,47.555833,-94.801111,9666
KKDQ,99.300000,Thief River Falls,MN,,18.0,48.056111,-96.373056,3245
KKEQ,107.100000,Fosston,MN,,100.0,47.606111,-95.425278,52634
KKIN-FM,94.300000,Cloquet,MN,,14.0,46.688333,-93.599444,69485
KKJM,92.900000,St. Cloud,MN,,25.0,45.638611,-94.373056,62129
KKLN,94.100000,St. Cloud,MN,,6.0,45.073333,-94.755278,19243
KKLS-FM,104.700000,Rochester,MN,,100.0,43.729444,-97.087222,61324
KKMK,93.900000,Minneytonka,MN,,100.0,44.046944,-103.245833,61325
KKRC-FM,97.300000,Rochester,MN,,100.0,43.729444,-97.087222,64711
KKRF,107.900000,Lacrescent,MN,,9.4,41.461111,-94.489444,13822
KKWQ,92.500000,Warroad,MN,,100.0,48.828056,-95.387778,16576
KKWS,105.900000,Brainerd,MN,,100.0,46.599722,-94.901111,28650
KKXL-FM,92.900000,Minneapolis,MN,,100.0,47.964444,-97.029444,20325
KLCD,89.500000,Saint Paul,MN,,0.1,43.315556,-91.788333,42943
KLCH,94.900000,Rochester,MN,,5.0,44.4875,-92.231944,89398
KLCI,106.100000,St. Cloud,MN,,9.1,45.238889,-93.687222,59617
KLFN,106.500000,Waseca,MN,,6.0,45.370556,-95.141111,85513
KLIZ-FM,107.500000,Brainerd,MN,,100.0,46.332222,-94.173889,28654
KLKS,100.100000,Pequot Lakes,MN,,5.2,46.601667,-94.315556,76432
KLLZ-FM,99.100000,Brainerd,MN,,100.0,47.369722,-94.881667,28656
KLNI,88.700000,Saint Paul,MN,,0.1,43.309722,-91.808333,42932
KLQL,101.100000,Luverne,MN,,100.0,43.806667,-96.206389,39260
KLQP,92.100000,Madison,MN,,25.0,45.026389,-96.191389,36198
KLSE,90.700000,St. Paul,MN,,1.1,44.041111,-92.340278,42929
KLZZ,103.700000,St. Cloud,MN,,9.0,45.500556,-94.241944,60492
KMFY,96.900000,Grand Rapids,MN,,100.0,47.339444,-93.396667,34972
KMGK,107.100000,Glenwood,MN,,3.3,45.614722,-95.391111,6652
KMGM,105.500000,Minneapolis,MN,,3.0,44.856667,-95.629444,18046
KMOJ,89.900000,Minneapolis,MN,,6.2,45.068611,-93.176111,14679
KMSE,88.700000,Northfield,MN,,0.85,44.041139,-92.340389,83876
KMSK,91.300000,Mankato,MN,,0.135,43.6775,-93.001111,39794
KMSU,89.700000,Mankato,MN,,17.0,44.141944,-94.001667,39790
KMWA,96.300000,Mankato,MN,,19.0,45.023333,-93.381389,70705
KNBJ,91.300000,Saint Paul,MN,,65.0,47.705833,-94.485833,42966
KNCM,91.300000,St. Paul,MN,,82.0,45.167528,-96.000528,42967
KNGA,90.500000,"St. Paul,",MN,,75.0,44.222222,-94.1175,42910
KNOF,95.300000,St. Paul,MN,,0.9,44.976111,-93.272222,59624
KNOW-FM,91.100000,St. Paul,MN,,100.0,45.062222,-93.139167,42949
KNSE,90.100000,Saint Paul,MN,,6.0,43.640833,-93.1475,90889
KNSG,107.500000,Mankato,MN,,15.0,44.325556,-95.871944,51524
KNSR,88.900000,St. Paul,MN,,100.0,45.4975,-94.5375,42938
KNSW,91.700000,St. Paul,MN,,99.0,43.883611,-95.928889,42947
KNTN,102.700000,St. Paul,MN,,100.0,47.977222,-96.608889,42922
KNUQ,103.900000,Minneapolis,MN,,100.0,20.636944,-156.389167,15969
KNWC-FM,96.500000,Roseville,MN,,100.0,43.518611,-96.534722,49776
KNWF,91.500000,Saint Paul,MN,,2.7,46.32,-96.092222,92141
KNWS-FM,101.900000,Roseville,MN,,100.0,42.400556,-91.843333,49786
KNXR,97.500000,Rochester,MN,,100.0,44.041111,-92.340278,68823
KOLV,100.100000,Willmar,MN,,50.0,44.970556,-95.249722,50285
KOUT,98.700000,Minnetonka,MN,,100.0,44.070278,-103.250278,14642
KOWZ,100.900000,Owatonna,MN,,100.0,44.045556,-93.383889,5874
KPRW,99.500000,Winona,MN,,6.0,46.555833,-95.4625,31058
KQAL,89.500000,Winona,MN,,2.5,44.073889,-91.577222,72955
KQIC,102.500000,Willmar,MN,,100.0,45.194444,-95.083611,36378
KQKK,101.900000,Park Rapids,MN,,50.0,47.053889,-94.258889,9032
KQMN,91.500000,St. Paul,MN,,84.0,47.977222,-96.608889,42974
KQQL,107.900000,Minneapolis,MN,,96.0,45.338889,-93.390833,54457
KQRQ,92.300000,Rochester,MN,,86.0,44.068611,-103.250556,78167
KQRS-FM,92.500000,Golden Valley,MN,,0.0,0.0,-0.0,35505
KQWB-FM,105.100000,Minnetonka,MN,,100.0,46.546111,-96.6275,64359
KRBI-FM,105.500000,St. Peter,MN,,25.0,44.172222,-94.039722,31873
KRCQ,102.300000,Duluth,MN,,50.0,46.721944,-95.843611,56800
KRCS,93.100000,Minneapolis,MN,,97.8,44.332778,-103.538889,9668
KRFG,102.900000,Cloquet,MN,,25.0,47.408333,-92.951389,68633
KRJB,106.500000,Ada,MN,,100.0,47.311389,-96.520278,54334
KRJM,101.500000,Ada,MN,,25.0,47.456389,-96.1325,88325
KRKN,104.300000,Mankato,MN,,23.5,40.868333,-92.305556,58762
KRLX,88.100000,Northfield,MN,,0.1,44.460833,-93.155833,8867
KROC-FM,106.900000,Rochester,MN,,100.0,43.570833,-92.426944,61323
KRPR,89.900000,Rochester,MN,,3.2,44.041111,-92.340278,57277
KRSD,88.100000,Saint Paul,MN,,2.0,43.526944,-96.738333,42909
KRSU,88.500000,Saint Paul,MN,,34.0,45.1675,-96.000556,42981
KRSW,89.300000,Saint Paul,MN,,100.0,43.883611,-95.928889,42958
KRVY-FM,97.300000,Winona,MN,,50.0,45.528333,-95.547778,31059
KSCR-FM,93.500000,Benson,MN,,25.0,45.318333,-95.563333,54254
KSDM,104.100000,Int'L Falls,MN,,8.5,48.591389,-93.381667,12715
KSEL-FM,105.900000,Portales,MN,,100.0,34.252222,-103.239167,4816
KSJN,99.500000,St. Paul,MN,,100.0,45.058333,-93.124167,42911
KSJR-FM,90.100000,St. Paul,MN,,100.0,45.4975,-94.5375,42955
KSMR,92.500000,Winona,MN,,0.004,44.046389,-91.695278,58590
KSNR,100.300000,Minnetonka,MN,,100.0,47.977222,-96.611667,73625
KSRQ,90.100000,Thief River Falls,MN,,24.0,48.021944,-96.37,2694
KSTP-FM,94.500000,St Paul,MN,,95.0,45.0625,-93.139444,35642
KTCZ-FM,97.100000,Minneapolis,MN,,100.0,45.023611,-93.382778,10142
KTIG,102.700000,Pequot Lakes,MN,,40.0,46.68,-94.417222,42903
KTIS-FM,98.500000,St. Paul,MN,,100.0,45.058333,-93.124167,49787
KULO,94.300000,Glenwood,MN,,12.0,45.940278,-95.4675,23091
KUMM,89.700000,Morris,MN,,0.7,45.586389,-95.899167,69219
KUXX,105.700000,Jackson,MN,,25.0,43.615,-94.963333,35057
KVSC,88.100000,St. Cloud,MN,,0.0,45.516667,-94.231111,62112
KWMN,99.300000,Winona,MN,,11.0,43.942222,-91.719167,72153
KWRV,91.900000,Saint Paul,MN,,0.1,43.661389,-114.402222,42917
KWWK,96.500000,Rochester,MN,,43.0,44.033056,-92.602778,50289
KXAC,100.500000,Mankato,MN,,34.0,43.950833,-94.390278,57429
KXBR,91.900000,Pequot Lakes,MN,,1.5,48.570833,-93.438611,91083
KXDL,99.700000,Long Prairie,MN,,6.0,46.053333,-94.846111,53301
KXKK,92.500000,Park Rapids,MN,,10.0,46.930833,-95.0075,4830
KXLC,91.100000,St. Paul,MN,,0.23,43.804472,-91.372028,42918
KXRA-FM,92.300000,Alexandria,MN,,13.5,45.931944,-95.445278,51525
KXRZ,99.300000,Glenwood,MN,,12.0,45.879722,-95.309722,6651
KXXR,93.700000,Minneapolis,MN,,100.0,45.058333,-93.124167,35506
KYBA,105.300000,Stewartville,MN,,50.0,43.673056,-92.698333,67336
KYBB,102.700000,Rochester,MN,,50.0,43.48,-96.684722,15308
KZCR,103.300000,Winona,MN,,100.0,46.469167,-96.199167,21399
KZGF,94.700000,St. Cloud,MN,,100.0,47.813611,-96.93,54593
KZIO,104.300000,Minneapolis,MN,,50.0,46.941111,-91.982778,68610
KZJZ,106.700000,Minneapolis,MN,,19.0,47.688333,-91.905833,18530
KZPK,98.900000,St. Cloud,MN,,24.0,45.5675,-94.511667,57562
KZRV,96.700000,St. Cloud,MN,,50.0,45.7675,-94.134444,59149
KZSE,91.700000,St. Paul,MN,,94.0,44.041111,-92.340278,42965
WBJI,98.300000,Bemidji,MN,,100.0,47.555833,-94.801111,54436
WCMP-FM,100.900000,Pine City,MN,,25.0,45.902778,-92.959167,52621
WDKE,96.100000,Duluth,MN,,100.0,47.325278,-93.271667,36688
WDSE-FM,103.300000,Duluth,MN,,95.0,46.791944,-92.1225,55571
WEVE-FM,97.900000,Eveleth,MN,,100.0,47.598056,-92.223889,29194
WFNX,95.300000,Minneapolis,MN,,63.0,47.665278,-90.706111,18531
WGGL-FM,91.100000,Saint Paul,MN,,100.0,47.036389,-88.695278,42913
WGVX,105.100000,Minneapolis,MN,,2.6,44.701389,-93.150556,61379
WHMH-FM,101.700000,Sauk Rapids,MN,,40.0,45.596667,-94.156944,67694
WHSM-FM,101.100000,Cloquet,MN,,1.5,45.985278,-91.539722,53995
WIRN,92.500000,Saint Paul,MN,,26.0,47.496111,-92.784722,78080
WIRR,90.900000,Saint Paul,MN,,21.0,47.496111,-92.784722,42957
WJRF,89.500000,Duluth,MN,,0.0,46.789167,-92.119167,49348
WKLK-FM,96.500000,Cloquet,MN,,36.0,46.749444,-92.421389,53997
WLKX-FM,95.900000,Forest Lake,MN,,3.0,45.294444,-93.072778,36404
WLSN,89.700000,Saint Paul,MN,,6.0,47.767778,-90.346389,92302
WLUP,105.300000,Minneapolis,MN,,25.0,45.577778,-93.215556,54838
WMCN,91.700000,"St. Paul,",MN,,0.005,44.938611,-93.167778,39535
WMFG-FM,106.300000,Cloquet,MN,,25.0,47.408333,-92.951111,60912
WMLS,88.700000,Saint Paul,MN,,6.0,47.767778,-90.346389,92306
WMOZ,106.900000,Cloquest,MN,,6.0,46.505556,-92.679167,614
WNWC-FM,102.500000,St. Paul,MN,,50.0,43.035556,-89.506944,49781
WSCD-FM,92.900000,Saint Paul,MN,,70.0,46.788889,-92.117778,42940
WSCN,100.500000,St. Paul,MN,,97.0,46.789167,-92.114167,42975
WSMR,89.100000,St. Paul,MN,,54.0,27.150833,-82.464167,64255
WTIP,90.700000,Grand Marais,MN,,25.0,47.769167,-90.346944,55568
WUSZ,99.900000,Virginia,MN,,100.0,47.373333,-93.013333,70302
WWPE-FM,92.100000,Minneapolis,MN,,5.4,46.794722,-92.118056,26004
WWWI-FM,95.900000,Wadena,MN,,6.0,46.250833,-94.325,17029
WWWM-FM,105.700000,Minneapolis,MN,,0.95,44.976111,-93.272222,61541
WYRQ-FM,92.100000,Little Falls,MN,,6.0,45.949444,-94.296111,74277
WZFJ,104.300000,Breezy Point,MN,,50.0,46.603611,-94.251111,36401
KAAN-FM,95.500000,Moberly,MO,,50.0,40.256389,-94.156389,31005
KADI-FM,99.500000,Springfield,MO,,6.0,37.165,-93.395556,60709
KAHL-FM,105.900000,Chesterfield,MO,,6.0,29.313611,-99.266389,21674
KAHR,96.700000,Williamsville,MO,,6.0,36.766389,-90.481111,18045
KAJE,107.300000,Clayton,MO,,14.0,27.867222,-97.218611,5393
KAYQ,97.100000,Warsaw,MO,,4.5,38.288611,-93.308889,69667
KBBM,100.100000,Cape Girardeau,MO,,33.0,38.523611,-92.406944,68148
KBDZ,93.100000,Ste. Genevieve,MO,,36.0,37.882778,-90.172222,15022
KBIA,91.300000,Columbia,MO,,100.0,38.887778,-92.263333,69180
KBMV-FM,107.100000,Doniphan,MO,,25.0,36.934167,-91.718611,29623
KBTN-FM,99.700000,Neosho,MO,,16.5,36.909167,-94.461111,33688
KBXR,102.300000,Columbia,MO,,3.5,39.014444,-92.275556,47910
KCFV,89.500000,Ferguson,MO,,0.1,38.768611,-90.287778,62138
KCGQ-FM,99.300000,Cape Girardeau,MO,,5.0,37.359444,-89.621111,64621
KCHI-FM,102.500000,Chillicothe,MO,,3.2,39.747222,-93.643889,63378
KCKF,91.900000,St. Louis,MO,,5.0,38.037222,-91.384444,91489
KCLC,89.100000,St. Charles,MO,,50.0,38.787083,-90.50775,37722
KCLQ,107.900000,Lebanon,MO,,19.0,37.803056,-92.550278,36877
KCLR-FM,99.300000,Cape Girardeau,MO,,33.0,38.776667,-92.542778,6014
KCMQ,96.700000,Cape Girardeau,MO,,99.1,38.691667,-92.095556,74583
KCOU,88.100000,Columbia,MO,,0.43,38.94,-92.321111,28513
KCOZ,91.700000,Point Lookout,MO,,0.2,36.610833,-93.239722,12287
KCRV-FM,105.100000,Caruthersville,MO,,4.8,36.213889,-89.690278,53977
KCUR-FM,89.300000,Kansas City,MO,,100.0,39.083056,-94.480278,14738
KCVJ,100.300000,Camdenton,MO,,6.0,38.061944,-93.556667,69666
KCVO-FM,91.700000,Camdenton,MO,,10.0,38.020278,-92.7575,36258
KCVQ,89.700000,Camdenton,MO,,7.7,38.869444,-93.549444,78932
KCVW,94.300000,Independence,MO,,100.0,37.773889,-97.514444,6506
KCVX,91.700000,Salem,MO,,30.0,37.604444,-91.546111,92246
KCWA,93.900000,Clayton,MO,,0.58,40.493611,-105.181389,9761
KDAA,103.100000,Rolla,MO,,2.05,37.8775,-91.745833,53649
KDBB,104.300000,Park Hills,MO,,1.65,37.800278,-90.563056,43278
KDEX-FM,102.300000,Dexter,MO,,5.9,36.788889,-89.907778,16832
KDHX,88.100000,St.  Louis,MO,,42.0,38.416944,-90.433056,17380
KDJR,100.100000,Columbia,MO,,2.0,38.023611,-90.567222,5279
KDKD-FM,95.300000,Clinton,MO,,14.5,38.371667,-93.918333,12056
KDKN,106.700000,St. Louis,MO,,18.5,37.193056,-90.663611,86018
KDMC-FM,91.300000,St. Louis,MO,,100.0,37.106944,-90.991667,81163
KELE-FM,92.500000,Mountain Grove,MO,,3.0,37.135278,-92.249722,12714
KERX,95.300000,Branson,MO,,50.0,35.286944,-94.0475,40744
KESA,100.900000,St. Louis,MO,,2.0,36.38,-93.747778,48520
KESM-FM,105.500000,El Dorado Springs,MO,,6.0,37.864167,-94.015,72447
KEZS-FM,102.900000,Cape Girardeau,MO,,100.0,37.406389,-89.562222,74580
KFBD-FM,97.900000,Waynesville,MO,,10.0,37.947222,-92.355,4259
KFEB,107.500000,Poplar Bluff,MO,,17.5,36.498611,-89.854444,76532
KFLW,98.900000,Waynesville,MO,,6.7,37.878333,-92.017778,53404
KFNS-FM,100.700000,St. Louis,MO,,6.0,39.052917,-90.994694,29944
KGFY,105.500000,Springfield,MO,,4.2,36.179722,-97.010556,22267
KGGF-FM,104.100000,Springfield,MO,,7.3,37.372778,-95.726944,34461
KGKS,93.900000,Cape Girardeau,MO,,16.5,37.359444,-89.621111,78626
KGNA-FM,89.900000,Arnold,MO,,0.15,38.437222,-90.39,2842
KGNN-FM,90.300000,Washington,MO,,6.3,38.086389,-91.308333,43313
KGNV,89.900000,Washington,MO,,1.0,38.596944,-91.104722,43220
KGNX,89.700000,Chesterfield,MO,,0.12,38.623056,-90.533611,66671
KGOZ,101.700000,Trenton,MO,,15.0,39.887222,-93.723333,51516
KGSF,88.700000,Santa Ana,MO,,0.0,36.360556,-93.748333,92987
KGSP,90.500000,Parkville,MO,,0.099,39.19,-94.680278,6105
KHCR,99.500000,Bonne Terre,MO,,4.2,37.647778,-90.625833,77277
KHIS,89.900000,Belton,MO,,12.5,37.377778,-89.934722,86622
KHLR,91.900000,St. Louis,MO,,5.5,36.37,-93.223056,87465
KICK-FM,97.900000,Hannibal,MO,,43.0,39.757222,-91.499444,5203
KIRK,99.900000,Moberly,MO,,12.5,39.600556,-92.573333,78275
KIRS,107.700000,Stockton,MO,,11.7,37.523333,-93.877778,78693
KIXQ,102.500000,Cape Girardeau,MO,,100.0,37.096944,-94.573611,5269
KJAB-FM,88.300000,Mexico,MO,,100.0,39.103611,-91.893056,41411
KJCV-FM,89.700000,Independence,MO,,25.0,39.745,-94.751667,89276
KJEL,103.700000,Moberly,MO,,30.0,37.686111,-92.694167,51094
KJEZ,95.500000,Girardeau,MO,,100.0,36.847222,-90.331111,365
KJFM,102.100000,Louisiana,MO,,11.0,39.365833,-91.179167,22218
KJLU,88.900000,Jefferson City,MO,,29.5,38.458056,-92.225556,37556
KJMK,93.900000,"Cape Dirardeau,",MO,,48.0,37.242778,-94.505833,71606
KJML,107.100000,Joplin,MO,,11.5,37.2375,-94.7375,64435
KJNW,88.500000,Kansas City,MO,,100.0,39.073333,-94.485,8401
KKBL,95.900000,Monett,MO,,6.0,36.9375,-93.925,43475
KKDY,102.500000,West Plains,MO,,50.0,36.689444,-91.895833,39544
KKFI,90.100000,Kansas City,MO,,100.0,39.084722,-94.479722,41857
KKID,92.900000,Salem,MO,,21.0,37.729167,-91.473056,68742
KKLR-FM,94.500000,Cape Girardeau,MO,,100.0,36.762778,-90.434167,6016
KKOZ-FM,92.100000,Ava,MO,,4.5,36.93,-92.655278,13972
KKPN,102.300000,Clayton,MO,,50.0,27.867222,-97.218611,12151
KKSW,105.900000,Cape Girardeau,MO,,100.0,39.039167,-95.449722,36743
KKTR,89.700000,Kirksville,MO,,3.5,40.177778,-92.577778,92738
KKWK,100.100000,Moberly,MO,,50.0,39.957778,-94.115278,50745
KLFC,88.100000,Branson,MO,,1.8,36.551667,-93.238056,70362
KLJY,99.100000,St. Louis,MO,,100.0,38.574361,-90.325417,65924
KLOZ,92.700000,Eldon,MO,,31.0,38.340833,-92.5925,8676
KLRQ,96.100000,Clinton,MO,,100.0,38.474167,-93.507778,3429
KLRX,97.300000,Moberly,MO,,55.0,39.090556,-94.471667,4933
KLSC,92.900000,Cape Girardeau,MO,,50.0,36.675278,-89.771944,4154
KLTE,107.900000,Kirksville,MO,,97.0,39.956389,-92.974722,66670
KLUH,90.300000,Poplar Bluff,MO,,25.0,36.718889,-90.396667,10999
KMCR,103.900000,Brookfield,MO,,6.0,38.986111,-91.510833,10853
KMEM-FM,100.500000,Memphis,MO,,25.0,40.499722,-92.166111,6584
KMFC,92.100000,Centralia,MO,,16.0,39.166111,-92.164444,65547
KMJK,107.300000,"Kansas City,",MO,,100.0,39.094444,-94.096389,33713
KMMO-FM,102.900000,Marshall,MO,,100.0,39.134167,-93.221944,43226
KMNR,89.700000,Rolla,MO,,1.85,37.959861,-91.771611,14740
KMOE,92.100000,Butler,MO,,4.7,38.248889,-94.321667,4048
KMOQ,105.300000,Joplin,MO,,13.6,37.126111,-94.703333,408
KMST,88.500000,Rolla,MO,,100.0,37.798889,-91.724444,69041
KMUC,90.500000,Columbia,MO,,1.65,38.940667,-92.320194,63328
KMVC,91.700000,Marshall,MO,,0.0,39.108611,-93.191389,43227
KMXL,95.100000,Carthage,MO,,50.0,37.182778,-94.359722,9215
KMZU,100.700000,Carrollton,MO,,99.0,39.366389,-93.403333,33386
KNBS,94.100000,Lousiana,MO,,7.5,39.2625,-91.069167,52572
KNEO,91.700000,Neosho,MO,,14.0,36.880278,-94.449722,331
KNLG,90.300000,St Louis,MO,,0.15,38.704444,-92.088889,76929
KNLH,89.500000,St. Louis,MO,,0.068,38.361111,-90.548333,83445
KNLN,90.900000,St. Louis,MO,,10.0,38.190833,-92.122778,87389
KNLP,89.700000,St. Louis,MO,,2.3,37.928333,-90.767222,83446
KNMO-FM,97.500000,Nevada,MO,,6.0,37.879167,-94.3375,35215
KOBC,90.700000,Joplin,MO,,60.0,37.052222,-94.388889,51096
KOEA,97.500000,Doniphan,MO,,40.0,36.588889,-90.819444,29624
KOKS,89.500000,Poplar Bluff,MO,,100.0,36.811111,-90.463889,8439
KOMC-FM,100.100000,Branson,MO,,36.0,36.532778,-93.328611,34328
KOMG,105.100000,Springfield,MO,,50.0,37.018889,-93.508611,35427
KOPN,89.500000,Columbia,MO,,36.0,38.998056,-92.196667,48674
KOQL,106.100000,Columbia,MO,,69.0,38.750278,-92.558611,60731
KOSP,92.900000,Bolivar,MO,,50.0,36.973889,-93.426944,51100
KOZQ-FM,102.300000,Waynesville,MO,,1.0,37.819167,-92.151667,53876
KOZX,98.100000,Cabool,MO,,3.0,37.132778,-92.134167,68596
KPLA,101.500000,Columbia,MO,,41.0,39.014444,-92.275556,12429
KPOW-FM,97.700000,Sedalia,MO,,100.0,39.052778,-93.266944,78321
KPPL,92.500000,Portageville,MO,,25.0,36.849722,-90.372222,87462
KPRS,103.300000,Kansas City,MO,,0.0,0.0,-0.0,35495
KPUS,104.500000,Clayton,MO,,14.0,27.867222,-97.218611,78383
KPWB-FM,104.900000,Doniphan,MO,,3.7,37.193056,-90.663611,28121
KQBS,97.700000,Bonne Terre,MO,,26.5,37.958611,-90.763056,32187
KQCV-FM,95.100000,Independence,MO,,100.0,35.263056,-96.378611,6488
KQMO,97.700000,Aurora,MO,,2.1,36.748611,-93.658889,84490
KQOH,91.900000,St. Louis,MO,,3.8,37.295833,-93.140556,76946
KQQF,98.900000,Springfield,MO,,3.2,37.107778,-95.722778,34460
KQUL,102.700000,Eldon,MO,,6.0,38.035,-92.575278,55671
KRCU,90.900000,Cape Girardeau,MO,,0.0,37.404722,-89.568333,61212
KRES,104.700000,Moberly,MO,,100.0,39.459722,-92.701944,35890
KRHS,90.100000,Overland,MO,,0.01,38.710278,-90.357222,56509
KRLI,103.900000,Carrollton,MO,,12.0,39.366389,-93.403333,42384
KRMS-FM,93.500000,Osage Beach,MO,,39.0,38.164444,-92.603333,35553
KRNW,88.900000,Maryville,MO,,38.0,39.813333,-93.590556,49747
KRRY,100.900000,Hannibal,MO,,28.0,39.885833,-91.610556,6807
KRTK,93.300000,Florissant,MO,,50.0,38.753925,-91.144972,68579
KRXL,94.500000,Kirksville,MO,,90.0,40.242778,-92.428333,34973
KRZK,106.300000,Branson,MO,,27.0,36.731111,-93.167222,68416
KSDL,92.300000,Hannibal,MO,,6.0,38.734167,-93.225278,5206
KSEF,88.900000,Cape Girardeau,MO,,0.0,37.799444,-90.562222,90232
KSIV-FM,91.500000,Independence,MO,,85.0,38.574361,-90.325417,4276
KSJI,91.100000,Saint Joseph,MO,,14.0,39.734167,-94.79,81962
KSLQ-FM,104.500000,St. Louis,MO,,1.3,38.600833,-90.934444,53550
KSMS-FM,90.500000,Springfield,MO,,8.5,36.562222,-93.259722,61519
KSMU,91.100000,Springfield,MO,,40.0,37.170556,-93.323611,4210
KSMW,90.300000,Springfield,MO,,0.8,36.746778,-91.832167,94057
KSPQ,93.900000,West Plains,MO,,0.0,0.0,-0.0,47951
KSRD,91.900000,St. Joseph,MO,,10.0,39.709722,-95.0425,85873
KSSZ,93.900000,Cape Girardeau,MO,,25.0,39.057778,-92.480278,5227
KSYN,92.500000,Cape Girardeau,MO,,100.0,37.096944,-94.573611,73244
KTBG,90.900000,Warrensburg,MO,,100.0,38.958278,-94.111861,9928
KTGR-FM,100.500000,Springfield,MO,,6.0,38.866111,-91.954167,34408
KTJJ,98.500000,Farmington,MO,,100.0,37.718611,-90.550278,35533
KTKS,95.100000,Versailles,MO,,12.5,38.408889,-92.761667,68605
KTOZ-FM,95.500000,Springfield,MO,,44.0,37.223611,-93.241667,55164
KTRM,88.700000,Kirksville,MO,,3.5,40.177778,-92.577778,82440
KTTK,90.700000,Lebanon,MO,,11.0,37.632778,-92.756111,36882
KTTN-FM,92.300000,Trenton,MO,,18.5,40.083333,-93.558333,39166
KTTR-FM,99.700000,Springfield,MO,,12.0,38.070833,-91.664444,35683
KTUF,93.700000,Kirksville,MO,,50.0,40.187778,-92.525556,471
KTUI-FM,102.100000,Sullivan,MO,,6.0,38.195,-91.186667,22180
KTXR,98.700000,Springfield,MO,,96.0,37.068333,-93.308611,35901
KUKU-FM,100.300000,Willow Springs,MO,,50.0,37.063611,-92.0275,50349
KULH,105.900000,Trenton,MO,,6.0,39.906944,-93.341111,84290
KUNQ,99.300000,Houston,MO,,3.0,37.329167,-91.898611,65319
KUPH,96.900000,West Plains,MO,,50.0,36.991389,-91.794722,29625
KUSN,98.100000,Springfield,MO,,9.7,37.107778,-95.722778,83208
KVMO,104.300000,Florissant,MO,,11.38,39.417778,-91.457222,81744
KVSR,90.700000,Kirksville,MO,,50.0,40.229444,-92.543889,78923
KVVL,97.100000,Maryville,MO,,21.5,40.391944,-94.967778,48974
KVVR,97.900000,Manchester,MO,,100.0,47.614444,-111.3475,84237
KWBZ,107.500000,St. Louis,MO,,10.0,39.586667,-91.799167,43536
KWFC,89.100000,Springfield,MO,,98.0,37.201667,-92.9425,3681
KWJC,91.900000,Liberty,MO,,7.0,39.123056,-94.39,72478
KWJK,93.100000,Boonville,MO,,7.2,38.941944,-92.575556,86486
KWKJ,98.500000,Springfield,MO,,44.0,38.593611,-93.523889,39629
KWKZ,106.100000,Cape Girardeau,MO,,34.0,37.060556,-89.624167,2206
KWMU,90.700000,St. Louis,MO,,100.0,38.580556,-90.329167,65585
KWTO-FM,101.300000,Springfield,MO,,97.8,37.194722,-92.935278,63339
KWUR,90.300000,Clayton,MO,,0.009,38.648611,-90.307778,66644
KWWR,95.700000,Mexico,MO,,91.0,39.263611,-92.135,35952
KXCV,90.500000,Maryville,MO,,100.0,40.4025,-94.887778,49746
KXDG,97.900000,Cape Girardeau,MO,,15.5,37.242778,-94.505833,17125
KXKX,105.700000,Hannibal,MO,,38.0,38.759444,-93.425556,5204
KXMO-FM,95.300000,Springfield,MO,,37.0,38.135556,-91.4,84271
KXMS,88.700000,Joplin,MO,,0.0,37.099167,-94.462778,43225
KXOQ,104.300000,Williamsville,MO,,6.0,36.366111,-90.093333,18044
KYLS-FM,95.900000,Fredericktown,MO,,3.1,37.667222,-90.577222,15655
KYMO-FM,105.300000,East Prairie,MO,,6.0,36.796944,-89.355278,69568
KYOO-FM,99.100000,Bolivar,MO,,25.0,37.761389,-93.261667,36015
KZBK,96.900000,Brookfield,MO,,50.0,39.908889,-93.076111,4930
KZNN,105.300000,Springfield,MO,,0.0,0.0,-0.0,35682
KZZT,105.500000,Moberly,MO,,50.0,39.433889,-92.24,21914
WAFN-FM,92.700000,St. Louis,MO,,1.15,34.344611,-86.439806,57439
WCBW-FM,89.700000,St. Louis,MO,,0.25,38.631389,-90.2025,83448
WCIL-FM,101.500000,Cape Girardeau,MO,,28.5,37.701111,-89.371667,65949
WMJW,107.500000,Cleveland,MO,,25.0,33.946667,-90.849444,9024
WOOZ-FM,99.900000,Cape Girardeau,MO,,32.0,37.6125,-88.8675,74581
WSHP-FM,103.900000,St. Louis,MO,,6.0,34.839167,-82.526944,73239
WUEZ,95.100000,Cape Girardeau,MO,,17.6,37.725278,-89.256944,39520
WVIL,101.300000,St. Louis,MO,,4.0,40.014444,-90.331944,40222
WXLT,103.500000,Cape Girardeau,MO,,6.0,37.931944,-88.958611,6647
KPXP,97.900000,Garapan (Saipan),MP,,6.5,15.185,145.741667,54766
KRNM,88.100000,Saipan,MP,,1.8,15.151389,145.719722,49570
KAFH,91.500000,Tupelo,MS,,1.0,47.5325,-111.277222,88805
KAFR,88.300000,Tupelo,MS,,0.0,30.464444,-95.505556,81300
KAIA,91.500000,Tupelo,MS,,0.0,36.675278,-89.771944,76841
KAJT,88.700000,Tupelo,MS,,31.0,34.775556,-96.5875,81301
KAKA,88.500000,Tupelo,MS,,46.0,39.07,-97.853889,81549
KAKO,91.300000,Tupelo,MS,,0.0,35.226667,-96.928333,82836
KANL,90.700000,Tupelo,MS,,0.25,44.766111,-117.881667,92531
KANX,91.100000,Tupelo,MS,,40.0,34.290556,-92.493333,1710
KAOG,90.500000,Tupelo,MS,,40.0,35.81,-90.8125,1673
KAOW,88.900000,Tupelo,MS,,1.387,35.447222,-94.365,1617
KAPI,88.300000,Tupelo,MS,,0.3,32.552222,-92.655833,1635
KAPM,91.700000,Tupelo,MS,,1.0,31.267778,-92.44,1683
KAQD,91.300000,Tupelo,MS,,2.8,32.499444,-99.971944,76057
KAQF,91.100000,Tupelo,MS,,0.45,34.438833,-103.210583,76096
KARF,91.500000,Tupelo,MS,,0.0,37.065278,-95.750278,78930
KARG,91.700000,Tupelo,MS,,2.5,35.071389,-94.679722,77159
KASD,90.300000,Tupelo,MS,,3.0,44.070278,-103.250278,88804
KATG,88.100000,Tupelo,MS,,0.0,32.044722,-95.676944,86330
KAUF,89.900000,Tupelo,MS,,1.0,36.242222,-90.065,81681
KAVK,89.300000,Tupelo,MS,,12.0,31.534722,-93.4225,83461
KAVO,90.900000,Tupelo,MS,,17.0,35.552222,-101.045,84911
KAVW,90.700000,Tupelo,MS,,1.2,35.242,-101.811944,1612
KAXG,89.700000,Tupelo,MS,,0.0,44.209444,-105.467778,83087
KAXR,91.300000,Tupelo,MS,,9.3,36.925556,-97.026111,85167
KAXV,91.900000,Tupelo,MS,,12.0,32.822778,-92.124444,85604
KAYA,91.300000,Tupelo,MS,,5.1,42.352778,-96.525556,81544
KAYB,88.100000,Tupelo,MS,,0.25,46.331389,-120.014167,78191
KAYC,91.100000,Tupelo,MS,,0.403,34.021389,-96.471667,82203
KAYK,88.500000,Tupelo,MS,,0.0,28.778611,-97.0475,82204
KAYM,90.500000,Tupelo,MS,,2.7,35.496389,-98.736111,82300
KAYP,89.900000,Tupelo,MS,,0.0,40.799722,-91.543056,86561
KBAH,90.500000,Tupelo,MS,,75.0,34.066111,-101.704444,85427
KBAN,91.500000,Tupelo,MS,,20.5,30.636111,-93.0425,86920
KBCM,88.300000,Tupelo,MS,,1.2,35.9125,-89.891111,84785
KBCX,91.500000,Tupelo,MS,,1.0,32.185,-101.465556,82866
KBDA,89.700000,Tupelo,MS,,1.4,38.337778,-98.763333,86790
KBDC,88.500000,Tupelo,MS,,0.0,43.37,-93.274167,87941
KBDD,91.900000,Tupelo,MS,,48.0,37.382222,-96.955556,86319
KBDE,89.900000,Tupelo,MS,,0.0,31.268056,-97.359444,85761
KBDO,91.700000,Tupelo,MS,,0.0,35.002222,-91.744722,78630
KBGM,91.100000,Tupelo,MS,,8.0,37.801111,-90.564167,79158
KBIO,89.700000,Tupelo,MS,,0.1,31.786944,-93.131111,85510
KBJQ,88.300000,Tupelo,MS,,36.0,37.898889,-95.0025,88668
KBKC,90.100000,Tupelo,MS,,2.1,39.391944,-92.455833,90381
KBKN,91.300000,Tupelo,MS,,0.25,32.759444,-101.9525,84914
KBLW,90.100000,Tupelo,MS,,1.6,45.760278,-108.4525,89078
KBMH,90.300000,Tupelo,MS,,0.25,34.918056,-110.140278,90452
KBMJ,89.500000,Tupelo,MS,,0.0,35.733333,-92.260278,87466
KBMM,89.500000,Tupelo,MS,,25.0,31.676389,-102.358889,82034
KBNV,90.100000,Tupelo,MS,,7.1,36.127222,-93.989722,82694
KBUZ,90.300000,Tupelo,MS,,11.0,39.005278,-96.049444,1709
KCFN,91.100000,Tupelo,MS,,100.0,38.019167,-97.383611,1692
KCVY,89.900000,Tupelo,MS,,10.5,37.092222,-92.052778,90453
KCWD,96.100000,Gulfport,MS,,8.0,36.111389,-93.033333,26242
KDLI,89.900000,Tupelo,MS,,1.0,29.423333,-100.905833,82302
KGFA,90.700000,Tupelo,MS,,2.3,47.5325,-111.277222,86661
KHCP,89.300000,Tupelo,MS,,21.0,33.826667,-95.463611,86791
KIAD,88.500000,Tupelo,MS,,0.0,42.404444,-90.57,91585
KIKL,90.900000,Tupelo,MS,,8.2,30.284722,-92.0675,36225
KKBT,104.700000,Boyle,MS,,0.28,-14.3225,-170.763056,81149
KKER,88.700000,Tupelo,MS,,52.0,30.058333,-99.063889,84182
KKHJ-FM,93.100000,Cleveland,MS,,1.1,-14.27,-170.686111,78508
KKTZ,107.500000,Gulfport,MS,,100.0,36.486944,-92.494167,39532
KLFR,89.100000,Tupelo,MS,,0.7,43.7225,-124.094444,82437
KLIP,105.300000,Meredian,MS,,50.0,32.552222,-92.1425,10865
KLNB,88.300000,Tupelo,MS,,1.7,40.913889,-98.397778,91842
KLSM,104.500000,Vicksburg,MS,,25.0,32.370278,-91.1275,60001
KLXG,91.100000,Tupelo,MS,,0.5,42.464167,-123.305278,1698
KMCV,89.900000,Tupelo,MS,,50.0,38.596667,-92.538056,84371
KNLL,90.500000,Tupelo,MS,,0.0,33.504722,-93.579722,85071
KOHR,88.900000,Tupelo,MS,,0.0,44.798333,-106.930833,89342
KOMT,93.500000,Gulfport,MS,,16.0,36.486944,-92.494167,84090
KPAQ,88.100000,Tupelo,MS,,90.0,30.261389,-91.311111,86794
KPFM,105.500000,Gulfport,MS,,19.0,36.486944,-92.494167,44022
KQPD,91.100000,Tupelo,MS,,0.25,34.183611,-97.123056,78925
KRBW,90.500000,Tupelo,MS,,0.43,38.584444,-95.265556,50755
KRQA,88.100000,Tupelo,MS,,1.0,36.393611,-94.181389,77546
KSCV,90.100000,Tupelo,MS,,11.0,37.294722,-93.152778,1622
KSFS,90.100000,Tupelo,MS,,18.0,43.544722,-96.7625,87828
KSJY,89.900000,Tupelo,MS,,30.0,30.134167,-91.862778,77926
KTXG,90.500000,Tupelo,MS,,38.0,33.316667,-96.4075,77544
KUBJ,89.700000,Tupelo,MS,,17.5,30.054722,-96.507222,85796
KUUZ,95.900000,Greenville,MS,,20.0,33.335278,-91.125833,15961
KVAM,88.100000,Tupelo,MS,,1.8,41.159722,-104.721667,86624
KVIR,91.900000,Tupelo,MS,,30.0,35.248889,-114.742778,90917
KVLB,90.500000,Tupelo,MS,,0.0,44.077778,-121.33,90581
KWAA,88.900000,Tupelo,MS,,0.0,31.383889,-97.277222,83542
KWTG,104.700000,Natchez,MS,,3.0,31.584722,-91.388333,70355
KWVI,88.900000,Tupelo,MS,,0.0,42.789167,-92.239444,84063
KXTH,89.100000,Tupelo,MS,,2.6,35.214722,-96.740556,85076
KZFT,90.500000,Tupelo,MS,,0.0,29.8925,-94.135,85286
KZKR,105.100000,Columbus,MS,,0.9,31.668889,-91.691667,82888
WAAE,91.900000,Tupelo,MS,,1.35,35.137222,-77.006111,76833
WABO-FM,105.500000,Waynesboro,MS,,6.0,31.677778,-88.670278,40489
WACR-FM,105.300000,Meridian,MS,,50.0,33.669167,-88.668889,65200
WADI,95.300000,Corinth,MS,,2.6,34.929722,-88.410278,31412
WAEF,90.300000,Tupelo,MS,,0.0,31.639444,-83.749444,88121
WAFM,95.700000,Amory,MS,,6.0,33.975833,-88.491389,62222
WAFR,88.300000,Tupelo,MS,,75.0,34.474444,-88.728056,1592
WAGR-FM,102.500000,Lexington,MS,,6.0,33.151667,-90.129167,21155
WAID,106.500000,Cleveland,MS,,50.0,34.156111,-90.631111,54531
WAII,89.300000,Tupelo,MS,,1.0,31.283056,-89.350278,78264
WAJS,91.700000,Tupelo,MS,,23.0,33.926389,-88.662778,79265
WAJV,98.900000,Columbus,MS,,13.0,33.430278,-88.754722,12229
WAKD,89.900000,Tupelo,MS,,0.0,34.836389,-87.622222,1627
WAKH,105.700000,Gulfport,MS,,100.0,31.280556,-90.451389,58935
WALN,89.300000,Tupelo,MS,,0.0,33.218333,-88.096111,1539
WALT-FM,102.100000,Meridian,MS,,0.92,32.325,-88.688056,18229
WAMP,88.100000,Tupelo,MS,,0.75,35.660556,-88.858333,1524
WAOY,91.700000,Tupelo,MS,,78.0,30.708056,-89.085,1533
WAPD,91.700000,Tupelo,MS,,0.0,37.333056,-85.331389,1642
WAPO,90.500000,Tupelo,MS,,1.1,38.310833,-88.936389,76286
WAQB,90.900000,Tupelo,MS,,35.0,34.474444,-88.728056,1542
WAQL,90.500000,Tupelo,MS,,30.0,31.433611,-90.579167,79031
WAQU,91.100000,Tupelo,MS,,21.5,32.404722,-87.425556,78926
WARN,91.300000,Tupelo,MS,,13.5,38.740861,-77.836167,79157
WASM,91.100000,Tupelo,MS,,1.0,31.556667,-91.383333,79358
WASW,91.900000,Tupelo,MS,,18.0,31.270278,-82.655278,82032
WATI,89.900000,Tupelo,MS,,0.5,38.696389,-87.440833,76926
WATP,90.900000,Tupelo,MS,,69.0,31.8775,-88.878889,82443
WATU,89.300000,Tupelo,MS,,24.5,32.132222,-90.758056,83587
WAUI,88.300000,Tupelo,MS,,0.7,40.763889,-82.617778,82445
WAUM,91.900000,Tupelo,MS,,2.5,33.642778,-89.499722,84181
WAUO,90.700000,Tupelo,MS,,0.5,35.565556,-87.5575,82543
WAUV,89.700000,Tupelo,MS,,6.4,35.775278,-89.471667,81643
WAVI,91.500000,Tupelo,MS,,0.0,34.199167,-89.819167,78221
WAWF,88.300000,Tupelo,MS,,1.25,41.0775,-87.756111,78927
WAWH,88.300000,Tupelo,MS,,0.4,32.540833,-82.9575,82033
WAWI,89.700000,Tupelo,MS,,6.0,35.267778,-87.323611,81646
WAWJ,90.100000,Tupelo,MS,,0.0,37.856389,-89.139444,84755
WAWN,89.500000,Tupelo,MS,,2.0,41.394167,-79.772222,84440
WAXG,88.100000,Tupelo,MS,,0.3,38.060833,-83.955556,82988
WAXR,88.100000,Tupelo,MS,,0.0,41.479722,-90.268889,86861
WAXU,91.100000,Tupelo,MS,,1.1,31.789444,-85.982778,85064
WAZA,107.700000,Magnolia,MS,,25.0,31.286667,-90.798056,82529
WAZD,88.100000,Tupelo,MS,,0.38,35.216111,-88.241667,88091
WAZO,107.500000,Hattiesburg,MS,,21.0,34.243611,-78.123333,59480
WBAD,94.300000,Greenville,MS,,3.0,33.415278,-90.988333,28876
WBBL,96.500000,Gulfport,MS,,5.7,31.469167,-88.764722,70409
WBBN,95.900000,Laurel,MS,,100.0,31.634167,-89.476389,71207
WBBV,101.300000,Vicksburg,MS,,13.0,32.345,-90.881944,5370
WBEL-FM,88.500000,Tupelo,MS,,0.0,36.992222,-88.988611,87567
WBHZ,91.900000,Tupelo,MS,,0.275,38.871667,-79.9275,90121
WBIA,88.300000,Tupelo,MS,,0.25,35.481667,-86.457778,81729
WBIE,91.500000,Tupelo,MS,,5.5,40.946667,-84.256667,89691
WBJV,88.900000,Tupelo,MS,,0.125,40.365556,-80.726667,76930
WBJY,89.300000,Tupelo,MS,,0.0,31.639444,-83.749444,82835
WBKG,88.900000,Tupelo,MS,,5.5,32.764167,-83.558889,76358
WBKN,92.100000,Brookhaven,MS,,3.4,31.563333,-90.440833,6318
WBKU,91.700000,Tupelo,MS,,61.5,36.095833,-77.208333,82838
WBLE,100.500000,Batesville,MS,,50.0,34.378889,-89.765833,4049
WBMF,88.100000,Tupelo,MS,,0.09,41.421389,-87.644167,89339
WBOX-FM,92.900000,Columbia,MS,,3.0,30.902778,-89.96,6316
WBYB,98.300000,Tupelo,MS,,25.0,33.879722,-90.708889,1528
WBYP,107.100000,Yazoo City,MS,,9.4,33.051111,-90.630833,28117
WCDH,91.500000,Tupelo,MS,,1.2,40.849444,-76.115278,90214
WCLD-FM,103.900000,Cleveland,MS,,24.5,33.733611,-90.713889,54532
WCNA,95.900000,Tupelo,MS,,14.0,34.5975,-89.103333,50294
WCSO,90.500000,Tupelo,MS,,0.0,33.345556,-88.235,90785
WDBN,107.900000,Gulfport,MS,,25.0,32.618056,-82.768056,15025
WDLL,90.500000,Tupelo,MS,,0.0,34.331389,-79.560278,85507
WDMS,100.700000,Greenville,MS,,100.0,33.422222,-91.028056,41846
WDTL,105.700000,Indianola,MS,,14.0,33.469444,-90.841667,59962
WDXO,92.900000,Monticello,MS,,2.7,31.8925,-90.402222,13857
WEBL,95.300000,Hernando,MS,,2.2,34.851389,-90.005278,16790
WEFI,89.500000,Tupelo,MS,,0.4,39.141667,-88.56,91350
WENQ,92.300000,Cleveland,MS,,4.1,33.859167,-89.920278,77811
WEXR,106.900000,Meridian,MS,,2.3,32.325,-88.688056,82188
WFCA,107.900000,French Camp,MS,,100.0,33.423611,-89.403611,22628
WFFF-FM,96.700000,Columbia,MS,,6.0,31.262222,-89.844722,25817
WFMM,97.300000,Jackson,MS,,6.0,31.355,-89.521944,36617
WFMN,97.300000,Jackson,MS,,19.5,32.455833,-90.258889,14568
WFTA,101.900000,Tupelo,MS,,50.0,34.262778,-88.54,666
WGCM-FM,102.300000,Gulfport,MS,,50.0,30.345556,-89.196389,19070
WGDQ,93.100000,Hattiesburg,MS,,25.0,31.382778,-89.395278,68907
WGNG,106.300000,Greenwood,MS,,7.1,33.301667,-90.125278,77692
WGNL,104.300000,Greenwood,MS,,50.0,33.679167,-90.068611,64673
WHJT,93.500000,Clinton,MS,,12.0,32.446944,-90.302222,43180
WHKL,106.900000,Batesville,MS,,6.0,34.4475,-90.106944,77575
WHOJ,91.900000,Tupelo,MS,,1.5,39.468056,-87.399722,76151
WIBT,97.900000,Greenville,MS,,48.0,33.3975,-91.009722,25229
WIKV,89.300000,Tupelo,MS,,1.4,41.3475,-86.339722,90470
WIQQ,102.100000,Greenville,MS,,14.0,33.469444,-90.841667,66330
WJAI,93.900000,Jackson,MS,,14.5,32.235,-89.896111,6212
WJDQ,101.300000,Meridian,MS,,100.0,32.311944,-88.6925,7067
WJDR,98.300000,Columbia,MS,,6.0,31.493611,-89.8925,63792
WJKA,90.100000,Tupelo,MS,,0.0,34.647778,-77.624444,87089
WJKK,98.700000,Jackson,MS,,52.0,32.191389,-90.406111,8177
WJKX,102.500000,Laurel,MS,,11.5,31.527056,-89.135222,61116
WJLV,94.700000,Jackson,MS,,97.0,32.281389,-90.294722,27509
WJMG,92.100000,Hattiesburg,MS,,6.0,31.3425,-89.298056,11226
WJSU-FM,88.500000,Jackson,MS,,24.5,32.296389,-90.206389,29700
WJXM,95.100000,Meridian,MS,,26.0,32.32,-88.690833,7065
WJZB,88.700000,Tupelo,MS,,1.0,33.463056,-88.816944,78453
WJZD-FM,94.500000,Gulfport,MS,,6.0,30.433333,-89.036111,4342
WKBB,100.900000,West Point,MS,,47.0,33.678611,-88.805,6194
WKDJ-FM,96.500000,Cleveland,MS,,6.0,34.156111,-90.631111,54533
WKJN,104.900000,Magnolia,MS,,3.0,31.101944,-91.040833,53025
WKOR-FM,94.900000,Columbus,MS,,50.0,33.477222,-88.273611,24531
WKOZ-FM,98.300000,Carthage,MS,,17.5,32.833333,-89.3475,41541
WKRA-FM,92.700000,Holly Springs,MS,,3.0,34.786389,-89.416667,5334
WKSO,97.300000,Natchez,MS,,1.45,31.509167,-91.405278,29955
WKTH,88.500000,Tupelo,MS,,1.9,35.341667,-86.184722,84363
WKXY,92.100000,Cleveland,MS,,6.0,33.880278,-90.706667,77755
WKZB,97.900000,Meridian,MS,,8.7,32.365833,-88.913889,48780
WKZU,104.900000,St. Iuka,MS,,50.0,34.776389,-88.394444,59614
WKZW,94.300000,Laurel,MS,,14.5,31.431111,-89.1475,14021
WLEE-FM,95.100000,Winona,MS,,1.45,34.323889,-88.711944,61281
WLFM,103.900000,Houston,MS,,6.0,35.376667,-87.388056,27422
WLIN-FM,101.100000,Kosciusko,MS,,4.8,33.064167,-89.603333,78151
WLPR-FM,89.100000,Tupelo,MS,,1.1,41.323333,-87.356111,89212
WLSM-FM,107.100000,Louisville,MS,,3.0,33.122222,-89.018056,26238
WLVZ,107.100000,Columbia,MS,,4.1,31.501083,-89.475722,63847
WLXZ,90.300000,Tupelo,MS,,0.0,35.153611,-79.571111,88048
WLYJ,98.900000,Quitman,MS,,25.0,32.064167,-88.724167,54324
WLZA,96.100000,Tupelo,MS,,40.0,33.5475,-89.056111,67652
WMAB-FM,89.900000,Jackson,MS,,64.3,33.353889,-89.15,43212
WMAE-FM,89.500000,Jackson,MS,,85.0,34.666667,-88.751389,43190
WMAH-FM,90.300000,Jackson,MS,,100.0,30.755,-88.945556,43198
WMAO-FM,90.900000,Jackson,MS,,100.0,33.376111,-90.542222,43177
WMAU-FM,88.900000,Jackson,MS,,100.0,31.372778,-90.751111,43185
WMAV-FM,90.300000,Jackson,MS,,0.0,34.291111,-89.705833,43213
WMAW-FM,88.100000,Jackson,MS,,100.0,32.138333,-89.093333,43188
WMJU,104.300000,Brookhaven,MS,,25.0,31.559167,-90.673889,76262
WMPR,90.100000,Jackson,MS,,100.0,32.1925,-90.091111,29552
WMSU,92.100000,Columbus,MS,,1.1,33.430278,-88.754722,10349
WMSV,91.100000,Mississippi State,MS,,14.0,33.432222,-88.75,43173
WMUW,88.500000,Columbus,MS,,0.98,33.489722,-88.421667,91984
WMXI,98.100000,Meridian,MS,,2.55,31.556111,-89.1525,54655
WMXU,106.100000,Columbus,MS,,40.0,33.293889,-88.6575,57710
WOKK,97.100000,Meridian,MS,,100.0,32.325,-88.688056,48635
WOSM,103.100000,Ocean Springs,MS,,50.0,30.409444,-88.706389,10477
WOWL,91.900000,Luka,MS,,18.0,34.929722,-88.410278,79355
WOXD,95.500000,Oxford,MS,,6.0,34.302778,-89.523611,1299
WPAS,89.100000,Parkgate,MS,,60.0,30.550833,-88.451667,1699
WPRL,91.700000,Lorman,MS,,3.0,31.893611,-91.148333,892
WPWV,90.100000,Tupelo,MS,,0.0,37.509722,-81.215278,89629
WQAI,89.500000,Tupelo,MS,,0.063,33.742222,-82.521389,90293
WQKV,88.700000,Tupelo,MS,,15.0,41.138833,-85.891944,89586
WQLJ,105.500000,Batesville,MS,,4.7,34.2125,-89.746944,6200
WQNZ,95.100000,Natchez,MS,,100.0,31.509278,-91.405167,21606
WQST-FM,92.500000,Tupelo,MS,,97.0,32.363333,-89.424722,1626
WQVI,90.500000,Tupelo,MS,,0.0,32.714167,-89.821944,93254
WQXB,100.100000,Grenada,MS,,48.0,33.856667,-89.920833,10672
WQYZ,92.500000,Biloxi,MS,,6.0,30.4525,-88.855833,24513
WQZY,95.900000,Gulfport,MS,,100.0,32.678333,-82.557222,62474
WRAE,88.700000,Tupelo,MS,,6.0,34.915833,-79.124444,88446
WRBE-FM,106.900000,Quitman,MS,,6.0,30.932778,-88.605833,1063
WRBJ-FM,97.700000,Brandon,MS,,6.0,32.175278,-89.936111,73959
WRIH,88.100000,Tupelo,MS,,0.0,37.715,-77.365278,87808
WRIQ,89.700000,Tupelo,MS,,27.0,37.527778,-77.38,82970
WRQO,102.100000,Monticello,MS,,50.0,31.603611,-90.207222,49901
WRTM-FM,100.500000,Jackson,MS,,4.6,32.522081,-90.076583,19864
WRYN,89.100000,Tupelo,MS,,0.85,35.689722,-81.421111,90249
WSEL-FM,96.700000,Tupelo,MS,,3.0,34.252778,-88.96,50287
WSKK,102.300000,Ripley,MS,,3.5,34.709722,-88.843333,63297
WSLE,91.300000,Tupelo,MS,,0.77,38.626111,-88.944722,1702
WSMS,99.900000,Columbus,MS,,47.0,33.653889,-88.620833,6664
WSSM,104.900000,Columbia,MS,,2.8,31.532222,-89.938056,85341
WSYE,93.300000,Meridian,MS,,100.0,33.751667,-88.877778,48630
WTCD,96.900000,Jackson,MS,,16.5,33.576111,-90.375833,60796
WTGG,96.500000,Magnolia,MS,,6.0,30.623333,-90.405278,41571
WTGY,95.700000,Charleston,MS,,6.0,33.891111,-90.0525,10579
WTKE-FM,100.300000,Meridian,MS,,3.0,30.410556,-86.622778,10055
WTNM,93.700000,Oxford,MS,,11.0,34.465556,-89.95,51086
WTRK,90.900000,Tupelo,MS,,0.43,43.561667,-83.981111,89044
WTUP-FM,99.300000,Booneville,MS,,15.5,34.362778,-88.591111,71214
WTYJ,97.700000,Natchez,MS,,2.5,31.675556,-91.105,47457
WTYL-FM,97.700000,Tylertown,MS,,3.0,31.130556,-90.136944,68658
WUCL,105.700000,Meridian,MS,,50.0,32.643611,-88.674722,81878
WUMS,92.100000,University,MS,,2.9,34.403333,-89.403611,63562
WURC,88.100000,Holly Springs,MS,,3.0,34.781389,-89.446944,58271
WUSJ,96.300000,Kosciusko,MS,,100.0,32.191389,-90.406111,62050
WUSM-FM,88.500000,Hattiesburg,MS,,3.0,31.307111,-89.413111,69214
WVSD,91.700000,Itta Bena,MS,,3.0,33.518056,-90.343889,43178
WWEN,88.100000,Tupelo,MS,,1.8,46.535556,-92.068611,88658
WWGN,88.900000,Tupelo,MS,,1.4,41.301389,-88.953056,13926
WWGV,88.100000,Tupelo,MS,,0.0,39.721111,-83.143333,91538
WWKZ,103.900000,Columbus,MS,,50.0,34.205,-88.696944,64364
WWMS,97.500000,Gulfport,MS,,100.0,34.168056,-89.156389,58932
WWSL,102.300000,Philadelphia,MS,,4.9,32.726389,-89.098889,25742
WWUN-FM,101.500000,Clarksdale,MS,,14.0,34.567222,-90.626944,16523
WXBE,88.300000,Tupelo,MS,,1.0,34.723889,-76.721667,78091
WXRR,104.500000,Laurel,MS,,100.0,31.431111,-89.1475,29549
WXRZ,94.300000,Corinth,MS,,25.0,34.81,-88.579167,66281
WYMX,99.100000,Jackson,MS,,96.0,33.576111,-90.375833,65007
WYOY,101.700000,Meridian,MS,,50.0,32.386667,-90.163056,48647
WYTF,88.700000,Tupelo,MS,,0.0,33.584167,-90.603611,85329
WZKR,103.300000,Meridian,MS,,6.0,32.326111,-88.686639,76435
WZKS,104.100000,Meridian,MS,,28.0,32.4975,-88.887222,17357
WZKX,107.900000,Gulfport,MS,,100.0,30.751389,-89.056667,17477
WZLD,106.300000,Petal,MS,,10.5,31.526944,-89.135278,66954
WZLQ,98.500000,Oxford,MS,,100.0,34.168056,-89.156389,58828
WZNS,96.500000,Meridian,MS,,100.0,30.413889,-86.627778,32834
KALS,97.100000,Kalispell,MT,,26.5,48.013333,-114.365278,49340
KAPC,91.300000,Missoula,MT,,0.8,46.0075,-112.441667,66630
KATQ-FM,100.100000,Plentywood,MT,,3.0,48.766944,-104.545278,54640
KBBZ,98.500000,Kalispell,MT,,61.0,48.511667,-114.370556,4581
KBEV-FM,98.300000,Dillon,MT,,10.5,45.239444,-112.6675,4486
KBGA,89.900000,Missoula,MT,,1.0,46.882222,-113.985556,78334
KBLL,99.500000,Helena,MT,,12.0,46.747722,-112.329889,27517
KBMC,102.100000,Billings,MT,,20.5,45.638333,-111.268056,43572
KBOZ-FM,99.900000,Bozeman,MT,,19.0,45.616111,-111.087778,55676
KBZM,104.700000,Gallatin Gateway,MT,,5.0,45.278056,-111.449167,81679
KCGM,95.700000,Scobey,MT,,52.0,48.800611,-105.350167,53311
KCMM,99.100000,Belgrade,MT,,13.0,45.638889,-111.265556,87888
KDBR,106.300000,Kalispell,MT,,59.0,48.511667,-114.371111,12066
KDWG,90.900000,Dillion,MT,,0.85,45.209167,-112.637222,93389
KDZN,96.500000,Glendive,MT,,100.0,47.083611,-104.801389,39610
KEMC,91.700000,Billings,MT,,100.0,45.658611,-108.570556,43571
KFMC-FM,106.500000,Fairmont,MT,,100.0,43.629167,-94.483333,73657
KGFC,88.900000,Havre,MT,,6.0,47.464556,-111.354944,27118
KGLM-FM,97.700000,Deer Lodge,MT,,2.75,46.101111,-112.949722,669
KGLT,91.900000,Bozeman,MT,,12.0,45.956944,-111.370556,6085
KGPR,89.900000,Great Falls,MT,,9.5,47.539722,-111.285,24955
KHNK,95.900000,Kalispell,MT,,55.0,48.511667,-114.371111,22255
KIKC-FM,101.300000,Forsyth,MT,,100.0,46.175556,-106.405833,48300
KJJM,100.500000,Baker,MT,,7.4,46.505556,-104.21,88802
KJLF,90.500000,Havre,MT,,0.0,46.006111,-112.4425,93010
KJPZ,104.100000,Helena,MT,,5.0,46.768333,-112.022667,49724
KLAN,93.500000,Glasgow,MT,,6.0,48.095,-106.618889,70633
KLEU,91.100000,Bozeman,MT,,4.0,47.177611,-109.534889,92240
KLFM,92.900000,Great Falls,MT,,98.0,47.538611,-111.261389,56665
KLOF,88.900000,Billings,MT,,1.4,44.209444,-105.467778,89886
KMMR,100.100000,Malta,MT,,2.25,48.254722,-107.821667,39749
KMON-FM,94.500000,Great Falls,MT,,98.0,47.538611,-111.261389,62331
KMSM-FM,103.900000,Butte,MT,,0.74,46.012222,-112.557222,3042
KMSO,102.500000,Missoula,MT,,22.0,46.808333,-113.977222,60052
KMXE-FM,99.300000,Red Lodge,MT,,30.0,45.194167,-109.341667,60408
KNMC,90.100000,Havre,MT,,0.38,48.541944,-109.688056,49580
KOBB-FM,93.700000,Bozeman,MT,,51.0,45.616111,-111.087778,16776
KOPR,94.100000,Butte,MT,,58.0,46.006389,-112.441111,7912
KOZB,97.500000,Bozeman,MT,,100.0,45.657222,-110.806111,16777
KPLG,91.500000,Havre,MT,,1.8,47.372778,-114.858611,85426
KPQX,92.500000,Havre,MT,,0.0,0.0,-0.0,49261
KPRQ,88.100000,Billings,MT,,0.45,44.623889,-107.117222,89885
KQPZ,95.900000,Lewistown,MT,,3.0,47.071111,-109.408889,43559
KQRV,96.900000,Deer Lodge,MT,,20.0,46.100833,-112.95,79010
KRVI,106.700000,Whitefish,MT,,19.0,37.153889,-93.615556,55165
KRYK,101.300000,Havre,MT,,100.0,48.391389,-109.297222,56336
KSGF-FM,104.100000,Whitefish,MT,,19.0,37.153889,-93.615556,2924
KTHC,95.100000,Great Falls,MT,,100.0,48.047778,-103.983611,10513
KTNY,101.700000,Libby,MT,,3.0,48.370556,-115.538611,37524
KUFM,89.100000,Missoula,MT,,14.5,47.032778,-113.991389,69239
KUFN,91.900000,Missoula,MT,,0.9,46.229444,-114.233611,66629
KUHM,91.700000,Missoula,MT,,0.91,46.769722,-112.022778,66628
KUKL,90.100000,Missoula,MT,,1.83,48.506111,-114.346944,66627
KVCM,103.100000,Havre,MT,,30.0,46.768611,-112.0225,27119
KWBY-FM,98.500000,Bigfork,MT,,5.8,32.346667,-98.713889,53961
KXEI,95.100000,"Havre,",MT,,98.0,48.178333,-109.689167,27117
KYPR,90.700000,Billings,MT,,0.5,46.389444,-105.756111,42382
KYUS-FM,92.300000,Miles City,MT,,100.0,46.401111,-105.651667,42380
KYYZ,96.100000,Great Falls,MT,,100.0,48.047778,-103.983611,10510
KZIN-FM,96.700000,Shelby,MT,,100.0,48.329028,-112.03475,68295
KZMN,103.900000,Kalispell,MT,,100.0,48.094167,-114.269722,35369
KZMY,103.500000,Bozeman,MT,,100.0,45.956917,-111.370417,72722
WBTU,93.300000,East Lansing,MT,,18.5,41.213611,-85.201111,22106
KBZT,94.900000,Greensboro,NC,,26.5,32.838056,-117.249167,58816
KDRF,103.300000,Las Vegas,NC,,20.0,35.213889,-106.450278,55052
KGLV,88.900000,Charlotte,NC,,18.0,39.006111,-96.049167,85506
KKLU,90.900000,Charlotte,NC,,21.0,33.525833,-101.868611,5174
KKLZ,96.300000,Winston-Salem,NC,,100.0,36.008056,-115.005556,40757
KMEZ,102.900000,Winston-Salem,NC,,4.7,29.953889,-89.949444,12157
KVGS,102.700000,Winston-Salem,NC,,96.0,35.946111,-115.042778,57281
KXRI,91.900000,Charlotte,NC,,11.0,35.241944,-101.811944,5138
KYFB,91.500000,Charlotte,NC,,4.5,33.702778,-96.568056,85512
KYFL,89.500000,Charlotte,NC,,25.0,32.552222,-92.1425,5142
KYFO-FM,95.500000,Charlotte,NC,,100.0,41.249722,-112.236389,5176
KYFP,89.100000,Charlotte,NC,,100.0,32.003333,-95.718333,85164
KYFS,90.900000,Charlotte,NC,,100.0,29.6725,-98.246944,5115
KYFW,88.300000,Charlotte,NC,,17.0,37.672778,-97.335556,5098
WAGO,88.700000,Goldsboro,NC,,17.0,35.446944,-77.655556,51730
WAKZ,95.900000,Charlotte,NC,,6.0,41.218056,-80.561944,74468
WASU-FM,90.500000,Boone,NC,,0.14,36.233056,-81.698611,2467
WBBB,96.100000,Raleigh,NC,,98.0,35.685278,-78.720556,889
WBBT-FM,107.300000,Roanoke Rapids,NC,,1.4,37.504444,-77.703889,31859
WBFJ-FM,89.300000,Winston-Salem,NC,,2.5,36.098889,-80.25,67827
WBJD,91.500000,New Bern,NC,,85.0,34.759444,-76.854444,14357
WBRF,98.100000,Mount Airy,NC,,100.0,36.559444,-80.823611,5986
WBT-FM,99.300000,Charlotte,NC,,7.7,34.791667,-81.268333,10764
WBUX,90.500000,Chapel Hill,NC,,5.9,35.266944,-75.543889,91800
WCCE,90.100000,Buies Creek,NC,,0.0,35.210833,-78.833611,8499
WCCG,104.500000,Fayetteville,NC,,6.0,34.942778,-78.861389,17529
WCLN-FM,105.700000,Elizabethtown,NC,,7.7,34.734722,-78.790278,60881
WCMS-FM,94.500000,Kill Devil Hills,NC,,100.0,35.485111,-76.000639,83211
WCNG,102.700000,Murphy,NC,,3.0,35.066667,-83.999444,10699
WCPE,89.700000,Wake Forest,NC,,96.7,35.940278,-78.479167,18831
WCQS,88.100000,Asheville,NC,,1.6,35.589722,-82.673889,71923
WCVP-FM,95.900000,Murphy,NC,,0.12,35.257778,-83.795556,10700
WCXL,104.100000,Kill Devil Hills,NC,,100.0,36.135556,-75.824444,55248
WDAV,89.900000,Davidson,NC,,100.0,35.448333,-80.839722,66503
WDCC,90.500000,Sanford,NC,,2.0,35.472972,-79.142222,9841
WDLZ,98.300000,Rocky Mount,NC,,3.0,36.44,-77.136111,56667
WDVV,89.700000,Wilmington,NC,,4.9,34.097778,-77.971667,43707
WDWG,98.500000,Rocky Mount,NC,,16.0,35.911944,-77.835,54861
WERO,93.300000,Washington,NC,,100.0,35.365278,-77.393889,64609
WERX-FM,102.500000,Edenton,NC,,64.0,35.918056,-76.346667,36764
WEVI,101.300000,High Point,NC,,4.6,17.7475,-64.836389,86811
WFAE,90.700000,Charlotte,NC,,100.0,35.287222,-80.695833,69436
WFDD,88.500000,Winston-Salem,NC,,60.0,35.917222,-80.293611,70708
WFHE,90.300000,Charlotte,NC,,4.0,35.849722,-81.444444,69437
WFJA,105.500000,Sanford,NC,,2.7,35.442889,-79.311361,74180
WFQS,91.300000,Asheville,NC,,0.265,35.173333,-83.581111,71880
WFSS,91.900000,Fayetteville,NC,,100.0,35.072778,-78.890833,21241
WFVL,102.300000,Fayetteville,NC,,6.0,34.596389,-79.010278,41311
WGEX,97.300000,Fayetteville,NC,,100.0,31.153333,-84.543889,52402
WGHW,88.100000,New Port,NC,,0.0,34.097694,-77.971722,89986
WGNI,102.700000,Fayetteville,NC,,100.0,34.051667,-78.0825,8581
WHKB,102.300000,Raleigh,NC,,6.0,47.135,-88.564722,27690
WHLC,104.500000,Highlands,NC,,0.54,35.061111,-83.184722,10351
WHPE-FM,95.500000,Charlotte,NC,,100.0,35.919722,-80.029722,5164
WHQR,91.300000,Wilmington,NC,,100.0,34.131389,-78.188056,22656
WHYC,88.500000,Swan Quarter,NC,,2.8,35.440833,-76.221944,28177
WIOZ-FM,102.500000,Southern Pines,NC,,3.4,35.151111,-79.477778,25204
WIVG,96.100000,Greensboro,NC,,4.1,34.726667,-90.161944,67247
WJSG,104.300000,Rockingham,NC,,6.0,34.810833,-79.727222,29672
WKBC-FM,97.300000,North Wilkesboro,NC,,100.0,36.076111,-81.128611,72458
WKGV,104.100000,Emerald Isle,NC,,5.4,34.724139,-77.248667,67339
WKHC,97.100000,Nags Head,NC,,29.0,35.485111,-76.000639,51417
WKIX-FM,102.900000,Raleigh,NC,,1.7,35.793889,-78.761389,4841
WKJO,102.300000,Raleigh,NC,,2.6,35.578611,-78.436111,61259
WKJX,96.700000,Eddenton,NC,,50.0,36.202778,-75.873056,49156
WKNC-FM,88.100000,Raleigh,NC,,25.0,35.7875,-78.670556,49160
WKNS,90.300000,New Bern,NC,,35.0,35.416944,-77.815833,14358
WKRR,92.300000,Greensboro,NC,,100.0,35.833056,-79.833889,16892
WKRX,96.700000,Roxboro,NC,,3.0,36.367778,-78.999444,57789
WKVC,88.900000,Fayettville,NC,,100.0,34.094722,-78.474167,14226
WKVS,103.300000,Lenoir,NC,,0.91,35.975,-81.551944,22015
WKXB,99.900000,Wilmington,NC,,26.0,34.097694,-77.971722,59481
WKXU,102.500000,Louisburg,NC,,1.5,36.103611,-78.965833,22322
WKZL,107.500000,Greensboro,NC,,100.0,36.275833,-79.940833,16891
WLFA,91.300000,Asheville,NC,,0.44,35.600556,-82.651944,2922
WLGT,98.300000,Greenville,NC,,1.35,35.487222,-77.045,48399
WLHC,103.100000,Angier,NC,,6.0,35.4425,-79.443611,85995
WLNK,107.900000,Charlotte,NC,,100.0,35.364167,-81.186944,30834
WLPS-FM,89.500000,Lumberton,NC,,0.0,34.700556,-79.108889,91947
WLXB,98.900000,Windsor,NC,,11.2,35.791389,-77.381667,53703
WLXK,88.300000,Boiling Springs,NC,,50.0,35.231111,-81.715833,23156
WMGU,106.900000,Southern Pines,NC,,50.0,34.998056,-79.263056,46948
WMIT,106.900000,Black Mountain,NC,,36.0,35.735,-82.286111,5970
WMLJ,90.500000,Morehead City,NC,,11.0,38.111667,-80.597778,24722
WMNC-FM,92.100000,Morganton,NC,,25.0,35.7525,-81.721944,13832
WMNX,97.300000,Wilmington,NC,,100.0,34.051667,-78.0825,8584
WNAA,90.100000,Greensboro,NC,,10.0,36.082778,-79.768889,47284
WNBB,97.900000,Statesville,NC,,50.0,35.000556,-76.832778,87566
WNBU,94.100000,Morehead City,NC,,11.0,35.000556,-76.832778,13651
WNCC,104.100000,Franklin,NC,,0.115,35.327222,-83.335833,14551
WNCD,93.300000,Charlotte,NC,,50.0,41.080556,-80.648333,13668
WNCU,90.700000,Durham,NC,,50.0,36.059167,-78.953889,49162
WNCW,88.700000,Spindale,NC,,17.0,35.735,-82.286389,29262
WNNT-FM,107.500000,Raleigh,NC,,6.0,37.944167,-76.751389,49025
WNTB,93.700000,Bald Head Island,NC,,6.0,34.301111,-77.801944,73954
WOBB,100.300000,Fayetteville,NC,,100.0,31.430833,-83.752778,74182
WOBR-FM,95.300000,Edemtpm,NC,,14.5,35.865,-75.65,73366
WOBX-FM,98.100000,Nags Head,NC,,50.0,35.865,-75.65,73365
WOGR-FM,93.300000,Charlotte,NC,,0.01,35.6675,-80.470278,48451
WOSN,97.100000,Winston-Salem,NC,,23.0,27.735,-80.4575,63823
WOTJ,90.700000,Newport,NC,,24.0,34.778056,-76.878333,24709
WOXL-FM,96.500000,Asheville,NC,,9.5,35.601111,-82.651944,37242
WPLW-FM,96.900000,Raleigh,NC,,100.0,35.397778,-78.135278,48369
WPNC-FM,95.900000,Plymouth,NC,,2.6,35.846667,-76.756111,52737
WPTM,102.300000,Roanoke Rapids,NC,,6.0,36.503611,-77.738889,39676
WPWZ,95.500000,Raleigh,NC,,12.5,35.945833,-77.660278,74222
WQDK,99.300000,Kill Devil Hills,NC,,3.7,36.274722,-76.721389,55247
WQDR-FM,94.700000,Raleigh,NC,,0.0,0.0,-0.0,9076
WQFS,90.900000,Greensboro,NC,,1.9,36.094167,-79.889167,68233
WQSM,98.100000,Fayetteville,NC,,100.0,35.079444,-78.932778,8582
WRAL,101.500000,Raleigh,NC,,96.0,35.676389,-78.535556,73920
WRCQ,103.500000,Fayetteville,NC,,48.0,35.0525,-78.648333,34826
WRHD,94.300000,Greenville,NC,,3.9,35.606944,-77.468056,26020
WRHT,96.300000,Morehead City,NC,,100.0,34.751944,-76.8825,18296
WRKV,88.900000,Raleigh,NC,,50.0,35.751389,-78.600278,60028
WRNO-FM,99.500000,Winston-Salem,NC,,100.0,29.9825,-89.9525,54890
WRNS-FM,95.100000,Kinston,NC,,100.0,35.104167,-77.336667,36950
WRQM,90.900000,Rocky Mount,NC,,7.5,35.811111,-77.7425,49158
WRSF,105.700000,Raleigh,NC,,100.0,35.888333,-76.230556,31940
WRSV,92.100000,Rocky Mount,NC,,3.3,35.881472,-78.070722,54823
WRTH,103.300000,Raleigh,NC,,2.7,34.998333,-82.138056,73241
WRTP,88.500000,Roanoke Rapids,NC,,24.0,36.295556,-78.105833,5018
WRVS-FM,89.900000,Elizabeth City,NC,,41.0,36.281944,-76.212222,19249
WSFL-FM,106.500000,New Bern,NC,,100.0,35.040833,-77.353056,70497
WSGE,91.700000,Dallas,NC,,7.5,35.407222,-81.13,23324
WSIF,90.900000,Wilkesboro,NC,,1.0,36.136667,-81.183889,72460
WSMW,98.700000,Charlotte,NC,,100.0,35.945,-79.8625,71272
WSNC,90.500000,Winston-Salem,NC,,10.0,36.09,-80.222222,72969
WSOE,89.300000,Elon,NC,,0.29,36.108333,-79.490833,19453
WSTK,104.500000,Angier,NC,,4.2,35.3025,-76.566667,85793
WSTS,100.900000,Fairmont,NC,,50.0,34.271389,-78.94,53608
WTEB,89.300000,New Bern,NC,,99.0,35.108889,-77.102778,14356
WTIB,103.700000,Morehead City,NC,,100.0,35.898333,-76.986111,9643
WTKF,107.100000,Newport,NC,,46.0,34.883611,-76.506194,3146
WTRG,97.900000,Roanoke Rapids,NC,,1.35,36.460556,-77.564444,17568
WUAG,103.100000,Greensboro,NC,,0.018,36.064167,-79.810278,68667
WUAW,88.300000,Erwin,NC,,3.0,35.3375,-78.663611,9842
WUIN,98.300000,Statesville,NC,,18.5,33.961111,-78.026944,48626
WUNC,91.500000,Chapel Hill,NC,,100.0,35.866389,-79.166667,66581
WUND-FM,88.900000,Chapel Hill,NC,,50.0,35.9,-76.345833,89274
WURI,90.900000,Chapel Hill,NC,,5.2,35.907778,-75.673889,91803
WVOD,99.100000,Nags Head,NC,,50.0,35.845556,-75.647222,50525
WVRD,90.500000,Raliegh,NC,,1.2,35.821944,-78.31,41094
WVRP,91.100000,Roanoke Rapids,NC,,2.0,36.468889,-77.650556,85603
WWIL-FM,90.500000,Wilmington,NC,,31.0,34.243611,-78.123333,12165
WWIP,89.100000,Winston-Salem,NC,,20.0,37.181389,-75.963056,90265
WWLV,94.100000,Lexington,NC,,100.0,35.917222,-80.293611,15839
WWMY,102.300000,Banner Elk,NC,,0.15,36.184167,-81.88,22224
WXDU,88.700000,Durham,NC,,2.15,36.035556,-79.08,17695
WXRC,95.700000,Newton,NC,,100.0,35.454444,-81.062778,51174
WXYC,89.300000,Chapel Hill,NC,,1.1,35.866389,-79.166667,63561
WYAY,106.300000,Shallotte,NC,,6.0,34.047222,-78.27,60882
WYBH,91.100000,Charlotte,NC,,0.255,35.059722,-78.99,85067
WYBJ,90.700000,Fayetteville,NC,,2.9,35.200556,-78.454167,85072
WYBV,89.900000,Charlotte,NC,,1.75,41.463889,-85.822778,88656
WYFA,107.100000,Charlotte,NC,,25.0,33.178333,-81.99,5167
WYFB,90.500000,Charlotte,NC,,97.0,29.87,-82.201944,5083
WYFC,95.300000,Charlotte,NC,,1.45,36.071667,-84.021944,5153
WYFD,91.700000,Charlotte,NC,,9.0,34.798056,-86.64,5118
WYFE,88.900000,Charlotte,NC,,60.0,28.377778,-82.673889,5173
WYFG,91.100000,Charlotte,NC,,100.0,35.115,-81.776667,5132
WYFH,90.700000,Charlotte,NC,,50.0,32.973611,-80.229444,5095
WYFI,99.700000,Charlotte,NC,,50.0,36.827778,-76.252222,5143
WYFJ,99.900000,Charlotte,NC,,6.0,37.563889,-77.458056,5096
WYFK,89.500000,Charlotte,NC,,50.0,32.670278,-84.953889,5144
WYFL,92.500000,Charlotte,NC,,100.0,36.225,-78.202778,5100
WYFO,91.900000,Charlotte,NC,,25.0,27.943056,-81.9125,5116
WYFP,91.900000,Charlotte,NC,,6.0,43.737222,-69.994167,17482
WYFQ-FM,93.500000,Charlotte,NC,,8.7,35.049167,-80.310556,73965
WYFS,89.500000,Charlotte,NC,,100.0,32.065,-81.351667,5163
WYFT,103.900000,Charlotte,NC,,6.0,38.638056,-78.401111,5110
WYFU,88.500000,Charlotte,NC,,16.0,39.786944,-79.989722,81152
WYFV,88.500000,Charlotte,NC,,50.0,33.908889,-81.099167,5101
WYFW,89.500000,Charlotte,NC,,6.0,33.991389,-83.762778,5125
WYHW,104.500000,Wilmington,NC,,17.0,34.097694,-77.971722,74159
WYLE,95.100000,Charlotte,NC,,19.0,41.252222,-80.357778,74469
WYMY,101.100000,Raleigh,NC,,100.0,35.9375,-79.441667,9080
WYQS,90.500000,Mars Hill,NC,,0.25,35.886667,-82.556389,40436
WYTT,99.500000,Roanoke Rapids,NC,,1.27,36.655556,-77.572778,78379
WZAX,99.300000,Roanoke Rapids,NC,,6.0,35.950278,-77.957222,76264
WZDG,88.500000,Wilmington,NC,,0.0,34.501944,-78.082778,88327
WZGO,91.100000,Jacksonville,NC,,40.0,35.3025,-76.566667,77845
WZKB,94.300000,Wallace,NC,,6.0,34.758333,-77.997778,31119
WZKT,97.700000,Morehead City,NC,,2.65,35.291111,-77.823611,57610
WZLV,90.700000,Winston-Salem,NC,,47.0,37.181389,-75.963056,85511
WZMB,91.300000,Greenville,NC,,0.28,35.600278,-77.364722,65601
WZNB,88.500000,New Bern,NC,,0.3,35.108889,-77.102778,94050
WZPE,90.100000,Wake Forest,NC,,4.5,35.475556,-76.812222,93744
WZPR,92.300000,Wanchese,NC,,10.0,35.846944,-75.622222,12158
WZQS,90.500000,Cullowhee,NC,,0.24,35.439722,-83.119722,71766
WZRI,89.300000,Fayetteville,NC,,0.0,35.170556,-78.962222,14227
WZUP,104.700000,Kinston,NC,,29.0,35.258611,-77.609167,17618
KABU,90.700000,Fort Totten,ND,,28.0,47.991944,-98.948056,15265
KAOC,105.100000,Valley City,ND,,100.0,48.643889,-97.979444,56712
KAUJ,100.900000,Grafton,ND,,3.0,48.398056,-97.448889,34474
KBMW-FM,92.700000,Fargo,ND,,6.0,46.280556,-96.588056,10066
KBTO,101.900000,Rugby,ND,,94.0,48.851667,-100.334444,16903
KBVB,95.100000,Fargo,ND,,100.0,46.819167,-96.765556,37001
KBWS-FM,102.900000,Valley City,ND,,100.0,45.614444,-97.414167,36355
KCND,90.500000,Fargo,ND,,50.0,46.589722,-100.800556,53317
KDPR,89.900000,Fargo,ND,,12.5,46.726111,-102.915556,53326
KDSR,101.100000,Williston,ND,,100.0,48.058611,-104.001389,56970
KDSU,91.900000,Fargo,ND,,100.0,47.013333,-97.193611,49213
KDVL,102.500000,Devils Lake,ND,,100.0,47.987778,-98.933056,15271
KEGK,106.900000,Wahpeton,ND,,41.0,46.546111,-96.6275,25533
KEYA,88.500000,Belcourt,ND,,19.0,48.843611,-99.750556,4590
KFAA,89.500000,Fargo,ND,,7.3,46.875278,-96.908611,92242
KFBN,88.700000,Fargo,ND,,30.0,47.013333,-97.193611,82193
KFJM,90.700000,Grand Forks,ND,,4.0,47.904722,-97.114722,69406
KGFX-FM,92.700000,Valley City,ND,,50.0,44.308333,-100.346944,56818
KGIM-FM,103.700000,Valley City,ND,,100.0,45.208333,-98.672222,70081
KHGN,106.700000,Valley City,ND,,55.0,37.315833,-101.337778,199
KHRT-FM,106.900000,Minot,ND,,50.0,48.163333,-101.298611,20488
KKJQ,97.300000,Valley City,ND,,100.0,37.78,-100.46,33690
KKMT,92.300000,Bismarck,ND,,60.0,47.773611,-114.267778,2205
KKOK-FM,95.700000,Fargo,ND,,100.0,45.603056,-95.887222,71876
KLME,95.700000,Langdon,ND,,6.0,48.755,-98.360556,35212
KLTA-FM,98.700000,Fargo,ND,,100.0,46.759722,-96.6075,21191
KMAV-FM,105.500000,Mayville,ND,,25.0,47.499167,-97.350833,54335
KMHA,91.300000,New Town,ND,,97.0,47.739722,-102.723333,22806
KMLO,100.700000,Valley City,ND,,100.0,45.273889,-99.9725,30210
KMPR,88.900000,Fargo,ND,,50.0,48.050833,-101.39,53319
KMXA-FM,99.900000,Minot,ND,,100.0,48.1825,-101.5325,34996
KNBZ,97.700000,Valley City,ND,,100.0,45.208333,-98.672222,84240
KNDR,104.700000,Mandan,ND,,100.0,46.586389,-100.805556,9869
KOYY,93.700000,Fargo,ND,,100.0,47.01,-97.194722,22123
KPFX,107.900000,Fargo,ND,,100.0,46.759722,-96.6075,47310
KPHR,106.300000,Valley City,ND,,100.0,45.104722,-96.988056,67753
KPLO-FM,94.500000,Valley City,ND,,100.0,43.9075,-99.696111,40635
KPPR,89.500000,Fargo,ND,,10.5,48.141667,-103.892778,53327
KPRJ,91.500000,Fargo,ND,,18.5,46.776667,-98.522222,53314
KQDJ-FM,101.100000,Valley City,ND,,100.0,46.939167,-98.308333,60498
KQDY,94.500000,"Bismarck,",ND,,100.0,46.941944,-100.693889,2204
KQLX-FM,106.100000,Lisbon,ND,,100.0,46.744167,-97.427222,60188
KQZZ,96.700000,Valley City,ND,,38.0,47.980278,-99.053056,56710
KRUE,92.100000,Fargo,ND,,9.8,44.045556,-93.383889,70930
KRWK,101.900000,Fargo,ND,,96.0,47.01,-97.194722,34422
KSKL,94.500000,Valley City,ND,,100.0,38.526389,-100.911667,71853
KSSA,105.900000,Valley City,ND,,100.0,37.78,-100.46,77873
KSSS,101.500000,Bismarck,ND,,100.0,46.941944,-100.693611,2210
KUND-FM,89.300000,Grand Forks,ND,,50.0,48.194389,-97.191222,69127
KVOX-FM,99.900000,Fargo,ND,,100.0,46.819167,-96.765556,35864
KXGT,98.300000,Valley City,ND,,100.0,47.093889,-99.036389,68625
KYCK,97.100000,Grand Forks,ND,,100.0,47.822222,-96.820278,62059
KYNU,95.500000,Valley City,ND,,100.0,46.939167,-98.308333,68627
KYTZ,106.700000,Valley City,ND,,16.0,48.643889,-97.979444,49019
KYYX,97.100000,Minot,ND,,95.0,48.050556,-101.341389,55680
KZLT-FM,104.300000,Grand Forks,ND,,100.0,47.813611,-96.93,35509
KADL,102.900000,Mccook,NE,,0.3,40.5125,-101.644167,88537
KAYL-FM,101.700000,Omaha,NE,,50.0,42.634722,-95.169444,49743
KBBK,107.300000,Lincoln,NE,,100.0,40.727222,-96.614167,35063
KBBN-FM,95.300000,Broken Bow,NE,,30.0,41.387222,-99.820833,14769
KBRB-FM,92.700000,Ainsworth,NE,,26.0,42.554444,-99.831111,33219
KBRX-FM,102.900000,"O'Neill,",NE,,100.0,42.435,-98.560833,55077
KCMI,97.100000,Scottsbluff,NE,,100.0,41.702222,-103.683333,11069
KCNE-FM,91.900000,Lincoln,NE,,8.4,42.813056,-103.006111,47963
KCNT,88.100000,Hastings,NE,,2.3,40.581111,-98.332778,9969
KCVG,89.900000,Hastings,NE,,16.0,40.786389,-98.366667,78448
KCVN,104.500000,Cozad,NE,,100.0,40.696667,-99.788333,69844
KDNE,91.900000,Crete,NE,,0.2,40.621111,-96.951111,17043
KEZO-FM,92.300000,Omaha,NE,,95.0,41.304444,-96.028056,74105
KFGE,98.100000,Lincoln,NE,,100.0,40.864444,-97.270556,6490
KFMT-FM,105.500000,Omaha,NE,,1.2,41.411111,-96.531389,34549
KGBI-FM,100.700000,Omaha,NE,,100.0,41.311111,-96.026944,24713
KGCR,107.700000,Aurora,NE,,100.0,39.367222,-101.445556,24714
KGRD,105.300000,Aurora,NE,,100.0,42.345833,-98.418056,66274
KHAQ,98.500000,Mccook,NE,,100.0,41.213611,-100.730278,86863
KHNE-FM,89.100000,Lincoln,NE,,64.0,40.771389,-98.089444,47964
KICX-FM,96.100000,Mccook,NE,,55.0,40.171389,-100.684444,57517
KIOD,105.300000,Mccook,NE,,100.0,40.190833,-100.808056,2119
KIOS-FM,91.500000,Omaha,NE,,55.0,41.2875,-95.993611,17416
KISO,96.100000,Omaha,NE,,82.0,41.308889,-96.025833,71411
KJBL,96.500000,Mccook,NE,,0.265,40.988333,-102.262222,84864
KJLT-FM,94.900000,North Platte,NE,,100.0,40.996944,-100.879722,67761
KKCD,105.900000,Omaha,NE,,50.0,41.201111,-95.953333,74103
KKOT,93.500000,Columbus,NE,,100.0,41.541111,-97.679167,28149
KKPR-FM,98.900000,Kearney,NE,,100.0,40.814722,-98.77,52804
KLIQ,94.500000,Omaha,NE,,97.7,40.602222,-98.839167,541
KLIR,101.100000,Columbus,NE,,100.0,41.28175,-97.408667,26627
KLNC,105.300000,Lincoln,NE,,3.2,40.727222,-96.614167,58730
KLNE-FM,88.700000,Lincoln,NE,,60.0,40.384722,-99.458333,47968
KLPR,91.100000,Kearney,NE,,3.8,40.704097,-99.095467,33787
KLSS-FM,106.100000,Lincoln,NE,,100.0,43.141944,-93.111111,47094
KMNE-FM,90.300000,Lincoln,NE,,94.6,42.334722,-99.483889,47984
KMOR,93.300000,Scottsbluff,NE,,100.0,41.839722,-103.826667,67473
KMTY,97.700000,Holdrege,NE,,50.0,40.602222,-98.839167,27174
KNEB-FM,94.100000,Scottsbluff,NE,,100.0,41.701111,-103.680278,51462
KNEN,94.700000,Norfolk,NE,,100.0,41.924444,-97.606111,9954
KNLV-FM,103.900000,Ord,NE,,97.0,41.901917,-99.103056,35246
KOBM-FM,97.300000,Omaha,NE,,25.0,41.639167,-96.208611,87840
KOOO,101.900000,Omaha,NE,,96.0,41.050278,-96.1925,35067
KOPW,106.900000,Omaha,NE,,25.0,41.155,-95.761667,52801
KOZY-FM,101.300000,Scottsbluff,NE,,100.0,41.839722,-103.826667,81766
KPAW,92.900000,"Scottsbluff,",NE,,33.0,41.076389,-105.202778,67474
KPNE-FM,91.700000,Lincoln,NE,,16.0,41.022778,-101.153889,47965
KPNO,90.900000,Aurora,NE,,100.0,42.104444,-97.336389,66272
KPNY,102.300000,Scottsbluff,NE,,100.0,41.841111,-103.074167,25879
KPRD,88.900000,Aurora,NE,,83.0,38.771111,-98.738056,66273
KQIQ,88.300000,Lincoln,NE,,0.0,40.1825,-96.975556,93284
KQKQ-FM,98.500000,Omaha,NE,,100.0,41.306944,-96.026944,43238
KQKX,106.700000,Norfolk,NE,,100.0,41.933056,-97.680278,73122
KQKY,105.900000,Omaha,NE,,97.6,40.602222,-98.839167,9778
KRFS-FM,103.900000,Superior,NE,,12.0,40.105556,-98.105833,64016
KRKR,95.100000,Lincoln,NE,,50.0,40.98,-96.696111,54707
KRNE-FM,91.500000,Lincoln,NE,,92.0,42.677222,-101.71,47955
KRNU,90.300000,Lincoln,NE,,0.1,40.819722,-96.703056,69268
KRNY,102.300000,Kearney,NE,,77.1,40.602222,-98.839167,47999
KROA,95.700000,Doniphan,NE,,100.0,40.786389,-98.366667,24712
KROR,101.500000,Lincoln,NE,,100.0,40.657778,-98.867778,26649
KSDZ,95.500000,Gordon,NE,,60.0,42.798889,-102.261111,17028
KSID-FM,98.700000,Sidney,NE,,100.0,41.182778,-103.195833,35603
KSTH,92.300000,Mccook,NE,,1.0,40.580278,-102.319722,85760
KSTY,104.500000,Lincoln,NE,,8.6,38.315,-105.211111,35551
KSWN,93.900000,Mccook,NE,,50.0,40.190833,-100.808056,70565
KSYZ-FM,107.700000,Lincoln,NE,,100.0,41.153611,-98.726944,41878
KTCH,104.900000,Norfolk,NE,,25.0,42.234444,-97.055556,35659
KTIC-FM,107.900000,Lexington,NE,,33.0,41.881389,-97.016111,33881
KTLB,105.900000,Lincoln,NE,,25.0,42.535556,-94.678889,28657
KTLX,91.300000,Columbus,NE,,0.25,41.440556,-97.353889,67200
KTMX,104.900000,York,NE,,2.5,40.841667,-97.587778,9935
KTNE-FM,91.100000,Lincoln,NE,,92.0,41.84,-103.055,47961
KUCV,91.100000,Lincoln,NE,,19.5,40.518333,-96.768333,47966
KUOO,103.900000,Omaha,NE,,50.0,43.405556,-95.083611,8502
KUQQ,102.100000,Omaha,NE,,50.0,43.405556,-95.083611,60002
KUSO,92.700000,West Point,NE,,50.0,41.830556,-97.686667,82844
KUTT,99.500000,Fairbury,NE,,100.0,40.184861,-96.974194,60291
KVNO,90.700000,Omaha,NE,,8.9,41.306944,-96.026944,69395
KVSS,102.700000,Lincoln,NE,,46.1,41.071083,-96.225333,34435
KWSC,91.900000,Wayne,NE,,0.32,42.243611,-97.009444,71191
KXNE-FM,89.300000,Lincoln,NE,,42.0,42.2375,-97.278056,47967
KXNP,103.500000,Omaha,NE,,100.0,41.213611,-100.73,9934
KYFG,88.900000,Omaha,NE,,0.085,41.313056,-96.01,50311
KYOY,92.300000,Scottsbluff,NE,,12.0,41.248611,-104.462778,77915
KZEN,100.300000,Lincoln,NE,,100.0,41.541111,-97.679167,50733
KZUM,89.300000,Lincoln,NE,,1.5,40.813056,-96.706667,63955
KTIJ,106.900000,Dover,NH,,100.0,34.9775,-99.409722,70631
WAKC,102.300000,Concord,NH,,3.0,43.216667,-71.576111,8683
WBYY,98.700000,Dover,NH,,6.0,43.236389,-70.893611,23253
WCNH,90.500000,Concord,NH,,0.2,43.193889,-71.574889,62166
WDER-FM,92.100000,Concord,NH,,0.17,42.861389,-71.879167,52399
WEEY,93.500000,West Lebanon,NH,,2.0,42.915833,-72.331111,4910
WEVC,107.100000,Berlin,NH,,6.0,44.458556,-71.174083,24235
WEVH,91.300000,Concord,NH,,0.165,43.708833,-72.154528,48439
WEVJ,99.500000,Concord,NH,,4.7,44.175,-71.168611,84239
WEVN,90.700000,Concord,NH,,1.5,43.033333,-72.367778,48440
WEVO,89.100000,Concord,NH,,50.0,43.214722,-71.574444,48438
WEVS,88.300000,Concord,NH,,3.5,42.75,-71.479722,84847
WEXP,101.500000,Waterbury,NH,,0.35,43.658611,-73.107222,65961
WFNQ,106.300000,Nashua,NH,,6.0,42.826667,-71.502778,23329
WFRD,99.300000,Hanover,NH,,6.0,43.653889,-72.295611,68281
WFTN-FM,94.100000,Franklin,NH,,6.0,43.473278,-71.606361,49390
WFYX,96.300000,Claremont,NH,,0.6,43.137222,-72.433056,23307
WGXL,92.300000,Lebanon,NH,,6.0,43.654722,-72.294722,56621
WHDQ,106.100000,Claremont,NH,,1.6,43.4375,-72.452222,17798
WINQ-FM,98.700000,Keene,NH,,2.15,42.915833,-72.331389,57228
WIXM,102.300000,Bedford,NH,,20.0,44.764722,-73.587778,34811
WJYY,105.500000,Concord,NH,,1.55,43.279444,-71.504167,54909
WKKN,101.900000,Lebanon,NH,,1.05,43.033333,-72.367694,46334
WKMY,99.900000,Claremont,NH,,1.85,42.594167,-72.200556,51124
WKNE,103.700000,Keene,NH,,12.0,43.033333,-72.367778,36834
WKNH,91.300000,Keene,NH,,0.275,42.926667,-72.281667,6681
WKVT-FM,92.700000,Keene,NH,,1.8,42.895833,-72.663611,57780
WLKC,105.700000,Bedford,NH,,4.1,43.7625,-71.65,72211
WLKZ,104.900000,Gilford,NH,,0.62,43.545917,-71.378556,65624
WLMW,90.700000,Amherst,NH,,0.015,42.983056,-71.590278,35251
WLTN-FM,96.700000,Littleton,NH,,6.0,44.219722,-71.868611,53636
WMTK,106.300000,Littleton,NH,,0.39,44.353889,-71.739722,72212
WMWV,93.500000,Conway,NH,,1.85,43.946667,-71.14,49200
WNEC-FM,91.700000,Henniker,NH,,0.12,43.176111,-71.822778,48405
WNHW,93.300000,Concord,NH,,0.3,43.397778,-71.550833,54908
WNNH,99.100000,Concord,NH,,2.8,43.213611,-71.688611,11664
WPCR-FM,91.700000,Plymouth,NH,,0.215,43.756944,-71.689722,52839
WPEA,90.500000,Exeter,NH,,0.1,42.978889,-70.95,68250
WPNH-FM,100.100000,Franklin,NH,,0.41,43.739167,-71.790833,52127
WPVQ-FM,95.300000,Claremont,NH,,0.61,42.698056,-72.605556,54780
WRSY,101.500000,Claremont,NH,,0.12,42.846111,-72.687778,17797
WSCS,90.900000,New London,NH,,0.063,43.411389,-71.975833,12228
WSCY,106.900000,Franklin,NH,,4.3,43.596111,-71.498611,49387
WSEW,88.700000,East Rochester,NH,,10.0,43.418056,-70.801111,73718
WTHK,100.700000,Claremont,NH,,0.13,42.959167,-72.922778,57728
WTPL,107.700000,Concord,NH,,1.25,43.154722,-71.795556,54910
WUNH,91.300000,Concord,NH,,1.75,43.156389,-70.940556,69327
WVMJ,104.500000,Conway,NH,,1.85,43.946667,-71.14,49204
WVNH,91.100000,Concord,NH,,0.0,43.398333,-71.423333,8698
WWOD,93.900000,West Lebanon,NH,,3.1,43.646944,-72.363611,57002
WWPC,91.700000,East Rochester,NH,,0.15,43.400278,-71.1575,43801
WXLF,95.300000,Claremont,NH,,6.0,43.653889,-72.295556,17801
WXRV,92.500000,Bedford,NH,,25.0,42.773056,-71.100278,49385
WXXK,100.500000,Lebanon,NH,,22.0,43.655,-72.295,54790
WXXS,102.300000,Lancaster,NH,,1.5,44.394167,-71.655556,77920
WYRY,104.900000,Winchester,NH,,4.1,42.775833,-72.454722,67813
WZID,95.700000,Manchester,NH,,14.5,42.983889,-71.589444,58550
WZKC,103.100000,Bedford,NH,,1.35,43.774444,-72.398611,37761
WZLF,107.100000,Claremont,NH,,1.15,43.209167,-72.332778,69493
KBFM,104.100000,Middletown,NJ,,100.0,26.100556,-97.839167,40777
KSBV,93.700000,Cape May Court House,NJ,,1.0,38.446389,-106.010278,87873
KTEX,100.300000,Middletown,NJ,,100.0,26.100278,-97.839167,64631
KXSM,93.100000,Saddle River,NJ,,2.5,36.4595,-121.298556,34526
WAIV,102.300000,Atlantic City,NJ,,6.0,38.992778,-74.813333,37475
WAJM,88.900000,Atlantic City,NJ,,0.0,39.365,-74.475278,3123
WAWZ,99.100000,Zarephath,NJ,,28.0,40.611389,-74.57,52601
WAYV,95.100000,West Altantic City,NJ,,50.0,39.380833,-74.450833,3125
WBBO,98.500000,Princeton,NJ,,3.4,39.715667,-74.291944,59495
WBEN-FM,95.700000,East Brunswick,NJ,,8.9,40.039167,-75.236944,22308
WBEV-FM,95.300000,North Brunswick,NJ,,6.0,43.469167,-88.825556,4474
WBEW,89.500000,Jersey City,NJ,,4.0,41.635,-87.049722,3248
WBGO,88.300000,Newark,NJ,,2.5,40.756111,-73.986667,48699
WBHX,99.700000,Neshanic Station,NJ,,5.6,39.561389,-74.240833,56233
WBJB-FM,90.500000,Lincroft,NJ,,0.9,40.321944,-74.1325,7116
WBLX-FM,92.900000,Red Bank,NJ,,98.0,30.6125,-87.645278,2540
WBOS,92.900000,East Brunswick,NJ,,18.5,42.347222,-71.083056,23439
WBQT,96.900000,East Brunswick,NJ,,22.5,42.347222,-71.083056,25050
WBZC,88.900000,Pemberton,NJ,,0.47,39.842778,-74.544444,7844
WCHR-FM,105.700000,Union,NJ,,13.0,39.715556,-74.291944,24934
WCNM,103.900000,Hazlet,NJ,,0.01,40.382,-74.210889,70644
WCRB,99.500000,East Brunswick,NJ,,27.0,42.653889,-71.217222,23441
WCSX,94.700000,East Brunswick,NJ,,13.5,42.453611,-83.163889,25084
WCVH,90.500000,Flemington,NJ,,0.078,40.556944,-74.905,28129
WCZT,98.700000,Cape May Court House,NJ,,6.0,39.009056,-74.870389,39914
WDBK,91.500000,Blackwood,NJ,,0.1,39.785,-75.038611,8468
WDHA-FM,105.500000,Cedar Knolls,NJ,,1.0,40.855833,-74.511667,49587
WDOT,95.700000,Bedford,NJ,,3.8,44.416111,-72.058889,4001
WDVR,89.700000,Sergeantsville,NJ,,0.006,40.51,-74.959444,52174
WENJ,97.300000,Wall,NJ,,50.0,39.320528,-74.771556,72981
WEZW,93.100000,Atlantic City,NJ,,4.1,38.992778,-74.813333,32201
WFDU,89.100000,Teaneck,NJ,,3.0,40.960833,-73.923056,20458
WFMU,91.100000,Jersey City,NJ,,1.25,40.788611,-74.255556,3249
WGLS-FM,89.700000,Glassboro,NJ,,0.75,39.694722,-75.298611,57778
WHCY,106.300000,Princeton,NJ,,0.43,41.048056,-74.9725,11984
WHTZ,100.300000,Secaucus,NJ,,6.0,40.748333,-73.986111,59953
WIBG-FM,94.300000,Cape May Courthouse,NJ,,6.0,39.229167,-74.681667,16910
WJLK,94.300000,Princeton,NJ,,1.3,40.229167,-74.090278,14907
WJPG,88.100000,Green Creek,NJ,,0.0,39.129722,-74.788333,86859
WJPH,89.900000,Woodbine,NJ,,1.0,39.280833,-74.853056,90117
WJRZ-FM,100.100000,Manahawkin,NJ,,1.7,39.798333,-74.202778,31078
WJSE,106.300000,Cape May Court Hse,NJ,,5.4,39.129833,-74.788194,72113
WJSV,90.500000,Morristown,NJ,,0.125,40.835,-74.485278,43849
WJUX,99.700000,Old Tappan,NJ,,1.4,41.801083,-74.784694,43653
WKMK,106.300000,Asbury Park,NJ,,1.1,40.278056,-74.080833,72324
WKNJ-FM,90.300000,Union,NJ,,0.009,40.676389,-74.233889,33783
WKXW,101.500000,Wall,NJ,,15.5,40.282778,-74.686389,53458
WLFR,91.700000,Pomona,NJ,,0.82,39.476194,-74.538972,63469
WLKA,88.300000,Trenton,NJ,,1.1,41.543611,-75.462222,41202
WLRB,102.700000,Somers Point,NJ,,4.1,39.351111,-74.448333,51575
WLVM,98.300000,Red Bank,NJ,,40.0,30.584722,-88.265833,68843
WMCX,88.900000,West Long Branch,NJ,,0.5,40.278889,-74.007222,43482
WMFU,90.100000,Jersey City,NJ,,1.1,41.426667,-74.581667,60031
WMGC-FM,105.100000,East Brunswick,NJ,,50.0,42.453611,-83.163889,40407
WMGK,102.900000,East Brunswick,NJ,,8.9,40.039167,-75.236944,25094
WMGM,103.700000,Linwood,NJ,,50.0,39.39,-74.5125,61100
WMGQ,98.300000,East Brunswick,NJ,,1.2,40.476944,-74.4925,55179
WMJX,106.700000,East Brunswick,NJ,,21.5,42.347222,-71.083056,25052
WMMR,93.300000,East Brunswick,NJ,,16.5,39.9525,-75.168056,25438
WMSC,90.300000,Upper Montclair,NJ,,0.001,40.864722,-74.200833,43579
WNJB-FM,89.300000,Trenton,NJ,,0.001,39.459722,-75.157778,48934
WNJH,105.500000,Atlantic City,NJ,,3.3,39.125556,-74.823889,40031
WNJM,89.900000,Trenton,NJ,,0.001,39.698056,-74.235,48460
WNJN-FM,89.700000,Trenton,NJ,,0.025,39.461111,-74.685,48483
WNJP,88.500000,Trenton,NJ,,0.45,41.143611,-74.538333,48471
WNJS-FM,88.100000,Trenton,NJ,,0.001,39.728056,-74.844167,48486
WNJT-FM,88.100000,Trenton,NJ,,0.0,40.282778,-74.686389,48488
WNJY,89.300000,Trenton,NJ,,0.001,40.887222,-74.698611,93964
WNJZ,90.300000,Trenton,NJ,,6.0,39.105,-74.801667,48464
WNNJ,103.700000,Princeton,NJ,,2.3,41.186667,-74.767778,25413
WOBM-FM,92.700000,Toms River,NJ,,1.48,39.875278,-74.165917,59508
WPEN,97.500000,Princeton,NJ,,26.0,40.0825,-75.181389,47427
WPPZ-FM,107.900000,Bridgeton,NJ,,0.78,39.9525,-75.168056,12211
WPRB,103.300000,Princeton,NJ,,14.0,40.282778,-74.686389,53567
WPSC-FM,88.700000,Wayne,NJ,,0.2,40.996111,-74.280833,72703
WRAT,95.900000,Cedar Knolls,NJ,,4.0,40.170833,-74.028333,59530
WRDR,89.700000,East Brunswick,NJ,,0.001,40.130278,-74.121944,20485
WRIF,101.100000,E. Brunswick,NJ,,27.0,42.470556,-83.250278,11278
WROR-FM,105.700000,East Brunswick,NJ,,23.0,42.347222,-71.083056,20438
WRPR,90.300000,Mahwah,NJ,,0.1,41.080833,-74.176111,55029
WRRC,107.700000,Lawrenceville,NJ,,0.02,40.278889,-74.7375,6109
WRSU-FM,88.700000,New Brunswick,NJ,,1.35,40.466667,-74.4375,4277
WSOU,89.500000,South Orange,NJ,,2.4,40.741111,-74.245,59707
WSUS,102.300000,Princeton,NJ,,0.59,41.143333,-74.539167,74077
WTHJ,106.500000,Ocean City,NJ,,1.45,39.631389,-74.353333,49984
WTKU-FM,98.300000,Linwood,NJ,,6.0,39.205,-74.659167,3139
WTSR,91.300000,Ewing,NJ,,1.5,40.271389,-74.781944,67625
WTTH,96.100000,Atlantic City,NJ,,3.3,39.376389,-74.452222,40030
WVBH,88.300000,Colts Neck,NJ,,0.001,39.715556,-74.292222,89740
WVLT,92.100000,Vineland,NJ,,6.0,39.498056,-75.075278,11974
WVPH,90.300000,Piscataway,NJ,,0.1,40.5225,-74.43125,52686
WWCJ,89.100000,Trenton,NJ,,8.2,39.124333,-74.765667,41201
WWFM,89.100000,Trenton,NJ,,1.15,40.258333,-74.649722,41194
WWNJ,91.100000,Trenton,NJ,,5.8,39.996833,-74.172917,41203
WWPH,107.900000,Princeton Junction,NJ,,0.017,40.305556,-74.621111,71694
WWPJ,89.500000,Trenton,NJ,,0.001,40.859389,-75.301222,78699
WWYY,107.100000,Hawthorne,NJ,,0.84,40.948056,-75.160556,54689
WXPJ,91.900000,Hackettstown,NJ,,5.4,40.852222,-74.873611,9759
WYPA,89.500000,Cherry Hill,NJ,,0.0,39.911944,-74.989167,7045
WYRS,90.700000,Manahawkin,NJ,,0.001,39.64,-74.292222,52173
WZBZ,99.300000,Atlantic City,NJ,,3.0,39.376389,-74.452222,1306
WZXL,100.700000,W. Atlantic City,NJ,,38.0,39.124444,-74.765556,70260
KACT-FM,105.500000,Clovis,NM,,3.0,32.347222,-102.556389,74560
KALT-FM,106.500000,Ruidoso Downs,NM,,0.5,41.499167,-120.625,82294
KANR,91.900000,Albuquerque,NM,,0.1,34.955556,-104.681389,93046
KANW,89.100000,Albuquerque,NM,,17.0,35.212222,-106.449167,4273
KBCQ-FM,97.100000,Roswell,NM,,100.0,33.401389,-104.379167,57722
KBDX,92.700000,Gallup,NM,,0.55,37.840278,-109.461111,89048
KBIM-FM,94.900000,"Roswell,",NM,,100.0,33.055556,-103.82,34854
KBKZ,96.500000,Raton,NM,,5.4,36.9925,-104.473333,78993
KBOM,88.700000,Aluquerque,NM,,0.1,34.071389,-106.962222,93246
KCDY,104.100000,Carlsbad,NM,,100.0,32.572778,-104.092222,33299
KCEI,90.100000,Red River,NM,,2.05,36.859444,-106.017222,82299
KCIE,90.500000,Dulce,NM,,0.1,36.983333,-106.97,31128
KCLV-FM,99.100000,Clovis,NM,,100.0,34.388333,-103.185278,74563
KDEM,94.300000,Deming,NM,,3.0,32.251389,-107.757778,39245
KDSK-FM,92.700000,Albuquerque,NM,,0.265,35.253056,-107.596111,52454
KEDP,91.100000,Las Vegas,NM,,1.32,35.594167,-105.220833,4281
KEND,106.500000,Roswell,NM,,65.0,33.384722,-104.722778,60059
KENW-FM,89.500000,"Portales,",NM,,100.0,34.252253,-103.239064,18344
KGLP,91.700000,Gallup,NM,,0.88,35.603611,-108.679167,23052
KGRT-FM,103.900000,Las Cruces,NM,,6.0,32.309167,-106.823333,63951
KHII,88.900000,Alamogordo,NM,,2.1,32.994167,-105.708056,89990
KHQT,103.100000,Las Cruces,NM,,1.0,32.405,-106.761389,33457
KIDS,88.100000,Albuquerque,NM,,0.1,35.119167,-107.900556,93047
KIDX,101.500000,Ruidoso,NM,,0.92,33.403889,-105.782222,87732
KJFA-FM,102.900000,Santa Fe,NM,,3.7,35.651667,-105.554167,83297
KKCQ-FM,96.700000,Fosston,NM,,25.0,47.606111,-95.425278,50324
KLAG,91.700000,Alamogordo,NM,,1.4,32.829722,-105.886111,81333
KLCR,95.300000,Ruidoso Downs,NM,,0.78,42.205,-120.327333,82295
KLJH,107.100000,Farmington,NM,,100.0,37.362778,-107.794444,78212
KLMA,96.500000,Hobbs,NM,,100.0,32.468056,-103.1575,50155
KLVF,100.700000,Las Vegas,NM,,10.0,35.596667,-105.205833,34441
KLYT,88.300000,Albuquerque,NM,,4.1,35.213611,-106.450278,10945
KMDZ,96.700000,Las Vegas,NM,,6.5,35.58,-105.216389,88975
KMOU,104.700000,Roswell,NM,,100.0,33.413611,-104.380278,14927
KMTH,98.700000,Portales,NM,,100.0,32.915278,-103.775278,4279
KMVR,104.900000,Las Cruces,NM,,3.0,32.301944,-106.802222,54946
KMXQ,92.900000,Albuquerque,NM,,0.137,34.045278,-106.905833,72615
KNFT-FM,102.900000,Alamogordo,NM,,5.1,32.863611,-108.240833,28126
KNMB,96.700000,Ruidoso Downs,NM,,1.0,33.403889,-105.781944,87766
KNMI,88.900000,Farmington,NM,,0.0,36.671111,-108.231667,47890
KNMZ,103.700000,Roswell,NM,,6.0,32.892111,-105.945,14030
KNUW,95.100000,Silver City,NM,,7.7,32.863056,-108.241111,41114
KOLZ,102.900000,Farmington,NM,,100.0,36.814444,-107.892222,76749
KOMX,100.300000,Carlsbad,NM,,32.0,35.5775,-100.952222,51419
KPCL,95.700000,Farmington,NM,,100.0,36.696111,-108.220278,70444
KPSA-FM,97.900000,Alamogordo,NM,,0.25,32.349167,-108.705,29027
KPZA-FM,103.700000,Hobbs,NM,,100.0,32.431389,-103.152222,31594
KPZE-FM,106.100000,Roswell,NM,,100.0,32.793889,-104.208056,77842
KQAY-FM,92.700000,Tucumcari,NM,,3.0,35.139722,-103.743056,54167
KQHT,96.100000,Minneapolis,NM,,100.0,47.845278,-96.839444,9657
KQLV,90.700000,Santa Fe,NM,,19.81,35.213889,-106.450278,59067
KQTY-FM,106.700000,Clovis,NM,,6.0,35.684722,-101.386667,74566
KRAR,91.900000,Espanola,NM,,5.9,36.152222,-106.039167,93833
KRRT,90.900000,Albuquerque,NM,,5.1,36.397778,-105.543333,94047
KRSY-FM,92.700000,Roswell,NM,,6.0,32.892111,-105.945,14028
KRTN-FM,93.900000,Raton,NM,,26.0,36.683056,-104.413889,55189
KRUX,91.500000,Las Cruces,NM,,1.9,32.282944,-106.747139,4209
KRWG,90.700000,Las Cruces,NM,,100.0,32.259167,-106.975,55515
KSCQ,92.900000,Silver City,NM,,11.5,32.844444,-108.238333,3367
KSFR,101.100000,Santa Fe,NM,,2.5,35.885833,-106.387778,67340
KSHI,90.900000,Zuni,NM,,0.1,35.088333,-108.789444,74600
KSJE,90.900000,Farmington,NM,,15.0,36.697778,-108.220556,58863
KSMX-FM,107.500000,Clovis,NM,,100.0,34.192778,-103.278889,64495
KSNM,98.700000,Las Cruces,NM,,49.0,32.970833,-107.223889,60322
KSSR-FM,95.900000,Albuquerque,NM,,50.0,34.946389,-104.652778,84190
KTAO,101.900000,Taos,NM,,1.2,36.246667,-105.654167,64602
KTDB,89.700000,Pine Hill,NM,,15.0,34.966389,-108.425278,55010
KTGW,91.700000,Farmington,NM,,12.0,36.696111,-108.220278,89170
KTQM-FM,99.900000,"Clovis,",NM,,100.0,34.363333,-103.218056,14749
KTUM,107.100000,Ruidoso Downs,NM,,100.0,32.880222,-103.684694,88798
KTZA,92.900000,Artesia,NM,,100.0,32.793889,-104.208056,52066
KUNM,89.900000,Albuquerque,NM,,18.5,35.212222,-106.449167,6083
KVLC,101.100000,Albuquerque,NM,,100.0,32.693056,-107.068333,31530
KWES-FM,93.500000,Ruidoso,NM,,25.0,33.386667,-105.670556,70824
KWFL,99.300000,Roswell,NM,,16.5,33.363056,-104.636389,57715
KWMW,105.100000,Ruidoso Downs,NM,,100.0,32.880222,-103.684694,39522
KWYK-FM,94.900000,Farmington,NM,,100.0,36.698333,-108.221667,4039
KXRC,105.300000,Farmington,NM,,16.5,37.262778,-107.899444,88463
KXXI,93.700000,Gallup,NM,,100.0,35.606111,-108.690556,35029
KXXQ,100.700000,Albuquerque,NM,,100.0,35.468611,-108.24,17161
KYAT,94.500000,Gallup,NM,,100.0,35.606111,-108.690556,35028
KYBR,92.900000,Espanola,NM,,15.5,36.097778,-106.121667,73118
KYEE,94.300000,Alamogordo,NM,,3.0,32.945,-105.946389,7866
KYFV,107.100000,Albuquerque,NM,,17.5,35.054167,-106.858611,228
KYVA-FM,103.700000,Gallup,NM,,100.0,35.606111,-108.690556,61902
KZXQ,104.500000,Ruidoso Downs,NM,,0.1,33.709722,-108.765556,78273
KZZX,105.300000,Alamogordo,NM,,0.91,32.83,-105.886667,34923
KAKT,105.100000,Las Vegas,NV,,52.0,42.428056,-123.001111,17573
KARN-FM,102.900000,Las Vegas,NV,,50.0,34.535,-92.409167,24151
KATM,103.300000,Las Vegas,NV,,50.0,37.575,-121.353611,11239
KBBD,103.900000,Las Vegas,NV,,34.0,47.599444,-117.299167,36488
KBEE,98.700000,Las Vegas,NV,,34.5,40.608333,-112.159444,53497
KBOI-FM,93.100000,Las Vegas,NV,,48.0,43.755833,-116.098333,39609
KBOY-FM,95.700000,Las Vegas,NV,,60.0,42.453056,-123.055833,33678
KBUL-FM,98.100000,Las Vegas,NV,,72.0,39.258889,-119.701667,11245
KCEP,88.100000,Las Vegas,NV,,9.8,36.008611,-115.006111,50390
KCHH,95.500000,Las Vegas,NV,,100.0,45.741389,-108.138611,1315
KCIR,90.700000,Las Vegas,NV,,44.1,42.336044,-113.605133,20532
KCLS,101.500000,Ely,NV,,40.0,36.846944,-113.491111,55461
KCMX-FM,101.900000,Las Vegas,NV,,42.0,42.298611,-122.748056,57434
KCNV,89.700000,Las Vegas,NV,,0.55,35.965833,-115.500833,48348
KCSP-FM,90.300000,Carson City,NV,,100.0,42.74,-106.306389,71810
KCTR-FM,102.900000,Las Vegas,NV,,100.0,45.766389,-108.455278,16773
KCYY,100.300000,Las Vegas,NV,,98.0,29.523611,-98.723611,48718
KDJK,103.900000,Las Vegas,NV,,0.071,37.533333,-120.024722,11241
KDRK-FM,93.700000,Las Vegas,NV,,60.0,47.570556,-117.081944,11242
KDSS,92.700000,Ely,NV,,32.0,39.246111,-114.9275,63558
KEHK,102.300000,Las Vegas,NV,,100.0,44.002222,-123.113889,7989
KEYF-FM,101.100000,Las Vegas,NV,,100.0,47.593056,-117.296111,53147
KEYW,98.300000,Las Vegas,NV,,25.0,46.082778,-119.160833,68846
KFDI-FM,101.300000,Las Vegas,NV,,100.0,37.796389,-97.533056,72357
KFHL,91.700000,Las Vagas,NV,,6.0,35.415278,-119.233611,89679
KFXJ,104.500000,Las Vegas,NV,,47.0,37.804167,-97.267778,37133
KHFI-FM,96.700000,Las Vegas,NV,,0.0,0.0,-0.0,11948
KHKK,104.100000,Las Vegas,NV,,50.0,37.652778,-121.477222,11240
KHMS,88.500000,Las Vegas,NV,,0.2,34.611111,-117.288889,20539
KHOP,95.100000,Las Vegas,NV,,29.5,37.792778,-120.518889,52528
KICT-FM,95.100000,Las Vegas,NV,,100.0,37.796389,-97.533056,63548
KIPR,92.300000,Las Vegas,NV,,100.0,34.37,-92.168611,13925
KISS-FM,99.500000,Las Vegas,NV,,97.7,29.274722,-98.264444,34976
KIZN,92.300000,Las Vegas,NV,,48.0,43.755833,-116.098333,70626
KJSR,103.300000,Las Vegas,NV,,100.0,36.020722,-95.657778,9801
KJUL,104.700000,Las Vegas,NV,,100.0,36.683333,-114.513333,63769
KKBR,97.100000,Las Vegas,NV,,28.0,45.766389,-108.455278,16774
KKFM,98.100000,Las Vegas,NV,,71.0,38.743333,-104.862222,11237
KKFT,99.100000,Minden,NV,,1.9,39.259444,-119.705833,9136
KKGL,96.900000,Las Vegas,NV,,48.0,43.755833,-116.098333,51212
KKMG,98.900000,Las Vegas,NV,,57.0,38.745278,-104.861389,11229
KKOB-FM,96.300000,Las Vegas,NV,,17.5,35.212222,-106.449444,48596
KKPK,92.900000,Las Vegas,NV,,60.0,38.745556,-104.861667,62038
KKTU-FM,99.500000,Fallon,NV,,6.0,39.490556,-118.818889,36244
KLAL,107.700000,Las Vegas,NV,,100.0,34.609444,-92.237222,47880
KLKO,93.700000,Elko,NV,,4.5,40.922222,-115.848889,19370
KLMT,89.300000,Carson City,NV,,1.5,45.76375,-108.454972,89849
KLNR,91.700000,Las Vegas,NV,,1.0,37.893889,-114.577778,48350
KLOQ-FM,98.700000,Carson City,NV,,6.0,37.278056,-120.626389,65374
KLRH,92.900000,Las Vegas,NV,,48.0,39.584167,-119.801667,64055
KLVP,97.900000,Las Vegas,NV,,52.35,45.488889,-122.694444,12501
KMGA,99.500000,Las Vegas,NV,,19.5,35.212222,-106.449444,11231
KMHK,103.700000,Las Vegas,NV,,100.0,45.766667,-108.4575,35370
KMZL,91.100000,Las Vegas,NV,,2.2,46.8025,-113.9725,78721
KMZO,90.700000,Las Vegas,NV,,5.0,46.229444,-114.233611,92534
KMZR,92.500000,Carson City,NV,,6.0,37.278056,-120.626389,11707
KNCC,91.500000,Reno,NV,,0.054,40.894722,-115.628889,49582
KNCJ,89.500000,Reno,NV,,2.85,39.584167,-119.797722,78489
KNEV,95.500000,Las Vegas,NV,,71.0,39.259444,-119.704444,11244
KNIS,91.300000,Carson City,NV,,67.0,39.258667,-119.709278,71818
KNPR,88.900000,Las Vegas,NV,,22.0,35.965278,-115.499658,79047
KNYE,95.100000,Pahrump,NV,,6.0,36.197778,-116.035556,78350
KOBQ,93.300000,Las Vegas,NV,,20.0,35.211667,-106.449722,11250
KOKY,102.100000,Las Vegas,NV,,4.1,34.766389,-92.339167,15161
KONO-FM,101.100000,Las Vegas,NV,,96.0,29.523611,-98.723611,50030
KORD-FM,102.700000,Las Vegas,NV,,100.0,46.099556,-119.127833,16726
KOTN,102.500000,Las Vegas,NV,,6.0,33.969722,-91.549444,81678
KPKK,101.100000,Las Vegas,NV,,26.0,36.640833,-116.398056,87384
KPLS-FM,97.700000,Las Vegas,NV,,25.0,39.705278,-104.204722,90911
KPZK-FM,102.500000,Las Vegas,NV,,3.0,34.922778,-92.008889,25860
KQCH,94.100000,Las Vegas,NV,,95.0,41.304444,-96.028056,50314
KQFC,97.900000,Las Vegas,NV,,48.0,43.755833,-116.098333,51217
KQXT-FM,101.900000,Las Vegas,NV,,100.0,29.418333,-98.483611,11962
KRAT,92.100000,Reno,NV,,10.5,39.584167,-119.801667,13528
KRAV-FM,96.500000,Las Vegas,NV,,100.0,36.196111,-96.098056,65764
KRFN,100.900000,Reno,NV,,6.0,39.367778,-119.785278,48683
KRGT,99.300000,Las Vegas,NV,,35.0,36.321111,-115.570833,11614
KRJC,95.300000,Elko,NV,,25.0,40.909722,-115.818056,27460
KRNG,101.300000,Wadsworth,NV,,1.65,39.708333,-119.171111,60327
KRNV-FM,102.100000,Las Vegas,NV,,11.0,39.584167,-119.797778,50305
KRRN,92.700000,Laughlin,NV,,100.0,36.601111,-114.585,27982
KRST,92.300000,Las Vegas,NV,,22.0,35.215278,-106.450556,12584
KSMG,105.300000,Las Vegas,NV,,97.5,29.274722,-98.264444,34977
KSOS,90.500000,Las Vegas,NV,,100.0,36.008056,-115.005556,20528
KSPW,96.500000,Las Vegas,NV,,50.0,36.954444,-93.289444,10119
KSQS,91.700000,Las Vegas,NV,,0.25,43.543611,-111.885278,92376
KSRN,107.700000,Reno,NV,,0.23,39.313333,-119.883056,34582
KSVL,92.300000,Smith,NV,,0.49,38.685,-119.184444,88665
KTGV,106.300000,Las Vegas,NV,,0.44,32.440556,-110.786667,57504
KTKX,106.700000,Las Vegas,NV,,100.0,29.184167,-98.513611,70357
KTMT-FM,93.700000,Las Vegas,NV,,27.0,42.081111,-122.719167,60313
KTPH,91.700000,Las Vegas,NV,,1.0,38.051944,-117.225,48356
KTTS-FM,94.700000,Las Vegas,NV,,98.0,37.175,-93.043056,62023
KUBL-FM,93.300000,Las Vegas,NV,,25.0,40.659444,-112.201389,11238
KUNR,88.700000,Reno,NV,,20.0,39.259444,-119.704444,69001
KUNV,91.500000,Reno,NV,,12.0,35.945883,-115.043147,68921
KURB,98.500000,Las Vegas,NV,,99.0,34.798889,-92.495556,19559
KVEG,97.500000,Las Vegas,NV,,100.0,36.585,-114.600278,83278
KVLO,101.700000,Las Vegas,NV,,6.0,34.549444,-91.757222,28114
KVOO-FM,98.500000,Las Vegas,NV,,99.0,36.19,-96.096667,68330
KWEN,95.500000,Las Vegas,NV,,100.0,36.196111,-96.098056,48722
KWNA-FM,92.700000,Winnemucca,NV,,0.47,41.011111,-117.766389,60047
KWPR,88.700000,Las Vegas,NV,,3.0,39.315,-115.088611,90472
KWYL,102.900000,Carson City,NV,,39.0,39.310556,-119.883611,67816
KXBL,99.500000,Las Vegas,NV,,100.0,35.833889,-96.124444,68331
KXRX,97.100000,Las Vegas,NV,,27.0,45.984444,-118.168889,16727
KYQQ,106.500000,Las Vegas,NV,,100.0,37.356667,-96.965278,37121
KZBD,105.700000,Las Vegas,NV,,100.0,47.578889,-117.296111,11243
KZSQ-FM,92.700000,Carson City,NV,,0.38,38.008333,-120.362222,11708
KZTB,97.900000,Las Vegas,NV,,100.0,45.794722,-118.168333,953
WALR-FM,104.100000,Las Vegas,NV,,100.0,33.6075,-84.903333,48728
WBAB,102.300000,Las Vegas,NV,,6.0,40.799444,-73.335556,71199
WBCT,93.700000,Las Vegas,NV,,320.0,42.632222,-85.537778,73606
WBGG-FM,105.900000,Las Vegas,NV,,100.0,25.992778,-80.174167,11965
WBHD,95.700000,Las Vegas,NV,,0.6,41.435833,-75.729167,43521
WBHJ,95.700000,Las Vegas,NV,,12.0,33.460278,-86.851944,730
WBHK,98.700000,Las Vegas,NV,,39.0,33.484444,-86.806944,65227
WBLI,106.100000,Las Vegas,NV,,49.0,40.842222,-73.040278,37235
WBPT,106.900000,Las Vegas,NV,,97.0,33.484444,-86.806944,5355
WBSX,97.900000,Las Vegas,NV,,6.3,41.182222,-75.872778,133
WCTO,96.100000,Las Vegas,NV,,50.0,40.598611,-75.42,36997
WCYY,94.300000,Las Vegas,NV,,11.5,43.544167,-70.404444,22880
WDUV,105.500000,Las Vegas,NV,,33.0,28.182222,-82.768333,1178
WEAN-FM,99.700000,Las Vegas,NV,,2.3,41.572778,-71.631944,4376
WEZN-FM,99.900000,Las Vegas,NV,,27.5,41.278889,-73.185556,48721
WGJC,97.100000,Las Vegas,NV,,2.0,40.8075,-77.941389,64850
WHFG,91.300000,Las Vegas,NV,,6.0,29.967778,-91.925278,83878
WHFM,95.300000,Las Vegas,NV,,5.0,40.934722,-72.3875,72176
WHIO-FM,95.700000,Las Vegas,NV,,50.0,40.2175,-84.293611,73908
WHKO,99.100000,Las Vegas,NV,,50.0,39.733889,-84.248056,14245
WHPT,102.500000,Las Vegas,NV,,100.0,27.408333,-82.25,51986
WHYN-FM,93.100000,Las Vegas,NV,,8.6,42.241111,-72.648889,55758
WJHT,92.100000,Las Vegas,NV,,0.58,40.370833,-78.983889,64848
WKCI-FM,101.300000,Las Vegas,NV,,12.0,41.433611,-72.945833,11930
WKKB,100.300000,Las Vegas,NV,,1.55,41.596667,-71.19,52318
WKTI,94.500000,Las Vegas,NV,,14.0,43.091389,-87.901944,74095
WLEV,100.700000,Las Vegas,NV,,11.0,40.565,-75.440556,39875
WLGD,107.700000,Las Vegas,NV,,2.35,41.315,-75.888611,19564
WMGS,92.900000,Las Vegas,NV,,5.3,41.182222,-75.872778,70880
WMWA,96.500000,Incline Village,NV,,16.0,44.782222,-74.219167,36121
WNCQ-FM,102.900000,Incline Village,NV,,23.5,44.536111,-75.096111,3410
WPAC,98.700000,Incline Village,NV,,6.0,44.578611,-75.514167,77827
WPKQ,103.700000,Las Vegas,NV,,21.5,44.270278,-71.304722,48401
WPOI,101.500000,Las Vegas,NV,,97.1,27.819444,-82.260833,66013
WPRO-FM,92.300000,Las Vegas,NV,,39.0,41.805,-71.473333,64841
WQLR,94.700000,Reno,NV,,50.0,44.782222,-74.219167,69847
WQNU,103.100000,Las Vegas,NV,,23.0,38.324444,-85.55,20332
WQUE-FM,93.300000,Las Vegas,NV,,98.8,29.919722,-90.024722,11915
WQXA-FM,105.700000,Las Vegas,NV,,25.0,39.998889,-76.695278,52169
WRCD,101.500000,Incline Village,NV,,50.0,44.598889,-74.773333,15821
WRKW,99.100000,Las Vegas,NV,,50.0,40.411389,-78.774722,64845
WRVQ,94.500000,Las Vegas,NV,,200.0,37.403611,-77.316389,11963
WRXL,102.100000,Las Vegas,NV,,20.0,37.614444,-77.515556,11961
WSB-FM,98.500000,Las Vegas,NV,,100.0,33.759167,-84.334722,73978
WSBB-FM,95.500000,Las Vegas,NV,,100.0,33.759167,-84.334722,11710
WSFR,107.700000,Las Vegas,NV,,8.2,38.173611,-85.913889,55499
WSJL,88.100000,Las Vegas,NV,,0.0,33.395833,-87.018611,88660
WSJR,93.700000,Las Vegas,NV,,1.45,41.261944,-75.967778,43969
WSRW-FM,105.700000,Las Vegas,NV,,265.0,42.654833,-85.527194,73605
WTRW,94.300000,Las Vegas,NV,,0.97,41.543611,-75.462222,58314
WVEI-FM,103.700000,La Vegas,NV,,37.0,41.573056,-71.632778,71720
WVEZ,106.900000,Las Vegas,NV,,24.5,38.371944,-85.825833,53595
WWBB,101.500000,Las Vegas,NV,,6.0,41.825111,-71.410556,54568
WWKL,106.700000,Las Vegas,NV,,14.0,40.171111,-76.597222,64842
WWLI,105.100000,Las Vegas,NV,,50.0,41.806667,-71.470278,64838
WYLD-FM,98.500000,Las Vegas,NV,,97.8,29.919722,-90.024722,11972
WYSX,96.700000,Incline Village,NV,,17.0,44.578611,-75.514167,49708
WZLR,95.300000,Las Vegas,NV,,6.0,39.631111,-83.894167,15649
WZZK-FM,104.700000,Las Vegas,NV,,97.8,33.484444,-86.806944,48724
KALI-FM,106.300000,New York,NY,,6.0,33.755833,-117.855,29020
KAYW,98.100000,New York,NY,,100.0,40.195833,-107.933333,84266
KBAC,98.100000,Pleasantville,NY,,100.0,35.372222,-105.367222,40639
KBFB,97.900000,New York,NY,,99.0,32.583889,-96.963333,9627
KBFO,106.700000,Pleasantville,NY,,100.0,45.465833,-98.335556,9670
KCAD,99.100000,Pleasantville,NY,,100.0,46.935833,-102.731944,57740
KDGE,102.100000,New York,NY,,98.48,32.588889,-96.968056,9620
KFMQ,106.100000,Pleasantville,NY,,100.0,35.494167,-108.742222,40806
KFMU-FM,104.100000,New York,NY,,1.4,40.236111,-106.875,34434
KFXR-FM,107.300000,Pleasantville,NY,,3.6,36.351944,-109.831667,66816
KGBV,90.700000,Long Island City,NY,,0.1,30.156389,-94.73875,93440
KGLX,99.100000,Pleasantville,NY,,51.0,35.605,-108.686389,60596
KIQX,101.300000,New York,NY,,100.0,37.262222,-107.902222,22174
KIZZ,93.700000,Pleasantville,NY,,100.0,48.053056,-101.434444,15968
KKDG,99.700000,Pleasantville,NY,,9.2,37.339167,-107.823611,8779
KKVM,104.700000,Pleasantville,NY,,95.0,39.634722,-106.446389,16269
KKYY,101.300000,Newburgh,NY,,50.0,42.356944,-96.133889,63940
KLOS,95.500000,New York,NY,,61.0,34.226944,-118.066111,35078
KLRJ,94.900000,Pleasantville,NY,,100.0,45.465833,-98.335556,9672
KMVP-FM,98.700000,New York,NY,,97.0,33.332778,-112.063333,52514
KNFO,106.100000,New York,NY,,1.6,39.315278,-106.96,8780
KNNW,103.100000,New York,NY,,25.0,32.195556,-92.163333,67283
KOMR,106.300000,Hawthorne,NY,,23.0,33.955833,-112.476111,55913
KQBT,93.700000,New York,NY,,100.0,29.574167,-95.493611,9625
KQMR,100.300000,Hawthorne,NY,,90.0,33.289722,-110.864722,22977
KRSJ,100.500000,New York,NY,,100.0,37.263056,-107.896111,22036
KRVG,95.500000,New York,NY,,1.0,39.418056,-107.366944,88077
KRWN,92.500000,Pleasantville,NY,,62.0,36.695833,-108.223056,47096
KSDN-FM,94.100000,Pleasantville,NY,,59.0,45.423889,-98.516944,25118
KSPN-FM,103.100000,New York,NY,,3.0,39.225833,-106.833333,43884
KSSC,107.100000,Hawthorne,NY,,0.37,34.348611,-119.3325,33567
KSSD,107.100000,Hawthorne,NY,,3.0,33.383611,-117.188889,35139
KSSE,107.100000,Hawthorne,NY,,6.0,34.180833,-118.027222,35113
KTCK-FM,96.700000,New York,NY,,90.0,33.436944,-97.484722,26468
KTFM,94.100000,New York,NY,,10.5,29.327222,-98.354722,2543
KTOP-FM,102.900000,Newburgh,NY,,30.0,39.063889,-95.763611,60034
KUZN,105.900000,West Valley,NY,,25.0,31.282222,-95.895,9087
KWIC,99.300000,Newburgh,NY,,6.8,39.063889,-95.763611,39997
KXRR,106.100000,New York,NY,,97.0,32.66,-92.0875,50405
KXTC,99.900000,Pleasantville,NY,,100.0,35.603611,-108.679167,74310
KZDB,100.500000,"Roswell, New Mexico",NY,,100.0,33.393611,-104.604444,57720
KZPR,105.300000,Pleasantville,NY,,100.0,48.053056,-101.434444,9675
KZRX,92.100000,Pleasantville,NY,,17.0,46.935833,-102.731944,57741
KZRZ,98.300000,New York,NY,,50.0,32.660556,-91.991111,52510
WAAL,99.100000,New York,NY,,8.7,42.058611,-75.951667,7920
WAER,88.300000,Syracuse,NY,,6.0,43.033611,-76.131389,64354
WAJZ,96.300000,Latham,NY,,0.47,42.636389,-74.000556,35537
WALF,89.700000,Alfred,NY,,0.2,42.254722,-77.786944,973
WALK-FM,97.500000,Parchogue,NY,,39.0,40.844722,-73.033611,10137
WAMC-FM,90.300000,Albany,NY,,10.0,42.637222,-73.168611,70849
WAMK,90.900000,Albany,NY,,0.94,42.076389,-74.107222,70502
WAMQ,105.100000,Albany,NY,,0.73,42.16,-73.48,70847
WANC,103.900000,Albany,NY,,1.55,43.831944,-73.407778,70842
WAQX-FM,95.700000,Syracuse,NY,,25.0,43.006944,-76.093889,52606
WARY,88.100000,Valhalla,NY,,0.042,41.070278,-73.790278,71709
WAXQ,104.300000,New York,NY,,6.0,40.748333,-73.986111,23004
WBAI,99.500000,New York,NY,,10.0,40.756111,-73.986667,51249
WBAR-FM,94.700000,Cohoes,NY,,1.25,43.304639,-73.751833,8678
WBAZ,102.500000,Southold,NY,,4.8,40.899444,-72.385,52061
WBBI,107.500000,Endwell,NY,,2.2,42.138056,-75.999722,18899
WBDR,106.700000,Watertown,NY,,1.8,43.879722,-75.719722,43748
WBEA,101.700000,Southold,NY,,6.0,40.869444,-72.576944,52060
WBER,90.500000,Penfield,NY,,2.5,43.033333,-77.419722,43523
WBFO,88.700000,Albany,NY,,50.0,43.003333,-78.765556,63113
WBKT,95.300000,Oneonta,NY,,0.47,42.435556,-75.513056,73139
WBKX,96.500000,Jamestown,NY,,1.4,42.367222,-79.386667,49207
WBLS,107.500000,New York,NY,,4.2,40.748333,-73.986111,28203
WBNW-FM,105.700000,Endwell,NY,,35.0,42.138056,-75.999722,19626
WBNY,91.300000,Buffalo,NY,,1.15,42.933056,-78.883056,63117
WBON,98.500000,Garden City,NY,,0.95,40.855,-72.769722,57672
WBPM,92.900000,Poughkeepsie,NY,,6.0,41.988889,-74.018889,43444
WBPW,96.900000,Syracuse,NY,,100.0,46.764444,-67.989722,22184
WBRV-FM,101.300000,Boonville,NY,,4.7,43.447778,-75.347222,65411
WBSU,89.100000,Brockport,NY,,7.3,43.2125,-77.954722,63118
WBTZ,99.900000,Peru,NY,,100.0,44.770528,-73.613469,52807
WBUG-FM,101.100000,Utica,NY,,1.25,42.878889,-74.785278,72625
WBWZ,93.300000,Hyde Park,NY,,0.33,41.699444,-74.003056,48615
WBXL,90.500000,Baldwinsville,NY,,0.175,43.163056,-76.313056,3639
WBZO,103.100000,Melville,NY,,1.55,40.750833,-73.213611,60245
WCAN,93.300000,Albany,NY,,6.0,42.896111,-74.595833,70503
WCBF,96.100000,Elmira,NY,,1.3,42.130833,-76.790556,71509
WCDB,90.900000,Albany,NY,,0.1,42.687778,-73.821944,63125
WCDJ,91.300000,Bath,NY,,0.25,41.524444,-76.071944,91944
WCDN-FM,90.300000,Bath,NY,,4.0,41.894167,-76.858889,20641
WCDO-FM,100.900000,Sidney,NY,,1.9,42.2925,-75.3675,9686
WCEL,91.900000,"Albany, Ny",NY,,0.38,44.774167,-73.613333,44032
WCIG,97.700000,Corning,NY,,0.61,42.141944,-77.077778,14713
WCIH,94.300000,Elmira,NY,,1.2,42.031861,-76.783944,52122
WCII,88.500000,Bath,NY,,17.0,42.013889,-76.264722,20635
WCIK,103.100000,Bath,NY,,1.4,42.470472,-77.536306,20631
WCIO,96.700000,Syracuse,NY,,3.4,43.484167,-76.386667,5344
WCIP,93.700000,Auburn,NY,,3.8,42.993889,-76.866389,34561
WCIS-FM,105.100000,Syracuse,NY,,33.0,42.782778,-75.841111,22134
WCIT-FM,106.300000,Oneida,NY,,1.75,43.036667,-75.443889,58038
WCIY,88.900000,Bath,NY,,0.68,42.745556,-77.426111,20643
WCKM-FM,98.500000,Glens Falls,NY,,0.37,43.42,-73.760278,19650
WCKR,92.100000,Hornell,NY,,2.55,42.343889,-77.626667,52842
WCLR,92.500000,Hawthorne,NY,,20.0,41.875833,-88.754444,15974
WCNY-FM,91.300000,Syracuse,NY,,18.5,42.945,-76.024444,66284
WCOG-FM,100.700000,Bath,NY,,7.7,41.66,-77.633889,73196
WCOQ,101.900000,Elmira,NY,,1.0,42.190278,-77.821389,52126
WCOT,90.900000,Bath,NY,,12.0,42.001667,-79.055278,20653
WCOU,88.300000,Bath,NY,,11.0,42.826667,-78.206944,20634
WCOV-FM,89.100000,Bath,NY,,7.0,42.118611,-78.178611,20640
WCPY,92.700000,Hawthorne,NY,,1.8,42.137222,-87.9825,15520
WCQL,95.900000,Glens Falls,NY,,0.38,43.42,-73.760278,36767
WCRQ,102.900000,Syracuse,NY,,51.0,45.028889,-67.323611,6782
WCSJ-FM,103.100000,Hawthorne,NY,,6.0,41.293056,-88.334444,17038
WCTW,98.500000,Hudson,NY,,4.7,42.200833,-73.835833,63527
WCVF-FM,88.900000,Fredonia,NY,,0.13,42.452222,-79.337222,4302
WCWP,88.100000,Brookville,NY,,0.1,40.816667,-73.596944,38332
WCZX,97.700000,Poughkeepsie,NY,,0.3,41.719722,-73.995833,4587
WDHI,100.300000,Delhi,NY,,1.6,42.378611,-74.839444,16442
WDKX,103.900000,"Rochester,",NY,,0.8,43.154722,-77.604444,43540
WDLA-FM,92.100000,Walton,NY,,0.69,42.136111,-75.08,16444
WDNB,102.100000,Clintondate,NY,,6.0,41.741667,-74.856389,72626
WDNY-FM,93.900000,Dansville,NY,,0.57,42.5125,-77.635278,15370
WDRQ,93.100000,New York,NY,,26.5,42.471111,-83.200833,70040
WDST,100.100000,Woodstock,NY,,3.0,41.99,-74.018611,10781
WDVD,96.300000,New York,NY,,20.0,42.453611,-83.163889,8631
WDVT,94.500000,Latham,NY,,6.0,43.567778,-73.008889,14719
WDWN,89.100000,Auburn,NY,,3.0,42.944444,-76.5425,9426
WEBB,98.500000,Syracuse,NY,,61.0,44.564444,-69.610833,52608
WEBE,107.900000,New York,NY,,50.0,41.170556,-73.184722,71389
WECW,107.700000,Elmira,NY,,0.009,42.096667,-76.816667,19446
WEDG,103.300000,New York,NY,,49.0,42.926111,-78.841111,56103
WEFX,100.700000,Watertown,NY,,6.0,43.820278,-76.091389,30799
WEHM,92.900000,Southold,NY,,3.1,40.855,-72.769722,52059
WEHN,96.900000,Amagansett,NY,,4.3,40.993611,-72.171944,18218
WELJ,104.700000,Amagansett,NY,,6.0,41.0325,-71.975278,7996
WENI-FM,92.700000,Apalachin,NY,,1.25,42.031861,-76.783944,77925
WEOS,89.500000,Geneva,NY,,6.0,42.808889,-77.086667,65559
WEXT,97.700000,Clifton Park,NY,,1.6,42.984722,-74.180278,23457
WFGB,89.700000,Lake Katrine,NY,,3.1,42.076389,-74.107222,60896
WFIZ,95.500000,Watertown,NY,,0.85,42.386944,-76.669722,36406
WFLK,99.300000,Seneca Falls,NY,,5.0,42.993889,-76.866389,5392
WFLY,92.300000,Latham,NY,,17.0,42.637778,-73.998611,832
WFME-FM,92.700000,Garden City,NY,,2.0,40.757222,-73.714444,30573
WFNP,88.700000,Albany,NY,,0.0,41.719167,-73.996389,63126
WFRY-FM,97.500000,Watertown,NY,,97.0,43.956389,-75.845833,71094
WFSO,88.300000,Rhinebeck,NY,,0.578,41.908333,-74.246111,11077
WFUV,90.700000,Bronx,NY,,46.0,40.88,-73.877778,22033
WGCC-FM,90.700000,Batavia,NY,,0.88,43.0175,-78.138333,23603
WGFR,92.700000,Queensbury,NY,,0.013,43.312222,-73.649444,6682
WGKR,105.300000,Lake Katrine,NY,,0.06,42.398611,-74.589722,60904
WGKV,101.700000,Pulaski,NY,,5.0,43.607778,-75.973056,1047
WGMC,90.100000,"North Greece,",NY,,15.0,43.244444,-77.693333,25113
WGNY-FM,98.900000,New York,NY,,1.35,41.840722,-73.990361,78943
WGRF,96.900000,New York,NY,,24.0,42.953611,-78.876667,56102
WGSU,89.300000,Geneseo,NY,,1.8,42.7975,-77.820278,63124
WGWR,88.100000,Lake Katrine,NY,,0.038,41.801083,-74.784694,79020
WHCL-FM,88.700000,Clinton,NY,,0.27,43.051111,-75.406667,68224
WHCR-FM,90.300000,New York City,NY,,0.008,40.819167,-73.949722,11412
WHHN,88.100000,New York,NY,,0.85,40.488611,-78.355556,91685
WHJM,88.700000,New York,NY,,0.0,40.467167,-84.190056,92988
WHPC,90.300000,Garden City,NY,,0.5,40.729722,-73.5925,47429
WHRW,90.500000,Binghamton,NY,,1.45,42.09,-75.968056,63105
WHTT-FM,104.100000,New York,NY,,50.0,42.830556,-78.800278,53968
WHUD,100.700000,Latham,NY,,50.0,41.338333,-73.894722,54854
WHUG,101.900000,Jamestown,NY,,6.0,42.131389,-79.220278,65591
WHVP,91.100000,Lake Katrine,NY,,0.0,42.307778,-73.493056,60899
WICB,91.700000,Ithaca,NY,,4.1,42.418611,-76.494167,29274
WIFF,90.100000,Johnson City,NY,,0.1,42.052778,-75.701944,2868
WIII,99.900000,Syracuse,NY,,26.0,42.556389,-76.155278,9427
WINU,104.900000,Latham,NY,,0.53,42.636389,-74.000556,27551
WIRQ,90.900000,Rochester,NY,,0.019,43.216389,-77.5975,71611
WITH,90.100000,Geneva,NY,,1.0,42.581944,-76.556111,86349
WITR,89.700000,Rochester,NY,,0.91,43.085556,-77.668056,57280
WIYN,94.700000,Walton,NY,,0.77,42.028889,-75.473611,16441
WJFF,90.500000,Jeffersonville,NY,,3.2,41.801083,-74.784694,54516
WJGK,103.100000,Newburgh,NY,,6.0,41.473611,-74.139444,63943
WJIV,101.900000,Albany,NY,,11.5,42.793333,-74.694722,73138
WJJR,98.100000,Latham,NY,,1.15,43.604722,-72.820556,31112
WJKE,101.300000,Armonk,NY,,2.9,43.011667,-73.683611,20467
WJNY,90.900000,Syracuse,NY,,7.1,43.862222,-75.727778,53729
WJPZ-FM,89.100000,Syracuse,NY,,1.0,43.033611,-76.131389,73148
WJQZ,103.500000,Ellenville,NY,,1.75,42.056667,-78.009444,19711
WJVC,96.100000,Riverhead,NY,,2.65,40.852222,-72.765278,54519
WJZR,105.900000,Rochester,NY,,3.0,43.159722,-77.578889,49193
WJZZ,88.100000,Walden,NY,,1.15,41.477056,-74.269389,89510
WKBE,107.100000,Queensbury,NY,,2.85,43.244444,-73.771667,49716
WKCR-FM,89.900000,New York,NY,,1.35,40.756111,-73.986667,68270
WKDL,104.900000,Canadaigua,NY,,6.0,43.164167,-77.783889,15834
WKGB-FM,92.500000,Binghamton,NY,,1.45,42.113333,-75.8525,34451
WKHX-FM,101.500000,New York,NY,,100.0,33.807222,-84.339444,73161
WKJY,98.300000,Garden City,NY,,3.0,40.685556,-73.610278,38338
WKLL,94.900000,Cicero,NY,,34.0,43.144444,-75.175556,54959
WKLZ,105.900000,Syracuse,NY,,4.0,43.058333,-76.166667,58719
WKPQ,105.300000,Hornell,NY,,43.0,42.292222,-77.674167,5309
WKRB,90.300000,Brooklyn,NY,,0.01,40.576667,-73.934444,34902
WKRH,106.500000,Cicero,NY,,6.0,43.408333,-76.556667,56996
WKRL-FM,100.900000,Cicero,NY,,6.0,43.151667,-76.132778,54547
WKVU,107.300000,Cierco,NY,,50.0,43.144444,-75.175556,54549
WKWV,90.100000,Dexter,NY,,0.4,43.954167,-75.729167,85461
WKWZ,88.500000,Syosset,NY,,0.125,40.796667,-73.462222,64351
WKXP,94.300000,Pleasantville,NY,,2.25,41.895556,-73.992222,27395
WKXZ,93.900000,Oneonta,NY,,26.0,42.5475,-75.4525,13824
WLFK,95.300000,Ogdensburg,NY,,6.0,44.339444,-75.4,66658
WLGU,90.700000,Snyder,NY,,1.0,42.904444,-78.670278,83428
WLIR-FM,107.100000,Hawthorne,NY,,4.1,40.885278,-72.692667,61089
WLIW-FM,88.300000,Brookville,NY,,5.9,40.888056,-72.445278,38340
WLJH,90.700000,Lake Katrine,NY,,0.0,43.42,-73.760278,77582
WLJP,89.300000,Lake Katrine,NY,,0.2,41.378333,-74.137778,60900
WLKK,107.700000,Williamsville,NY,,17.0,42.623611,-78.289167,9250
WLLG,99.300000,Boonville,NY,,1.0,43.753333,-75.563889,38934
WLLW,101.700000,Geneva,NY,,5.4,42.859444,-77.008056,40804
WLNG,92.100000,Sag Harbor,NY,,5.3,40.971944,-72.348333,39640
WLOF,101.700000,Batavia,NY,,2.8,42.782778,-78.457778,31812
WLPW,105.500000,Lake Placid,NY,,7.1,44.261944,-74.022778,54653
WLS-FM,94.700000,New York,NY,,4.4,41.878889,-87.635556,73228
WLTB,101.700000,Endicott,NY,,0.58,42.056111,-75.944167,71400
WLTW,106.700000,New York,NY,,6.0,40.748333,-73.986111,56571
WLYK,102.700000,Watertown,NY,,6.0,44.116111,-76.339167,8567
WMFM,107.900000,New York,NY,,0.0,24.555,-81.801389,14665
WMHI,94.700000,Syracuse,NY,,5.8,44.078333,-76.257222,40435
WMHN,89.300000,Syracuse,NY,,1.0,43.229167,-77.447778,40430
WMHQ,90.100000,Syracuse,NY,,2.7,44.828056,-74.378611,89863
WMHR,102.900000,Syracuse,NY,,20.0,42.966944,-76.2,40432
WMHT-FM,89.100000,Schenectady,NY,,6.1,42.625278,-74.010556,73266
WMKS,100.300000,New York,NY,,100.0,35.969167,-79.824722,74204
WMME-FM,92.300000,Syracuse,NY,,50.0,44.335278,-69.683611,52605
WMNV,104.100000,Cohoes,NY,,4.3,43.266944,-73.255833,20596
WMTT-FM,94.700000,Corning,NY,,12.0,42.061944,-77.360556,19858
WMVN,100.300000,Vernon,NY,,6.0,43.246111,-75.773611,85534
WMVQ,90.500000,Syracuse,NY,,0.049,42.97,-75.785278,87460
WMXW,103.300000,Endwell,NY,,0.52,42.061111,-75.945833,19624
WMYY,97.300000,Cohoes,NY,,0.8,42.630833,-74.266944,8677
WNBZ-FM,106.300000,Saranac Lake,NY,,1.47,44.695278,-73.883333,73315
WNED-FM,94.500000,Buffalo,NY,,94.0,42.637472,-78.768583,27669
WNGN,91.900000,Buskirk,NY,,2.0,43.225833,-73.442778,11120
WNJA,89.700000,Buffalo,NY,,6.0,42.046667,-79.090556,71913
WNTQ,93.100000,Syracuse,NY,,97.0,42.946667,-76.024444,50514
WNYC-FM,93.900000,New York,NY,,5.2,40.748333,-73.986111,73355
WNYE,91.500000,Brooklyn,NY,,2.0,40.756111,-73.986667,3539
WNYO,88.900000,Albany,NY,,0.1,43.451944,-76.544444,63122
WNYQ,101.700000,Queensbury,NY,,4.6,43.377778,-73.665556,3158
WNYR-FM,98.500000,Geneva,NY,,3.2,42.806111,-76.846389,36288
WNYU-FM,89.100000,New York,NY,,8.3,40.857222,-73.913333,48695
WOKN,99.500000,Elmira,NY,,1.7,42.031861,-76.783944,47322
WOLM,88.100000,Ridgeway,NY,,1.0,30.443611,-88.848333,93359
WOLN,91.300000,Buffalo,NY,,1.0,42.035556,-78.446389,63116
WONY,90.900000,Albany,NY,,0.18,42.467222,-75.061111,63109
WOSR,91.700000,Albany,NY,,1.8,41.601111,-74.554722,70848
WOZI,101.900000,Syracuse,NY,,7.9,46.5475,-67.809722,41007
WPDA,106.100000,Poughkeepsie,NY,,1.6,41.815833,-74.761667,3655
WPDH,101.500000,Poughkeepsie,NY,,4.4,41.719167,-73.996389,71514
WPGL,90.700000,Lake Katrine,NY,,0.03,42.85,-74.066111,60890
WPHD,98.700000,Corning,NY,,1.2,42.141944,-77.077778,19651
WPKF,96.100000,Poughkeepsie,NY,,3.5,41.737778,-73.905556,72380
WPLJ,95.500000,New York,NY,,6.7,40.748333,-73.986111,73887
WPNA-FM,103.100000,Hawthorne,NY,,6.0,42.137222,-87.9825,74177
WPNR-FM,90.700000,Utica,NY,,0.43,43.096389,-75.271944,64355
WPOB,88.500000,Plainview,NY,,0.125,40.796667,-73.462222,52782
WPTY,105.300000,Garden City,NY,,0.66,40.855,-72.77,31754
WQBK-FM,105.700000,Queensbury,NY,,7.1,42.785833,-73.628611,6613
WQHR,96.100000,Syracuse,NY,,95.0,46.5475,-67.809722,9422
WQNY,103.700000,Ithaca,NY,,16.5,42.386111,-76.669167,32390
WQRS,98.300000,Salamanca,NY,,3.2,42.108889,-78.607778,9408
WQTK,92.700000,Ogdensburg,NY,,3.0,44.705833,-75.465278,66661
WQXK,105.100000,Syracus,NY,,88.0,40.885556,-80.831944,37548
WQXW,90.300000,Dobbs Ferry,NY,,0.25,41.151944,-73.786111,71711
WRCN-FM,103.900000,Medford,NY,,1.4,40.852222,-72.765278,18239
WRCU-FM,90.100000,Hamilton,NY,,1.9,42.811208,-75.533822,12241
WRFX,99.700000,New York,NY,,84.0,35.287222,-80.695833,53970
WRGR,102.100000,Lake Placid,NY,,0.14,44.159722,-74.476111,56078
WRHO,89.700000,Oneonta,NY,,0.27,42.457222,-75.073611,26330
WRHU,88.700000,Hempstead,NY,,0.47,40.7175,-73.603333,27443
WRHV,88.700000,Schenectady,NY,,0.0,41.719167,-73.996389,73265
WRMW,91.300000,New York,NY,,5.4,44.906389,-87.370833,92563
WRNP,94.100000,New York,NY,,3.4,40.980833,-85.28,46434
WRNQ,92.100000,Poughkeepsie,NY,,0.52,41.719167,-73.996389,17771
WRPI,91.500000,Troy,NY,,10.0,42.687222,-73.706111,55742
WRPJ,88.900000,Lake Katrine,NY,,0.5,41.426667,-74.581667,60889
WRRB,96.900000,Poughkeepsie,NY,,0.31,41.719167,-73.996389,10780
WRRV,92.700000,Poughkeepsie,NY,,6.0,41.456944,-74.44,3136
WRUC,89.700000,Schenectady,NY,,0.1,42.817778,-73.929167,68273
WRUN,90.300000,Albany,NY,,1.2,43.346611,-75.233,87836
WRUR-FM,88.500000,Rochester,NY,,15.1,43.135278,-77.584167,69138
WRVD,90.300000,Oswego,NY,,0.28,43.040833,-76.139444,63131
WRVJ,91.700000,Oswego,NY,,1.6,43.862222,-75.727778,63108
WRVN,91.900000,Albany,NY,,1.9,43.141944,-75.226667,63130
WRVO,89.900000,Oswego,NY,,50.0,43.420556,-76.544167,63115
WRWB-FM,99.300000,Poughkeepsie,NY,,0.115,41.685,-74.356389,63525
WRWD-FM,107.300000,Hyde Park,NY,,0.33,41.699444,-74.003056,70719
WSBG,93.500000,New York,NY,,0.43,40.948056,-75.160556,47424
WSBU,88.300000,St Bonaventure,NY,,0.165,42.079167,-78.485278,62106
WSEN,103.900000,Syracuse,NY,,3.0,43.476667,-76.278889,67058
WSHR,91.900000,Lake Ronkonkoma,NY,,6.0,40.836111,-73.099722,4169
WSIA,88.900000,Staten Island,NY,,0.011,40.5975,-74.114722,65557
WSKG-FM,89.300000,Binghamton,NY,,11.5,42.061111,-75.946111,74039
WSKS,97.900000,Utica,NY,,1.5,43.037222,-75.444444,53630
WSKU,105.500000,Utica,NY,,2.25,42.990833,-74.918333,67460
WSLJ,88.900000,Canton,NY,,0.28,43.956333,-75.840639,66429
WSLL,90.500000,Canton,NY,,0.6,44.341111,-74.128611,66435
WSLO,90.900000,Canton,NY,,0.2,44.829444,-74.375278,66431
WSLU,89.500000,Canton,NY,,40.0,44.533611,-75.097222,66433
WSNN,99.300000,Potsdam,NY,,3.0,44.643889,-75.057778,62135
WSPK,104.700000,Beacon,NY,,7.4,41.488611,-73.947778,19630
WSPN,91.100000,Saratoga Springs,NY,,0.25,43.098611,-73.786111,60538
WSQA,88.700000,Binghamton,NY,,4.5,42.267222,-77.631944,81145
WSQC-FM,91.700000,Binghamton,NY,,0.57,42.424167,-75.0425,74056
WSQE,91.100000,Binghamton,NY,,3.6,42.105556,-76.871389,74030
WSQG-FM,90.900000,Binghamton,NY,,5.0,42.581944,-76.556111,74054
WSQX-FM,91.500000,Binghamton,NY,,3.5,42.131667,-75.932222,74064
WSRK,103.900000,Oneonta,NY,,1.4,42.423889,-75.0425,68737
WSSK,89.700000,Lake Katrine,NY,,0.0,43.193056,-73.756944,76980
WSUC-FM,90.500000,Cortland,NY,,1.4,42.596667,-76.189722,63111
WSUL,98.300000,Monticello,NY,,2.2,41.660556,-74.687222,56075
WSYR-FM,106.900000,Syracuse,NY,,9.0,43.002778,-76.199444,25018
WTKV,105.500000,Cicero,NY,,4.0,43.415556,-76.465,24131
WTKW,99.500000,Cicero,NY,,5.7,43.156667,-75.956944,22234
WTOJ,103.100000,Watertown,NY,,1.8,43.954167,-75.729167,11625
WTSC-FM,91.100000,Potsdam,NY,,0.7,44.6625,-75.001944,11719
WUBJ,88.100000,Buffalo,NY,,2.7,42.179722,-79.341389,63120
WUNY,89.500000,Syracuse,NY,,6.3,43.143889,-75.177778,53735
WUSB,90.100000,Albany,NY,,3.6,40.842222,-73.039722,63110
WUTQ-FM,100.700000,New Hartford,NY,,1.6,43.0375,-75.195833,14532
WUUF,103.500000,Newark,NY,,6.0,43.268056,-77.161111,71153
WVBR-FM,93.500000,Ithaca,NY,,3.8,42.429167,-76.451167,13909
WVCR-FM,88.300000,Loudonville,NY,,2.8,42.636944,-74.001389,60295
WVHC,91.500000,Herkimer,NY,,0.0,43.032778,-75.008611,27032
WVIN-FM,98.300000,Elmira,NY,,4.5,42.318333,-77.3575,52121
WVIP,93.500000,New Rochelle,NY,,1.75,40.88,-73.877778,28023
WVKR-FM,91.300000,Poughkeepsie,NY,,3.7,41.640278,-74.021111,69833
WVLF,96.100000,Jamesville,NY,,25.0,44.903056,-74.883889,60470
WVLI,92.700000,Hawthorne,NY,,3.0,41.122778,-87.893056,62360
WVOS-FM,95.900000,Liberty,NY,,6.0,41.7525,-74.716944,43970
WVPO,96.700000,Port Jervis,NY,,5.0,41.131389,-74.979167,53036
WVTQ,95.100000,Latham,NY,,0.105,43.1655,-73.120444,54687
WWLL,105.700000,Ballston Lake,NY,,19.0,27.358056,-81.472778,57627
WWPR-FM,105.100000,New York,NY,,6.0,40.748333,-73.986111,6373
WWSE,93.300000,Jamestown,NY,,26.5,42.085,-79.289444,29919
WWSK,94.300000,Melville,NY,,2.6,40.802222,-73.286667,29260
WWZY,107.100000,Hawthorne,NY,,5.0,40.304722,-73.985556,32983
WXBA,88.100000,Brentwood,NY,,0.18,40.771944,-73.255278,6726
WXHC,101.500000,Homer,NY,,1.3,42.686667,-76.198333,20318
WXLG,89.900000,Canton,NY,,0.2,43.672778,-74.049444,66425
WXLH,91.300000,Canton,NY,,0.078,43.871667,-74.400556,66427
WXLU,88.100000,Canton,NY,,1.0,44.573611,-73.674722,66428
WXNY-FM,96.300000,New York,NY,,6.0,40.748333,-73.986111,29022
WXPK,107.100000,Hawthorne,NY,,1.9,41.080278,-73.807222,50056
WXUR,92.700000,Ilion,NY,,6.4,43.143889,-75.177778,2761
WXXI-FM,91.500000,Rochester,NY,,45.0,43.135278,-77.584167,74218
WXXY,90.300000,Rochester,NY,,6.0,42.3775,-78.179167,27689
WYAI,93.700000,Queensbury,NY,,1.25,42.856667,-74.0675,64620
WYGG,88.100000,Brooklyn,NY,,0.001,40.217222,-74.010556,19867
WYJB,95.500000,Latham,NY,,12.0,42.636389,-74.0,836
WYKV,94.500000,Schenectady,NY,,3.0,42.556389,-73.868056,73929
WYXL,97.300000,Ithaca,NY,,26.0,42.465,-76.373056,18051
WZAD,97.300000,Poughkeepsie,NY,,0.62,41.601111,-74.554722,74285
WZCR,93.500000,Hudson,NY,,5.8,42.253611,-73.7625,63532
WZOZ,103.100000,Norwich,NY,,2.0,42.424444,-75.076667,66664
WZRV,95.300000,Front Royal,NY,,6.0,38.975278,-78.201667,63529
WZUN-FM,102.100000,Warners,NY,,6.0,43.101111,-76.282778,60253
WZXV,99.700000,Farmington,NY,,2.8,43.033333,-77.421389,51353
KLCX,106.900000,Cincinnati,OH,,100.0,37.944444,-104.998889,25526
KPOS,104.300000,Sunbury,OH,,5.0,33.351389,-93.844722,87570
KSLX-FM,100.700000,Columbus,OH,,100.0,33.331389,-112.063056,11282
WAIF,88.300000,Cincinnati,OH,,1.6,39.126667,-84.485,63203
WAKS,96.500000,Akron,OH,,31.0,41.280556,-81.622778,49952
WAKW,93.300000,Cincinnati,OH,,50.0,39.205278,-84.556389,52599
WAPS,91.300000,Akron,OH,,2.0,41.064722,-81.583056,6051
WBGU,88.100000,Bowling Green,OH,,0.45,41.375833,-83.642778,6567
WBIK,92.100000,Cambridge,OH,,6.0,40.026944,-81.5525,70555
WBKS,93.900000,Napoleon,OH,,14.0,40.956667,-84.132222,40714
WBNO-FM,100.900000,Bryan,OH,,6.0,41.478056,-84.578333,72782
WBNS-FM,97.100000,Columbus,OH,,20.5,39.971111,-83.027778,54701
WBNV,93.500000,Cambridge,OH,,2.5,39.902778,-81.210278,70553
WBWC,88.300000,Berea,OH,,4.0,41.418056,-81.900833,3638
WCBE,90.500000,Columbus,OH,,11.0,39.962167,-83.002306,4325
WCDQ,106.300000,Cincinnati,OH,,3.4,40.055278,-86.9325,74304
WCJO,97.700000,Jackson,OH,,3.0,39.029167,-82.5975,29684
WCKX,107.500000,Cincinnati,OH,,1.9,39.962778,-82.996111,27645
WCKY-FM,103.700000,Tiffin,OH,,50.0,41.138889,-83.245833,70526
WCLI-FM,101.500000,Medina,OH,,6.0,39.883889,-84.071389,10113
WCLT-FM,100.300000,Newark,OH,,50.0,40.033889,-82.402222,71285
WCLV,90.300000,Cleveland,OH,,47.0,41.371667,-81.713333,12025
WCMJ,96.700000,Cambridge,OH,,1.35,40.039444,-81.646667,3362
WCMO,98.500000,Marietta,OH,,0.004,39.418611,-81.442222,40116
WCSB,89.300000,Cleveland,OH,,0.63,41.503333,-81.675,65553
WCSM-FM,96.700000,Celina,OH,,2.2,40.552778,-84.517222,26471
WCSU-FM,88.900000,Wilberforce,OH,,0.4,39.715833,-83.874167,9958
WCVJ,90.900000,Jefferson,OH,,1.85,41.630556,-80.76,612
WCVO,104.900000,New Albany,OH,,6.0,40.067778,-82.860556,11138
WCVV,89.500000,Belpre,OH,,4.4,39.324167,-81.625833,4640
WCWT-FM,107.300000,Centerville,OH,,0.023,39.627222,-84.148333,9780
WDEQ-FM,91.700000,Degraff,OH,,0.1,40.315,-83.923056,56576
WDJQ,92.500000,Alliance,OH,,50.0,40.790278,-81.107222,14914
WDOH,107.100000,Delphos,OH,,3.3,40.831944,-84.353056,70436
WDOK,102.100000,Cleveland,OH,,12.0,41.382778,-81.701944,28525
WDPG,89.900000,Dayton,OH,,50.0,40.146944,-84.61,15882
WDPR,88.100000,Dayton,OH,,0.78,39.721111,-84.25,61582
WDPS,89.500000,Dayton,OH,,6.0,39.757778,-84.193333,15880
WEEC,100.700000,Springfield,OH,,50.0,39.961667,-83.868056,73726
WFCJ,93.700000,Dayton,OH,,50.0,39.659722,-84.314722,41457
WFCO,90.900000,Lancaster,OH,,0.0,39.680278,-82.5975,36478
WFHM-FM,95.500000,Cleveland,OH,,31.0,41.442222,-81.491111,54778
WFOT,89.500000,Mansfield,OH,,0.36,40.726667,-82.616389,92877
WFRO-FM,99.100000,Fremont,OH,,11.5,41.366111,-83.088889,73388
WFTK,96.500000,Cincinnati,OH,,19.5,39.353056,-84.325,10143
WFXJ-FM,107.500000,Ashtabula,OH,,3.6,41.884444,-80.641111,76320
WFXN-FM,102.300000,Ashland,OH,,3.5,40.757222,-82.789722,39730
WGBE,90.900000,Toledo,OH,,0.85,41.479722,-84.597222,53733
WGDE,91.900000,Toledo,OH,,6.0,41.294722,-84.39,53713
WGGN,97.700000,Castalia,OH,,0.64,41.396667,-82.791944,11028
WGLE,90.700000,Toledo,OH,,50.0,40.654167,-84.11,53715
WGNH,94.900000,Jackson,OH,,2.2,38.708333,-82.670833,61177
WGOJ,105.500000,Conneaut,OH,,6.0,41.861667,-80.516944,5092
WGTE-FM,91.300000,Toledo,OH,,13.5,41.6575,-83.431944,66287
WGUC,90.900000,Cincinnati,OH,,18.5,39.124972,-84.498944,6126
WGZB-FM,96.500000,Cincinnati,OH,,1.6,38.173611,-85.913889,53202
WHBC-FM,94.100000,Canton,OH,,45.0,40.898056,-81.318611,4488
WHEI,88.900000,Tiffin,OH,,0.1,41.116389,-83.1675,26688
WHIZ-FM,92.700000,New Albany,OH,,16.0,39.714444,-82.069444,11126
WHKC,91.500000,Powell,OH,,15.0,39.937222,-83.021111,10929
WHOF,101.700000,Dover,OH,,6.0,40.822778,-81.428056,73135
WHOT-FM,101.100000,Youngstown,OH,,24.5,41.057222,-80.639444,13670
WHSS,89.500000,Hamilton,OH,,1.0,39.43,-84.628611,25896
WHTD,106.300000,Cincinnati,OH,,6.0,39.884167,-83.425278,63949
WHVT,90.500000,Cldye,OH,,2.7,41.295833,-82.973889,12081
WHWN,88.300000,Cleveland,OH,,0.7,41.704722,-81.242778,85786
WILE-FM,97.700000,Coshocton,OH,,1.5,40.039444,-81.646667,13982
WILT,103.700000,Columbus,OH,,22.0,34.097678,-77.971722,52023
WIZF,101.100000,Cincinnati,OH,,2.5,39.105,-84.556944,5893
WJAW-FM,100.900000,Marietta,OH,,1.9,39.555278,-81.850833,54264
WJCU,88.700000,University Heights,OH,,2.5,41.49,-81.531667,31478
WJIC,91.700000,Zanesville,OH,,4.1,39.960278,-82.216667,85074
WJKR,103.900000,Columbus,OH,,6.0,39.966667,-83.107778,60099
WJKW,95.900000,Castalia,OH,,5.5,39.236111,-82.071111,11035
WJUC,107.300000,Toledo,OH,,3.0,41.641667,-83.900833,71442
WJZE,97.300000,Millbury,OH,,4.3,41.471944,-83.418056,55183
WKCD,90.300000,Cedarville,OH,,8.7,39.724444,-84.255,65515
WKCO,91.900000,Gambier,OH,,0.265,40.373611,-82.395833,34261
WKET,98.300000,Kettering,OH,,0.013,39.696111,-84.161944,34301
WKFM,96.100000,Elyria,OH,,3.4,41.301389,-82.487778,39170
WKHR,91.500000,Chagrin Falls,OH,,0.75,41.463611,-81.293889,34028
WKKI,94.300000,Celina,OH,,5.2,40.5725,-84.589444,60848
WKKJ,94.300000,Chillicothe,OH,,19.0,39.331111,-82.996944,74224
WKKY,104.700000,Geneva,OH,,6.0,41.791667,-81.091944,47103
WKLM,95.300000,Coshocton,OH,,3.0,40.485833,-81.845833,73178
WKLN,102.300000,Wilmington,OH,,3.0,39.365,-83.768889,58372
WKNA,98.300000,Logan,OH,,6.0,39.528611,-82.385,38270
WKOV-FM,96.700000,Jackson,OH,,16.0,39.029167,-82.5975,29691
WKRJ,91.500000,Kent,OH,,2.0,40.563889,-81.518056,34042
WKRK-FM,92.300000,Cleveland,OH,,40.0,41.442222,-81.491111,74473
WKRT,89.300000,Cincinnati,OH,,4.2,39.868889,-84.796389,74295
WKRW,89.300000,Kent,OH,,2.1,40.774444,-81.918056,34046
WKSD,99.700000,Van Wert,OH,,3.0,41.058889,-84.591667,56182
WKSU,89.700000,Kent,OH,,12.0,41.082778,-81.633889,34045
WKSV,89.100000,Kent,OH,,50.0,41.692778,-81.0475,34040
WKTL,90.700000,Struthers,OH,,13.5,41.051667,-80.598889,4267
WKWO,90.900000,Wooster,OH,,1.05,40.828056,-81.870556,65558
WKXA-FM,100.500000,Findlay,OH,,20.0,40.916667,-83.595833,5849
WLFC,88.300000,Findlay,OH,,4.6,41.117778,-83.543889,21474
WLHS,89.900000,West Chester,OH,,0.085,39.316111,-84.369722,36445
WLKP,91.900000,Belpre,OH,,5.2,39.346111,-81.498611,38912
WLKR-FM,95.300000,Norwalk,OH,,3.3,41.280278,-82.6575,21486
WLKV,90.700000,Belpre,OH,,2.5,38.808167,-81.718111,38915
WLRD,96.900000,Castalia,OH,,6.0,40.96,-82.621111,81963
WLRY,88.900000,Rushville,OH,,1.1,39.778056,-82.423889,86826
WLZZ,104.500000,Montpelier,OH,,3.0,41.515,-84.661944,36272
WMAN-FM,98.300000,Ashland,OH,,0.86,40.582778,-82.473611,50121
WMCO,90.700000,New Concord,OH,,1.2,40.001667,-81.738611,47111
WMJM,101.300000,Cincinnati,OH,,2.0,38.228333,-85.639444,10322
WMKV,89.300000,Springdale,OH,,0.41,39.223056,-84.432222,61575
WMLQ,97.700000,Cincinnati,OH,,2.5,44.211111,-86.298056,39787
WMRT,88.300000,Marietta,OH,,9.2,39.418611,-81.442222,40117
WMTR-FM,96.100000,Archbold,OH,,3.8,41.558056,-84.185556,48957
WMUB,88.500000,Oxford,OH,,24.5,39.557222,-84.793056,66278
WMVR-FM,105.500000,Sidney,OH,,6.0,40.301111,-84.205833,15998
WMWX,88.900000,Hamilton,OH,,4.6,39.321667,-84.959167,93070
WNCO-FM,101.300000,Ashland,OH,,50.0,40.840278,-82.357222,2925
WNDH,103.100000,Napoleon,OH,,3.3,41.3,-84.156111,40713
WNIR,100.100000,Akron,OH,,4.2,41.107778,-81.355278,41077
WNKL,96.900000,Wauseon,OH,,5.0,41.600833,-83.9075,78441
WNKN,105.900000,Middletown,OH,,34.0,39.515833,-84.351389,54833
WNKO,101.700000,Newark,OH,,22.0,40.143889,-82.638889,57936
WNLT,104.300000,Fairfield,OH,,2.0,39.105,-84.556944,69986
WNND,103.500000,Dublin,OH,,4.2,39.95,-82.724722,60590
WNNP,104.300000,Dublin,OH,,3.4,40.306111,-83.329167,30563
WNPQ,95.900000,Uhrichsville,OH,,4.1,40.5975,-81.492222,68421
WNRK,90.700000,Kent,OH,,4.0,41.180556,-82.389167,90728
WNWV,107.300000,Elyria,OH,,20.0,41.269444,-82.004444,19462
WNZR,90.900000,Mount Vernon,OH,,1.3,40.370833,-82.468056,46748
WOBN,97.500000,Westerville,OH,,0.029,40.124444,-82.935,50761
WOBO,88.700000,Owensville,OH,,15.5,39.061944,-84.097222,71288
WODC,93.300000,Cincinnati,OH,,32.0,39.876111,-82.980278,52042
WOGI,104.300000,East Liverpool,OH,,13.0,40.587222,-80.420833,13711
WOHA,94.900000,Ada,OH,,3.0,40.766111,-83.837222,50133
WOHC,90.100000,Cedarville,OH,,7.0,39.345833,-83.1875,65503
WOHF,92.100000,Bellevue,OH,,5.8,41.238611,-82.837778,4625
WONE-FM,97.500000,Akron,OH,,12.0,41.064722,-81.583056,43873
WOSA,101.100000,Columbus,OH,,6.0,39.814444,-83.056111,28644
WOSB,91.100000,Columbus,OH,,2.5,40.684444,-83.256667,66193
WOSE,91.100000,Columbus,OH,,6.0,40.341667,-81.965556,66192
WOSP,91.500000,Columbus,OH,,0.11,38.761667,-83.061389,66187
WOSU-FM,89.700000,Columbus,OH,,40.0,40.017222,-83.019722,66191
WOSV,91.700000,Columbus,OH,,0.75,40.709167,-82.486389,66184
WOSX,91.100000,Granville,OH,,0.1,40.071111,-82.523333,16595
WOUB-FM,91.300000,Athens,OH,,50.0,39.314444,-82.149722,50149
WOUC-FM,89.100000,Athens,OH,,5.0,40.092222,-81.288611,50142
WOUH-FM,91.900000,Athens,OH,,0.75,39.329444,-82.802222,50143
WOUL-FM,89.100000,Athens,OH,,50.0,38.523056,-82.655556,50146
WOUZ-FM,90.100000,Athens,OH,,0.0,39.813889,-81.955833,50140
WOXY,97.700000,Oxford,OH,,2.7,39.515833,-84.351389,3653
WPKO-FM,98.300000,Bellefontaine,OH,,1.75,40.368056,-83.733889,69626
WPOS-FM,102.300000,Holland,OH,,6.0,41.625556,-83.711389,65946
WPYK,104.100000,Middletown,OH,,100.0,38.683333,-83.012778,54813
WQAL,104.100000,Cleveland,OH,,12.0,41.341111,-81.74,72889
WQEL,92.700000,Bucyrus,OH,,3.0,40.763611,-82.933333,7112
WQIO,93.700000,Ashland,OH,,37.0,40.405,-82.438889,74475
WQKT,104.500000,Wooster,OH,,0.0,0.0,-0.0,74201
WQLX,106.500000,Hillsboro,OH,,4.8,39.331111,-82.996944,65701
WQMX,94.900000,Akron,OH,,16.0,41.082778,-81.633889,43872
WQRP,89.500000,West Carrollton,OH,,6.0,39.757778,-84.193333,15884
WRAC,103.100000,West Union,OH,,6.0,38.870556,-83.765278,50136
WRBI,103.900000,Cincinnati,OH,,2.65,39.223611,-85.256111,2873
WRDL,88.900000,Ashland,OH,,3.0,40.861389,-82.319722,2933
WREO-FM,97.100000,Ashtabula,OH,,50.0,41.816111,-80.781111,54566
WRGZ,96.700000,Cincinnati,OH,,42.0,45.350556,-83.783056,49304
WRKZ,99.700000,Marble Cliff,OH,,20.0,39.971111,-83.027778,49107
WRMU-FM,91.100000,Alliance,OH,,2.8,40.904444,-81.1125,43921
WROU-FM,92.100000,Dayton,OH,,1.05,39.718056,-84.255833,26451
WRQW,107.700000,Ashtabula,OH,,4.5,41.489722,-79.735278,88380
WRUW-FM,91.100000,Cleveland,OH,,15.0,41.520556,-81.584167,9255
WSEO,107.700000,Nelsonville,OH,,3.0,39.460556,-82.219167,48258
WSGR,88.300000,Cedarville,OH,,1.7,38.761667,-83.061389,65508
WSNY,94.700000,Columbus,OH,,0.0,0.0,-0.0,22339
WSTB,88.900000,Streetsboro,OH,,0.68,41.151111,-81.336944,63537
WTGN,97.700000,Lima,OH,,6.0,40.756389,-84.133333,3037
WTKC,89.700000,Findley,OH,,0.2,41.053056,-83.653611,92793
WTNS-FM,99.300000,Coshocton,OH,,1.2,40.275,-81.826944,13983
WTOD,106.500000,Toledo,OH,,4.8,41.513611,-83.85,67275
WTOH,98.900000,Cincinnati,OH,,2.6,39.971111,-83.027778,73972
WTUZ,99.900000,New Philadelphia,OH,,5.3,40.438611,-81.433611,74144
WUBE-FM,105.100000,Cincinnati,OH,,14.5,39.125,-84.498889,10140
WUDR,98.100000,Dayton,OH,,0.013,39.787222,-84.239722,69423
WUFM,88.700000,Westerville,OH,,5.0,39.937778,-83.021111,20758
WUSO,89.100000,Springfield,OH,,0.0,39.935833,-83.811389,65468
WVIW,104.100000,Coshocton,OH,,2.45,39.299722,-80.291667,17065
WVKO-FM,103.100000,Cleveland,OH,,1.6,40.228889,-82.659944,58633
WVMC-FM,90.700000,Mansfield,OH,,1.55,40.7225,-82.531111,39815
WVNO-FM,106.100000,Mansfield,OH,,40.0,40.763889,-82.617778,31855
WVNU,97.500000,Greenfield,OH,,2.3,39.407389,-83.353889,61331
WVRB,95.300000,Fairfield,OH,,4.1,37.960278,-84.545,69991
WVVV,96.900000,Marietta,OH,,3.5,39.338167,-81.499056,77779
WVXG,95.100000,Cincinnati,OH,,6.0,40.5875,-82.805556,74300
WVXU,91.700000,Cincinnati,OH,,26.0,39.125278,-84.499167,74302
WWFY,100.900000,Ashtabula,OH,,4.5,44.125111,-72.474417,17808
WWJM,105.900000,New Lexington,OH,,1.7,39.776944,-82.165,52322
WWKC,104.900000,Cambridge,OH,,3.0,39.813056,-81.610556,70554
WWLG,102.500000,Zanesville,OH,,15.0,39.770778,-82.740361,61230
WWSU,106.900000,Dayton,OH,,0.02,39.782556,-84.061667,73952
WWWY,106.100000,Cincinnati,OH,,0.0,0.0,-0.0,61195
WXBW,101.500000,Gallipolis,OH,,50.0,38.805278,-82.226667,70691
WXIZ,100.900000,Waverly,OH,,4.2,39.215556,-82.978611,14651
WXMF,91.900000,Upper Sandusky,OH,,6.0,40.614167,-83.215556,93251
WXML,90.100000,Upper Sandusky,OH,,15.0,40.914722,-83.125556,33626
WXTQ,105.500000,Athens,OH,,6.0,39.355,-82.092222,71097
WXTS-FM,88.300000,Toledo,OH,,0.105,41.668611,-83.554167,4194
WXUT,88.300000,Toledo,OH,,0.1,41.657222,-83.615833,69200
WXXF,107.700000,Loudonville,OH,,6.0,40.616111,-82.092778,33066
WXZQ,100.100000,Piketon,OH,,6.0,39.098056,-82.955556,15920
WXZX,105.700000,Colombus,OH,,2.4,39.969444,-83.002778,64716
WYBL,98.300000,Ashtabula,OH,,4.7,41.853833,-80.689083,87818
WYBZ,107.300000,Zanesville,OH,,3.6,39.787278,-82.096972,74317
WYDA,96.900000,Dayton,OH,,6.0,39.946944,-84.191389,69990
WYHT,105.300000,Mansfield,OH,,50.0,40.769167,-82.539722,67611
WYKL,98.700000,Elyria,OH,,2.6,40.757444,-82.789444,41880
WYLR,101.900000,Cleveland,OH,,3.0,41.092778,-80.499444,63498
WYNT,95.900000,Upper Sandusky,OH,,4.6,40.681944,-83.0075,68681
WYRO,98.700000,Jackson,OH,,5.4,39.155,-82.596944,29601
WYSA,88.500000,Maumee,OH,,10.0,41.558056,-84.185556,60277
WYSM,89.300000,Maumee,OH,,3.0,40.654167,-84.11,82006
WYSO,91.300000,Yellow Springs,OH,,36.0,39.671944,-84.076222,2374
WYSU,88.500000,Youngstown,OH,,50.0,41.056444,-80.645472,74434
WYSZ,89.300000,Mouclova,OH,,2.7,41.625278,-83.671111,60276
WZAK,93.100000,Cleveland,OH,,27.5,41.280556,-81.622778,74465
WZCP,89.300000,Cincinnati,OH,,2.1,39.345833,-83.1875,74298
WZIP,88.100000,Akron,OH,,7.5,41.082778,-81.633889,66613
WZJS,100.700000,Cleveland,OH,,0.15,36.184167,-81.88,60647
WZNN,96.100000,Cincinnati,OH,,6.0,38.204167,-84.5475,59387
WZNP,89.300000,Zanesville,OH,,5.5,39.979444,-82.211111,89343
WZOM,105.700000,Napoleon,OH,,6.0,41.223056,-84.376667,40711
WZOO-FM,102.500000,Ashtabula,OH,,5.8,41.828889,-80.824444,7819
WZWP,89.500000,Cincinnati,OH,,3.0,38.857222,-83.610556,74301
KADA-FM,99.300000,Ada,OK,,5.5,34.708611,-96.74,33498
KALU,89.300000,Langston,OK,,0.01,35.943611,-97.261111,36529
KAYE-FM,90.700000,"Tonkawa,",OK,,1.2,36.678333,-97.297222,49589
KBCW-FM,91.900000,Edmond,OK,,0.7,34.986944,-95.702778,66622
KBLP,105.100000,Lindsay,OK,,2.0,34.900278,-97.565556,60727
KBTE,104.900000,Ardmore,OK,,96.6,33.959722,-101.588889,1302
KBZQ,99.500000,Lawton,OK,,25.0,34.595556,-98.551944,72712
KCCU,89.300000,Lawton,OK,,5.0,34.623333,-98.271111,8484
KCLI-FM,99.300000,Ardmore,OK,,4.4,35.445278,-98.988611,60813
KCNP,89.500000,Ada,OK,,5.8,34.683611,-96.762222,88713
KCXR,100.300000,Muskogee,OK,,4.0,35.811556,-95.56975,64514
KDDQ,105.300000,Kingston,OK,,6.0,34.436667,-97.913056,37687
KDKR,91.300000,Tulsa,OK,,40.0,33.386667,-97.565833,14463
KECO,96.500000,Elk City,OK,,100.0,35.406111,-99.498333,51564
KEMX,94.500000,Sapulpa,OK,,2.3,36.251389,-95.2225,35973
KEOJ,101.100000,Sapulpa,OK,,6.0,36.971944,-95.896389,35975
KEYB,107.900000,Altus,OK,,100.0,34.770639,-99.538194,1193
KFXI,92.100000,Marlow,OK,,100.0,34.680556,-98.017222,3338
KFXT,90.700000,Marlow,OK,,7.0,34.549167,-96.976111,60510
KFXU,90.500000,Marlow,OK,,10.0,34.909167,-97.958056,87937
KGLC,100.900000,Miami,OK,,6.0,36.89,-94.785556,17691
KGOU,106.300000,Norman,OK,,6.0,35.289,-97.357333,69369
KGVE,99.300000,Grove,OK,,14.5,36.684167,-94.886389,8184
KHIM,97.700000,Altus,OK,,2.25,34.9775,-99.409722,85874
KINB,105.300000,Bethany,OK,,0.93,35.727222,-97.875,88376
KIRC,105.900000,Shawnee,OK,,4.4,35.307778,-96.755,50351
KITO-FM,96.100000,Vinita,OK,,50.0,36.582222,-95.026389,17034
KITX,95.500000,Broken Arrow,OK,,50.0,33.910833,-95.500833,26159
KIXO,106.100000,Marlow,OK,,2.65,34.650833,-96.99,9942
KJCM,100.300000,Altus,OK,,18.0,34.645,-99.084167,76352
KJKE,93.300000,Oklahoma City,OK,,100.0,35.191111,-97.596944,50168
KJMM,105.300000,Oklahoma City,OK,,10.0,35.861389,-95.7675,35015
KJMZ,97.900000,Oklahoma City,OK,,6.0,34.591806,-98.548472,35031
KJOV,90.700000,Woodward,OK,,25.0,36.402222,-99.429722,73666
KJRF,91.100000,Lawton,OK,,100.0,34.689444,-98.126111,82987
KJTH,89.700000,Ponca City,OK,,100.0,36.595,-97.577222,81146
KKAJ-FM,95.700000,Ardmore,OK,,50.0,34.39725,-96.921306,11181
KKBI,106.100000,Idabel,OK,,17.0,34.245833,-94.782778,8782
KKBS,92.700000,Guymon,OK,,11.5,36.670278,-101.48,43279
KKEN,97.100000,Anadarko,OK,,6.0,34.511944,-97.967778,17729
KKNG-FM,97.300000,Anadarko,OK,,1.0,35.177222,-97.602778,73947
KKRD,91.100000,Enid,OK,,0.45,36.399167,-97.88,19603
KKVO,90.900000,Altus,OK,,4.0,34.9775,-99.409722,1192
KLBC,106.300000,Durant,OK,,16.5,34.036667,-96.426944,17754
KLCU,90.300000,Lawton,OK,,25.0,34.202778,-97.153333,82834
KLOR-FM,99.300000,Tulsa,OK,,3.0,36.783056,-97.070833,52678
KLRB,89.900000,Mcalester,OK,,0.0,34.915833,-96.136111,93276
KLVV,88.700000,Ponca City,OK,,11.5,36.690278,-97.172222,65922
KLXP,89.700000,Broken Arrow,OK,,6.8,35.4775,-117.699444,24706
KMAD-FM,102.500000,Durant,OK,,18.0,33.691944,-96.443333,54812
KMCO,101.300000,Mcalester,OK,,100.0,34.986944,-95.702778,37777
KMCU,88.700000,Lawton,OK,,0.005,33.941667,-98.568333,8489
KMGZ,95.300000,Lawton,OK,,14.0,34.575278,-98.475,7097
KMSI,88.100000,Broken Arrow,OK,,0.0,35.201944,-97.588333,14436
KMZE,92.300000,Woodward,OK,,10.8,36.273056,-99.445833,21841
KNAH,99.700000,Enid,OK,,47.0,35.591667,-97.866111,37123
KNYD,90.500000,Broken Arrow,OK,,80.0,35.883333,-95.770278,14429
KOCU,90.100000,Lawton,OK,,5.0,34.670556,-99.336944,93910
KOFM,103.100000,Enid,OK,,25.0,36.436944,-97.921111,25889
KOKF,90.900000,Oklahoma City,OK,,7.8,35.560278,-97.485,54418
KORQ,96.100000,Ardmore,OK,,43.0,32.214444,-99.889444,84288
KOSB,105.100000,Tulsa,OK,,6.0,36.2375,-97.366389,62348
KOSG,103.900000,Pawhuska,OK,,6.0,36.748889,-96.2975,56088
KOSN,107.500000,Grove,OK,,100.0,36.770278,-95.451944,36969
KOSU,91.700000,Stillwater,OK,,100.0,35.780556,-97.524722,50220
KOZO,89.700000,Tulsa,OK,,0.15,36.551111,-93.243333,14462
KPNC,100.700000,Ponca City,OK,,25.0,36.783056,-97.070833,35485
KPRO,93.500000,Altus,OK,,45.0,34.438889,-99.502222,1196
KPRV-FM,92.500000,Poteau,OK,,1.55,34.898333,-94.575,37088
KQIB,102.900000,Idabel,OK,,6.0,33.999167,-94.791389,89460
KQOB,96.900000,Enid,OK,,98.0,35.980556,-97.695,10857
KQSN,104.700000,Ponca City,OK,,25.0,36.789167,-97.048056,47064
KQTZ,105.900000,Altus,OK,,0.0,0.0,-0.0,22820
KREK,104.900000,Bristow,OK,,5.0,35.786389,-96.459722,5218
KRIG-FM,104.900000,Bartlesville,OK,,8.3,36.726944,-95.771667,35535
KRMG-FM,102.300000,Tulsa,OK,,50.0,36.210833,-96.100833,47102
KROU,105.700000,Norman,OK,,1.6,35.568556,-97.488861,69175
KRSC-FM,91.300000,Claremore,OK,,2.2,36.318333,-95.638333,57430
KSLE,104.700000,Shawnee,OK,,1.7,35.091944,-96.541389,77278
KSPI-FM,93.700000,Stillwater,OK,,16.0,36.108333,-97.196389,63438
KSSL,107.300000,Sapulpa,OK,,22.0,33.223056,-101.440556,30104
KSSO,89.300000,Marlow,OK,,5.6,35.222778,-97.439167,77089
KSSU,91.900000,Durant,OK,,3.2,34.036667,-96.426944,61233
KTFR,100.500000,Sapulpa,OK,,25.0,36.459167,-95.498889,41636
KTFX-FM,101.700000,Tulsa,OK,,25.0,35.5775,-95.21,56622
KTGS,88.300000,Ada,OK,,5.5,34.359444,-96.559444,85337
KTLI,99.100000,Sapulpa,OK,,100.0,37.939444,-96.988889,48540
KTLS-FM,106.500000,Oklahoma City,OK,,25.0,34.913889,-96.522222,28053
KTMC-FM,105.100000,Mcalester,OK,,1.6,34.986944,-95.702778,67592
KTNT,102.500000,Eufaula,OK,,10.5,35.1025,-95.614722,67678
KTRX,92.700000,Ardmore,OK,,5.5,34.115556,-97.001667,88041
KTSO,100.900000,Sapulpa,OK,,19.0,35.967222,-96.0375,35976
KTUA,88.100000,Tulsa,OK,,100.0,36.131944,-96.239722,81516
KTUZ-FM,106.700000,Oklahoma City,OK,,13.0,35.613611,-97.871944,14762
KUCO,90.100000,Edmond,OK,,100.0,35.573333,-97.485556,66632
KVAZ,91.500000,Weleetka,OK,,0.0,35.548056,-95.970556,26970
KVLA-FM,90.300000,Tulsa,OK,,0.34,33.802222,-116.225,85911
KVRO,101.100000,Stillwater,OK,,6.0,36.218333,-97.161944,51822
KVRS,90.300000,Lawton,OK,,0.0,34.530833,-98.552778,36822
KVRW,107.300000,Lawton,OK,,26.0,34.549722,-98.539167,2894
KVSP,103.500000,Anadarko,OK,,100.0,35.251111,-98.614722,2189
KWCO-FM,105.500000,Oklahoma  City,OK,,3.3,35.010556,-97.931667,6750
KWDQ,102.300000,Woodward,OK,,100.0,36.375278,-99.475278,11751
KWEY-FM,95.500000,Weatherford,OK,,18.5,35.445278,-98.988611,12048
KWFX,100.100000,Woodward,OK,,100.0,36.375278,-99.475278,22823
KWGS,89.500000,Tulsa,OK,,47.0,36.020833,-95.675556,66586
KWOX,101.100000,Woodward,OK,,80.0,36.273056,-99.445833,50332
KWTU,88.700000,Tulsa,OK,,5.0,36.020833,-95.675556,81517
KWXC,88.900000,Grove,OK,,0.0,36.595,-94.634722,90108
KXFC,105.500000,Broken Bow,OK,,20.0,34.695278,-96.388056,82533
KXLS,95.700000,Enid,OK,,14.0,36.536944,-98.010833,17240
KXOO,94.300000,Elk City,OK,,12.0,35.406111,-99.498333,51563
KYAL-FM,97.100000,Sapulpa,OK,,100.0,35.413333,-95.365278,35141
KYBE,95.700000,Frederick,OK,,25.0,34.414722,-99.24675,67311
KYFM,100.100000,"Bartlesville,",OK,,25.0,36.628333,-96.190556,36005
KYKC,100.100000,Ada,OK,,50.0,34.853056,-96.764444,9941
KYLK,103.700000,Mcalester,OK,,72.0,35.263056,-96.378611,83209
KYLV,88.900000,Oklahoma City,OK,,5.9,35.560278,-97.485,50169
KYNZ,107.100000,Ardmore,OK,,24.5,34.297778,-97.153333,58333
KYQX,89.300000,Marlow,OK,,0.34,32.851389,-98.108611,62040
KZTH,88.500000,Ponca City,OK,,50.0,35.521389,-98.159167,83880
WOFN,88.700000,Tulsa,OK,,18.5,40.588222,-81.470361,62343
WYCS,91.500000,Tulsa,OK,,13.5,37.209306,-76.543111,66672
KACI-FM,93.500000,Hood River,OR,,2.2,45.712222,-121.113611,49856
KBDN,96.500000,Coquille,OR,,1.05,42.958889,-124.273056,13875
KBGE,94.900000,Lake Oswego,OR,,7.0,45.952222,-123.937222,8540
KBOO,90.700000,Portland,OR,,25.5,45.488889,-122.694444,65755
KBPL,107.900000,Portland,OR,,30.0,38.744722,-104.862778,40848
KBVM,88.300000,Portland,OR,,3.5,45.516111,-122.733056,41330
KBVR,88.700000,Corvallis,OR,,0.34,44.563889,-123.275,50623
KCCY-FM,96.900000,Portland,OR,,58.0,38.745278,-104.861389,40847
KCGB-FM,105.500000,Hood River,OR,,1.0,45.6625,-121.470556,12434
KCMB,104.700000,Baker City,OR,,100.0,45.123889,-117.78,50635
KCNA,102.700000,Medford,OR,,100.0,42.258333,-123.660556,10528
KCRF-FM,96.700000,Lincoln City,OR,,19.5,44.756111,-124.049167,50003
KCRX-FM,102.300000,Hillsboro,OR,,10.5,45.952972,-123.937194,33946
KCST-FM,106.900000,Florence,OR,,2.3,43.955278,-124.073889,12139
KCYS,96.500000,Astoria,OR,,6.0,45.953056,-123.937222,78427
KDCQ,92.900000,Coos Bay,OR,,4.5,43.354167,-124.242778,4086
KDEP,105.500000,Depoe Bay,OR,,0.32,45.466389,-123.919722,78488
KDUK-FM,104.700000,Portland,OR,,66.0,44.291111,-123.538333,54010
KEOL,91.700000,La Grande,OR,,0.31,45.321111,-118.090556,54806
KEQB,97.700000,Newport,OR,,3.2,44.001944,-123.113056,63205
KEUG,105.500000,Portland,OR,,2.8,44.003056,-123.113333,60358
KFLS-FM,96.500000,Klamath Falls,OR,,20.0,42.097222,-121.633056,74252
KGBR,92.700000,Gold Beach,OR,,0.265,42.396583,-124.363694,62150
KGNR,91.900000,John Day,OR,,1.5,44.434167,-118.958056,37433
KHPE,107.900000,Albany,OR,,100.0,44.646111,-123.269722,838
KHRV,90.100000,Portland,OR,,0.065,45.6625,-121.470556,90769
KHSL-FM,103.500000,Portland,OR,,1.5,39.958056,-121.713611,22974
KJDY-FM,94.500000,John Day,OR,,39.0,44.296667,-119.036667,5907
KJMX,99.500000,Coquille,OR,,11.0,43.678333,-124.110556,20434
KKMX,104.300000,Roseburg,OR,,5.6,43.003611,-123.357222,67650
KKNU,93.300000,Eugene,OR,,100.0,44.001111,-123.1125,40887
KKRB,106.900000,Klamath Falls,OR,,51.0,42.223333,-121.817222,74251
KKWA,96.300000,Prineville,OR,,1.35,45.488889,-122.694444,13581
KLBR,88.100000,Eugene,OR,,5.0,44.046944,-121.530556,89855
KLCC,89.700000,Eugene,OR,,81.0,44.001389,-123.113333,36522
KLCO,90.500000,Eugene,OR,,3.0,44.756667,-124.047222,36516
KLDD,91.900000,Eugene,OR,,1.1,41.221944,-122.3075,61355
KLDR,98.300000,Grants Pass,OR,,1.85,42.382222,-123.274722,24821
KLFO,88.100000,Eugene,OR,,0.25,43.957222,-124.073889,88117
KLJN,105.900000,Coos Bay,OR,,15.0,43.463611,-124.095556,35087
KLMF,88.500000,Eugene,OR,,0.095,42.097222,-121.633056,83854
KLMY,99.700000,Hillsboro,OR,,25.0,46.314167,-124.051944,38910
KLOY,88.700000,Astoria,OR,,0.9,46.262778,-123.885833,93999
KLRR,101.700000,Bend,OR,,23.0,44.0775,-121.3325,12510
KLSW,104.500000,The Dalles,OR,,6.7,47.543056,-122.106944,41861
KMGX,100.700000,Bend,OR,,50.0,44.077778,-121.330278,59691
KMHD,89.100000,Gresham,OR,,7.9,45.516111,-122.733056,46719
KMHS-FM,91.300000,Coos Bay,OR,,10.0,43.368611,-124.203056,91353
KMME,100.500000,Cottage Grove,OR,,10.5,43.761111,-123.035278,66971
KMPQ,88.100000,Eugene,OR,,0.95,43.206111,-123.363889,89864
KMSW,92.700000,Hood River,OR,,3.4,45.649444,-121.273611,12439
KMTK,99.700000,Eugene,OR,,26.0,44.0775,-121.3325,88428
KMUN,91.900000,Astoria,OR,,7.2,46.262778,-123.885833,67107
KMXI,95.100000,Portland,OR,,8.7,39.946111,-121.721389,40843
KNCA,89.700000,Eugene,OR,,29.0,40.905833,-121.827222,50621
KNCU,92.700000,Newport,OR,,3.8,44.756111,-124.049167,81725
KNLR,97.500000,Bend,OR,,97.0,44.077222,-121.330278,65261
KNSQ,88.100000,Eugene,OR,,1.2,41.221944,-122.3075,62957
KNYR,91.300000,Eugene,OR,,0.4,41.61,-122.623889,62967
KOAB-FM,91.300000,Portlamd,OR,,75.0,44.078056,-121.3325,50609
KOAP,88.700000,Portland,OR,,0.17,42.178333,-120.355278,93285
KOBK,88.900000,Portland,OR,,0.6,44.599167,-117.782778,94195
KODZ,99.100000,Portland,OR,,100.0,44.115833,-122.999167,40845
KOGL,89.300000,Portland,OR,,0.21,44.884444,-124.015278,91095
KOOS,107.300000,Coos Bay,OR,,51.0,43.205,-124.301944,5210
KOOZ,94.100000,Roseburg,OR,,3.5,42.958889,-124.273056,33248
KOPB-FM,91.500000,Portland,OR,,70.0,45.5225,-122.745833,50607
KORV,93.500000,Lakeview,OR,,1.0,42.205,-120.3275,48649
KPPT-FM,100.700000,Newport,OR,,17.5,44.756389,-124.050278,642
KPSH,90.900000,St Helens,OR,,0.23,33.8675,-116.432778,87604
KQAC,89.900000,Portland,OR,,5.9,45.516111,-122.733056,59343
KQAK,105.700000,Bend,OR,,40.0,44.077778,-121.330278,31175
KQFM,93.700000,Baker City,OR,,5.3,45.865833,-119.311667,27076
KQOC,88.100000,Portland,OR,,6.5,44.756389,-124.047778,91191
KRBM,90.900000,Portland,OR,,24.5,45.589167,-118.998056,50608
KRCO-FM,95.700000,Prineville,OR,,100.0,44.077778,-121.330278,27168
KRKL,93.300000,Milton-Freewater,OR,,42.0,45.988611,-118.174444,12512
KROG,96.900000,Medford,OR,,25.0,42.382222,-123.274722,19553
KRRM,94.700000,Grants Pass,OR,,0.13,42.445556,-123.215556,60215
KRSB-FM,103.100000,Roseburg,OR,,2.75,43.206667,-123.363056,7119
KRVM-FM,91.900000,Eugene,OR,,15.0,44.001944,-123.113056,59340
KRXF,92.900000,Bend,OR,,86.0,44.046944,-121.530556,49913
KRYP,93.100000,Astoria,OR,,1.55,45.488889,-122.694444,82062
KSAI,90.300000,Salem,OR,,0.0,44.8825,-122.959444,90291
KSBA,88.500000,Eugene,OR,,2.7,43.390444,-124.130167,50616
KSHR-FM,97.300000,Coquille,OR,,30.0,43.2475,-124.113056,13872
KSJJ,102.900000,Bend,OR,,100.0,44.046944,-121.530556,63433
KSKF,90.900000,Eugene,OR,,6.5,42.097222,-121.633056,62071
KSKR-FM,100.900000,Portland,OR,,3.6,43.371944,-123.354167,69657
KSLC,90.300000,Mc Minnville,OR,,0.75,45.157778,-123.289444,37731
KSMF,89.100000,Eugene,OR,,2.3,42.298333,-122.749722,63022
KSND,95.100000,Newport,OR,,1.0,44.888611,-123.607222,19242
KSOR,90.100000,Eugene,OR,,38.0,42.691667,-123.228889,50622
KSRG,88.300000,Eugene,OR,,0.23,42.297778,-122.749444,62105
KSRS,91.500000,Eugene,OR,,2.0,43.206111,-123.363333,62158
KSYD,92.100000,Eugene,OR,,0.6,43.657222,-124.186111,59341
KTCB,89.500000,Portland,OR,,0.38,45.466389,-123.919722,93286
KTEC,89.500000,Klamath Falls,OR,,0.21,42.216389,-121.799167,62398
KTEE,94.900000,Coos Bay,OR,,89.0,43.205,-124.301944,4080
KTMK,91.100000,Astoria,OR,,0.14,45.466389,-123.919722,91082
KTSL,101.900000,Portland,OR,,28.5,47.703056,-117.740556,63869
KTVR-FM,90.300000,Portland,OR,,0.4,45.309167,-117.731667,94194
KTWS,98.300000,Eugene,OR,,23.0,44.0775,-121.3325,13579
KURY-FM,95.300000,Brookings,OR,,8.7,42.123056,-124.298889,35798
KVAS-FM,103.900000,Portland,OR,,11.0,46.182222,-123.8025,56236
KWAX,91.100000,Eugene,OR,,21.5,44.001111,-123.1125,62413
KWHT,103.500000,Pendleton,OR,,100.0,45.800556,-118.376667,644
KWRL,102.300000,Baker City,OR,,25.0,45.1225,-117.778889,24797
KWRX,88.500000,Eugene,OR,,0.95,44.437222,-120.953333,90887
KWRZ,92.300000,Eugene,OR,,0.85,43.003611,-123.3575,59346
KWSO,91.900000,Warm Springs,OR,,4.1,44.84,-121.231944,13582
KWVA,88.100000,Eugene,OR,,1.0,44.081944,-123.109444,3025
KWVN-FM,107.700000,Baker City,OR,,72.0,45.590833,-118.579722,57757
KWVR-FM,92.100000,Enterprise,OR,,0.032,45.398889,-117.388056,70756
KWVZ,91.500000,Eugene,OR,,0.15,43.957222,-124.073889,90266
KXRY,91.100000,Portland,OR,,0.007,45.540667,-122.564056,66303
KYTT-FM,98.700000,Coos Bay,OR,,12.55,43.463611,-124.095556,29596
KZBY,90.500000,Eugene,OR,,0.88,43.390833,-124.129722,88257
KZHC-FM,92.700000,Burns,OR,,10.0,43.572778,-119.130556,62264
KBEZ,92.900000,Pittsburgh,PA,,98.5,36.19,-96.096667,55707
KBZS,106.300000,Lafayette Hill,PA,,50.0,33.888333,-98.568889,52074
KCMO-FM,94.900000,Bala Cynwyd,PA,,100.0,39.090556,-94.471667,6385
KDUC,94.300000,Pleasant Gap,PA,,4.6,34.970833,-117.039444,21495
KDUQ,102.500000,Pleasant Gap,PA,,6.0,34.7225,-116.167778,21497
KGON,92.300000,Bala Cynwyd,PA,,97.0,45.488889,-122.694444,2432
KHTP,103.700000,Bala Cynwyd,PA,,67.0,47.503889,-121.974722,18513
KHTT,106.900000,Pittsburgh,PA,,72.9,35.883333,-95.770278,55704
KIKT,93.500000,York,PA,,12.5,33.221111,-95.688889,21597
KIRO-FM,97.300000,Bala Cynwyd,PA,,52.0,47.503889,-121.974722,33682
KISW,99.900000,Bala Cynwyd,PA,,67.0,47.503889,-121.974722,47750
KJLV,97.700000,York,PA,,4.0,37.3075,-122.094722,58843
KKDO,94.700000,Bala Cynwyd,PA,,25.0,38.672778,-121.331111,6810
KKVT,100.700000,Allentown,PA,,30.0,39.066489,-108.744706,81556
KKWF,100.700000,Bala Cynwyd,PA,,67.0,47.503889,-121.974722,6367
KLGS,89.900000,Roaring Springs,PA,,0.0,30.476389,-96.4325,88084
KLIF-FM,93.300000,York,PA,,50.0,32.778889,-96.922778,27299
KMBZ-FM,98.100000,Bala Cynwyd,PA,,98.5,39.022222,-94.513611,2449
KMGL,104.100000,Pittsburgh,PA,,92.0,35.56,-97.485278,55708
KMYZ-FM,104.500000,Scranton,PA,,70.0,36.019444,-95.656667,59979
KNBR-FM,104.500000,York,PA,,7.1,37.755278,-122.451667,54770
KNDD,107.700000,Bala Cynwyd,PA,,67.0,47.503889,-121.974722,34530
KNIN-FM,92.900000,Lafayette Hill,PA,,100.0,33.901111,-98.539167,43754
KNRK,94.700000,Bala Cynwyd,PA,,6.3,45.488889,-122.694444,51213
KOMA,92.500000,Pittsburgh,PA,,94.0,35.56,-97.485278,72469
KPLX,99.500000,York,PA,,100.0,32.581667,-96.975556,54675
KRBE,104.100000,York,PA,,92.18,29.576111,-95.51,35524
KRQT,107.100000,Bala Cynwyd,PA,,0.8,46.338333,-123.095833,2813
KRSK,105.100000,Bala Cynwyd,PA,,21.0,45.5225,-122.745833,68213
KRVK,107.900000,Pittston,PA,,15.5,42.743611,-106.306667,88406
KRXO-FM,107.700000,Pittsburgh,PA,,92.0,35.560278,-97.485,16851
KRXQ,98.500000,Bala Cynwyd,PA,,50.0,38.648056,-121.0975,20354
KSAN,107.700000,York,PA,,8.9,37.688889,-122.435278,14484
KSEG,96.900000,Bala Cynwyd,PA,,50.0,38.648056,-121.477222,11281
KUKN,105.500000,Bala Cynwyd,PA,,0.7,46.163056,-122.853611,38378
KUTX,98.900000,Scranton,PA,,1.55,30.323083,-97.799583,59982
KWFS-FM,102.300000,Lafayette Hill,PA,,100.0,33.8975,-98.542222,1722
KXOJ-FM,94.100000,Scranton,PA,,100.0,36.131111,-96.070278,28850
KXVV,103.100000,Pleasant Gap,PA,,0.25,34.612222,-117.291389,72717
KXXZ,95.900000,Pleasant Gap,PA,,8.9,34.856111,-117.05,27984
KYCH-FM,97.100000,Bala Cynwyd,PA,,97.0,45.488889,-122.694444,35034
KYLC,90.300000,Roaring Springs,PA,,0.0,30.636111,-93.0425,87832
KZPT,99.700000,Bala Cynwyd,PA,,98.5,39.022222,-94.513611,6379
WALY,100.100000,Altoona,PA,,3.0,40.569722,-78.440278,47090
WARC,90.300000,Meadville,PA,,0.4,41.649167,-80.143889,1055
WARM-FM,103.300000,York,PA,,6.4,40.027222,-76.6,73980
WASJ,105.100000,Bala-Cynwyd,PA,,50.0,30.178889,-85.781944,63585
WAVR,102.100000,Sayre,PA,,1.5,42.063333,-76.524444,71103
WAVT-FM,101.900000,Pottsville,PA,,29.0,40.830556,-76.208889,53133
WAWR,93.500000,Harrisonburg,PA,,2.1,43.280833,-75.303889,465
WAYC,100.900000,Bedford,PA,,0.19,40.012778,-78.553333,10070
WBEB,101.100000,Bala Cynwyd,PA,,14.0,40.038611,-75.237222,71382
WBEE-FM,92.500000,Bala Cynwyd,PA,,50.0,43.176944,-77.4775,71206
WBGM,88.100000,Danville,PA,,0.55,40.890833,-76.998333,43663
WBLJ-FM,95.300000,Shamokin,PA,,1.25,40.76,-76.538611,47286
WBMR,91.700000,Zionsville,PA,,0.125,40.313361,-75.291417,68857
WBRR,100.100000,Bradford,PA,,1.65,41.97,-78.700833,54826
WBRX,94.700000,Altoona,PA,,0.97,40.403056,-78.526389,60909
WBUS,99.500000,Mt. Union,PA,,0.85,40.7525,-77.754444,3956
WBVE,107.500000,Bedford,PA,,0.37,40.012778,-78.553333,10069
WBXQ,94.300000,Altoona,PA,,2.1,40.654722,-78.676111,33971
WBYH,89.100000,Sellversville,PA,,0.7,41.411944,-75.164167,78759
WBYL,95.500000,Harrisburg,PA,,3.9,41.233333,-77.202778,49267
WBYN-FM,107.500000,Lancaster,PA,,30.0,40.404167,-75.6525,71310
WBYO,88.900000,Sellersville,PA,,0.0,40.383889,-75.350556,7922
WBYX,88.700000,Sellersville,PA,,0.001,41.044444,-75.379167,22181
WBZA,98.900000,Bala Cynwyd,PA,,37.0,43.170556,-77.673056,71204
WBZD-FM,93.300000,Williamsport,PA,,1.7,41.211667,-76.954444,72793
WCAL,91.900000,California,PA,,2.5,40.047361,-79.903472,63559
WCCL,101.700000,Somerset,PA,,0.72,40.111667,-78.859167,49026
WCCR-FM,92.700000,Clarion,PA,,3.0,41.244722,-79.261667,11661
WCDK,106.300000,Du Bois,PA,,2.7,40.253889,-80.843056,40874
WCFT-FM,106.500000,Bloomsburg,PA,,10.5,40.938333,-76.427222,39605
WCHX,105.500000,Burnham,PA,,0.47,40.661944,-77.574444,42133
WCID,100.900000,Williamsport,PA,,3.8,42.2,-76.858333,10688
WCIM,104.900000,Williamsport,PA,,1.0,42.251389,-76.881389,49449
WCIZ-FM,93.300000,Hollidaysbrg,PA,,6.0,43.956389,-75.845833,153
WCLH,90.700000,Wilkes-Barre,PA,,0.205,41.186389,-75.859167,72459
WCOH,107.300000,Du Bois,PA,,18.5,41.235556,-78.660556,17613
WCOP,103.900000,Kane,PA,,1.2,41.81,-78.386111,4586
WCOR-FM,96.700000,Coudersport,PA,,0.46,42.051111,-78.419722,21197
WCRG,90.700000,Lewisburg,PA,,3.0,41.230556,-77.149722,93885
WCTK,98.100000,Lancaster,PA,,44.0,41.622222,-70.919167,25869
WCTL,106.300000,Waterford,PA,,0.86,42.037722,-80.062167,28774
WCTY,97.700000,Lancaster,PA,,1.9,41.474444,-72.103889,72346
WCUC-FM,91.700000,Clarion,PA,,3.2,41.208917,-79.377972,11663
WCUR,91.700000,West Chester,PA,,0.0,39.950556,-75.599444,63564
WCXR,103.700000,Williamsport,PA,,0.95,40.977222,-77.116667,15187
WCYJ-FM,99.500000,Waynesburg,PA,,0.007,39.899722,-80.185278,66648
WDAC,94.500000,Lancaster,PA,,0.0,0.0,-0.0,71309
WDAR-FM,105.500000,Bala-Cynwyd,PA,,17.0,34.316111,-79.888056,3120
WDBF-FM,106.300000,Williamsport,PA,,0.12,40.414722,-77.903611,28132
WDCV-FM,88.300000,Carlisle,PA,,0.45,40.2025,-77.196111,68238
WDCX-FM,99.500000,Blue Bell,PA,,110.0,42.635833,-78.768611,34820
WDDH,97.500000,Ridgway,PA,,19.5,41.617778,-78.803889,6683
WDIY,88.100000,Bethlehem,PA,,0.0,40.564444,-75.440278,36992
WDJC-FM,93.700000,Blue Bell,PA,,99.0,33.443333,-86.880556,34819
WDNH-FM,95.300000,Honesdale,PA,,1.65,41.579167,-75.178333,71346
WDRE,100.500000,Havertown,PA,,1.6,42.052778,-75.701944,19668
WDSN,106.500000,Dubois,PA,,6.0,41.144722,-78.878056,53580
WEEI-FM,93.700000,Bala Cynwyd,PA,,34.0,42.531389,-70.986667,1919
WEEO-FM,103.700000,Chambersburg,PA,,0.135,39.923611,-77.955556,76438
WEGE,104.900000,Hollidaysburg,PA,,3.0,40.723056,-84.083611,1061
WEGH,107.300000,Sunbury,PA,,0.9,40.786111,-76.696944,63893
WEGX,92.900000,Bala-Cynwyd,PA,,100.0,34.367778,-79.3225,16936
WEHA,88.700000,Rosement,PA,,0.8,39.604861,-74.434361,87809
WEJZ,96.100000,Pittsburgh,PA,,100.0,30.322778,-81.642778,55706
WERG,90.500000,Erie,PA,,2.75,42.042778,-80.065833,23087
WESA,90.500000,Pittsburgh,PA,,25.0,40.431111,-80.006944,17747
WESS,90.300000,East Stroudsburg,PA,,1.0,40.998611,-75.1725,18247
WEZX,106.900000,Scranton,PA,,1.45,41.347778,-75.650833,66364
WFFG-FM,100.300000,Pleasant Gap,PA,,1.45,43.42,-73.760833,33396
WFGE,101.100000,Tyrone,PA,,8.5,40.919444,-77.974444,1057
WFGF,92.100000,Hollidaysburg,PA,,3.0,40.655556,-84.115,74293
WFGI-FM,95.500000,Hollidaysburg,PA,,57.0,40.371667,-78.9825,72965
WFGY,98.100000,Holliaysburg,PA,,30.0,40.566944,-78.442222,38265
WFKL,93.300000,Bala Cynwyd,PA,,4.4,43.176944,-77.4775,37824
WFMS,95.500000,York,PA,,13.0,39.7675,-86.003333,54622
WFMZ,104.900000,Allentown,PA,,50.0,36.099722,-76.475278,39883
WFNM,89.100000,Lancaster,PA,,0.1,40.045278,-76.320556,22306
WFRG-FM,104.300000,Hollidaysburg,PA,,100.0,43.056361,-75.417222,50362
WFSE,88.900000,Edinboro,PA,,3.0,41.877222,-80.1775,18665
WFVY,100.100000,Lebanon,PA,,3.0,40.360278,-76.458611,36878
WGBG-FM,107.700000,Pottstown,PA,,23.0,38.383333,-75.414722,4107
WGGE,99.100000,Carnegie,PA,,11.5,39.2875,-81.656944,15254
WGMF-FM,103.900000,Eagles Mere,PA,,2.8,41.501944,-76.392778,66715
WGNE-FM,99.900000,Pittsburgh,PA,,48.0,30.322778,-81.642778,15897
WGRC,91.300000,Lewisburg,PA,,3.0,40.944444,-76.879167,58717
WGTR,107.900000,Bala-Cynwyd,PA,,20.0,33.595833,-79.053056,3118
WGTY,107.700000,Gettysburg,PA,,16.0,39.856389,-76.949167,67131
WGUF,98.900000,Pittsburgh,PA,,6.0,26.030556,-81.6425,28903
WGY-FM,103.100000,Harrisburg,PA,,5.6,42.663889,-73.678333,55490
WGYE,102.700000,Carnegie,PA,,3.2,39.4675,-80.205556,32202
WGYI,98.500000,Meadville,PA,,20.0,41.417778,-79.714722,21421
WGYY,100.300000,Meadville,PA,,20.0,41.631389,-80.176944,24940
WHBR-FM,103.100000,Carnegie,PA,,3.8,39.246389,-81.471944,22677
WHFX,107.700000,Bala-Cynwyd,PA,,50.0,31.169417,-81.537694,63431
WHGL-FM,100.300000,Troy,PA,,3.6,41.742222,-76.835556,8553
WHHS,99.900000,Havertown,PA,,0.0095,39.983056,-75.302778,59344
WHKF,99.300000,Harrisburg,PA,,1.35,40.191667,-76.868056,23464
WHKS,94.900000,Coudersport,PA,,1.15,41.81,-78.386111,36093
WHMJ,99.300000,Franklin,PA,,7.3,41.437778,-79.924722,49789
WHNA,92.300000,Selinsgrove,PA,,0.93,40.958333,-76.714722,8552
WHSK,91.100000,Bloomsburg,PA,,0.6,41.008056,-76.4475,5881
WHTI,105.700000,Carnegie,PA,,1.95,39.318333,-80.438333,58621
WHUN-FM,103.500000,Lewiston,PA,,0.16,40.4975,-78.133333,42135
WHYY-FM,90.900000,Philadelphia,PA,,13.5,40.041667,-75.24,72336
WIBF,92.500000,Mexico,PA,,0.31,40.572222,-77.514167,62367
WIFT,102.100000,Dubois,PA,,28.0,41.045278,-78.703056,67696
WIKZ,95.100000,Chambersburg,PA,,50.0,39.928056,-77.695556,10108
WILQ,105.100000,Williamsport,PA,,9.2,41.195278,-76.971667,52192
WIOQ,102.100000,Bala Cynwyd,PA,,27.0,40.043611,-75.242222,20348
WITF-FM,89.500000,Harrisburg,PA,,5.9,40.345556,-76.868611,73084
WIUP-FM,90.100000,Indiana,PA,,1.5,40.608972,-79.166917,28604
WIVH,89.900000,Hunlock Creek,PA,,1.4,17.755833,-64.798889,24686
WIXQ,91.700000,Millersville,PA,,0.096,40.000861,-76.362056,42651
WJAZ,91.700000,Philadelphia,PA,,1.0,40.305556,-77.0075,65184
WJCS,89.300000,Allentown,PA,,0.0001,40.564444,-75.440278,4370
WJJK,104.500000,York,PA,,50.0,39.840278,-86.176111,28609
WJKI-FM,103.500000,Pottstown,PA,,1.45,38.5725,-75.116111,30858
WJMX-FM,103.300000,Bala-Cynwyd,PA,,50.0,34.505,-79.905,3114
WJNG,100.500000,Brookville,PA,,1.3,41.386389,-78.692222,15173
WJPA-FM,95.300000,Washington,PA,,2.15,40.189722,-80.233889,70944
WJRC,90.900000,Lewisburg,PA,,0.094,40.572222,-77.514167,58716
WJRH,104.900000,Easton,PA,,0.008,40.698056,-75.208333,36224
WJSA-FM,96.300000,Jersey Shore,PA,,2.65,41.229167,-77.367222,33085
WJSM-FM,92.700000,Martinsburg,PA,,1.9,40.347222,-78.415833,40503
WJTL,90.300000,Lancaster,PA,,12.0,40.058611,-76.462222,14467
WKBI-FM,93.900000,St. Marys,PA,,2.35,41.386389,-78.692222,65604
WKDB,95.300000,Pottstown,PA,,6.0,38.503333,-75.660833,16661
WKDU,91.700000,Philadelphia,PA,,0.8,39.96,-75.190833,17596
WKHB-FM,103.900000,Greensburg,PA,,1.1,40.014278,-79.51775,36116
WKLI-FM,100.900000,Pleasant Gap,PA,,6.0,42.731889,-73.882417,4682
WKMV,88.300000,Roaring Spring,PA,,0.28,40.156111,-85.43,93830
WKNK,103.500000,Bala-Cynwyd,PA,,100.0,30.180833,-85.495833,42371
WKNL,100.900000,Lancaster,PA,,6.0,41.440833,-72.141389,48547
WKOL,105.100000,Lancaster,PA,,23.5,44.525278,-73.518611,68692
WKPS,90.700000,University Park,PA,,0.1,40.799444,-77.869722,65471
WKQL,103.300000,Pittsburgh,PA,,10.5,41.067778,-79.083056,81912
WKSB,102.700000,Harrisburg,PA,,53.0,41.189167,-76.981389,15326
WKTK,98.500000,Bala Cynwyd,PA,,100.0,29.259444,-82.568056,18520
WKVB,107.300000,Bala Cynwyd,PA,,9.6,42.335833,-71.715833,74467
WKVE,103.100000,Waynesburg,PA,,4.4,39.913778,-79.632611,32210
WKWP,88.100000,Williamsport,PA,,0.55,41.262139,-77.033361,52188
WKYE,96.500000,Harrisonburg,PA,,50.0,40.329167,-78.898333,15328
WLBS,91.700000,Warminster,PA,,0.0,40.159167,-74.856667,7923
WLCH,91.300000,Lancaster,PA,,0.16,40.070278,-76.288611,61632
WLCY,106.300000,Latrobe,PA,,2.4,40.519444,-79.223889,38376
WLEJ-FM,98.700000,Hollidaysburg,PA,,2.2,40.932778,-77.761111,30445
WLER-FM,97.700000,Butler,PA,,4.6,40.8975,-79.889444,71242
WLGZ-FM,102.700000,Blue Bell,PA,,6.0,43.170556,-77.673056,34818
WLHI,90.300000,Schnecksville,PA,,0.42,40.661944,-75.611389,36983
WLIH,107.100000,Wellsboro,PA,,3.3,41.770278,-77.202222,24576
WLKE,93.500000,Barnesboro,PA,,1.25,40.493333,-78.541944,82271
WLKH,97.700000,Hollidaysburg,PA,,3.5,40.025556,-79.095556,56363
WLKJ,105.700000,Hollidaysburg,PA,,3.0,40.383056,-78.658611,25733
WLLF,96.700000,Hermitage,PA,,1.4,41.311944,-80.2775,6653
WLOQ,96.300000,Oil City,PA,,6.0,41.395833,-79.664722,63289
WLQB,93.500000,Bala-Cynwyd,PA,,6.0,33.926944,-78.396667,3122
WLTJ,92.900000,Pittsburgh,PA,,43.0,40.495278,-80.004722,73889
WLVR-FM,91.300000,Bethlehem,PA,,0.04,40.601111,-75.359444,36984
WLVX,107.100000,Greenville,PA,,2.1,41.380556,-80.413333,25225
WLZW,98.700000,Hollidaysburg,PA,,25.0,43.144167,-75.179167,169
WMCE-FM,88.500000,Erie,PA,,0.75,42.090278,-79.943611,41215
WMGH-FM,105.500000,Allentown,PA,,1.4,40.787222,-76.033056,18231
WMHH,96.700000,Blue Bell,PA,,4.7,42.878889,-73.863056,30571
WMKX,105.500000,Brookville,PA,,16.0,41.1225,-79.064167,63524
WMMZ,103.500000,Sugarloaf,PA,,1.05,41.113944,-76.237972,141
WMRF-FM,95.700000,Lewistown,PA,,0.31,40.572222,-77.514167,42131
WMSS,91.100000,Middletown,PA,,5.5,40.212222,-76.746389,42004
WMUH,91.700000,Allentown,PA,,0.44,40.597778,-75.510556,46947
WMUV,100.700000,Pittsburgh,PA,,62.0,30.821111,-81.737222,48243
WMUZ-FM,103.500000,Blue Bell,PA,,50.0,42.377778,-83.243056,73298
WMVL,101.700000,Linesville,PA,,1.4,41.710556,-80.274722,2900
WMXO,101.500000,Russell,PA,,4.0,42.105,-78.390278,19710
WNAE,104.300000,Warren,PA,,4.7,41.813889,-79.167778,34929
WNBT-FM,104.500000,Wellsboro,PA,,50.0,41.738056,-77.363889,21200
WNDX,93.900000,York,PA,,8.4,39.8275,-85.980833,71438
WNJR,91.700000,Washington,PA,,0.95,40.170694,-80.244889,70942
WNKI,106.100000,Williamsport,PA,,40.0,42.161944,-77.0375,53611
WNLC,98.700000,Lancaster,PA,,5.5,41.385,-72.070278,25406
WNLI,94.500000,Hollidaysburg,PA,,1.9,40.901111,-77.838889,38271
WNNA,106.100000,Mexico,PA,,0.175,40.701111,-77.213889,40422
WNNX,100.500000,York,PA,,13.5,33.759444,-84.388611,6809
WNSL,100.300000,Emmaus,PA,,100.0,31.526944,-89.135278,16784
WNTE,89.500000,Mansfield,PA,,0.115,41.806389,-77.073611,39817
WODZ-FM,96.100000,Hollidaysburg,PA,,7.4,43.144167,-75.179167,72068
WOGA,92.300000,Coudersport,PA,,1.6,41.898056,-77.093889,78437
WOGG,94.900000,Brownsville,PA,,1.65,39.869722,-79.639444,65709
WOGH,103.500000,Pittsburgh,PA,,19.5,40.3425,-80.620556,65408
WOKO,98.900000,Lancaster,PA,,0.0,0.0,-0.0,25867
WOKW,102.900000,Clearfield,PA,,0.35,41.074722,-78.532778,55251
WOMP,100.500000,Pittsburg,PA,,48.0,40.035833,-80.771111,3039
WOTH,107.900000,Williamsport,PA,,0.36,41.210833,-76.954722,3633
WOUR,96.900000,Harrisonburg,PA,,19.5,43.146111,-75.178611,4681
WOWY,103.100000,State College,PA,,0.37,40.7525,-77.754167,48926
WPCV,97.500000,Lancaster,PA,,0.0,0.0,-0.0,25872
WPEB,88.100000,Philadelphia,PA,,0.0,39.948156,-75.219133,71637
WPEL-FM,96.500000,Montrose,PA,,57.0,41.854444,-75.863889,65965
WPGM-FM,96.700000,Danville,PA,,0.57,40.987778,-76.5475,43659
WPIG,95.700000,Williamsport,PA,,43.0,42.035556,-78.446389,2864
WPKL,99.300000,Connellsville,PA,,3.0,39.885833,-79.774722,33828
WPKV,98.300000,Charleroi,PA,,3.7,40.471944,-79.994444,21214
WPPY,92.700000,Lancaster,PA,,0.7,40.075556,-76.800833,62368
WPQP,93.100000,Clearfield,PA,,1.7,41.068056,-78.518611,11981
WPST,94.500000,Pottstown,PA,,50.0,40.189278,-74.846944,25013
WPSU,91.500000,State College,PA,,1.7,40.919722,-77.974444,66239
WPSX,90.100000,State College,PA,,17.0,41.617778,-78.803889,66240
WPTS-FM,92.100000,Pittsburgh,PA,,0.016,40.444167,-79.953333,68946
WPWX,92.300000,Blue Bell,PA,,50.0,41.630556,-87.527778,17304
WPXZ-FM,104.100000,Punxsutawney,PA,,3.3,40.96,-79.002222,55711
WPZS,100.900000,York,PA,,6.0,35.124722,-80.725,52553
WQBG,100.500000,Selinsgrove,PA,,1.2,40.623333,-76.831667,63837
WQBR,99.900000,Mcelhattan,PA,,0.57,41.229167,-77.367222,40766
WQCK,105.900000,Phillipsburg,PA,,0.71,40.792778,-78.174722,43880
WQCM,94.300000,Chambersburg,PA,,3.5,39.791389,-77.675,25128
WQED-FM,89.300000,Pittsburgh,PA,,28.0,40.446111,-79.964167,54002
WQEJ,89.700000,Pittsburgh,PA,,8.4,40.371389,-78.982222,54003
WQFM,92.100000,Scranton,PA,,0.66,41.186389,-75.859167,66366
WQFN,100.100000,Scranton,PA,,6.0,41.556389,-75.485278,87530
WQFX-FM,103.100000,Russell,PA,,2.5,41.963333,-79.161667,39622
WQGA,103.300000,Bala-Cynwyd,PA,,100.0,31.156111,-81.971944,65020
WQHZ,102.300000,Erie,PA,,1.7,42.040278,-80.068889,65748
WQJU,107.100000,State College,PA,,0.37,40.572222,-77.514167,9945
WQKX,94.100000,Sunbury,PA,,16.0,40.786111,-76.696944,63890
WQKY,98.900000,Dubois,PA,,2.0,41.492222,-78.255278,53582
WQLN-FM,91.300000,Erie,PA,,35.0,42.041944,-80.065833,53720
WQLV,98.900000,Gratz,PA,,0.78,40.505,-77.1175,26975
WQMU,92.500000,Indiana,PA,,3.0,40.638056,-79.146389,56644
WQSG,90.700000,Roaring Spring,PA,,0.0,40.370556,-86.508889,89248
WQSU,88.900000,Selinsgrove,PA,,10.5,40.953333,-76.751389,64184
WQWY,103.900000,Hollidaysburg,PA,,0.38,40.566944,-78.442222,58312
WQZS,93.300000,Meyersdale,PA,,0.63,39.796944,-79.168056,57424
WRBA,95.900000,Bala-Cynwyd,PA,,50.0,30.203333,-85.615833,63584
WRBG,98.300000,Selinsgrove,PA,,1.4,40.890833,-76.998333,40424
WRBT,94.900000,Harrisburg,PA,,25.0,40.316111,-76.950278,54019
WRCT,88.300000,Pittsburgh,PA,,1.75,40.444167,-79.943611,1
WRDE-FM,103.900000,Pottstown,PA,,6.0,38.382778,-75.316111,47107
WRDV,89.300000,Warminster,PA,,0.085,40.205278,-75.1075,7931
WREW,94.900000,York,PA,,10.5,39.200278,-84.522778,73369
WRFF,104.500000,Bala Cynwyd,PA,,11.5,40.041667,-75.24,53969
WRGN,88.100000,Hunlock Creek,PA,,0.5,41.298333,-76.124444,24681
WRKC,88.500000,Wilkes-Barre,PA,,1.5,41.248889,-75.879167,34899
WRKT,104.900000,Erie,PA,,4.5,42.090278,-79.943611,55063
WRKY-FM,104.900000,Hollidaysburg,PA,,0.73,40.566944,-78.442222,72316
WRLC,91.700000,Williamsport,PA,,0.74,41.245,-76.997222,39273
WRNB,100.300000,Media,PA,,17.0,40.043333,-75.2425,25079
WROZ,101.300000,Lancaster,PA,,7.4,40.034444,-76.618889,25865
WRQI,94.300000,Meadville,PA,,2.15,41.631389,-80.176944,12918
WRQY,96.500000,Washington,PA,,2.5,40.035833,-80.771111,56641
WRRK,96.900000,Pittsburgh,PA,,45.0,40.411667,-79.931389,72333
WRRM,98.500000,York,PA,,18.0,39.121944,-84.547778,3142
WRRN,92.300000,Warren,PA,,50.0,41.813889,-79.167778,34927
WRRX,106.100000,Allentown,PA,,3.9,30.443333,-87.234444,94009
WRSC-FM,95.300000,State College,PA,,0.79,40.893056,-77.863333,64572
WRSD,94.900000,Folsom,PA,,0.014,39.886667,-75.333611,56368
WRTI,90.100000,Philadelphia,PA,,7.7,40.041556,-75.236528,65190
WRTJ,89.300000,Philadephia,PA,,0.001,40.023889,-75.813333,90653
WRTL,90.700000,Philadelphia,PA,,0.001,40.322778,-76.197778,65177
WRTQ,91.300000,Philadelphia,PA,,1.36,39.320556,-74.771667,65176
WRTS,103.700000,North East,PA,,50.0,42.090278,-79.943611,55028
WRTX,91.700000,Philadelphia,PA,,0.0,39.200833,-75.565278,65181
WRTY,91.100000,Philadelphia,PA,,3.5,41.044444,-75.379167,65178
WRVE,99.500000,Harrisonburg,PA,,14.5,42.636944,-73.995833,15330
WRVV,97.300000,Harrisburg,PA,,15.0,40.345278,-76.869167,15324
WRXV,89.100000,Bellefonte,PA,,0.6,40.919444,-77.974444,91941
WRXZ,107.100000,Bala-Cynwyd,PA,,50.0,33.937222,-78.964722,66138
WRZE,94.100000,Bala-Cynwyd,PA,,6.0,33.725556,-79.971944,3121
WSAJ-FM,91.100000,Grove City,PA,,2.7,41.246667,-79.900278,25463
WSFX,89.100000,Nanticoke,PA,,0.1,41.195,-75.991111,39261
WSGL,104.700000,Pittsburgh,PA,,20.0,26.126389,-81.721389,63357
WSHH,99.700000,Pittsburgh,PA,,17.0,40.463333,-80.004444,55709
WSKE,104.300000,Everett,PA,,0.82,40.003056,-78.399444,54571
WSKY-FM,97.300000,Bala Cynwyd,PA,,50.0,29.535833,-82.321667,23352
WSOX,96.100000,Springhouse,PA,,13.5,39.904444,-76.58,55351
WSQV,92.100000,Lock Haven,PA,,6.0,41.146944,-77.487778,37741
WSRB,106.300000,Blue Bell,PA,,4.1,41.578889,-87.546389,6590
WSRN-FM,91.500000,Swarthmore,PA,,0.11,39.905,-75.354444,64289
WSRU,88.100000,Slippery Rock,PA,,0.1,41.061944,-80.043056,60619
WSSI,92.700000,Bala-Cynwyd,PA,,7.0,31.161722,-81.474333,36929
WSYC-FM,88.700000,Shippensburg,PA,,0.13,40.075,-77.520833,60203
WTDY-FM,96.500000,Bala Cynwd,PA,,9.6,40.041667,-75.236389,51434
WTLR,89.900000,State College,PA,,25.0,40.892222,-77.863611,9944
WTTC-FM,95.300000,Sayre,PA,,5.4,41.765278,-76.486111,68614
WUMX,102.500000,Harrisburg,PA,,27.0,43.037222,-75.444444,53656
WUSL,98.900000,Philadelphia,PA,,18.0,40.041944,-75.236389,20349
WUSR,99.500000,Scranton,PA,,0.41,41.428056,-75.747222,69198
WVBU-FM,90.500000,Lewisburg,PA,,0.225,40.955,-76.881944,7722
WVIA-FM,89.900000,Pittston,PA,,7.4,41.181944,-75.871389,49436
WVLY-FM,100.900000,Milton,PA,,1.3,40.953333,-76.751389,73272
WVMM,90.700000,Grantham,PA,,0.1,40.159444,-76.983333,41312
WVMW-FM,91.700000,Scranton,PA,,1.8,41.433889,-75.631944,40634
WVMX,107.900000,Pittsburgh,PA,,3.0,40.244861,-82.930306,54556
WVNW,96.700000,Burnham,PA,,0.45,40.586111,-77.694444,74172
WVRT,97.700000,South Williamsport,PA,,6.0,41.220556,-77.2775,58313
WVRZ,99.700000,Shamokin,PA,,0.79,40.819167,-76.4625,25751
WVSQ,106.900000,Renovo,PA,,0.8,41.2375,-77.750556,49266
WVYA,89.700000,Pittston,PA,,3.3,41.248333,-77.031111,92638
WVYC,88.100000,York,PA,,0.036,39.946944,-76.729722,74381
WWAV,102.100000,Bala-Cynwyd,PA,,50.0,30.410556,-86.622778,19473
WWCF,88.700000,Mcconnelsburg,PA,,0.007,39.925833,-77.956667,85292
WWEC,88.300000,Elizabethtown,PA,,0.1,40.148056,-76.593889,19356
WWGR,101.900000,Pittsburgh,PA,,100.0,26.422778,-81.630278,56985
WWIZ,103.900000,Hermitage,PA,,6.0,41.204444,-80.363611,23437
WWLU,88.700000,Lincoln University,PA,,0.003,39.81,-75.926389,37557
WWNW,88.900000,New Wilmington,PA,,0.25,41.111389,-80.339167,72031
WWRR,104.900000,Scranton,PA,,0.27,41.435,-75.726389,36508
WWSR,93.100000,Hollidaysburg,PA,,3.0,40.763056,-84.183056,74294
WWWQ,99.700000,York,PA,,96.6,33.807222,-84.339444,73345
WWXM,97.700000,Bala-Cynwyd,PA,,100.0,33.595833,-79.053056,12181
WXAC,91.300000,Reading,PA,,0.21,40.369167,-75.907222,880
WXBB,94.700000,Erie,PA,,1.7,42.040556,-80.068056,52144
WXBX,95.300000,Greensburg,PA,,6.0,36.921389,-81.242778,27189
WXIL,95.100000,Carnegie,PA,,50.0,39.246389,-81.471944,52015
WXMJ,104.500000,Meadville,PA,,2.55,41.702778,-80.165,76254
WXMT,106.300000,Smethport,PA,,1.03,41.81,-78.386111,21195
WXPH,88.700000,Sellersville,PA,,0.075,40.035278,-76.621944,87834
WXPN,88.500000,Philadelphia,PA,,2.65,40.038694,-75.237278,68229
WXTU,92.500000,Bala Cynwyd,PA,,15.0,40.038611,-75.237222,74213
WXVU,89.100000,Villanova,PA,,0.0,40.032778,-75.3375,70229
WYCA,102.300000,Blue Bell,PA,,1.05,41.325556,-87.620833,73700
WYCR,98.500000,Hanover,PA,,10.5,39.857222,-76.948333,54608
WYCY,105.300000,Honesdale,PA,,2.9,41.579167,-75.178333,3675
WYEP-FM,91.300000,Pittsburgh,PA,,18.0,40.411667,-79.931389,52745
WYNA,104.900000,Narbeth,PA,,25.0,33.822056,-78.771639,24932
WYNR,102.500000,Bala-Cynwyd,PA,,97.0,31.156111,-81.971944,57785
WYTL,91.900000,Sellersville,PA,,0.45,40.185833,-75.954167,91726
WYVL,88.500000,Youngsville,PA,,2.5,41.901944,-79.261389,89403
WZBA,100.700000,Scranton,PA,,25.0,39.447222,-76.78,59985
WZBF,96.900000,Dubois,PA,,3.2,41.898611,-76.718889,40383
WZBH,93.500000,Pottstown,PA,,50.0,38.523333,-75.298611,25003
WZBT,91.100000,Gettysburg,PA,,0.35,39.841389,-77.223889,24132
WZEB,101.700000,Pottstown,PA,,3.3,38.523333,-75.298611,53993
WZLB,103.100000,Bala-Cynwyd,PA,,50.0,30.410556,-86.622778,60811
WZTF,102.900000,Bala-Cynwyd,PA,,2.9,34.01,-79.755,3115
WZWW,93.700000,State College,PA,,0.33,40.752222,-77.754444,6025
WZXM,88.100000,Philadelphia,PA,,0.54,40.262222,-76.886389,66520
WZXQ,88.300000,Sellersville,PA,,0.11,39.961111,-77.475556,93044
WZXR,99.300000,Williamsport,PA,,0.41,41.211667,-76.954444,61180
WZZD,88.100000,Sellersville,PA,,0.001,40.129167,-75.878611,91617
WZZH,90.900000,Sellersville,PA,,0.11,41.546944,-75.461667,91954
WZZZ,107.500000,Pittsburgh,PA,,2.6,38.722778,-82.998889,88356
WAEL-FM,96.100000,Mayaguez,PR,,24.0,18.151944,-66.9875,70685
WCMN-FM,107.300000,Arecibo,PR,,50.0,18.247778,-66.811944,8790
WCRP,88.100000,Guayama,PR,,27.0,18.113056,-66.052222,42685
WDIN,102.900000,Camuy,PR,,50.0,18.290833,-66.660833,27954
WEGM,95.100000,Mayaguez,PR,,25.0,18.148611,-66.981667,1890
WELX,101.500000,San Juan,PR,,50.0,18.443333,-67.147222,29219
WERR,104.100000,San Juan,PR,,50.0,18.291389,-66.660833,54750
WFDT,105.500000,Mayaguez,PR,,3.0,18.315833,-67.181667,3251
WFID,95.700000,Caguas,PR,,50.0,18.266667,-66.084722,10063
WIDA-FM,90.500000,Carolina,PR,,25.0,18.113333,-66.051944,10955
WIDI,99.500000,Quebradillas,PR,,22.4,18.15,-66.983333,32141
WIOA,99.900000,Guaynabo,PR,,31.0,18.278889,-65.853333,8151
WIOB,97.500000,San Juan,PR,,50.0,18.325833,-67.170278,8153
WIOC,105.100000,Mayaguez,PR,,50.0,17.984167,-66.636667,8152
WIPR-FM,91.300000,San Juan,PR,,105.0,18.111667,-66.051389,53860
WIVA-FM,100.300000,Caguas,PR,,23.0,18.150833,-66.989167,2876
WJDZ,90.100000,Ponce,PR,,0.125,18.040556,-66.455,83299
WJKL,105.700000,San Juan,PR,,50.0,18.281667,-66.112778,3537
WJVP,89.300000,Bayamon,PR,,0.0,18.326944,-65.305833,11619
WKAQ-FM,104.700000,San Juan,PR,,50.0,18.280833,-66.110556,19098
WLAZ,89.100000,Quebradillas,PR,,0.0,28.174167,-81.283611,27292
WLUZ,88.500000,Bayamon,PR,,3.0,18.278944,-65.852611,11620
WMIO,102.300000,San Juan,PR,,3.0,17.993611,-67.174167,40052
WMYP,98.300000,San German,PR,,1.9,17.7475,-64.836389,82199
WMYZ,88.700000,Quebradillas,PR,,35.0,28.904444,-81.96,27291
WNIK-FM,106.500000,Arecibo,PR,,25.0,18.455556,-66.74,33877
WNNV,91.700000,Mayaguez,PR,,0.0,18.068889,-67.048333,71565
WNOD,94.100000,Mayaguez,PR,,25.0,18.151389,-66.988889,53554
WNRT,96.900000,Santurce,PR,,50.0,18.259444,-66.5375,36195
WNVM,97.700000,San Juan,PR,,3.0,18.280353,-66.109806,1891
WNZN,89.100000,Ponce,PR,,2.2,41.309444,-82.441944,66384
WODA,94.700000,Guaynbo,PR,,31.0,18.278889,-65.853333,54471
WORO,92.500000,San Juan,PR,,50.0,18.2525,-66.332778,9335
WOYE,97.300000,Miramar,PR,,0.8,18.279444,-65.853333,68833
WPRM-FM,99.100000,Caguas,PR,,25.0,18.113056,-66.051667,2875
WPUC-FM,88.900000,Ponce,PR,,12.0,18.174417,-66.592139,9351
WQBS-FM,107.700000,Rio Pedras,PR,,12.0,18.31,-65.794722,28921
WQML,101.500000,Mayaguez,PR,,6.0,18.280556,-65.670278,3250
WRFE,89.300000,Mayaguez,PR,,50.0,34.902611,-80.154,91536
WRIO,101.100000,Caguas,PR,,50.0,18.027778,-66.653889,20591
WRRH,106.100000,Lajas,PR,,0.65,18.145556,-66.980556,55693
WRTU,89.700000,San Juan,PR,,50.0,18.266667,-66.084722,69090
WRUO,88.300000,San Juan,PR,,2.0,18.325278,-67.170278,69434
WTOK-FM,102.500000,San Juan,PR,,50.0,18.281667,-65.945,4936
WTPM,92.900000,Mayaguez,PR,,50.0,18.313056,-67.185,13952
WUKQ-FM,98.700000,San Juan,PR,,25.0,18.151389,-66.988611,54818
WVID,90.300000,Mayaguez,PR,,14.5,18.316667,-67.183056,10053
WVIS,106.100000,San Juan,PR,,50.0,18.326944,-65.305833,69631
WVJP-FM,103.300000,Caguas,PR,,26.0,18.278056,-65.853333,6441
WVVI-FM,93.500000,Bayamon,PR,,9.6,17.731389,-64.688056,62114
WXHD,98.100000,Santa Isabel,PR,,6.0,18.029167,-66.360278,77881
WXLX,103.700000,Bayamon,PR,,50.0,17.993611,-67.185833,55065
WXYX,100.700000,Guaynabo,PR,,50.0,18.287333,-66.180083,54447
WYAS,92.100000,Rio Piedras,PR,,4.6,18.331667,-65.686389,2999
WYQE,92.900000,Naguabo,PR,,3.9,18.280556,-65.670278,19056
WZAR,101.900000,Ponce,PR,,14.0,18.154167,-66.554167,52946
WZCA,91.700000,Querbradillas,PR,,6.0,18.486389,-66.943611,93424
WZMT,93.300000,Ponce,PR,,14.5,17.990556,-66.628611,53076
WZNT,93.700000,Guaynabo,PR,,28.0,18.278889,-65.853333,74552
WZOL,98.300000,San Juan,PR,,0.83,18.28,-65.853611,8898
WBKQ,96.700000,Bristol,RI,,2.5,40.177222,-85.673056,68150
WCVY,91.500000,Coventry,RI,,0.2,41.686111,-71.593611,14229
WDOM,91.300000,Providence,RI,,0.125,41.844167,-71.436667,53676
WELH,88.100000,Providence,RI,,4.0,41.857417,-71.318222,66656
WERK,104.900000,Bristol,RI,,6.0,40.155278,-85.43,1723
WHAZ-FM,97.500000,Newport,RI,,0.42,42.863611,-73.233056,6765
WHTF,104.900000,Bristol,RI,,47.0,30.586389,-84.236389,18550
WIKL,101.700000,Bristol,RI,,6.0,40.275833,-85.862222,52508
WJMF,88.700000,Smithfield,RI,,1.2,41.803333,-71.5575,7650
WKIV,88.100000,Westerly,RI,,1.0,41.405083,-71.812111,84180
WLVO,95.500000,Providence,RI,,18.5,41.827778,-71.369167,7313
WMNP,99.300000,Westerly,RI,,6.0,41.174444,-71.572222,71295
WNPE,102.700000,Pawtucket,RI,,1.95,41.423778,-71.476083,22874
WNPH,90.700000,Portsmouth,RI,,0.36,41.601667,-71.272222,53078
WQRI,88.300000,Bristol,RI,,0.8,41.648333,-71.259444,57426
WRIU,90.300000,Kingston,RI,,3.4,41.497778,-71.528611,69206
WWKX,106.300000,Pawtucket,RI,,1.15,41.995278,-71.448333,65198
WWRX,107.700000,Pawtucket,RI,,1.05,41.460833,-71.929444,58731
KCVK,107.700000,Greenville,SC,,3.7,38.673889,-92.862222,83870
KFWA,103.100000,Mount Pleasant,SC,,6.8,40.245556,-103.924806,79249
KPHT,95.500000,Mout Pleasant,SC,,100.0,37.902222,-104.266667,87658
KRYE,94.700000,Mount Pleasant,SC,,18.0,37.877778,-104.955278,81305
KTAK,93.900000,Seneca,SC,,50.0,42.719444,-108.145833,56590
KVLL-FM,94.700000,Mount Pleasant,SC,,50.0,31.113194,-94.808083,68130
KWMZ-FM,104.500000,Mount Pleasant,SC,,13.5,29.5625,-89.829444,89100
WAGP,88.700000,Beaufort,SC,,100.0,32.357528,-80.919778,12534
WAVF,101.700000,Myrtle Beach,SC,,100.0,32.817778,-79.835556,24776
WAYA-FM,100.900000,Charleston,SC,,13.0,33.073806,-80.198389,25374
WBHC-FM,92.100000,Hampton,SC,,6.0,32.843889,-81.125556,25915
WCCP-FM,105.500000,Clemson,SC,,20.0,34.636972,-82.70825,24481
WCFJ,92.100000,Johnston,SC,,15.0,34.081944,-81.126667,17765
WCOO,105.500000,Charleston,SC,,28.0,32.798889,-79.897222,50729
WDOG-FM,93.500000,Allendale,SC,,6.0,33.022778,-81.332778,24620
WEPR,90.100000,Columbia,SC,,84.0,34.941389,-82.410556,60926
WEZV,105.900000,N. Myrtle Beach,SC,,17.0,33.854444,-78.716667,49986
WFBT,106.700000,Awendaw,SC,,5.3,34.084278,-77.888361,34006
WFGA,106.700000,Hilton Head,SC,,2.8,41.423333,-84.86,85520
WFXH-FM,106.100000,Hilton Head Island,SC,,25.0,32.226667,-80.848056,48367
WGFG,105.300000,Orangeburg,SC,,12.5,33.443056,-80.804444,6485
WGFJ,105.100000,Laurens,SC,,3.6,34.204444,-81.910278,84438
WGHJ,105.300000,Florence,SC,,11.0,34.283611,-78.8025,78329
WGOG,101.700000,Walhalla,SC,,6.0,34.859167,-83.058333,2462
WGSP-FM,102.300000,Pageland,SC,,2.55,34.899167,-80.429444,57452
WGTK-FM,94.500000,Greenville,SC,,100.0,34.941389,-82.411389,73296
WHMC-FM,90.100000,Columbia,SC,,63.0,33.949444,-79.108611,60998
WHQA,103.100000,Anderson,SC,,6.0,34.425278,-82.540556,21830
WHZT,98.100000,Greenville,SC,,100.0,34.6875,-82.986944,5971
WIBZ,95.500000,Sumter,SC,,4.4,33.948889,-80.392778,55268
WIDL,92.100000,Seneca,SC,,25.0,43.615194,-83.078528,29678
WIIZ,97.900000,Barnwell,SC,,50.0,33.114444,-81.386944,15307
WJNI,106.300000,North Charleston,SC,,6.0,32.928333,-80.103611,66798
WJTB-FM,95.300000,West Columbia,SC,,6.0,33.872222,-81.106111,24376
WJWJ-FM,89.900000,Columbia,SC,,47.0,32.711667,-80.681667,61006
WKCL,91.500000,Ladson,SC,,100.0,33.006667,-80.088056,10340
WKZQ-FM,96.100000,Charleston,SC,,8.5,33.590833,-79.048611,13890
WLFW,92.700000,Johnston,SC,,1.8,33.755278,-81.845556,18656
WLGI,90.900000,Hemingway,SC,,50.0,33.719167,-79.330556,38505
WLJI,98.300000,Cayce,SC,,16.0,33.716111,-80.345556,63707
WLJK,89.100000,Columbia,SC,,10.0,33.405,-81.8375,60960
WLKU,98.900000,Mt. Pleasant,SC,,39.0,41.3275,-90.379444,8590
WLTR,91.300000,Columbia,SC,,98.0,34.118611,-80.936667,60984
WLXC,103.100000,Columbia,SC,,6.0,34.051389,-81.001944,54794
WMHK,89.700000,Columbia,SC,,100.0,34.096944,-80.764167,12410
WMKD,105.500000,Johns Island,SC,,100.0,46.396667,-84.397778,59529
WMXZ,95.900000,Bamberg,SC,,50.0,32.824167,-80.002778,6634
WMYB,92.100000,Myrtle Beach,SC,,94.0,33.590833,-79.048611,27265
WNSC-FM,88.900000,Columbia,SC,,97.9,34.839722,-81.018611,60962
WOEZ,93.700000,Columbia,SC,,11.0,32.419528,-80.475167,25206
WOMG,98.500000,Columbia,SC,,6.0,33.899583,-81.224889,37200
WORG,100.300000,Orangeburg,SC,,25.0,33.361667,-80.684722,11643
WOSF,105.300000,Gaffney,SC,,51.0,35.364167,-81.186944,23006
WPDT,105.100000,Coward,SC,,18.0,33.915,-79.838611,66643
WPUB-FM,102.700000,Camden,SC,,6.0,34.225278,-80.678889,34295
WQKI-FM,102.900000,Orangeburg,SC,,3.1,33.443056,-80.804444,6484
WQNQ,104.300000,Mount Pleasant,SC,,0.47,35.5275,-82.496944,71341
WQNS,105.100000,Florence,SC,,6.0,35.597333,-82.605722,41008
WRBK,90.300000,Chester,SC,,7.5,34.696111,-81.023056,81638
WRCM,91.900000,Columbia,SC,,30.0,35.059444,-80.670556,12400
WRHM,107.100000,Rock Hill,SC,,2.4,34.859444,-80.799722,50776
WRJA-FM,88.100000,Columbia,SC,,98.0,33.881111,-80.270556,60974
WRNN-FM,99.500000,Myrtle Beach,SC,,21.5,33.721389,-78.895556,53949
WROO,104.900000,Union,SC,,2.3,34.921111,-82.401389,25240
WROQ,101.100000,Greenville,SC,,100.0,34.6475,-82.270278,318
WRWN,107.900000,Hilton Head Island,SC,,24.0,32.226667,-80.848056,72387
WSBF-FM,88.100000,Clemson,SC,,3.0,34.678333,-82.820833,12000
WSCI,89.300000,Columbia,SC,,97.0,32.924444,-79.699444,60950
WSCZ,93.900000,St. Matthews,SC,,8.9,34.363056,-80.911111,54576
WSIM,93.700000,Sumter,SC,,2.8,34.203333,-79.864444,55269
WSPX,94.500000,Orangeburg,SC,,3.5,33.320278,-80.731111,54503
WSSB-FM,90.300000,Orangeburg,SC,,80.0,33.498611,-80.841667,60972
WSSL-FM,100.500000,Greenville,SC,,100.0,34.571667,-82.112222,59819
WTBI-FM,91.500000,Greenville,SC,,22.5,34.830833,-82.448611,64496
WTCB,106.700000,Columbia,SC,,100.0,33.781111,-80.920556,54791
WTHP,94.300000,Aiken,SC,,6.3,33.284722,-82.595833,83423
WTMZ-FM,98.900000,Isle Of Palms,SC,,50.0,33.1875,-79.558611,24201
WTUA,105.900000,St. Stephen,SC,,6.0,33.493333,-79.889167,23895
WUSC-FM,90.500000,Columbia,SC,,2.5,34.000556,-81.021944,66603
WVCO,94.900000,Myrtle Beach,SC,,11.0,33.994167,-78.771111,57036
WVSC,103.100000,Hilton Head Island,SC,,6.9,32.226722,-80.850528,49910
WVSZ,107.300000,Rock Hill,SC,,4.5,34.72,-80.095833,14911
WWBD,94.700000,Sumter,SC,,8.1,34.048889,-80.214167,29140
WWFN-FM,100.100000,Florence,SC,,3.3,33.976667,-79.808889,21745
WWKT-FM,99.300000,Kingstree,SC,,11.0,33.901944,-79.997778,15836
WYBB,98.100000,Charleston,SC,,23.0,32.798889,-79.897222,36139
WYEZ,100.700000,Georgetown,SC,,3.1,33.400833,-79.458333,23898
WZLA-FM,92.900000,Abbeville,SC,,6.0,34.186944,-82.324444,60101
WZSN,103.500000,Greenwood,SC,,25.0,34.162778,-82.194722,68852
KAOR,91.100000,Vermillion,SD,,0.12,42.783611,-96.923889,66605
KAUR,89.100000,Sioux Falls,SD,,0.68,43.526944,-96.738333,3239
KBHE-FM,89.300000,Vermillion,SD,,9.8,44.0525,-103.243889,58327
KBHU-FM,89.100000,Spearfish,SD,,0.1,44.496667,-103.870278,5472
KBRK-FM,93.700000,Brookings,SD,,100.0,44.339444,-97.154444,15261
KCGN-FM,101.500000,Milbank,SD,,98.0,45.374722,-97.038889,8060
KCSD,90.900000,"Sioux Falls,",SD,,6.0,43.574444,-96.655278,60485
KDBX,107.100000,Milbank,SD,,9.9,44.593611,-96.663889,87411
KDDX,101.100000,Rapid City,SD,,100.0,44.326389,-103.835,17689
KDLO-FM,96.900000,Sioux Falls,SD,,100.0,44.965833,-97.589444,60865
KDSD-FM,90.900000,Vermillion,SD,,70.0,45.498611,-97.676389,58324
KELO-FM,101.900000,Sioux Falls,SD,,34.0,43.751389,-96.889444,34950
KELQ,107.900000,Sioux Falls,SD,,21.0,43.965556,-96.819722,36933
KESD,88.300000,Vermillion,SD,,50.0,44.336111,-97.228056,58359
KGWD,94.500000,Sioux Falls,SD,,25.0,43.641389,-96.612778,60487
KILI,90.100000,Porcupine,SD,,100.0,43.18,-102.323611,36443
KINI,96.100000,St. Francis,SD,,90.0,43.130556,-100.900556,66334
KIQK,104.100000,Deadwood,SD,,100.0,44.021944,-103.259167,67310
KIXX,96.100000,Sioux Falls,SD,,97.0,45.175278,-96.9875,60861
KJAM-FM,103.100000,Madison,SD,,33.0,43.985556,-97.128333,39578
KKQQ,102.300000,Sioux Falls,SD,,25.0,44.250278,-96.956111,9663
KKSD,104.300000,Sioux Falls,SD,,96.2,45.175,-96.987222,63598
KKYA,93.100000,Sioux Falls,SD,,100.0,42.730278,-97.403611,60863
KLND,89.500000,Mclaughlin,SD,,100.0,45.748333,-100.808333,59762
KLXS-FM,95.300000,Sioux Falls,SD,,100.0,44.311667,-100.3525,60860
KMIT,105.900000,Mitchell,SD,,100.0,43.737778,-98.244167,43239
KOLY-FM,99.500000,Mobridge,SD,,100.0,45.535278,-100.345833,43329
KORN-FM,92.100000,Pierre,SD,,100.0,43.703333,-97.997222,15267
KPGT,89.100000,Watertown,SD,,0.0,44.899167,-97.105,93041
KPSD-FM,97.100000,Vermillion,SD,,100.0,45.053889,-102.263056,62385
KQDS-FM,94.900000,Fargo,SD,,100.0,46.793611,-92.1175,65660
KQRN,107.300000,Sioux Falls,SD,,100.0,43.703889,-97.999167,35503
KQSD-FM,91.900000,Vermillion,SD,,100.0,45.277222,-99.986,58325
KQSF,95.700000,Sioux Falls,SD,,25.0,43.763333,-96.8075,76903
KRRO,103.700000,Sioux Falls,SD,,38.0,43.457778,-96.670556,59814
KSDJ,90.700000,Brookings,SD,,1.0,44.316944,-96.783889,61073
KSDR-FM,92.900000,Watertown,SD,,97.0,45.175278,-96.9875,20433
KSQY,95.100000,Deadwood,SD,,100.0,44.330278,-103.836111,3041
KTSD-FM,91.100000,Vermillion,SD,,100.0,43.965278,-99.598889,58326
KTWB,92.500000,Sioux Falls,SD,,100.0,43.518611,-96.534722,41972
KUQL,98.300000,Mitchell,SD,,100.0,43.759167,-98.412222,42113
KUSD,89.700000,Vermillion,SD,,32.0,43.05,-96.786667,58426
KVHT,106.300000,Vermillion,SD,,50.0,42.9225,-97.065833,14708
KWNG,105.900000,Sioux Falls,SD,,12.0,44.537222,-92.5225,60864
KWYR-FM,93.700000,Winner,SD,,100.0,43.296111,-99.867222,42109
KXLG,99.100000,Huron,SD,,37.0,45.019444,-96.945278,15262
KYDT,103.100000,Belle Fourche,SD,,25.0,44.476389,-104.448333,78241
KZLB,92.100000,Sioux Falls,SD,,6.0,42.478889,-94.202778,60859
KZLK,106.300000,Rapid City,SD,,92.0,44.068611,-103.250556,76967
KZMX-FM,96.700000,Hot Springs,SD,,1.4,43.442778,-103.4575,46712
KZSD-FM,102.500000,Vermillion,SD,,100.0,43.435,-101.553889,59466
KZTK,103.900000,West Fargo,SD,,25.0,47.122222,-97.324722,41898
KZZI,95.900000,Sturgis,SD,,100.0,44.326389,-103.835,38630
KAKV,88.900000,Memphis,TN,,26.0,33.208333,-92.708333,91423
KBMK,88.300000,Memphis,TN,,0.0,46.827222,-100.774444,93533
KBOA-FM,105.500000,Memphis,TN,,6.0,36.330556,-90.123333,33673
KBWA,89.100000,Memphis,TN,,0.0,40.21725,-103.696167,91420
KCKT,88.500000,Jackson,TN,,0.25,31.326944,-95.473889,93122
KDXE,101.100000,Memphis,TN,,0.85,34.798889,-92.495556,49255
KEDG,106.900000,Memphis,TN,,6.0,31.307222,-92.398889,86925
KFLI,104.700000,Memphis,TN,,25.0,35.006389,-91.672222,88063
KGCN,91.700000,Memphis,TN,,0.0,33.363056,-104.636389,91494
KGGA,88.100000,Memphis,TN,,1.0,35.540833,-108.743333,94220
KHCO,90.100000,Memphis,TN,,0.0,40.451111,-106.751667,92359
KHOL,89.100000,Memphis,TN,,2.2,43.461111,-110.7525,92620
KITA,89.500000,Memphis,TN,,0.0,30.188056,-92.631944,90732
KJTW,89.900000,Jackson,TN,,0.4,46.891667,-98.712778,93119
KKLG,88.300000,Memphis,TN,,0.4,41.6925,-93.010278,92477
KKLT,89.300000,Memphis,TN,,0.001,33.393333,-93.859444,91620
KKWV,88.100000,Memphis,TN,,8.5,27.867222,-97.218611,91069
KLHK,88.300000,Memphis,TN,,0.0,32.713333,-103.090833,93053
KLJK,94.700000,Cordova,TN,,6.0,35.564444,-90.823056,52903
KLKM,88.700000,Memphis,TN,,3.3,48.013333,-114.365278,89617
KLO-FM,103.100000,Memphis,TN,,89.0,40.871111,-110.995278,88483
KLRM,90.700000,Jackson,TN,,0.0,36.091944,-92.262778,93114
KLRV,90.900000,Memphis,TN,,0.0,45.765,-108.455278,91499
KLSK,100.300000,Memphis,TN,,100.0,47.265833,-111.144167,87644
KLWC,89.100000,Memphis,TN,,0.0,42.734167,-106.333333,90985
KMLT,88.300000,Memphis,TN,,0.3,43.461944,-110.753333,92472
KNAR,89.300000,Memphis,TN,,1.0,31.699722,-100.441667,91797
KOBH,91.700000,Jackson,TN,,0.25,32.713333,-103.090833,92883
KPGF,93.700000,Memphis,TN,,3.6,39.583889,-119.798333,77800
KQEL,107.900000,Brentwood,TN,,3.0,32.886944,-105.951111,88083
KRLH,90.900000,Jackson,TN,,0.13,34.850556,-102.393889,93746
KRLR,89.100000,Memphis,TN,,0.001,30.351667,-93.396944,89623
KRQN,107.100000,Memphis,TN,,4.7,42.148889,-91.880556,89113
KSRI,90.700000,Memphis,TN,,0.0,40.615556,-103.033889,91419
KVMZ,99.100000,Memphis,TN,,4.1,33.299722,-93.233333,86171
KVXO,88.300000,Brentwood,TN,,0.14,40.616667,-105.326667,84102
KWCA,101.100000,Memphis,TN,,4.9,40.654167,-122.52,86670
KWLR,96.900000,Memphis,TN,,19.0,34.8925,-92.413889,23849
KXHT,107.100000,Memphis,TN,,2.75,35.156389,-90.096111,5213
KYAI,89.300000,Memphis,TN,,50.0,37.075,-83.820556,92949
KYTN,104.900000,Union City,TN,,6.0,36.483333,-88.952778,68612
KZLF,97.500000,Memphis,TN,,50.0,37.024167,-98.689444,85771
WAEZ,94.900000,Greeneville,TN,,100.0,36.076111,-82.691111,54601
WALV-FM,95.300000,Chattanooga,TN,,3.4,35.129167,-85.333889,66956
WANT,98.900000,Lebanon,TN,,5.0,36.206667,-86.267222,4103
WAPX-FM,91.900000,Clarksville,TN,,6.0,36.536944,-87.357222,3346
WARJ,102.500000,Memphis,TN,,0.15,37.195,-80.156389,89133
WASL,100.100000,Dyersburg,TN,,26.0,36.1,-89.486667,17509
WAYB-FM,95.700000,Spring City,TN,,6.0,35.410833,-85.131667,71148
WAYD,88.100000,Brentwood,TN,,1.0,36.960278,-86.546944,93017
WAYH,88.100000,Brentwood,TN,,3.5,34.818889,-86.738611,61509
WAYM,88.700000,Brentwood,TN,,5.0,36.047139,-86.83025,58421
WAYQ,88.300000,Brentwood,TN,,14.0,36.293333,-87.305556,83853
WBDX,102.700000,Chattanooga,TN,,0.32,34.863333,-85.393056,54445
WBFG,96.500000,Lexington,TN,,6.0,35.759167,-88.3875,85424
WBGQ,100.700000,Morristown,TN,,0.33,36.38,-83.179722,78711
WBIO,94.700000,Nashville,TN,,3.0,37.697222,-86.991111,65577
WBNT-FM,105.500000,Oneida,TN,,3.0,36.500833,-84.49,50360
WBOZ,104.900000,Murfreesboro,TN,,6.0,35.825833,-86.157778,15531
WBUZ,102.900000,Nashville,TN,,100.0,35.800278,-86.621389,74243
WBXE,93.700000,Cookeville,TN,,6.1,36.184167,-85.411111,31426
WCDZ,95.100000,Martin,TN,,21.5,36.263889,-88.6675,67055
WCLC-FM,105.100000,Jamestown,TN,,6.0,36.3125,-84.936944,30298
WCLE-FM,104.100000,Athens,TN,,2.2,35.266389,-84.839722,55099
WCMT-FM,101.300000,Martin,TN,,2.4,36.3625,-88.849167,67053
WCPI,91.300000,Mcminnville,TN,,1.6,35.661389,-85.751667,70895
WCSK,90.300000,Kingsport,TN,,0.195,36.526944,-82.586667,34914
WCVQ,107.900000,Clarksville,TN,,100.0,36.539722,-87.6625,61253
WCYQ,100.300000,Knoxville,TN,,96.0,36.198333,-84.231111,49923
WDEB-FM,103.900000,Jamestown,TN,,3.4,36.425278,-84.942222,4135
WDEF-FM,92.300000,Chattanooga,TN,,97.0,35.135,-85.323611,57827
WDNX,89.100000,Savannah,TN,,52.0,35.206389,-88.058889,57955
WDOD-FM,96.500000,Chattanooga,TN,,100.0,35.161389,-85.318056,71351
WDVX,89.900000,Knoxville,TN,,0.1998,36.198056,-84.230833,14724
WECO-FM,101.300000,Wartburg,TN,,1.65,36.187222,-84.627222,43775
WECV,89.100000,Nashville,TN,,22.0,36.141111,-86.756389,67633
WEIO,100.900000,Huntingdon,TN,,25.0,35.951389,-88.463056,42368
WEJT,105.100000,Nashville,TN,,13.0,39.593889,-88.845833,65570
WETS-FM,89.500000,Johnson City,TN,,66.0,36.433889,-82.135556,18253
WEVL,89.900000,Memphis,TN,,4.8,35.143611,-89.806111,61272
WEYE,104.300000,Rogersville,TN,,4.1,36.534722,-82.797778,73872
WFFH,94.100000,Nashville,TN,,3.2,36.020556,-86.638333,68347
WFGW,106.700000,Knoxville,TN,,1.1,36.12,-83.925,76263
WFHU,91.500000,Henderson,TN,,10.5,35.461111,-88.680833,22547
WFIV-FM,105.300000,Knoxville,TN,,6.0,35.811111,-84.267222,65151
WFKX,95.700000,Jackson,TN,,6.0,35.643611,-88.773333,73392
WFMQ,91.500000,Lebanon,TN,,0.5,36.203611,-86.300278,14728
WFSK-FM,88.100000,Nashville,TN,,0.7,36.166667,-86.804722,21666
WFTZ,101.500000,Manchester,TN,,5.7,35.398056,-86.144444,52436
WFYR,97.300000,Nashville,TN,,23.5,40.772778,-89.747222,72080
WGFX,104.500000,Nashville,TN,,58.0,36.268056,-86.795833,16893
WGKX,105.900000,Memphis,TN,,100.0,35.154444,-89.822222,35009
WGLO,95.500000,Nashville,TN,,7.0,40.606389,-89.538889,68622
WGSN,90.700000,Jamestown,TN,,0.0,35.905556,-83.296667,84765
WHBQ-FM,107.500000,Memphis,TN,,3.9,35.175,-89.740556,50330
WHCB,91.500000,Bristol,TN,,1.5,36.434167,-82.134167,2460
WHHM-FM,107.700000,Henderson,TN,,50.0,35.456389,-88.626667,10766
WHNY-FM,104.700000,Paris,TN,,2.9,36.138611,-88.264444,85416
WHQQ,98.900000,Nashville,TN,,3.2,39.249722,-88.38,73997
WHRS,91.700000,Nashville,TN,,0.5,36.142778,-85.467222,66292
WIGH,88.700000,Jackson,TN,,14.0,35.721944,-88.601944,25543
WIHG,105.700000,Rockwood,TN,,2.4,35.890833,-84.866944,51113
WIJV,92.700000,Rockwood,TN,,2.65,35.867778,-84.432222,70637
WIKQ,103.100000,Greeneville,TN,,6.8,36.127778,-82.6325,15518
WIVK-FM,107.700000,Knoxville,TN,,91.0,35.811389,-83.669444,16890
WJBP,91.500000,Chattanooga,TN,,11.0,34.943611,-85.300278,10670
WJBZ-FM,96.300000,Knoxville,TN,,2.9,35.938056,-83.703056,59808
WJDT,106.500000,Morristown,TN,,0.3,36.380833,-83.179722,7950
WJJM-FM,94.300000,Lewisburg,TN,,6.0,35.450833,-86.7825,40477
WJLE-FM,101.700000,Smithville,TN,,4.4,35.925278,-85.820556,37052
WJSQ,101.700000,Athens,TN,,7.5,35.521944,-84.458056,29951
WJTT,94.300000,Chattanooga,TN,,4.7,35.125833,-85.290278,6752
WKBQ,93.500000,Covington,TN,,6.0,35.586667,-89.639167,57886
WKCS,91.100000,Knoxville,TN,,0.5,35.993611,-83.922778,22901
WKDF,103.300000,Nashville,TN,,100.0,36.035556,-86.848889,16896
WKFF,102.100000,Memphis,TN,,4.0,34.375833,-89.764444,89397
WKGF,101.300000,Memphis,TN,,6.0,33.822222,-89.927778,87534
WKHW,88.500000,Memphis,TN,,1.4,40.457222,-76.903611,91925
WKIW,88.300000,Memphis,TN,,0.0,46.441111,-90.190556,92279
WKJQ-FM,97.300000,Parsons,TN,,6.0,35.660833,-88.118056,12001
WKNO-FM,91.100000,Memphis,TN,,100.0,35.153889,-89.821944,41887
WKNP,90.100000,Memphis,TN,,18.0,35.646944,-88.833333,41885
WKOM,101.700000,Columbia,TN,,4.1,35.618056,-87.0425,41996
WKTS,90.100000,Oliver Springs,TN,,0.0,35.765833,-84.575833,91391
WKVF,94.900000,Franklin,TN,,2.9,35.154361,-89.822139,859
WKWR,90.100000,Memphis,TN,,0.25,24.568056,-81.748056,90274
WKWX,93.500000,Savannah,TN,,25.0,35.285556,-88.1675,65212
WKWY,102.700000,Lafayette,TN,,6.0,36.724167,-85.681389,78223
WKXD-FM,106.900000,Cookville,TN,,23.0,36.122389,-85.246806,31387
WKXJ,103.700000,Mc Minnville,TN,,25.0,35.125833,-85.290278,14735
WKZX-FM,93.500000,Lenoir City,TN,,2.0,35.710556,-84.179444,73210
WLCT,102.100000,Lafayette,TN,,6.0,36.535,-86.0075,29291
WLFN,105.100000,Nashville,TN,,50.0,36.090278,-87.634722,41865
WLLX,97.500000,Lawrenceburg,TN,,42.0,35.282222,-87.105,53664
WLME,102.700000,Nashville,TN,,2.25,37.795556,-86.849444,25962
WLMU,91.300000,Harrogate,TN,,3.0,36.561111,-83.655861,37551
WLNQ,104.700000,Newport,TN,,2.8,36.216667,-83.193889,73346
WLQK,95.900000,Cookeville,TN,,27.0,36.184167,-85.411111,73212
WLVU,97.100000,Nahshville,TN,,20.5,36.263778,-86.794139,26689
WLXA,98.300000,Pulaski,TN,,17.5,34.965278,-87.5,53875
WLXD,104.500000,Memphis,TN,,12.0,33.367778,-88.694167,84434
WLZK,94.100000,Paris,TN,,10.5,36.313889,-88.2925,4806
WMBJ,88.300000,Bristol,TN,,6.4,33.656944,-79.04,76588
WMCI,101.300000,Nashville,TN,,13.5,39.250278,-88.379444,65572
WMEV-FM,93.900000,Kingsport,TN,,100.0,36.901111,-81.543056,63711
WMFS-FM,92.900000,Memphis,TN,,6.0,35.172222,-89.944444,4653
WMMY,106.100000,Murfreesboro,TN,,10.5,36.331389,-81.588056,91
WMOD,96.700000,Bolivar,TN,,3.0,35.25,-88.891111,71647
WMOT,89.500000,Murfreesboro,TN,,100.0,36.085278,-86.439444,41997
WMPZ,93.500000,Chattanooga,TN,,6.0,35.125833,-85.290278,60659
WMSB,88.900000,Memphis,TN,,0.0,34.658333,-89.625556,42060
WMTS-FM,88.300000,Murfreesboro,TN,,0.68,35.848889,-86.353056,41998
WMTY-FM,98.300000,Sweetwater,TN,,6.0,35.613611,-84.459167,39378
WMXK,94.100000,Morristown,TN,,1.0,36.228333,-83.332222,48752
WMXV,101.500000,St. Joseph,TN,,2.85,34.929722,-87.528889,6709
WMXX-FM,103.100000,Jackson,TN,,42.0,35.544167,-88.788333,24099
WMYL,96.700000,Harrogate,TN,,2.8,36.0725,-84.021667,30610
WNFN,106.700000,Nashville,TN,,2.95,36.263889,-86.794167,29862
WNFZ,94.300000,Knoxville,TN,,2.95,35.966111,-84.068333,31837
WNKV,91.100000,Memphis,TN,,0.0,29.809444,-90.421389,89686
WNKX-FM,96.700000,Centerville,TN,,6.0,35.8275,-87.567222,27138
WNML-FM,99.100000,Knoxville,TN,,6.0,35.711667,-84.0225,7998
WNRX,99.300000,Johnson City,TN,,0.95,36.191417,-83.504222,18403
WNRZ,91.500000,Nashville,TN,,8.0,36.01,-87.513056,67638
WNWS-FM,101.500000,Jackson,TN,,2.2,35.649722,-88.769722,29671
WNXP,91.100000,Nashville,TN,,10.0,36.140833,-86.865556,69816
WOJG,94.700000,Bolivar,TN,,6.0,35.2775,-88.928056,31865
WOKI,98.700000,Knoxville,TN,,8.0,36.113333,-84.062222,10457
WORM-FM,101.700000,Savannah,TN,,3.0,35.24,-88.241389,24101
WOWF,102.500000,Crossville,TN,,9.0,36.021667,-84.971667,46369
WOXF,105.100000,Memphis,TN,,1.6,34.423889,-89.514167,84091
WPIA,98.500000,Nashville,TN,,6.0,40.715833,-89.463889,28317
WPLA,104.900000,Lafollette,TN,,6.0,36.227222,-84.142778,36230
WPLN-FM,90.300000,Nashville,TN,,80.0,36.035556,-86.848611,53821
WPRH,90.900000,Jackson,TN,,0.0,36.258056,-88.186389,93121
WPRT-FM,102.500000,Nashville,TN,,100.0,36.293333,-87.305556,43630
WQAK,105.700000,Union City,TN,,6.0,36.518611,-89.094722,68611
WQMT,93.900000,Spring City,TN,,16.5,35.365278,-84.756111,70782
WQOX,88.500000,Memphis,TN,,30.0,35.154722,-89.822222,41147
WQQK,92.100000,Nashville,TN,,3.5,36.297222,-86.753056,52521
WQUT,101.500000,Gray,TN,,99.0,36.268611,-82.339167,67673
WRJB,95.900000,Camden,TN,,6.0,36.057222,-88.103889,69768
WRLT,100.100000,Nashville,TN,,0.2,36.035,-86.848333,24427
WRND,94.300000,Nashville,TN,,6.0,36.641111,-87.433611,14915
WRQR-FM,105.500000,Union City,TN,,3.7,36.279167,-88.341944,71502
WRZK,95.900000,Colonial Heights,TN,,7.4,36.526667,-82.586944,47076
WSAA,93.100000,Chattanooga,TN,,3.5,35.165,-84.853611,63493
WSDC,88.500000,Sneedville,TN,,0.25,36.493333,-83.223056,90783
WSEV-FM,105.500000,Sevierville,TN,,0.53,35.703611,-83.565833,17059
WSGM,104.700000,Coalmont,TN,,1.0,35.278889,-85.733889,14730
WSHA,89.300000,Memphis,TN,,2.3,38.396389,-81.591111,90986
WSM-FM,95.500000,Nashville,TN,,100.0,36.140833,-86.865556,74065
WSMC-FM,90.500000,Collegedale,TN,,100.0,35.255556,-85.226111,61269
WTAI,88.900000,Memphis,TN,,0.0,36.413333,-89.149722,93051
WTBG,95.300000,Brownsville,TN,,5.0,35.608333,-89.244444,66659
WTFM,98.500000,Kingsport,TN,,70.0,36.431278,-82.13765,27489
WTJF-FM,94.300000,Humboldt,TN,,6.0,36.103333,-89.129167,20390
WTJK,105.300000,Humboldt,TN,,4.7,35.844722,-88.902222,6583
WTJS,93.100000,Bells,TN,,14.0,35.724444,-89.059722,24609
WTKB-FM,93.700000,Milan,TN,,15.0,35.956944,-88.695556,5299
WTML,91.500000,Nashville,TN,,1.55,35.398056,-86.144444,94201
WTMT,105.900000,Clinton,TN,,9.5,35.601111,-82.651944,72070
WTPR-FM,101.700000,Clarksville,TN,,1.8,36.410833,-87.968333,12496
WTRZ,107.300000,Mcminnville,TN,,2.0,35.665278,-85.521944,17759
WTTU,88.500000,Cookeville,TN,,2.0,36.176667,-85.505556,65217
WUCH,96.900000,Livingston,TN,,1.25,36.261667,-85.276389,57190
WUCZ,104.100000,Carthage,TN,,4.9,36.311944,-85.952222,73600
WUHT,107.700000,Knoxville,TN,,42.0,33.484444,-86.806944,6401
WUIE,105.100000,Spring City,TN,,0.85,35.255556,-85.226111,70784
WUMC,90.500000,Milligan College,TN,,0.5,36.299444,-82.291111,82695
WUOT,91.900000,Knoxville,TN,,80.0,36.005278,-83.939722,69161
WUTC,88.100000,Chattanooga,TN,,30.0,35.207222,-85.281111,69325
WUTK-FM,90.300000,Knoxville,TN,,0.0,35.9525,-83.926111,69329
WUTM,90.300000,Martin,TN,,0.175,36.339722,-88.859722,66572
WVCP,88.500000,Gallatin,TN,,1.0,36.404167,-86.450278,70470
WWCT,99.900000,Nashville,TN,,1.5,40.606389,-89.538889,27727
WWFF-FM,93.300000,Tullahoma,TN,,14.5,34.793611,-86.630833,65223
WWGM,93.900000,Selmer,TN,,6.0,35.190833,-88.589167,71358
WWGO,92.100000,Nashville,TN,,6.0,39.527778,-88.356389,72317
WWGY,99.300000,Union City,TN,,3.0,36.466389,-88.946389,71506
WWTN,99.700000,Nashville,TN,,100.0,35.8175,-86.523333,31476
WWWD,102.100000,Memphis,TN,,4.5,32.908333,-83.776944,86172
WWYN,106.900000,Jackson,TN,,100.0,35.876667,-88.790833,54947
WXCM,97.100000,Nashville,TN,,4.0,37.697222,-86.991111,73214
WXIS,103.900000,Erwin,TN,,6.0,36.138056,-82.383611,71481
WXKV,90.500000,Memphis,TN,,20.0,35.178889,-88.5625,93338
WYBK,89.700000,Chattanooga,TN,,100.0,35.171667,-85.316389,65216
WYDL,100.300000,Memphis,TN,,25.0,35.003611,-88.660833,85315
WYDS,93.100000,Nashville,TN,,4.6,39.786389,-88.991389,71440
WYGO,99.500000,Sweetwater,TN,,2.7,35.521944,-84.458056,39691
WYJJ,97.700000,Brownsville,TN,,34.0,35.646944,-88.833333,54899
WYPL,89.300000,Memphis,TN,,100.0,35.4675,-90.190833,13996
WYTM-FM,105.500000,Fayetteville,TN,,6.0,35.1275,-86.580278,67130
WYXR,91.700000,Memphis,TN,,25.0,35.154722,-89.857778,66625
WYYX,97.700000,Murfreesboro,TN,,100.0,30.511389,-85.49,25412
WZDQ,102.300000,Jackson,TN,,6.0,35.7625,-88.861667,54032
WZKV,90.700000,Memphis,TN,,9.9,36.100556,-89.486389,41886
WZLT,99.300000,Lexington,TN,,5.0,35.634722,-88.392778,37197
WZNX,106.700000,Nashville,TN,,11.0,39.610833,-88.692222,57461
WZPN,101.100000,Nashville,TN,,3.3,40.65,-89.779444,78165
WZRU,90.100000,Bristol,TN,,11.0,36.244167,-77.577778,2468
WZXX,88.500000,Brentwood,TN,,0.076,35.203333,-87.3275,89511
WZZP,97.500000,Clarksville,TN,,6.0,36.763056,-87.449722,83979
KABW,95.100000,Duncanville,TX,,40.0,32.285,-99.644167,39159
KACC,89.700000,Alvin,TX,,5.6,29.400278,-95.203611,1205
KACO,98.500000,Dallas,TX,,18.5,34.941667,-98.375833,70015
KACQ,101.900000,Lampasas,TX,,6.0,31.2425,-98.321944,16297
KACU,89.500000,Abileen,TX,,100.0,32.229722,-99.628333,300
KACV-FM,89.900000,Amarillo,TX,,100.0,35.3425,-101.8225,1234
KACY,102.500000,Stafford,TX,,6.0,37.083611,-96.929444,77876
KAFX-FM,95.500000,Austin,TX,,100.0,31.407778,-94.764722,18105
KAGG,96.100000,Dallas,TX,,40.0,30.800556,-96.116667,49944
KAGT,90.500000,Abilene,TX,,100.0,32.510278,-99.741111,87588
KAJA,97.300000,San Antonio,TX,,98.0,29.523611,-98.723611,11919
KAJZ,106.500000,Dallas,TX,,7.0,30.676667,-98.566389,87996
KAKQ-FM,101.100000,Austin,TX,,46.2,64.915278,-147.647778,12519
KALD,91.900000,Caldwell,TX,,30.0,30.599167,-96.642222,91682
KALP,92.700000,Alpine,TX,,2.35,30.319167,-103.617778,56480
KALZ,96.700000,Austin,TX,,25.0,36.695,-119.732222,2097
KAMA-FM,104.900000,Dallas,TX,,10.5,29.757222,-95.338611,57806
KAMU-FM,90.900000,College Station,TX,,2.4,30.629722,-96.3425,65303
KAMZ,103.500000,Lubbock,TX,,20.0,33.323889,-101.804167,77643
KANJ,91.100000,Giddings,TX,,0.45,30.165556,-96.870833,72440
KAPN,107.300000,Houston,TX,,6.0,30.558611,-96.580556,57803
KAPW,99.300000,College Station,TX,,34.0,32.588056,-94.981389,78631
KARO,98.700000,Dallas,TX,,11.5,43.755,-116.0975,57066
KASE-FM,100.700000,Austin,TX,,100.0,30.319444,-97.801667,35849
KASH-FM,107.500000,Austin,TX,,100.0,61.336389,-149.513333,12958
KATP,101.900000,Amarillo,TX,,100.0,35.3425,-101.8225,41433
KATX,97.700000,Eastland,TX,,3.0,32.396389,-98.773889,71352
KAUM,107.100000,Colorado City,TX,,3.0,32.3875,-100.8925,30101
KAVX,91.900000,Lufkin,TX,,23.0,31.368889,-94.645833,82087
KAWA,89.700000,Dallas,TX,,95.0,33.560278,-96.959444,76285
KAYD-FM,101.700000,Livingston,TX,,10.5,30.115,-93.998889,31109
KAYT,88.100000,Tyler,TX,,15.5,31.565278,-92.55,18556
KAZE,106.900000,College Station,TX,,8.2,32.698333,-94.617778,57262
KAZI,88.700000,Austin,TX,,1.7,30.276944,-97.826111,3344
KBAR-FM,100.900000,San Antonio,TX,,15.0,28.781944,-96.941389,74362
KBBB,102.500000,Bay City,TX,,100.0,28.796944,-96.155556,58979
KBBT,98.500000,San Antonio,TX,,97.0,29.523611,-98.723611,3075
KBDR,100.500000,Laredo,TX,,42.0,27.354722,-99.231111,906
KBEL-FM,96.700000,Gordonville,TX,,25.0,33.881667,-94.819444,14758
KBEX,96.100000,Dalhart,TX,,100.0,35.738,-102.251361,15018
KBEY,103.900000,Dallas,TX,,1.8,30.740528,-98.317889,40764
KBFL-FM,99.900000,Sulphur Springs,TX,,3.1,37.520556,-93.103889,33654
KBFX,100.500000,Austin,TX,,25.0,61.197778,-149.875278,12962
KBGO,95.700000,Austin,TX,,24.0,31.514167,-97.195278,33724
KBHT,104.900000,Mexia,TX,,6.0,31.5375,-97.092222,21494
KBIC,105.700000,Weslaco,TX,,1.8,26.443611,-97.702222,11082
KBIG,104.300000,Dallas,TX,,65.0,34.226667,-118.066389,6360
KBJS,90.300000,Jacksonville,TX,,16.0,32.061111,-95.313889,18259
KBLC,91.500000,Houston,TX,,3.1,30.196944,-98.638611,90113
KBLZ,102.700000,College Station,TX,,9.3,32.385833,-95.111944,79247
KBMD,88.500000,Austin,TX,,0.0,30.553333,-98.258333,86792
KBNA-FM,97.500000,Dallas,TX,,100.0,31.792778,-106.479722,67066
KBNJ,91.700000,Mcallen,TX,,5.7,27.655556,-97.565278,73748
KBNL,89.900000,Mcallen,TX,,100.0,27.6575,-99.586111,73750
KBNR,88.300000,Mcallen,TX,,5.5,25.919444,-97.528889,73752
KBOC,98.300000,Dallas,TX,,93.0,33.436944,-97.484722,64694
KBOS-FM,94.900000,Austin,TX,,16.5,36.636472,-118.942528,9748
KBPA,103.500000,San Antonio,TX,,100.0,30.045,-97.880556,41213
KBRA,95.900000,Freer,TX,,0.19,27.854722,-98.596944,72766
KBRQ,102.500000,Austin,TX,,100.0,31.824806,-97.158944,60805
KBRZ-FM,89.300000,Humble,TX,,9.5,28.772222,-96.954722,18756
KBSO,94.700000,Portland,TX,,25.0,27.830556,-97.542778,55679
KBST-FM,95.700000,Austin,TX,,33.0,32.220278,-101.440278,33685
KBTQ,96.100000,Dallas,TX,,100.0,26.148889,-97.821667,67072
KBTS,94.300000,Midland,TX,,8.3,32.220278,-101.440278,15827
KBUB,90.300000,Brownwood,TX,,5.5,31.719444,-99.015833,14510
KBUC,102.100000,Edinburg,TX,,18.0,26.635833,-97.836389,18654
KBUK,104.900000,La Grange,TX,,1.6,29.875556,-96.8775,21239
KBUS,101.900000,Paris,TX,,50.0,33.748333,-95.414444,71408
KBWC,91.100000,Marshall,TX,,0.135,32.536667,-94.374722,72449
KBXT,101.900000,Austin,TX,,2.5,30.801389,-96.466111,57802
KBXX,97.900000,San Antonio,TX,,95.0,29.576111,-95.51,11969
KBZD,99.700000,Flower Mound,TX,,22.0,35.113889,-101.821111,33449
KBZU,106.700000,San Antonio,TX,,13.0,34.798889,-92.495556,6819
KCAF-FM,92.100000,Laredo,TX,,5.5,28.763056,-97.891111,67179
KCAS,91.500000,Mission,TX,,2.5,26.480833,-98.395833,85028
KCBI,90.900000,Dallas,TX,,98.0,32.589444,-96.969444,14524
KCBK,91.500000,Dallas,TX,,100.0,34.364444,-98.834444,14520
KCDU,101.700000,El Paso,TX,,2.35,36.5525,-121.788056,54621
KCHX,106.700000,Austin,TX,,100.0,31.914722,-101.963611,60801
KCKL,95.900000,Malakoff,TX,,6.0,32.146667,-95.973611,9715
KCLL,100.100000,San Angelo,TX,,50.0,31.530278,-100.484722,17778
KCOL-FM,92.500000,Beaumont,TX,,31.0,30.061944,-93.980556,70443
KCOQ,98.900000,El Paso,TX,,2.1,40.454444,-106.742778,88360
KCPL,90.500000,Mcallen,TX,,0.22,46.286667,-123.896111,92452
KCRS-FM,103.300000,Midland,TX,,95.0,32.086389,-102.286111,9667
KCSC-FM,95.900000,Houston,TX,,6.0,36.411111,-99.351389,82843
KCTI-FM,88.100000,Laredo,TX,,1.3,29.485833,-97.488056,91220
KCTX-FM,96.100000,Childress,TX,,50.0,34.438889,-100.219444,18567
KCYZ,105.100000,San Antonio,TX,,25.0,42.077222,-93.648333,2115
KCZO,92.100000,Mcallen,TX,,25.0,28.556667,-99.896944,51959
KDAG,96.900000,Austin,TX,,100.0,36.814444,-107.892222,29519
KDAT,104.500000,Austin,TX,,100.0,42.080833,-91.695833,54165
KDCD,92.900000,San Angelo,TX,,100.0,31.435556,-100.568889,55491
KDDB,102.700000,El Paso,TX,,61.0,21.396944,-158.099444,38244
KDDD-FM,95.300000,Dumas,TX,,6.6,35.864167,-101.928889,74311
KDFM,103.300000,Mcallen,TX,,3.0,27.258056,-98.118889,86553
KDJE,100.300000,San Antonio,TX,,83.0,34.798056,-92.4925,23025
KDLK-FM,94.100000,Del Rio,TX,,7.2,29.429167,-100.904722,22118
KDNN,98.500000,Austin,TX,,51.0,21.313611,-157.861944,40144
KDNZ,97.300000,Bay City,TX,,0.1,31.418611,-103.516111,76852
KDON-FM,102.500000,San Antonio,TX,,15.0,36.756389,-121.501389,26930
KDVY,93.500000,Crockett,TX,,50.0,31.332694,-95.786694,3526
KDXX,107.900000,Dallas,TX,,100.0,33.328333,-97.065556,57376
KEAN-FM,105.100000,Dallas,TX,,100.0,32.276389,-99.593889,54904
KEDT-FM,90.300000,Corpus Christi,TX,,100.0,27.653333,-97.565278,61172
KEEP,103.100000,Fredericksburg,TX,,3.5,29.855833,-99.090556,30106
KEFH,99.300000,Clarendon,TX,,44.0,35.076667,-100.8925,77849
KEHH,92.300000,Livingston,TX,,32.0,30.738333,-94.923889,52897
KEKO,101.700000,Laredo,TX,,3.0,27.312778,-98.664167,85837
KELI,98.700000,San Angelo,TX,,93.0,31.366944,-100.046667,18180
KELP-FM,89.300000,El Paso,TX,,3.0,32.084722,-106.733611,93942
KEOM,88.500000,Mesquite,TX,,61.0,32.762778,-96.634444,41307
KEON,94.900000,Victoria,TX,,100.0,28.889444,-96.361389,27619
KEOS,89.100000,College Station,TX,,0.0,30.648333,-96.389722,6670
KEPI,88.700000,Mcallen,TX,,1.0,28.657222,-100.416667,73756
KEPX,89.500000,Mcallen,TX,,52.0,28.657222,-100.416667,73753
KEQX,89.500000,Mansfield,TX,,12.0,32.122417,-97.979472,89619
KERA,90.100000,Dallas,TX,,29.7,32.583889,-96.963333,49323
KESO,92.700000,South Padre Island,TX,,38.0,26.053444,-97.212944,36650
KESS,107.100000,Dallas,TX,,74.0,32.586111,-97.831111,21599
KESZ,99.900000,San Antonio,TX,,99.0,33.333611,-112.062222,40992
KETR,88.900000,Commerce,TX,,100.0,33.238611,-95.924167,18260
KEWL-FM,95.100000,Texarkana,TX,,25.0,33.4375,-94.419722,38515
KEYJ-FM,107.900000,Abilene,TX,,100.0,32.276389,-99.593889,17804
KEZA,107.900000,Austin,TX,,99.0,35.853333,-94.025833,12702
KFBT,103.700000,Austin,TX,,50.0,36.553333,-119.752778,48776
KFFF,93.300000,Austin,TX,,8.5,41.257222,-95.964139,163
KFLP-FM,106.100000,Floydada,TX,,25.0,33.968611,-101.354167,57025
KFLY,101.500000,San Antonio,TX,,27.5,44.291111,-123.538333,39574
KFMK,105.900000,Austin,TX,,4.5,30.323056,-97.799444,3222
KFMX-FM,94.500000,Austin,TX,,100.0,33.517806,-101.856389,60799
KFOO-FM,96.100000,Austin,TX,,60.0,47.570556,-117.081944,60422
KFRQ,94.500000,Dallas,TX,,100.0,26.148611,-97.821389,56484
KFRX,106.300000,Austin,TX,,100.0,40.727778,-96.613889,57287
KFSO-FM,92.900000,Austin,TX,,17.5,36.63575,-118.942278,2099
KFST-FM,94.300000,Fort Stockton,TX,,3.0,30.876944,-102.891667,22103
KFTG,88.100000,Alvin,TX,,0.7,29.688333,-95.201944,12969
KFTX,97.500000,Corpus Christi,TX,,97.0,27.741111,-97.602222,54036
KFWR,95.900000,Weatherford,TX,,100.0,33.070444,-98.009417,31062
KFZO,99.100000,Dallas,TX,,100.0,33.389444,-97.564722,7040
KFZX,102.100000,Austin,TX,,100.0,31.965278,-102.769444,21419
KGAS-FM,104.300000,Carthage,TX,,6.0,32.1425,-94.4275,25990
KGBT-FM,98.500000,Dallas,TX,,100.0,26.120556,-97.821667,6662
KGBX-FM,105.900000,Dallas,TX,,38.0,37.294722,-93.152778,63887
KGGO,94.900000,Austin,TX,,100.0,41.631667,-93.456667,12965
KGHY,88.500000,Houston,TX,,0.0,30.273056,-93.956389,91638
KGKL-FM,97.500000,San Angelo,TX,,100.0,31.496111,-100.413889,34465
KGKV,88.100000,Austin,TX,,6.0,30.372778,-99.083889,87230
KGLY,91.300000,Tyler,TX,,12.0,32.2925,-95.200556,18757
KGNZ,88.100000,Abilene,TX,,91.0,32.229722,-99.628333,10920
KGOR,99.900000,Austin,TX,,110.0,41.306833,-96.026833,26928
KGOT,101.300000,Austin,TX,,26.0,61.166111,-149.826111,12515
KGRW,94.700000,Bryan,TX,,48.0,34.688056,-102.948056,858
KGSR,93.300000,Austin,TX,,100.0,30.726111,-97.990083,23604
KHAK,98.100000,Austin,TX,,100.0,41.924417,-91.614528,54163
KHBW,91.700000,Brownwood,TX,,0.42,31.729278,-99.019944,78801
KHCB-FM,105.700000,Houston,TX,,100.0,29.568333,-95.499167,27702
KHCJ,91.900000,Houston,TX,,3.2,32.835278,-94.481389,83429
KHCM-FM,97.500000,El Paso,TX,,80.0,21.293611,-157.842222,34620
KHCU,93.100000,San Antonio,TX,,25.0,29.531806,-99.744139,82894
KHDY-FM,98.500000,Clarksville,TX,,50.0,33.613056,-95.0175,4045
KHER,94.300000,Eagle Pass,TX,,3.0,28.665833,-99.816111,362
KHEY-FM,96.300000,San Antonio,TX,,88.0,31.796389,-106.481944,69563
KHFZ,103.100000,Gilmer,TX,,10.0,32.880556,-94.970278,8491
KHGE,102.700000,Austin,TX,,50.0,36.818611,-119.509167,48777
KHIB,88.500000,Austin,TX,,0.0,30.215833,-97.141944,85291
KHID,88.100000,Harlingen,TX,,2.1,26.361611,-98.321194,56082
KHIH,99.900000,Liberty,TX,,26.0,30.017056,-94.546444,68125
KHJK,103.700000,Conroe,TX,,99.0,29.935833,-94.510833,48676
KHKC-FM,102.100000,Lubbock,TX,,0.75,34.418889,-96.19,3652
KHKI,97.300000,Austin,TX,,105.0,41.662778,-93.756389,12966
KHKN,94.900000,San Antonio,TX,,96.0,34.441944,-92.2175,61366
KHKS,106.100000,Houston,TX,,99.0,32.588611,-96.968056,23084
KHKV,91.100000,Houston,TX,,0.3,30.043611,-99.121389,83433
KHKZ,106.300000,Brownsville,TX,,6.3,26.142583,-97.833111,36166
KHLK,104.300000,Lubbock,TX,,50.0,33.4175,-102.1475,61581
KHMC,95.900000,Robstown,TX,,25.0,28.6825,-97.313889,11205
KHMD,104.700000,Flower Mound,TX,,25.0,31.963611,-93.899444,17811
KHML,91.500000,Houston,TX,,95.0,31.111,-95.952389,83276
KHOS-FM,92.100000,Sonora,TX,,3.0,30.56,-100.631667,60844
KHOT-FM,105.900000,Dallas,TX,,36.0,33.587778,-111.760556,59422
KHOY,88.100000,Laredo,TX,,4.3,27.52,-99.521944,16946
KHPO,91.900000,Houston,TX,,35.0,28.438083,-96.4485,92737
KHTA,92.500000,Houston,TX,,25.0,33.414722,-93.97,87371
KHUD,92.900000,Austin,TX,,90.0,32.248889,-111.116389,53594
KHVT,91.500000,Houston,TX,,46.0,29.001111,-97.001389,89111
KHVU,91.700000,Houston,TX,,50.0,30.065,-95.269444,72685
KHYI,95.300000,Allen,TX,,17.0,33.47,-96.788611,41328
KIAK-FM,102.500000,Austin,TX,,92.0,64.915278,-147.647778,12517
KIBZ,104.100000,Austin,TX,,31.0,40.518333,-96.768333,640
KICM,97.700000,Dallas,TX,,50.0,34.349167,-97.456667,71054
KIGL,93.300000,Austin,TX,,100.0,36.4675,-94.173611,35014
KIIZ-FM,92.300000,Austin,TX,,6.0,31.108056,-97.663889,60802
KIJN-FM,92.300000,Flower Mound,TX,,51.0,34.540556,-102.798889,65458
KIOC,106.100000,Austin,TX,,100.0,30.155556,-93.986111,33060
KIOI,101.300000,Dallas,TX,,125.0,37.69,-122.436944,34930
KIOX-FM,96.100000,Hallettsville,TX,,13.0,29.101389,-96.455278,27226
KISC,98.100000,Austin,TX,,92.1,47.581111,-117.296389,60419
KISF,103.500000,Dallas,TX,,100.0,36.008056,-115.005556,28893
KISX,107.300000,Austin,TX,,50.0,32.288611,-95.198889,72661
KITY,102.900000,Austin,TX,,2.0,30.676944,-98.566389,87998
KIVY-FM,92.700000,Crockett,TX,,50.0,31.305556,-95.451667,15132
KIXS,107.900000,Austin,TX,,100.0,28.706667,-96.835,25584
KIXY-FM,94.700000,San Angelo,TX,,100.0,31.487222,-100.449167,22157
KIZS,101.500000,San Antonio,TX,,6.2,36.333889,-95.785556,7669
KJAS,107.300000,Jasper,TX,,8.0,30.975278,-93.99,15921
KJAV,104.900000,Mcallen,TX,,6.0,26.216667,-98.089722,51957
KJAZ,94.100000,Austin,TX,,25.0,28.688333,-96.452222,6022
KJBZ,92.700000,Laredo,TX,,3.0,27.517778,-99.522222,19545
KJCS,103.300000,Nacogdoches,TX,,22.5,31.433056,-94.8175,67856
KJDL-FM,105.300000,Hereford,TX,,23.5,33.423333,-102.128056,30027
KJIC,90.500000,Pasadena,TX,,36.0,29.295278,-95.256111,12972
KJJF,88.900000,Harlingen,TX,,3.0,26.179694,-97.501917,56081
KJJP,105.700000,Amarillo,TX,,43.0,35.2925,-101.846667,33273
KJMA,89.700000,Floresville,TX,,100.0,28.961111,-98.258611,72878
KJMS,101.100000,San Antonio,TX,,100.0,35.222778,-90.043333,35874
KJRN,88.300000,Keene,TX,,9.4,32.405556,-97.331667,61585
KJRT,88.300000,Amarillo,TX,,10.0,35.113889,-101.821111,72168
KJSN,102.300000,Auston,TX,,6.0,37.680556,-120.923889,12960
KJTX,104.500000,Longview,TX,,4.4,32.823056,-94.475556,73065
KJVC,92.700000,Flower Mound,TX,,3.0,32.021667,-93.738333,26617
KJXK,102.700000,San Antonio,TX,,100.0,29.418333,-98.483611,71086
KJYO,102.700000,San Antonio,TX,,94.1,35.597778,-97.489444,11918
KKBA,92.700000,Corpus Christi,TX,,13.0,27.659167,-97.57,34918
KKBD,95.900000,Austin,TX,,30.0,35.407222,-94.690278,26909
KKBQ,92.900000,Houston,TX,,93.7,29.576111,-95.51,23083
KKCL-FM,98.100000,Austin,TX,,36.0,33.517806,-101.856389,1721
KKCN,103.100000,Odessa,TX,,100.0,31.662778,-100.090833,10024
KKDA-FM,104.500000,Grand Prairie,TX,,99.0,32.588611,-96.968056,59702
KKDM,107.500000,San Antonio,TX,,100.0,41.643889,-93.288889,42108
KKDV,92.100000,San Antonio,TX,,3.0,37.900556,-122.085278,36032
KKED,104.700000,Austin,TX,,46.0,64.915278,-147.647778,69120
KKEZ,94.500000,San Antonio,TX,,100.0,42.495278,-94.209167,35892
KKFG,104.500000,Austin,TX,,100.0,36.6425,-107.781667,29521
KKHA,92.500000,La Marque,TX,,18.0,28.873611,-96.139444,87439
KKHT-FM,100.700000,Dallas,TX,,100.0,30.051389,-94.526944,57801
KKIX,103.900000,Austin,TX,,100.0,36.021389,-94.217778,48951
KKLI,106.300000,Austin,TX,,1.6,38.744722,-104.862778,67187
KKLY,89.500000,El Paso,TX,,3.5,31.795,-106.480833,19786
KKMY,104.500000,Austin,TX,,100.0,30.155556,-93.986111,62239
KKND,106.700000,San Antonio,TX,,98.0,29.808333,-89.761667,58395
KKPS,99.500000,Dallas,TX,,100.0,26.081389,-97.828889,56483
KKPT,94.100000,Dallas,TX,,100.0,34.798889,-92.495556,60364
KKSE-FM,92.500000,Irving,TX,,57.0,40.096389,-104.901111,59972
KKST,98.700000,Austin,TX,,48.0,31.033056,-92.502222,3423
KKTX-FM,96.100000,Austin,TX,,50.0,32.370556,-94.938889,48952
KKUS,104.100000,Tyler,TX,,50.0,32.492222,-95.480833,68651
KKXT,91.700000,Dallas,TX,,19.29,32.583889,-96.963333,55768
KKYN-FM,106.900000,Bryan,TX,,50.0,34.263056,-101.675,57462
KKYR-FM,102.500000,Austin,TX,,100.0,33.43,-94.085556,7066
KKZX,98.900000,Austin,TX,,100.0,47.593056,-117.296111,53146
KLAK,97.500000,Denison,TX,,32.0,33.475,-96.445833,36265
KLAQ,95.500000,El Paso,TX,,88.0,31.796389,-106.481944,48670
KLAW,101.300000,Austin,TX,,100.0,34.549722,-98.539167,35045
KLBB-FM,93.700000,Lubbock,TX,,100.0,33.502222,-101.872222,55062
KLBJ-FM,93.700000,Austin,TX,,97.0,30.31,-97.7925,65792
KLBQ,101.500000,Midland,TX,,4.5,32.936111,-92.624722,85169
KLEY-FM,95.700000,San Antonio,TX,,11.0,28.915944,-98.660833,55414
KLFX,107.300000,Temple,TX,,1.35,31.093889,-97.580833,60090
KLFZ,102.300000,Jacksonville,TX,,50.0,31.871667,-95.166667,57204
KLGD,106.900000,Cleburne,TX,,40.0,32.937778,-99.955556,78557
KLHB,105.500000,Austin,TX,,3.0,27.796389,-97.396389,3534
KLHV,88.500000,Tyler,TX,,32.0,32.705278,-93.64,82989
KLLL-FM,96.300000,Grapevine,TX,,100.0,33.517778,-101.856389,36954
KLLR,91.900000,Austin,TX,,2.0,30.199444,-98.191111,91595
KLMO-FM,98.900000,Robstown,TX,,92.0,28.942778,-99.279722,16931
KLNO,94.100000,Dallas,TX,,98.0,32.589444,-96.969444,41380
KLNV,106.500000,Dallas,TX,,50.0,32.721944,-117.068611,51515
KLOL,101.100000,Houston,TX,,96.0,29.576111,-95.51,35073
KLQV,102.900000,Dallas,TX,,30.0,32.84,-117.247778,51164
KLSR-FM,105.300000,Memphis,TX,,100.0,34.864444,-100.615278,26169
KLTD,101.700000,Temple,TX,,16.5,31.273333,-97.391944,53647
KLTG,96.500000,Austin,TX,,96.5,28.035278,-97.436389,63342
KLTN,102.900000,Dallas,TX,,99.5,29.757222,-95.338611,65310
KLTR,94.100000,Brenham,TX,,6.4,30.141944,-96.416667,40775
KLTU,88.100000,Humble,TX,,16.0,32.249167,-111.115833,79359
KLUB,106.900000,Austin,TX,,18.5,28.706667,-96.835,68301
KLUX,89.500000,Corpus Christi,TX,,58.0,27.741111,-97.602222,16945
KLVE,107.500000,Dallas,TX,,29.5,34.228889,-118.067222,35086
KLXK,93.500000,Breckenridge,TX,,12.5,32.792222,-98.94,7702
KLYD,98.900000,Snyder,TX,,5.6,32.756389,-100.9025,81514
KLZK-FM,107.700000,Lubbock,TX,,6.0,33.502222,-101.872222,88795
KLZT,107.100000,Austin,TX,,49.0,30.121389,-97.579583,9973
KMAG,99.100000,Austin,TX,,94.0,35.073889,-94.68,22098
KMAT,105.100000,Houston,TX,,50.0,28.438083,-96.4485,72527
KMCM,96.900000,Odessa,TX,,100.0,32.085556,-102.286389,65306
KMCX-FM,106.500000,Austin,TX,,100.0,41.133889,-101.695,42075
KMDX,106.100000,San Angelo,TX,,50.0,31.435556,-100.568889,84829
KMEL,106.100000,Irving,TX,,69.0,37.69,-122.436944,35121
KMFA,89.500000,Austin,TX,,40.0,30.323056,-97.799444,8685
KMHT-FM,103.900000,Marshall,TX,,1.85,32.563889,-94.351111,72451
KMIL,105.100000,Houston,TX,,15.0,30.858333,-97.029722,84381
KMIQ,104.900000,Robstown,TX,,31.0,27.776389,-97.919444,14019
KMJJ-FM,99.700000,Austin,TX,,23.5,32.493333,-93.765278,63929
KMJQ,102.100000,Houston,TX,,100.0,29.574167,-95.493611,11971
KMJX,105.100000,San Antonio,TX,,79.0,34.798056,-92.4925,39689
KMKT,93.100000,Denison,TX,,6.8,33.691944,-96.443333,77588
KMLD,94.500000,San Antonio,TX,,63.0,42.734167,-106.333333,11927
KMLE,107.900000,Dallas,TX,,0.0,0.0,-0.0,59965
KMLR,106.300000,Gonzales,TX,,15.0,29.688056,-97.6775,15907
KMMX,100.300000,Grapevine,TX,,100.0,33.441944,-101.877778,86
KMMZ,101.300000,Odessa,TX,,100.0,31.683889,-102.320278,46426
KMOC,89.500000,Wichita Falls,TX,,3.0,33.889722,-98.558333,11107
KMOD-FM,97.500000,San Antonio,TX,,100.0,36.196111,-96.098056,11957
KMOO-FM,99.900000,Mineola,TX,,3.0,32.751111,-95.555,35150
KMQX,88.500000,Weatherford,TX,,3.5,32.851389,-98.108611,89176
KMRK-FM,96.100000,Austin,TX,,27.5,32.086389,-102.286111,41856
KMRQ,96.700000,Auston,TX,,6.0,37.6805,-120.92375,12963
KMVL-FM,100.500000,Madisonville,TX,,13.0,31.111111,-95.9525,77642
KMWX,92.500000,Dallas,TX,,27.5,32.276389,-99.593889,22158
KMXF,101.900000,Austin,TX,,24.0,36.440056,-93.973444,48955
KMXJ-FM,94.100000,Austin,TX,,100.0,35.3425,-101.8225,31463
KMXR,93.900000,Austin,TX,,100.0,27.753,-97.637306,55163
KMYI,94.100000,Dallas,TX,,77.0,32.838889,-117.248889,58821
KMYO,95.100000,Kerrvile,TX,,100.0,29.634167,-98.799389,25469
KMZZ,106.900000,Corpus Christi,TX,,25.0,27.671111,-97.738056,11228
KNAF-FM,105.700000,Fredericksburg,TX,,9.1,30.363611,-98.913056,83212
KNAL,93.300000,San Antonio,TX,,100.0,28.706111,-96.800833,12179
KNBT,92.100000,New Braunfels,TX,,6.0,29.730556,-98.12,48377
KNCH,90.100000,Austin,TX,,6.0,31.589167,-100.516667,9776
KNCN,101.300000,Austin,TX,,100.0,27.923333,-97.423889,67186
KNCT-FM,91.300000,Killeen,TX,,50.0,30.986667,-97.629722,9977
KNDA,102.900000,Corpus Christi,TX,,50.0,27.707222,-97.781667,11080
KNDE,95.100000,College Station,TX,,38.0,30.6875,-96.425556,7631
KNEL-FM,95.300000,Brady,TX,,6.0,31.124167,-99.359444,59539
KNES,99.100000,Fairfield,TX,,11.5,31.681944,-96.022778,22620
KNEX,106.100000,Laredo,TX,,6.0,27.52,-99.521944,42148
KNFX-FM,99.500000,Bryan,TX,,6.0,30.6525,-96.337778,41410
KNIX-FM,102.500000,San Antonio,TX,,98.0,33.332778,-112.064722,7698
KNLE-FM,88.100000,Austin,TX,,3.0,30.449444,-97.662222,29293
KNNK,100.500000,Hereford,TX,,43.0,34.746944,-102.493611,30028
KNOG,91.700000,Mcallen,TX,,0.1,31.359167,-110.898333,73755
KNON,89.300000,Dallas,TX,,55.0,32.59,-96.9725,601
KNOR,93.700000,Dallas,TX,,43.0,33.484722,-97.412222,36289
KNRG,92.300000,Houston,TX,,8.0,30.001667,-96.8225,15113
KNRX,96.500000,Odessa,TX,,40.0,31.598889,-100.845,37084
KNTE,101.700000,Bay City,TX,,35.0,28.8,-96.125556,2131
KNTU,88.100000,Denton,TX,,100.0,33.29,-97.136111,69003
KNUE,101.500000,Austin,TX,,98.0,32.259722,-94.950556,25585
KNUZ,106.100000,Bryan,TX,,3.0,31.190556,-98.715278,65315
KNVO-FM,101.100000,Dallas,TX,,50.0,26.324722,-97.424722,40680
KOCN,105.100000,San Antonio,TX,,1.8,36.5525,-121.788056,8082
KODA,99.100000,Houston,TX,,96.0,29.576111,-95.51,35337
KOFX,92.300000,El Paso,TX,,98.0,31.815278,-106.488889,39613
KOGA-FM,99.700000,Austin,TX,,100.0,41.063889,-101.337778,50066
KOIR,88.500000,Edinburg,TX,,3.0,26.129444,-98.182222,56478
KOKE-FM,99.300000,Houston,TX,,24.0,30.489806,-97.298889,88370
KONE,101.100000,Grapevine,TX,,100.0,33.441944,-101.877778,26519
KOOC,106.300000,Temple,TX,,11.5,31.062778,-97.531667,60092
KOOI,106.500000,Jacksonville,TX,,100.0,32.061111,-95.313889,70740
KOOP,91.700000,Austin,TX,,3.0,30.266667,-97.674167,65320
KOOV,106.900000,Bryan,TX,,2.35,31.072222,-97.9775,34948
KOPY-FM,92.100000,Alice,TX,,6.0,27.7775,-98.081111,982
KORA-FM,98.300000,Bryan,TX,,0.9,30.650274,-96.349261,62003
KOSF,103.700000,Irving,TX,,6.4,37.688056,-122.435278,65484
KOSO,92.900000,Austin,TX,,6.0,37.606722,-121.043667,35426
KOUL,107.700000,Robstown,TX,,25.0,27.776389,-97.919444,28074
KOVE-FM,106.500000,Houston,TX,,98.0,29.3,-95.111111,19091
KOXE,101.300000,Brownwood,TX,,100.0,31.729167,-99.02,7320
KOYE,96.700000,Crockett,TX,,50.0,32.039444,-95.410833,70387
KOYN,93.900000,Paris,TX,,50.0,33.826667,-95.463611,7992
KPAC,88.300000,San Antonio,TX,,69.0,29.523611,-98.723611,65335
KPAN-FM,106.300000,Hereford,TX,,30.0,34.7925,-102.429167,35452
KPAS,103.100000,El Paso,TX,,3.0,31.595,-106.199444,976
KPDR,90.300000,Amarillo,TX,,80.0,35.471944,-100.505278,72165
KPEZ,102.300000,San Antonio,TX,,26.0,30.223333,-97.8275,11935
KPFC,91.900000,Gainesville,TX,,0.3,33.669722,-97.013889,89080
KPGA,91.900000,Humble,TX,,100.0,33.550278,-102.218611,84763
KPGG,103.900000,New Boston,TX,,5.1,33.601667,-94.077222,4438
KPIG-FM,107.500000,El Paso,TX,,5.4,36.835,-121.706111,54745
KPLT-FM,107.700000,Paris,TX,,50.0,33.748611,-95.414722,35484
KPLV,88.700000,Corpus Christi,TX,,14.0,27.741389,-97.6025,57477
KPMB,88.500000,Mcallen,TX,,3.0,34.220556,-101.714444,88451
KPRC-FM,100.700000,San Antonio,TX,,1.4,36.534722,-121.620556,8204
KPRF,98.700000,Austin,TX,,100.0,35.183889,-101.969722,9307
KPRR,102.100000,San Antonio,TX,,100.0,31.792778,-106.479722,68688
KPSM,99.300000,Brownwood,TX,,100.0,31.719444,-99.015833,73699
KPSO-FM,106.300000,Falfurrias,TX,,6.0,27.236389,-98.172778,7212
KPTX,98.300000,Pecos,TX,,9.5,31.498889,-103.330556,51572
KPVU,91.300000,Prairie View,TX,,31.0,30.089167,-95.996111,53347
KPWW,95.900000,Austin,TX,,11.5,33.456944,-94.183056,65292
KQBB,100.500000,Jacksonville,TX,,8.7,31.726111,-94.2575,9771
KQBO,107.500000,Rio Grande City,TX,,12.0,26.516944,-98.651944,60885
KQBR,99.500000,Austin,TX,,100.0,33.517806,-101.856389,60800
KQBU-FM,93.300000,Dallas,TX,,97.0,30.051389,-94.526944,25583
KQBZ,96.900000,Brownwood,TX,,100.0,31.704444,-99.001389,71106
KQFX,104.300000,Bryan,TX,,100.0,35.426111,-101.613056,61033
KQLC,90.700000,Houston,TX,,1.7,29.834722,-96.269444,93045
KQMQ-FM,93.100000,El Paso,TX,,100.0,21.395833,-158.099444,16745
KQQK,107.900000,Houston,TX,,90.0,30.016944,-94.546389,19087
KQRT,105.100000,Livingston,TX,,50.0,36.333333,-115.361389,51731
KQRX,95.100000,Odessa,TX,,10.5,32.0525,-102.294167,67026
KQSR,100.900000,Austin,TX,,3.0,32.641944,-114.559444,12660
KQUR,94.900000,Laredo,TX,,100.0,27.520556,-99.521944,6430
KQVT,92.300000,Victoria,TX,,6.0,28.768611,-96.986111,19434
KQXE,91.100000,Weatherford,TX,,14.5,32.477083,-98.809444,89692
KQXS,89.100000,Weatherford,TX,,0.0,32.269167,-98.314167,89698
KQXX-FM,105.500000,Brownsville,TX,,3.0,26.230556,-98.338333,36168
KRBB,97.900000,Austin,TX,,100.0,37.777778,-97.510278,39902
KRBL,105.700000,El Paso,TX,,25.0,33.663056,-101.597778,68155
KREF-FM,94.700000,San Antonio,TX,,94.9,35.597778,-97.489444,11964
KRIA,103.900000,"Bryan,",TX,,25.0,34.263056,-101.675,54682
KRMB,90.100000,Mcallen,TX,,0.115,31.481944,-109.958611,73746
KRMC,91.700000,Mcallen,TX,,6.0,31.346667,-109.557778,73757
KRMD-FM,101.100000,Austin,TX,,97.7,32.685556,-93.933333,1304
KRMX,92.900000,Waco,TX,,50.0,31.4125,-97.211111,35581
KRNA,94.100000,Austin,TX,,100.0,41.75,-91.837778,35555
KRNB,105.700000,Grand Prairie,TX,,93.0,33.386667,-97.565833,9747
KRNH,92.300000,Canyon Lake,TX,,20.0,30.061667,-99.061944,41061
KROI,92.100000,Houston,TX,,21.36,29.298889,-95.236389,35565
KROM,92.900000,Dallas,TX,,45.0,29.274722,-98.264444,67071
KROX-FM,101.500000,Austin,TX,,12.5,30.322222,-97.800833,54659
KRPT,92.500000,San Antonio,TX,,50.0,28.925556,-99.048056,25904
KRQQ,93.700000,Austin,TX,,93.0,32.249028,-111.115861,53591
KRQX-FM,98.900000,Andrews,TX,,14.5,36.846944,-113.491111,78999
KRRG,98.100000,Laredo,TX,,96.0,27.520556,-99.521944,19544
KRRV-FM,100.300000,Austin,TX,,98.0,31.033056,-92.502222,33768
KRTU-FM,91.700000,San Antonio,TX,,30.0,29.523611,-98.723611,68128
KRUC,88.900000,Mcallen,TX,,0.5,32.278056,-106.910833,76906
KRVE,96.100000,Austin,TX,,50.0,30.493611,-91.005278,40866
KRVL,94.300000,Kerrville,TX,,33.0,30.252222,-99.133611,25380
KRWR,92.100000,Tyler,TX,,9.8,32.375056,-95.2695,24247
KRXB,107.100000,Houston,TX,,1.5,28.4625,-97.780556,36020
KRXT,98.500000,Rockdale,TX,,6.0,30.642222,-97.036944,35572
KRYS-FM,99.100000,Austin,TX,,100.0,27.753,-97.637306,55162
KSAB,99.900000,Austin,TX,,100.0,27.753,-97.637306,33776
KSAH-FM,104.100000,San Antonio,TX,,100.0,28.721111,-98.761944,83596
KSAM-FM,101.700000,Huntsville,TX,,3.7,30.696667,-95.552222,70721
KSAO,93.900000,Dallas,TX,,100.0,31.703056,-100.322222,14517
KSAU,90.100000,Nacogdoches,TX,,4.8,31.628889,-94.678889,63249
KSBJ,89.300000,Humble,TX,,87.0,29.887583,-95.522917,35590
KSCA,101.900000,Dallas,TX,,4.8,34.223889,-118.0625,24548
KSCH,95.900000,Mount Pleasant,TX,,6.0,33.151944,-95.603333,24176
KSCN,96.900000,Mount Pleasant,TX,,14.0,33.008611,-95.070556,81812
KSCS,96.300000,Arlington,TX,,99.0,32.5875,-96.966389,71201
KSEM,106.300000,Seminol,TX,,3.0,32.699444,-102.636667,23019
KSEY-FM,94.300000,Seymour,TX,,3.0,33.596944,-99.278333,71535
KSHU,90.500000,Huntsville,TX,,3.0,30.713889,-95.549444,58743
KSII,93.100000,El Paso,TX,,98.0,31.796111,-106.4825,36949
KSIL,107.100000,Austin,TX,,2.3,32.695556,-107.064167,87838
KSJT-FM,107.500000,San Angelo,TX,,100.0,31.438472,-100.572139,36186
KSML-FM,101.900000,Pasadena,TX,,15.0,31.334722,-94.669444,33394
KSMY,106.700000,Grapevine,TX,,3.5,34.741944,-120.446111,63553
KSNY-FM,101.500000,Snyder,TX,,100.0,32.891389,-101.108056,60711
KSOF,98.900000,Austin,TX,,19.0,36.636611,-118.942667,54560
KSOL,98.900000,Dallas,TX,,6.1,37.755278,-122.451667,70032
KSON,103.700000,Austin,TX,,26.5,32.838889,-117.248889,59816
KSPH,92.900000,Flower Mound,TX,,40.0,33.008333,-93.477222,62034
KSQL,99.100000,Dallas,TX,,1.1,37.110833,-121.843611,70033
KSQX,89.100000,Dallas,TX,,47.0,32.981389,-97.705,62041
KSSK-FM,92.300000,Austin,TX,,100.0,21.396944,-158.099444,48775
KSSM,103.100000,Copperas Cove,TX,,8.6,31.084722,-97.947111,10054
KSSN,95.700000,San Antonio,TX,,92.0,34.799167,-92.491389,61363
KSTV-FM,93.100000,Stephensville,TX,,7.0,32.183056,-98.286667,15742
KSTX,89.100000,San Antonio,TX,,72.0,29.523611,-98.723611,65334
KSWF,100.500000,Dallas,TX,,33.0,37.094167,-93.518056,3258
KSWP,90.900000,Lufkin,TX,,100.0,31.368889,-94.645833,39168
KSXT,90.300000,San Antonio,TX,,13.0,29.286389,-97.681111,93531
KSYM-FM,90.100000,San Antonio,TX,,5.7,29.447222,-98.498611,58788
KTAA,90.700000,Big Sandy,TX,,42.0,32.630278,-94.895278,1247
KTAI,91.100000,"Kingsville,",TX,,0.1,27.523333,-97.878333,65304
KTAL-FM,98.100000,Texarkana,TX,,100.0,32.903056,-94.005556,33728
KTAR-FM,92.300000,Austin,TX,,98.0,33.332778,-112.063333,65479
KTBB-FM,97.500000,Rusk,TX,,13.0,32.337222,-95.044722,17835
KTBQ,107.700000,Austin,TX,,13.0,31.582778,-94.666389,11740
KTBT,92.100000,San Antonio,TX,,27.0,36.110556,-96.0325,33727
KTBZ-FM,94.500000,Houston,TX,,97.0,29.576111,-95.51,18516
KTCU-FM,88.700000,Fort Worth,TX,,10.0,32.711111,-97.366111,65307
KTDR,96.300000,Del Rio,TX,,51.0,29.540278,-101.1225,24793
KTEP,88.500000,El Paso,TX,,94.0,31.788056,-106.479444,69342
KTEZ,99.900000,College Station,TX,,6.0,31.654722,-93.484444,86142
KTFS-FM,107.100000,Texarkana,TX,,2.9,33.429167,-94.119722,33541
KTFW-FM,92.100000,Cleburne,TX,,25.0,32.275278,-98.022778,65314
KTGL,92.900000,Austin,TX,,100.0,40.518333,-96.768333,53141
KTGX,106.100000,San Antonio,TX,,100.0,36.526944,-95.653333,68294
KTHR,107.300000,Austin,TX,,100.0,37.777778,-97.510278,53600
KTJM,98.500000,Houston,TX,,100.0,30.016944,-94.546389,20489
KTKO,105.700000,Mathis,TX,,25.0,28.471111,-97.810833,74442
KTLT,98.100000,Abilene,TX,,50.0,32.663611,-99.855,53194
KTLZ,89.900000,Laredo,TX,,5.0,29.039722,-97.323333,90681
KTOM-FM,92.700000,San Antonio,TX,,6.9,36.5525,-121.788056,40145
KTOY,104.700000,Texarkana,TX,,3.1,33.429167,-94.119722,31348
KTRA-FM,102.100000,Austin,TX,,100.0,36.814444,-107.892222,16827
KTRL,90.500000,Richardson,TX,,4.7,32.275278,-98.022778,91343
KTRN,104.500000,El Paso,TX,,3.0,34.220278,-92.076944,4127
KTSM-FM,99.900000,San Antonio,TX,,87.0,31.805,-106.482639,67762
KTST,101.900000,San Antonio,TX,,94.4,35.597778,-97.489444,58390
KTSU,90.900000,Houston,TX,,18.5,29.723611,-95.364444,65336
KTSW,89.900000,San Marcos,TX,,16.0,29.655556,-98.132222,61553
KTTI,95.100000,Austin,TX,,50.0,32.641944,-114.559444,62234
KTTU-FM,97.300000,Haskell,TX,,30.5,33.502222,-101.872222,54684
KTTX,106.100000,Brenham,TX,,50.0,30.363333,-96.575833,67301
KTTZ-FM,89.100000,Lubbock,TX,,70.0,33.581944,-101.890278,65354
KTWL,105.300000,Houston,TX,,9.2,30.305278,-96.027778,21204
KTXI,90.100000,San Antonio,TX,,50.0,30.103889,-99.076667,77699
KTXJ-FM,102.700000,Jasper,TX,,46.0,31.06,-93.961667,35708
KTXK,91.500000,Texarkana,TX,,100.0,33.3925,-94.245556,65294
KTXM,99.900000,Hallettsville,TX,,3.4,29.4625,-96.934444,77834
KTXN-FM,98.700000,Goliad,TX,,100.0,28.812778,-97.0625,13984
KTXT-FM,88.100000,Lubbock,TX,,35.0,33.581944,-101.890278,65352
KTXX-FM,104.900000,Dallas,TX,,3.2,30.249111,-97.901444,40762
KTYK,100.700000,Dallas,TX,,8.1,32.151944,-95.0575,29916
KTYL-FM,93.100000,Austin,TX,,82.0,32.259722,-94.950556,35711
KUBT,93.900000,Austin,TX,,100.0,21.323889,-157.875556,34592
KUCD,101.900000,Austin,TX,,100.0,21.3975,-158.100278,48778
KUHF,88.700000,Houston,TX,,100.0,29.574167,-95.493611,69150
KUKA,105.900000,Alice,TX,,10.0,27.649722,-98.128889,2818
KULL,100.700000,Avilene,TX,,100.0,32.276389,-99.593889,73681
KULM-FM,98.300000,Bryan,TX,,6.0,29.700833,-96.573333,70706
KUSJ,105.500000,Temple,TX,,33.0,30.985833,-97.630833,60803
KUT,90.500000,Austin,TX,,100.0,30.314167,-97.866111,66573
KVBH,107.500000,Dallas,TX,,95.1,29.274722,-98.264444,67064
KVCE,92.700000,Lubbock,TX,,33.0,33.525833,-101.868611,72773
KVDT,103.300000,Greenville,TX,,98.0,33.537083,-96.831528,58265
KVER,91.100000,Mcallen,TX,,0.51,31.7925,-106.48,73745
KVET-FM,98.100000,Austin,TX,,49.8,30.323056,-97.799444,62048
KVFE,88.500000,Mcallen,TX,,50.0,29.365,-100.855,93013
KVFM,91.300000,Mcallen,TX,,0.0,28.445,-97.763889,89853
KVIC,104.700000,San Antonio,TX,,12.7,28.781944,-96.941389,28477
KVJM,103.100000,Bryan,TX,,5.0,30.757222,-96.467778,52835
KVLM,104.700000,Odessa,TX,,100.0,32.395833,-101.955556,71650
KVLR,92.500000,Austin,TX,,4.9,30.298056,-97.831667,19223
KVLU,91.300000,Beaumont,TX,,40.0,30.111111,-94.052778,36456
KVLX,103.900000,Bryan,TX,,8.7,30.884722,-96.541389,72718
KVLY,107.900000,Dallas,TX,,100.0,26.088333,-98.062222,67188
KVMA-FM,102.900000,Austin,TX,,42.0,32.493333,-93.765278,53030
KVMV,96.900000,Mcallen,TX,,100.0,26.081389,-97.828889,73749
KVNE,89.500000,Tyler,TX,,90.0,32.539167,-95.221111,18758
KVRP-FM,97.100000,Haskell,TX,,100.0,33.161111,-99.815833,57464
KVRT,90.700000,Corpus Christi,TX,,30.0,28.781944,-96.941667,61176
KVRX,91.700000,Austin,TX,,3.0,30.266667,-97.674167,66607
KVSF-FM,101.500000,Austin,TX,,25.0,35.5825,-105.776111,83285
KVST,99.700000,Conroe,TX,,10.5,30.600833,-95.483889,26858
KVUJ,91.100000,Humble,TX,,17.5,29.011111,-95.309444,18555
KVUU,99.900000,Austin,TX,,68.0,38.746389,-104.860278,35868
KVWC-FM,103.100000,Vernon,TX,,6.0,34.153333,-99.269167,35871
KWAS,88.100000,Wheeler,TX,,5.0,35.678333,-101.388333,72171
KWBT,94.500000,Waco,TX,,3.2,31.508611,-97.1675,33975
KWBU-FM,103.300000,Waco,TX,,3.2,31.514167,-97.195556,4124
KWFB,100.900000,Quanah,TX,,19.5,33.906403,-98.681219,24249
KWFR,101.900000,San Angelo,TX,,100.0,31.491389,-100.434167,22159
KWKQ,94.700000,Graham,TX,,10.5,33.041667,-98.778889,35643
KWLD,91.500000,"Plainview,",TX,,0.37,34.187222,-101.725556,71150
KWLL,95.300000,Dallas,TX,,5.9,32.630556,-94.895556,14755
KWNS,104.700000,Winnsboro,TX,,2.75,33.071389,-95.289444,56175
KWOW,104.100000,Cleburne,TX,,33.0,31.736389,-97.324167,6449
KWPW,107.900000,Dallas,TX,,6.0,31.509167,-97.1675,57377
KWRB,90.900000,Mcallen,TX,,0.0,31.482778,-109.958056,73754
KWRD-FM,100.700000,Bowie,TX,,98.0,33.537222,-96.831667,6560
KWTS,91.100000,Canyon,TX,,6.0,34.989444,-101.9125,71654
KWTX-FM,97.500000,Austin,TX,,100.0,31.337778,-97.31,35902
KWUP,92.500000,Crockett,TX,,3.3,30.466111,-96.049167,40913
KXAI,103.700000,Corpus Christi,TX,,96.4,28.035278,-97.436389,12170
KXBJ,96.900000,Bay City,TX,,100.0,28.800028,-96.125806,36507
KXDJ,98.300000,Spearman,TX,,22.0,36.062222,-101.032222,61684
KXEZ,92.100000,Plano,TX,,1.65,33.275833,-96.368611,86121
KXGL,100.900000,Amarillo,TX,,100.0,35.314722,-101.846389,39781
KXKL-FM,105.100000,Irving,TX,,98.5,39.673444,-105.217361,59959
KXKT,103.700000,Austin,TX,,100.0,41.308889,-96.025833,69686
KXOX-FM,96.700000,Sweetwater,TX,,2.9,32.487778,-100.391944,63198
KXPK,96.500000,Dallas,TX,,100.0,39.675833,-105.485278,20300
KXPZ,99.500000,El Paso,TX,,100.0,32.693056,-107.068333,63453
KXSS-FM,96.900000,Austin,TX,,100.0,35.2925,-101.846667,9306
KXTQ-FM,106.500000,Lubbock,TX,,34.0,33.502222,-101.872222,4019
KXUS,97.300000,Dallas,TX,,100.0,37.186111,-93.023056,16574
KXWT,91.300000,Odessa,TX,,20.0,32.048333,-102.301111,50038
KXXE,92.500000,Center,TX,,2.55,31.546889,-94.096444,58792
KXXF,105.300000,Dallas,TX,,50.0,29.825278,-94.226667,479
KXXM,96.100000,San Antonio,TX,,99.0,29.633611,-98.631667,28668
KXXY-FM,96.100000,San Antonio,TX,,94.9,35.597778,-97.489444,58389
KXYL-FM,102.300000,Brownwood,TX,,12.0,31.748333,-99.3325,12237
KYAR,98.300000,Austin,TX,,4.1,31.4125,-97.211111,36844
KYBI,100.100000,Lufkin,TX,,20.0,31.334722,-94.669444,63327
KYGL,106.300000,Austin,TX,,50.0,33.308333,-93.948333,12312
KYKM,94.300000,Hallettsville,TX,,6.0,29.350833,-97.192222,67287
KYKR,95.100000,Austin,TX,,100.0,30.061944,-93.980556,25581
KYKS,105.100000,Austin,TX,,100.0,31.368889,-94.645833,25582
KYKX,105.700000,Dallas,TX,,100.0,32.593611,-94.819444,54844
KYLR,92.100000,Round Rock,TX,,2.5,30.534444,-97.581111,56780
KYMG,98.900000,Austin,TX,,100.0,61.166111,-149.826111,12514
KYOX,94.300000,Stephenville,TX,,32.0,31.914167,-98.696667,82135
KYRK,106.500000,Corpus Christi,TX,,50.0,27.867222,-97.218611,40798
KYRM,91.900000,Mcallen,TX,,6.3,33.055,-114.826944,73760
KYRQ,90.300000,Mayaguez,TX,,3.0,29.155556,-98.885,90949
KYSE,94.700000,El Paso,TX,,97.0,31.792778,-106.479722,39612
KYSR,98.700000,Irving,TX,,75.0,34.118889,-118.391667,36019
KYXX,94.300000,Sonora,TX,,3.0,30.711833,-101.124639,60845
KYXY,96.500000,Austin,TX,,26.5,32.838889,-117.248889,51671
KYYK,98.300000,Dallas,TX,,12.5,31.926111,-95.648056,72838
KZAI,103.700000,Austin,TX,,100.0,28.035278,-97.436389,7084
KZAR,97.700000,Houston,TX,,100.0,29.369722,-97.662222,25588
KZBB,97.900000,Austin,TX,,100.0,35.071944,-94.679444,72715
KZCD,94.100000,Austin,TX,,35.0,34.549722,-98.539167,12791
KZCH,96.300000,Austin,TX,,50.0,37.718333,-97.318056,53599
KZFM,95.500000,Corpus Christi,TX,,100.0,27.659167,-97.57,39716
KZII-FM,102.500000,Austin,TX,,100.0,33.517806,-101.856444,61150
KZKL,90.500000,Wichita Falls,TX,,7.0,33.8975,-98.5425,55381
KZKV,103.100000,Austin,TX,,34.0,29.012778,-97.667222,78984
KZKX,96.900000,Austin,TX,,100.0,41.123222,-96.834361,53143
KZLO,88.700000,Kilgore,TX,,63.0,32.337222,-95.044722,34602
KZMJ,94.500000,Dallas,TX,,100.0,33.537083,-96.831528,6386
KZMP-FM,104.900000,Dallas,TX,,34.0,33.560278,-96.959444,15854
KZMZ,96.900000,Austin,TX,,98.0,31.033056,-92.502222,63199
KZPS,92.500000,Dallas,TX,,99.0,32.588611,-96.968056,6378
KZRC,96.100000,Dallas,TX,,6.0,33.889444,-96.151944,6348
KZSN,102.100000,Austin,TX,,100.0,37.777778,-97.510278,61364
KZXL,96.300000,Linvingston,TX,,13.5,31.334722,-94.669444,77846
KZZA,106.700000,Gainesville,TX,,75.0,33.436944,-97.484722,23017
WACO-FM,99.900000,Austin,TX,,90.0,31.3375,-97.310278,59264
WAEB-FM,104.100000,Austin,TX,,50.0,40.720278,-75.595556,14372
WAEV,97.300000,Austin,TX,,100.0,32.045833,-81.340833,50403
WAIL,99.500000,San Antonio,TX,,100.0,24.676667,-81.510833,31637
WAMR-FM,107.500000,Dallas,TX,,93.0,25.967222,-80.209444,61658
WAMX,106.300000,Austin,TX,,1.65,38.505833,-82.209167,60450
WAPE-FM,95.100000,Austin,TX,,100.0,30.322778,-81.642778,70863
WARQ,93.500000,San Antonio,TX,,2.8,34.001111,-81.034722,58400
WARW,96.700000,Austin,TX,,3.1,40.912222,-73.781944,10659
WAVW,92.700000,Austin,TX,,50.0,27.274722,-80.286389,14376
WAWX,101.700000,Austin,TX,,3.4,37.426944,-79.123889,70331
WBBS,104.700000,San Antonio,TX,,50.0,43.213889,-76.396389,48730
WBCK,95.300000,Austin,TX,,3.0,42.288056,-85.165,37461
WBFX,101.300000,San Antonio,TX,,50.0,43.041111,-85.357778,51727
WBGI-FM,105.500000,Austin,TX,,13.5,40.054722,-80.707222,4996
WBTJ,106.500000,Austin,TX,,14.5,37.5125,-77.601583,74168
WBTP,95.700000,San Antonio,TX,,100.0,27.866667,-82.624167,41382
WBTT,105.500000,San Antonio,TX,,23.5,26.316667,-81.786944,55756
WBUV,104.900000,San Antonio,TX,,16.0,30.485833,-88.714722,29687
WBVB,97.100000,Austin,TX,,3.0,38.424167,-82.534444,507
WBXX,104.900000,Austin,TX,,6.0,42.314444,-84.928833,37463
WCHD,99.900000,San Antonio,TX,,28.0,39.721944,-84.209167,55500
WCHI-FM,95.500000,Irving,TX,,5.3,41.898889,-87.623056,53971
WCKT,107.100000,San Antonio,TX,,23.5,26.316667,-81.786944,55755
WCOS-FM,97.500000,Austin,TX,,0.0,0.0,-0.0,71290
WCPV,101.300000,Austin,TX,,1.0,44.405278,-73.431944,36269
WCTH,100.300000,San Antonio,TX,,100.0,24.959444,-80.575,60910
WCVS-FM,96.700000,Austin,TX,,6.0,39.633889,-89.813889,70275
WCYK-FM,99.700000,San Antonio,TX,,3.3,38.064444,-78.805,70861
WCZQ,105.500000,Grapevine,TX,,6.0,40.048056,-88.573333,46942
WCZR,101.700000,Austin,TX,,4.2,27.735278,-80.4575,41066
WDAS-FM,105.300000,Irving,TX,,16.5,40.041667,-75.24,71316
WDCG,105.100000,Austin,TX,,73.0,35.713889,-78.817778,53597
WDHT,102.900000,San Antonio,TX,,50.0,39.953056,-83.868611,60252
WDRM,102.100000,Austin,TX,,100.0,34.793333,-86.630833,44024
WDSD,94.700000,Austin,TX,,50.0,39.200833,-75.565278,4669
WDVE,102.500000,Austin,TX,,55.0,40.493889,-80.019167,59588
WDXB,102.500000,Austin,TX,,90.0,33.443889,-86.879722,2114
WDZQ,95.100000,Grapevine,TX,,50.0,39.627778,-89.080833,47004
WEBZ,99.300000,San Antonio,TX,,50.0,30.005833,-85.343333,73617
WEGR,102.700000,San Antonio,TX,,100.0,35.275833,-89.777222,58397
WEGW,107.500000,Austin,TX,,16.0,40.061389,-80.7525,72173
WEOW,92.700000,San Antonio,TX,,100.0,24.676667,-81.510833,11194
WERZ,107.100000,Austin,TX,,5.2,43.027222,-70.880833,53385
WEZF,92.900000,Austin,TX,,46.0,44.525556,-72.816111,35232
WEZI,102.900000,Austin,TX,,98.8,30.276111,-81.564722,53602
WFBQ,94.700000,Austin,TX,,58.0,39.895278,-86.201111,59590
WFCT,105.500000,Midland,TX,,50.0,29.750556,-84.871667,76260
WFKS,95.100000,Austin,TX,,4.3,28.136667,-80.703611,11409
WFKZ,103.100000,San Antonio,TX,,100.0,24.959444,-80.575,34356
WFLA-FM,100.700000,San Antonio,TX,,11.5,30.492222,-84.286944,5379
WFLF-FM,94.500000,San Antonio,TX,,100.0,29.819167,-85.259444,61262
WFMB-FM,104.500000,Austin,TX,,43.0,39.76,-89.651389,48331
WFMF,102.500000,Austin,TX,,96.0,30.326111,-91.276667,4053
WFOX,95.900000,Austin,TX,,3.0,41.115556,-73.435,14379
WFQX,99.300000,Austin,TX,,6.0,39.065556,-78.382778,4675
WFRE,99.900000,Austin,TX,,8.4,39.499889,-77.499444,31139
WFSY,98.500000,San Antonio,TX,,96.0,30.511667,-85.488111,66667
WFXC,107.100000,San Antonio,TX,,13.0,35.9775,-78.816111,36952
WFXK,104.300000,San Antonio,TX,,100.0,36.038889,-78.0625,24931
WGCI-FM,107.500000,Dallas,TX,,3.7,41.878889,-87.635556,51165
WGIR-FM,101.100000,Austin,TX,,11.5,42.981667,-71.589167,35240
WGMY,107.100000,San Antonio,TX,,100.0,30.586667,-84.236389,61250
WGMZ,93.100000,Austin,TX,,1.65,33.954444,-85.861111,2465
WGNA-FM,107.700000,Austin,TX,,12.5,42.636944,-73.9975,72118
WGRD-FM,97.900000,Austin,TX,,13.0,42.796111,-85.649444,55650
WGSQ,94.700000,San Antonio,TX,,100.0,36.173889,-85.343611,13819
WGTZ,92.900000,San Antonio,TX,,0.0,0.0,-0.0,25043
WHAL-FM,95.700000,San Antonio,TX,,6.0,35.135833,-89.971389,58399
WHAR,105.100000,Grapevine,TX,,18.5,34.751944,-76.8825,47106
WHBT-FM,92.100000,San Antonio,TX,,14.5,36.627222,-76.218611,70345
WHCN,105.900000,Austin,TX,,16.0,41.563056,-72.845,72144
WHEB,100.300000,Austin,TX,,50.0,43.053056,-70.767778,35219
WHHG,92.300000,Austin,TX,,100.0,35.901667,-88.781944,50125
WHJY,94.100000,Austin,TX,,50.0,41.827778,-71.369167,72298
WHKR,102.700000,Austin,TX,,50.0,28.349722,-80.774722,57628
WHLH,95.500000,Austin,TX,,100.0,32.240556,-90.404167,59825
WHLW,104.300000,Austin,TX,,13.5,31.974444,-86.162222,6655
WHPY-FM,94.500000,Fort Worth,TX,,6.0,36.077778,-87.026944,50126
WHRK,97.100000,San Antonio,TX,,100.0,35.222694,-90.043528,54916
WHRP,94.100000,Austin,TX,,0.71,34.680556,-86.515278,22264
WHTE-FM,101.900000,San Antonio,TX,,6.0,38.301389,-78.5325,56361
WHWY,98.100000,Austin,TX,,100.0,30.410556,-86.622778,56374
WHYI-FM,100.700000,San Antonio,TX,,98.0,25.967222,-80.209444,41381
WIBA-FM,101.500000,Austin,TX,,12.0,43.055833,-89.535,17385
WIHT,99.500000,Dallas,TX,,22.0,38.963611,-77.105,25080
WIRO,107.100000,Austin,TX,,3.1,38.523056,-82.653056,61686
WJBT,93.300000,San Antonio,TX,,98.0,30.280833,-81.57025,51975
WJDX-FM,105.100000,Austin,TX,,100.0,32.690278,-89.868333,6482
WJGL,96.900000,Austin,TX,,98.8,30.276111,-81.564722,53590
WJJS,93.500000,Austin,TX,,5.8,37.279722,-79.991389,73956
WJJX,102.700000,Austin,TX,,22.0,37.468611,-79.0075,36094
WJLJ,103.100000,Houston,TX,,50.0,35.456667,-84.678611,7932
WJMI,99.700000,San Antonio,TX,,98.0,32.207778,-90.413889,50408
WJMN,94.500000,Irving,TX,,9.2,42.3075,-71.224167,53972
WJRR,101.100000,San Antonio,TX,,95.0,28.580833,-81.075556,51983
WKEE-FM,100.500000,Austin,TX,,53.0,38.393056,-82.473333,500
WKEY-FM,93.700000,San Antonio,TX,,26.0,24.571389,-81.740278,34354
WKEZ-FM,96.900000,San Antonio,TX,,25.0,25.026389,-80.508333,34351
WKGR,98.700000,San Antonio,TX,,100.0,27.025278,-80.178611,1245
WKHK,95.300000,Austin,TX,,47.0,37.439444,-77.433611,319
WKHL,92.100000,Austin,TX,,1.5,40.391111,-76.725278,12050
WKKF,102.300000,San Antonio,TX,,4.1,42.878889,-73.863056,17030
WKKT,96.900000,Austin,TX,,100.0,35.5325,-80.796389,68207
WKKV-FM,100.700000,San Antonio,TX,,50.0,42.805,-88.048333,68758
WKLR,96.500000,Austin,TX,,50.0,37.339444,-77.408611,71330
WKNN-FM,99.100000,Austin,TX,,99.0,30.485833,-88.714722,61367
WKSF,99.900000,Austin,TX,,49.0,35.425556,-82.756944,2947
WKSJ-FM,94.900000,San Antonio,TX,,98.0,30.6125,-87.645278,53145
WKSL,97.900000,San Antonio,TX,,12.5,30.280833,-81.570278,67243
WKSS,95.700000,Austin,TX,,16.5,41.561389,-72.844167,53384
WKST-FM,96.100000,Austin,TX,,44.0,40.396944,-79.961944,65678
WKSW,98.500000,San Antonio,TX,,50.0,36.142778,-85.467222,72329
WKTU,103.500000,Irving,TX,,6.0,40.748333,-73.986111,6595
WKWK-FM,97.300000,Austin,TX,,50.0,40.096944,-80.701667,73193
WKXI-FM,107.500000,San Antonio,TX,,98.0,32.258056,-89.789444,50407
WLAN-FM,96.900000,San Antonio,TX,,50.0,40.047778,-76.456944,52259
WLDI,95.500000,San Antonio,TX,,100.0,27.121944,-80.388889,2680
WLHT-FM,95.700000,Austin,TX,,40.0,43.0325,-85.696389,37457
WLKO,102.900000,Austin,TX,,30.5,35.407222,-81.129722,68211
WLLD,94.100000,San Antonio,TX,,100.0,27.673056,-82.109722,51987
WLLZ,106.700000,Dallas,TX,,61.0,42.331944,-83.045,59952
WLRQ-FM,99.300000,Austin,TX,,50.0,28.278333,-80.700833,20372
WLRX,106.100000,Austin,TX,,6.0,37.284167,-79.987222,41635
WLTY,96.700000,Austin,TX,,9.0,34.005,-81.012222,4667
WLVH,101.100000,Austin,TX,,50.0,32.096306,-81.319361,31094
WLZX-FM,99.300000,Austin,TX,,5.8,42.373611,-72.673889,46963
WMAD,96.300000,Austin,TX,,5.1,43.212222,-89.599722,50055
WMAG,99.500000,Austin,TX,,100.0,35.870278,-79.840278,73258
WMAX-FM,96.100000,San Antonio,TX,,50.0,42.819444,-85.869167,27471
WMEZ,94.100000,Austin,TX,,77.0,30.611111,-87.607222,73256
WMFX,102.300000,San Antonio,TX,,6.0,34.098611,-81.08,19471
WMGF,107.700000,San Antonio,TX,,98.0,28.919472,-81.318722,51981
WMIA-FM,93.900000,San Antonio,TX,,98.0,25.967222,-80.209444,51978
WMIB,103.500000,San Antonio,TX,,98.0,25.967222,-80.209444,67193
WMIL-FM,106.100000,San Antonio,TX,,12.0,43.096111,-87.904167,63919
WMJJ,96.500000,Austin,TX,,100.0,33.443889,-86.879722,2111
WMJY,93.700000,Austin,TX,,100.0,30.485833,-88.714722,61368
WMOV-FM,107.700000,San Antonio,TX,,15.0,36.810278,-76.282972,31123
WMRQ-FM,104.100000,Austin,TX,,14.0,41.561667,-72.844722,74279
WMSI-FM,102.900000,Austin,TX,,100.0,32.213611,-90.382222,59822
WMXC,99.900000,San Antonio,TX,,94.0,30.688889,-87.830278,8696
WMXY,98.900000,San Antonio,TX,,5.9,41.056667,-80.645556,73154
WMYI,102.500000,Austin,TX,,43.0,35.137667,-82.6085,59818
WMZQ-FM,98.700000,Dallas,TX,,50.0,38.886944,-77.200833,73305
WNCB,93.900000,Austin,TX,,100.0,35.713889,-78.817778,53596
WNIC,100.300000,Irving,TX,,0.0,0.0,-0.0,6594
WNNK-FM,104.100000,Austin,TX,,22.5,40.316389,-76.951111,32945
WNNL,103.900000,San Antonio,TX,,7.9,35.596389,-78.755,9728
WNOH,105.300000,San Antonio,TX,,50.0,36.811944,-76.4625,69570
WNOK,104.700000,Austin,TX,,90.0,34.150833,-80.91,19472
WNRQ,105.900000,Austin,TX,,98.0,36.035556,-86.848889,34392
WNUE-FM,98.100000,San Antonio,TX,,50.0,28.8525,-81.0675,46969
WODE-FM,99.900000,San Antonio,TX,,50.0,40.708333,-75.216667,8595
WOGY,104.100000,Austin,TX,,100.0,35.646944,-88.833333,14743
WOJO,105.100000,Dallas,TX,,5.7,41.898889,-87.623056,67073
WOKV-FM,104.500000,Austin,TX,,98.8,30.276111,-81.564722,72081
WOLL,105.500000,San Antonio,TX,,50.0,26.761667,-80.078333,32969
WOLT,103.300000,Austin,TX,,18.0,39.895278,-86.201111,59589
WOLZ,95.300000,San Antonio,TX,,79.0,26.505083,-81.852333,13898
WOVK,98.700000,Austin,TX,,50.0,40.082778,-80.771667,44048
WOWI,102.900000,San Antonio,TX,,50.0,36.755361,-76.385306,69558
WPAP,92.500000,San Antonio,TX,,100.0,30.511667,-85.488111,61252
WPBZ-FM,103.900000,San Antonio,TX,,6.0,42.585,-73.774722,40767
WPGB,104.700000,Austin,TX,,14.5,40.463194,-80.004528,18511
WPHR-FM,94.700000,Austin,TX,,50.0,27.555,-80.368611,40988
WPLR,99.100000,Austin,TX,,15.0,41.422778,-72.951667,46968
WPTI,94.500000,San Antonio,TX,,100.0,36.345,-79.906667,55754
WPYX,106.500000,Austin,TX,,15.5,42.635833,-74.001389,73911
WQBT,94.100000,Austin,TX,,100.0,32.045833,-81.340833,8594
WQEM,101.500000,Austin,TX,,1.8,33.229167,-86.715556,41641
WQEN,103.700000,Austin,TX,,100.0,33.443889,-86.879722,22997
WQMF,95.700000,San Antonio,TX,,28.5,38.137778,-85.935,50763
WQMP,101.900000,Irving,TX,,90.0,28.919444,-81.318889,73137
WQOK,97.500000,San Antonio,TX,,50.0,35.9775,-78.816111,69559
WQOL,103.700000,Austin,TX,,50.0,27.735278,-80.4575,67604
WQSH,103.500000,San Antonio,TX,,50.0,42.9725,-74.491667,40769
WQSO,96.700000,Austin,TX,,3.0,43.287222,-70.946944,53388
WQXR-FM,105.900000,Dallas,TX,,0.61,40.748333,-73.986111,46978
WQZL,101.100000,Grapevine,TX,,50.0,35.475,-76.864167,47883
WRBQ-FM,104.700000,San Antonio,TX,,99.0,27.931611,-82.401278,11943
WRDU,100.700000,Austin,TX,,100.0,35.831389,-78.147222,74125
WRDX,92.900000,Austin,TX,,1.7,39.200833,-75.565278,4676
WRFY-FM,102.500000,San Antonio,TX,,10.0,40.321944,-75.893056,69562
WRKH,96.100000,San Antonio,TX,,73.0,30.688889,-87.830278,53142
WRKS,105.900000,San Antonio,TX,,23.0,32.648056,-89.988889,29512
WRLX,94.300000,San Antonio,TX,,50.0,26.761667,-80.078333,36544
WRMR,98.700000,Grapeville,TX,,100.0,34.494722,-77.488611,47884
WRNW,97.300000,Austin,TX,,15.5,43.111389,-87.927222,26609
WROV-FM,96.300000,Austin,TX,,14.0,37.116667,-80.016111,37747
WRR,101.100000,Dallas,TX,,98.0,32.588611,-96.968056,11451
WRTO-FM,98.300000,Dallas,TX,,100.0,25.54,-80.468611,37253
WRTR,105.900000,Austin,TX,,25.0,33.214389,-87.4895,48645
WRUM,100.300000,San Antonio,TX,,95.0,28.580833,-81.075556,59976
WRVW,107.500000,Austin,TX,,46.0,36.263889,-86.794167,59824
WSIX-FM,97.900000,Austin,TX,,100.0,36.047222,-86.83,59815
WSLQ,99.100000,Fort Worth,TX,,190.9,37.197222,-80.153056,41112
WSNE-FM,93.300000,Austin,TX,,31.0,41.865556,-71.289444,74069
WSRS,96.100000,Austin,TX,,16.5,42.309444,-71.903611,35225
WSTV,104.900000,Austin,TX,,14.5,37.373056,-79.927778,64082
WSTZ-FM,106.700000,Austin,TX,,85.0,32.213611,-90.382222,37177
WSYN,103.100000,Grand Prairie,TX,,8.0,33.784444,-78.878889,46964
WTAK-FM,106.100000,Austin,TX,,5.4,34.4625,-86.643333,25383
WTBU,95.300000,Austin,TX,,1.45,43.223611,-70.693611,35218
WTCR-FM,103.300000,Austin,TX,,50.0,38.419722,-82.401667,7983
WTKK,106.100000,Austin,TX,,27.5,35.674444,-78.527778,73936
WTKN,94.500000,Grapevine,TX,,12.0,33.553611,-79.220556,34901
WTKS-FM,104.100000,San Antonio,TX,,94.0,28.580833,-81.075556,53457
WTKX-FM,101.500000,San Antonio,TX,,100.0,30.611111,-87.607333,61243
WTMM-FM,104.500000,Austin,TX,,5.0,42.878889,-73.863056,22004
WTNT-FM,94.900000,San Antonio,TX,,98.0,30.578333,-84.263333,51590
WTPA-FM,93.500000,Austin,TX,,1.25,40.177222,-76.877222,54021
WTQR,104.100000,San Antonio,TX,,99.0,36.376778,-80.369056,58392
WTRV,100.500000,Austin,TX,,3.0,43.016389,-85.74,72529
WTRY-FM,98.300000,Austin,TX,,6.0,42.745278,-74.069444,8563
WTUE,104.700000,San Antonio,TX,,28.0,39.721944,-84.209167,1909
WTXT,98.100000,Austin,TX,,100.0,33.322472,-87.773778,68418
WUBT,101.100000,Austin,TX,,47.0,36.526667,-86.687222,34387
WUCS,97.900000,Austin,TX,,3.4,41.766667,-72.677222,46965
WUMR,106.100000,Irving,TX,,22.5,40.082778,-75.181667,53973
WURV,103.700000,Austin,TX,,0.0,0.0,-0.0,37230
WUSQ-FM,102.500000,Austin,TX,,32.0,39.177222,-78.264722,74160
WVBE-FM,100.100000,Fort Worth,TX,,20.0,37.45,-79.074722,9690
WVBZ,105.700000,Austin,TX,,30.0,36.376778,-80.369056,501
WVNN-FM,92.500000,Austin,TX,,3.1,34.71,-87.081667,25385
WWDC,101.100000,Dallas,TX,,22.5,38.999722,-77.0575,8682
WWDM,101.300000,San Antonio,TX,,100.0,34.051111,-80.681944,58398
WWHT,107.900000,San Antonio,TX,,50.0,42.955833,-76.11,57842
WWJK,107.300000,San Antonio,TX,,98.0,30.280833,-81.57,51974
WWMG,97.100000,Austin,TX,,5.4,32.335,-86.287778,8662
WWSW-FM,94.500000,Irving,TX,,50.0,40.463333,-80.005,59968
WWWK,105.500000,San Antonio,TX,,50.0,25.091389,-80.443611,34355
WWYZ,92.500000,Austin,TX,,17.0,41.563056,-72.845,74205
WXBM-FM,102.700000,Austin,TX,,100.0,30.611111,-87.607222,32946
WXBT,100.100000,Austin,TX,,5.9,34.068611,-81.071389,13589
WXDX-FM,105.900000,Austin,TX,,15.5,40.493889,-80.019167,60153
WXKS-FM,107.900000,Irving,TX,,20.5,42.347222,-71.083056,53965
WXLK,92.300000,Fort Worth,TX,,100.0,37.1975,-80.152778,9692
WXSR,101.500000,San Antonio,TX,,37.0,30.492222,-84.286944,25022
WXXM,92.100000,Austin,TX,,3.7,43.169444,-89.260556,17383
WXZO,96.700000,Austin,TX,,1.0,44.405278,-73.431944,36422
WYAV,104.100000,Grapevine,TX,,100.0,33.590833,-79.048611,36947
WYCT,98.700000,San Antonio,TX,,100.0,30.625,-87.444167,539
WYKZ,98.700000,Austin,TX,,99.0,32.328611,-80.938056,67680
WYNK-FM,101.500000,Austin,TX,,97.0,30.326111,-91.276667,47402
WYYD,107.900000,Austin,TX,,19.0,37.471944,-79.374444,74282
WYYY,94.500000,San Antonio,TX,,100.0,42.946111,-76.118611,48725
WZBQ,94.100000,Austin,TX,,98.0,33.218611,-88.096389,70264
WZEE,104.100000,Austin,TX,,12.0,43.050833,-89.486944,41980
WZGN,102.300000,San Antonio,TX,,4.9,38.079722,-78.739444,11672
WZHT,105.700000,Austin,TX,,100.0,31.974444,-86.162222,8649
WZJZ,100.100000,San Antonio,TX,,84.0,26.785278,-81.796389,35213
WZTU,94.900000,San Antonio,TX,,98.0,25.967222,-80.209444,51979
WZZO,95.100000,Austin,TX,,30.0,40.620278,-75.293611,14375
KAGJ,88.900000,Ephraim,UT,,0.38,39.321667,-111.769722,60705
KARB,98.300000,Price,UT,,7.0,39.609167,-110.813889,18390
KBLQ-FM,92.900000,Logan,UT,,100.0,41.871667,-111.808611,63832
KBYU-FM,89.100000,Provo,UT,,30.0,40.607778,-112.159167,6825
KBZN,97.900000,Salt Lake City,UT,,26.0,40.659722,-112.201389,8690
KCIN,94.900000,Cedar City,UT,,55.0,37.764167,-113.104167,35392
KCPW-FM,88.300000,Park City,UT,,0.45,40.631389,-112.130556,13481
KCUA,92.500000,Park City,UT,,0.84,40.537778,-109.699167,13483
KCVI,101.500000,Logan,UT,,95.0,43.500833,-112.661944,71785
KEGA,101.500000,Salt Lake City,UT,,89.0,40.871111,-110.995278,89255
KGMZ-FM,95.700000,Salt Lake City,UT,,6.9,37.689722,-122.436667,25446
KGNT,103.900000,St. George,UT,,6.0,41.812222,-111.791667,38274
KIFX,98.500000,Roosevelt,UT,,3.2,40.537778,-109.699167,20023
KIOT,102.500000,Salt Lake City,UT,,20.0,35.214889,-106.4505,73117
KIYK,107.300000,Salt Lake City,UT,,2.0,36.846944,-113.491111,60457
KKEX,96.700000,Logan,UT,,100.0,41.871667,-111.808611,63834
KKLV,107.500000,Salt Lake City,UT,,21.71,40.659722,-112.201389,69553
KKRG-FM,105.100000,Salt Lake City,UT,,100.0,35.780278,-106.526111,7051
KKSS,97.300000,Salt Lake City,UT,,94.0,35.780556,-106.526389,63928
KKUT,93.700000,Manti,UT,,48.0,39.854167,-111.704722,41895
KLCE,97.300000,Logan,UT,,95.0,43.500833,-112.661944,71772
KLCY,105.500000,Vernal,UT,,3.3,40.537778,-109.699167,2935
KLJA,107.700000,Salt Lake City,UT,,10.5,30.622778,-97.6425,55475
KLLI,93.900000,Salt Lake City,UT,,18.5,34.226667,-118.066389,59987
KMGR,99.100000,Nephi,UT,,0.64,39.732778,-111.943056,72769
KNIV,104.700000,St. George,UT,,89.0,40.871111,-110.995278,20304
KNKL,88.100000,Ogden,UT,,8.6,41.895333,-112.078639,71394
KNYN,103.900000,Logan,UT,,27.5,41.352778,-110.907222,87470
KOHS,91.700000,Orem,UT,,1.0,40.3,-111.643889,1169
KOIT,96.500000,Salt Lake  City,UT,,24.0,37.755278,-122.451667,6380
KONY,99.900000,St. George,UT,,89.0,36.846944,-113.491111,18140
KPCW,91.700000,Park City,UT,,1.8,40.683056,-111.522222,13482
KPGR,88.100000,Pleasant Grove,UT,,0.115,40.363333,-111.725,1170
KPMD,91.900000,Park City,UT,,0.215,41.352778,-110.908056,94097
KQTM,101.700000,Salt Lake City,UT,,3.0,35.193056,-106.470833,65256
KRBQ,102.100000,Salt Lake City,UT,,33.0,37.850833,-122.4975,65486
KRCL,90.900000,Salt Lake City,UT,,25.0,40.659444,-112.201389,37766
KRSP-FM,103.500000,Salt Lake City,UT,,25.0,40.659444,-112.201389,27462
KSFI,100.300000,Salt Lake City,UT,,25.0,40.659444,-112.201389,60452
KSL-FM,102.700000,Salt Lake City,UT,,25.0,40.659444,-112.201389,54156
KSOP-FM,104.300000,Salt Lake City,UT,,25.0,40.659444,-112.201389,35629
KSUU,91.100000,Cedar City,UT,,10.0,37.648611,-113.092222,61381
KTCE,92.100000,Provo,UT,,0.125,40.089167,-111.820833,43339
KUDD,105.100000,Manti,UT,,21.4,40.659722,-112.201389,59034
KUER-FM,90.100000,Salt Lake City,UT,,20.5,40.659722,-112.201389,69171
KUEU,90.500000,Salt Lake City,UT,,1.5,41.611389,-111.951667,89301
KUMT,107.900000,N. Salt Lake,UT,,89.0,40.871111,-110.995278,33438
KUSR,89.500000,Logan,UT,,0.82,41.745278,-111.804444,85356
KUSU-FM,91.500000,Logan,UT,,90.0,41.886389,-112.071389,69597
KUTC,95.700000,St. George,UT,,3.0,39.321667,-111.769722,65377
KUTN,96.700000,Orem,UT,,67.0,39.336667,-111.451667,89181
KVFX,94.500000,Logan,UT,,94.0,41.897222,-111.960833,55458
KWSA,100.100000,Price,UT,,3.0,39.545,-110.815833,15528
KWUT,97.700000,St. George,UT,,31.0,38.385556,-112.3325,72224
KXBN,92.100000,"Cedar City,",UT,,95.0,37.645278,-113.372778,61386
KXRK,96.300000,Salt Lake City,UT,,21.6,40.659722,-112.201389,406
KXRQ,94.300000,Taylorsville,UT,,17.5,40.520833,-109.706944,83548
KYLZ,101.300000,Salt Lake City,UT,,3.7,35.067778,-106.779722,16750
KYMV,100.700000,Salt Lake City,UT,,88.0,40.871111,-110.995278,81867
KZHK,95.900000,Logan,UT,,70.0,36.846944,-113.491111,40519
KZMU,90.100000,Moab,UT,,0.4,38.526944,-109.305833,43314
WCKL,97.900000,Salt Lake City,UT,,4.0,41.898889,-87.623056,73233
WPRS-FM,104.100000,Salt Lake City,UT,,20.0,38.618722,-76.844167,74212
WTLP,103.900000,Salt Lake City,UT,,0.35,39.464722,-77.495278,47105
WTMX,101.900000,Salt Lake City,UT,,4.2,41.878889,-87.635556,6377
WTOP-FM,103.500000,Salt Lake City,UT,,44.0,38.936111,-77.0925,11845
WWWT-FM,107.700000,Salt Lake City,UT,,29.0,38.741667,-77.835556,21636
KBCN-FM,104.300000,Richmond,VA,,100.0,35.871111,-92.652778,14064
KBOD,99.700000,Richmond,VA,,50.0,36.592778,-92.4725,14066
KBTK,97.100000,Sterling,VA,,5.0,34.968333,-111.508056,14938
KCAR-FM,104.300000,Sterling,VA,,3.5,37.069444,-94.546944,86554
KCDV,100.900000,Arlington,VA,,1.2,60.538889,-145.759722,56492
KCKH,95.900000,Richmond,VA,,8.9,37.286111,-92.615278,14065
KCQQ,106.500000,Vienna,VA,,100.0,41.632778,-90.410556,32987
KDDK,105.500000,Richmond,VA,,6.0,30.323611,-91.281111,22310
KEDB,105.300000,Arlington,VA,,34.0,40.889722,-93.024722,17776
KEYE-FM,93.700000,Mclean,VA,,8.5,36.365,-100.779167,52329
KHDK,97.300000,Mclean,VA,,3.8,40.798056,-91.439444,89613
KHGA,103.900000,Arlington,VA,,12.5,35.450278,-90.703056,78214
KKZY,95.500000,Arlington,VA,,100.0,47.37,-94.881667,77087
KMTX,105.300000,Rosslyn,VA,,31.0,46.748333,-112.329444,8668
KMXG,96.100000,Vienna,VA,,100.0,41.632778,-90.410556,60359
KOUW,102.900000,Arlington,VA,,37.0,44.561389,-111.442222,83882
KQLM,107.900000,Arlington,VA,,100.0,32.0975,-102.289167,57918
KRAZ,105.900000,Arlington,VA,,0.065,34.525556,-119.958056,33439
KRUZ,103.300000,Arlington,VA,,105.0,34.525,-119.952778,8853
KRVN-FM,93.100000,Arlington,VA,,100.0,40.696667,-99.788333,48001
KTDY,99.900000,Arlington,VA,,100.0,30.201667,-91.776944,12674
KTKE,101.500000,Mclean,VA,,0.14,39.241389,-120.138889,88673
KVAK-FM,93.300000,Arlington,VA,,1.2,61.121111,-146.256944,88010
KYZK,107.500000,Arlington,VA,,2.5,43.643611,-114.397222,1164
KZID,98.500000,Mclean,VA,,6.3,46.463056,-116.906944,88203
KZLA,98.300000,Mclean,VA,,25.0,36.607778,-119.996944,86866
KZNS-FM,97.500000,Alexandria,VA,,89.0,40.871111,-110.995278,87974
WACL,98.500000,Winchester,VA,,0.9,38.393333,-78.770556,63491
WAFX,106.900000,Chesapeake,VA,,100.0,36.8025,-76.755278,67082
WAIW,92.500000,Winchester,VA,,22.0,38.955833,-78.024444,41810
WAKG,103.300000,Danville,VA,,100.0,36.741111,-79.384722,52545
WAVH,106.500000,Arlington,VA,,50.0,30.726111,-88.151667,3636
WAXM,93.500000,Big Stone Gap,VA,,2.45,36.913889,-82.894444,69689
WAZR,93.700000,Woodstock,VA,,15.5,38.617778,-78.710833,57910
WBBC-FM,93.500000,Blackstone,VA,,17.5,37.053889,-78.020833,16583
WBOP,95.500000,Staunton,VA,,6.0,38.181944,-79.226111,68304
WBQB,101.500000,Winchester,VA,,50.0,38.3325,-77.394722,41812
WBQK,107.900000,Glen Allen,VA,,4.0,37.45,-76.812778,73906
WBRW,105.300000,Reston,VA,,12.0,37.186667,-80.481667,5795
WBXB,100.100000,Sterling,VA,,50.0,36.119722,-76.591389,18649
WBYG,99.500000,Blacksburg,VA,,4.7,38.846944,-82.130556,5283
WCEI-FM,96.700000,Charlottesville,VA,,12.5,38.956056,-76.093222,11668
WCHV-FM,107.500000,Charlottsville,VA,,0.21,37.984722,-78.480278,61716
WCMC-FM,99.900000,Chase City,VA,,26.5,35.676389,-78.535556,51760
WCNR,106.100000,Harrisonburg,VA,,0.6,37.985,-78.48,52394
WCNV,89.100000,Richmond,VA,,0.0,37.906111,-76.485833,90292
WCQR-FM,88.300000,Blacksburg,VA,,1.2,36.431389,-82.137778,53101
WCTG,96.500000,Mclean,VA,,3.9,38.198056,-75.680556,88405
WCUP,105.700000,Rosslyn,VA,,100.0,47.100833,-88.565278,36092
WCVE-FM,88.900000,Richmond,VA,,10.0,37.5125,-77.601667,10016
WCVL-FM,92.700000,Charlottesville,VA,,0.61,37.985,-78.48,74161
WCWM,90.900000,Williamsburg,VA,,13.5,37.354444,-76.999444,65555
WDCE,90.100000,Richmond,VA,,0.1,37.574167,-77.5425,69312
WDDJ,96.900000,Bristol,VA,,100.0,37.048889,-88.614444,54719
WDIC-FM,92.100000,Clintwood,VA,,2.5,37.145,-82.389444,16905
WDNE-FM,98.900000,Sterling,VA,,5.1,38.91,-79.788333,65939
WDXC,102.300000,Pound,VA,,0.35,37.151944,-82.644722,71361
WEHC,90.700000,Emory,VA,,8.7,36.766944,-81.838333,19527
WELS-FM,102.900000,Norfolk,VA,,3.0,35.284167,-77.664722,20409
WEMC,91.700000,Harrisonburg,VA,,4.6,38.472222,-78.8825,4308
WEQF-FM,105.300000,Blacksburg,VA,,6.0,37.580556,-78.621667,85488
WEQP,91.700000,Spotsylvania,VA,,1.15,37.285278,-79.090556,81316
WESR-FM,103.300000,Onley,VA,,50.0,37.717278,-75.68325,18386
WEXX,99.300000,Bristol,VA,,4.4,36.401944,-82.203333,18036
WFFL,91.700000,Charlotte,VA,,0.31,30.18,-85.636111,85581
WFHG-FM,92.900000,Abingdon,VA,,7.6,36.269444,-82.338056,36982
WFLO-FM,95.700000,Farmville,VA,,50.0,37.326389,-78.385833,12320
WFLS-FM,93.300000,Fredericksburg,VA,,0.0,0.0,-0.0,65641
WFMA,102.900000,Norfolk,VA,,24.0,32.829444,-87.429444,37721
WFMI,100.900000,Mclean,VA,,39.0,36.202778,-75.873056,12733
WFOS,88.700000,Chesapeake,VA,,15.5,36.721667,-76.300833,10757
WGCK-FM,99.700000,Coeburn,VA,,1.95,37.054167,-82.642778,18155
WGRQ,95.900000,Fredericksburg,VA,,2.5,38.2725,-77.496111,64922
WGTH-FM,105.500000,Richlands,VA,,0.45,37.155556,-81.769722,27167
WGTI,97.700000,Norfolk,VA,,31.0,36.311111,-76.292778,173
WHCE,91.100000,Highland Springs,VA,,3.0,37.538333,-77.324167,26916
WHLF,95.300000,Halifax,VA,,6.0,36.706667,-78.924444,31178
WHLQ,105.500000,Lawrenceville,VA,,6.0,36.752778,-77.863611,72503
WHOV,88.100000,Hampton,VA,,2.0,37.0175,-76.336944,25952
WHRO-FM,90.300000,Norfolk,VA,,8.8,36.808611,-76.503611,25940
WHRV,89.500000,Norfolk,VA,,34.0,36.808889,-76.503611,25933
WHRX,90.100000,Boca Raton,VA,,46.0,37.677222,-75.726944,91505
WHTU,103.900000,Clifton Forge,VA,,0.2,37.471944,-79.374444,28340
WIBL,107.700000,Rosslyn,VA,,14.0,40.63,-88.781111,86178
WIFM-FM,100.900000,Centerville,VA,,0.47,36.197222,-80.836944,20411
WIGO-FM,104.900000,White Stone,VA,,4.1,37.723611,-76.391333,72904
WINC-FM,105.500000,Winchester,VA,,3.0,39.1175,-77.9725,60363
WIQO-FM,100.900000,Covington,VA,,0.17,37.470278,-79.376389,73158
WIRI,105.500000,Mclean,VA,,6.0,44.3625,-90.066111,85832
WISE-FM,90.500000,Wise,VA,,0.22,36.960833,-82.515556,85287
WJFN-FM,100.500000,Alexandria,VA,,2.6,37.793611,-77.9325,87127
WJJY-FM,106.700000,Arlington,VA,,100.0,46.442778,-94.381944,5394
WJKD,99.700000,Arlington,VA,,50.0,27.735278,-80.4575,70001
WJLZ,88.500000,Virginia Beach,VA,,1.2,36.841861,-76.093611,69636
WJMA,103.100000,Culpeper,VA,,6.0,38.484444,-77.989444,14710
WJNS-FM,92.100000,Norfolk,VA,,4.8,32.556944,-90.337222,72816
WJNV,99.100000,Jonesville,VA,,4.0,36.701389,-83.170556,78986
WJXN-FM,100.900000,Norfolk,VA,,39.0,32.053611,-90.339722,72818
WJYJ,88.100000,Blacksburg,VA,,26.5,35.726111,-81.147778,53091
WJYW,88.900000,Blacksburg,VA,,4.1,40.192222,-84.799444,53093
WKAO,91.100000,Blacksburg,VA,,7.0,38.419722,-82.401667,81315
WKCY-FM,104.300000,Winchester,VA,,50.0,38.396389,-79.141111,41811
WKDE-FM,105.500000,Alta Vista,VA,,6.0,37.160278,-79.224444,21414
WKFV,107.300000,Sterling,VA,,9.2,35.126944,-78.588611,11066
WKJM,99.300000,Norfolk,VA,,6.0,37.233611,-77.376667,60477
WKJS,105.700000,Richmond,VA,,2.3,37.514444,-77.507778,3725
WKMZ,103.300000,Sterling,VA,,1.8,39.262222,-80.466944,79305
WKSG,98.300000,Blacksburg,VA,,5.2,38.607222,-83.0425,53102
WKSK-FM,101.900000,South Hill,VA,,6.0,36.744167,-78.161667,50234
WKVK,106.700000,Danville,VA,,50.0,36.418611,-79.196944,26296
WKWI,101.700000,Kilmarnock,VA,,2.2,37.723611,-76.391333,7773
WKYQ,93.300000,Bristol,VA,,100.0,37.048889,-88.614444,6877
WLFV,98.900000,Orange,VA,,4.8,37.614444,-77.515556,54872
WLGX,106.900000,Montea,VA,,0.29,37.320556,-79.633056,15188
WLJV,89.500000,Spotsylvania,VA,,8.0,38.196667,-77.5625,90679
WLLR-FM,103.700000,Vienna,VA,,91.0,41.546944,-90.476389,60361
WLNH-FM,98.300000,Vienna,VA,,0.7,43.516944,-71.369167,73215
WLNI,105.900000,Forest,VA,,6.0,37.426944,-79.123889,22663
WLQM-FM,101.700000,Franklin,VA,,3.0,36.687611,-77.016556,22316
WLTK,102.900000,Harrisonburg,VA,,2.05,38.608333,-78.9025,12600
WLUR,91.500000,Lexington,VA,,0.175,37.795,-79.446944,70943
WLUS-FM,98.300000,Halifax,VA,,17.5,36.495833,-78.554444,11723
WLVS-FM,106.500000,Arlington,VA,,3.8,35.478056,-88.11,87463
WLZV,94.300000,Manassas,VA,,2.0,38.741944,-77.835278,16819
WMJD,100.700000,Grundy,VA,,2.3,37.302222,-82.117778,70346
WMLU,91.300000,Farmville,VA,,0.5,37.297167,-78.394778,4311
WMNA-FM,106.300000,Gretna,VA,,6.0,36.925278,-79.330556,9985
WMQR,96.100000,Broadway,VA,,2.6,38.563889,-78.95,40648
WMRA,90.700000,Harrisonburg,VA,,10.5,38.563889,-78.95,65447
WMRL,89.900000,Harrisonburg,VA,,0.1,37.790278,-79.434722,30177
WMRY,103.500000,Harrisonburg,VA,,0.28,37.950556,-78.729444,6130
WMVE,90.100000,Richmond,VA,,8.0,36.774722,-78.344722,90273
WMXH-FM,105.700000,Luray,VA,,0.15,38.599722,-78.633611,12625
WNOB,93.700000,Norfolk,VA,,100.0,36.548611,-76.187778,73184
WNRN,91.900000,Charlottesville,VA,,0.32,37.981944,-78.484167,8710
WNRS-FM,89.900000,Sweet Briar,VA,,1.1,37.532778,-79.0925,74157
WNSB,91.100000,Norfolk,VA,,8.1,36.775556,-76.386389,49021
WOJL,105.500000,Louisa,VA,,6.0,38.026944,-78.018056,41899
WOKD-FM,91.100000,Blacksburg,VA,,18.0,36.741667,-79.385278,82092
WOKG,90.300000,Blacksburg,VA,,2.7,36.6575,-80.906111,87377
WOLD-FM,102.500000,Marion,VA,,0.44,36.902778,-81.540833,19477
WOTC,88.300000,Edinburg,VA,,1.0,38.803942,-78.688897,69673
WOWZ-FM,99.300000,Accomac,VA,,22.0,37.784722,-75.604444,18384
WPAR,91.300000,Blacksburg,VA,,3.3,37.373056,-79.926944,53097
WPDX-FM,104.900000,Luray,VA,,7.4,39.256111,-80.112778,68303
WPER,90.500000,Spotsylvania,VA,,47.0,37.965556,-77.371944,18852
WPIB,91.100000,Blacksburg,VA,,12.0,37.257222,-81.178611,53098
WPIM,90.500000,Blacksburg,VA,,4.0,36.704444,-79.834722,40508
WPIN-FM,91.500000,Blacksburg,VA,,0.035,37.024722,-80.746111,53090
WPIR,89.900000,Blacksburg,VA,,41.0,38.678333,-77.788333,53095
WPJW,91.500000,Blacksburg,VA,,3.0,38.444722,-82.015,81513
WPJY,88.700000,Blacksburg,VA,,10.0,39.233333,-81.890556,91837
WPSK-FM,107.100000,Reston,VA,,1.75,37.024444,-80.746389,48621
WPVA,90.100000,Blacksburg,VA,,2.5,38.020194,-78.877472,53099
WPZR,89.300000,Spotsylvania,VA,,0.0,36.767778,-77.7275,88666
WPZX,105.900000,Mclean,VA,,5.0,41.138056,-75.559722,88753
WQBE-FM,97.500000,Bristol,VA,,50.0,38.406111,-81.723889,6875
WQGR,93.700000,Arlington,VA,,6.0,41.746889,-81.080222,61162
WQMZ,95.100000,Charlottesville,VA,,6.0,38.048333,-78.47,10653
WQSI,93.900000,Norfolk,VA,,12.5,32.317778,-85.671111,9782
WQSN,106.300000,Norton,VA,,0.157,36.898056,-82.6225,54886
WRAD-FM,101.700000,Reston,VA,,5.8,37.1425,-80.5775,73918
WRAR-FM,105.500000,Tappahannock,VA,,6.0,37.874167,-76.726944,55172
WROX-FM,96.100000,Norfolk,VA,,23.0,37.2625,-76.0125,60479
WRVL,88.300000,Lynchburg,VA,,28.0,37.197361,-79.351917,37249
WRXT,90.300000,Roanoke,VA,,5.5,37.385833,-79.669444,70358
WSIG,96.900000,Mt. Jackson,VA,,4.3,38.608611,-78.901944,60105
WSLC-FM,94.900000,Roanoke,VA,,95.5,37.197222,-80.153056,30156
WSVO,93.100000,Charlottesville,VA,,3.9,38.2425,-78.99,11665
WSWV-FM,105.500000,Pennington Gap,VA,,6.0,36.733889,-83.042778,36894
WTGR,97.500000,Blacksburg,VA,,6.0,40.192222,-84.799444,15169
WTJU,91.100000,Charlottesville,VA,,1.5,37.981944,-78.484167,69145
WTJY,89.500000,Blacksburg,VA,,0.31,35.615278,-79.891111,53092
WTON-FM,94.300000,Staunton,VA,,0.34,38.165278,-79.314167,50078
WTRM,91.100000,Winchester,VA,,0.075,39.183889,-78.3875,67125
WTTX-FM,107.100000,Appomattox,VA,,1.7,37.371944,-78.835,12061
WTVR-FM,98.100000,Roanoke,VA,,50.0,37.566667,-77.476667,54387
WTWF,93.900000,Rosslyn,VA,,6.0,42.026667,-80.121667,76244
WTYD,92.300000,Richmond,VA,,2.4,37.493611,-76.441667,86175
WUPY,101.100000,Arlington,VA,,100.0,46.750389,-89.1795,58318
WUSH,106.100000,Mclean,VA,,11.0,36.860833,-76.353611,78447
WUVT-FM,90.700000,Blacksburg,VA,,6.5,37.186667,-80.481611,70278
WVBW-FM,100.500000,Virginia Beach,VA,,50.0,36.828889,-76.207222,71287
WVBX,99.300000,Fredericksburg,VA,,3.0,38.141667,-77.692778,22484
WVHK,100.700000,Reston,VA,,0.82,37.091944,-80.305833,69744
WVHL,92.900000,Farmville,VA,,6.0,37.285,-78.494167,76337
WVKF,95.700000,Arlington,VA,,6.8,40.061389,-80.7525,50150
WVMP,101.500000,Vinton,VA,,1.2,37.250278,-79.933333,9047
WVRR,88.100000,Blacksburg,VA,,3.0,38.846944,-82.130556,53094
WVRU-FM,89.900000,Radford,VA,,0.5,37.140556,-80.553056,54450
WVRX,104.900000,Winchester,VA,,4.1,39.018333,-78.426389,60362
WVSP-FM,94.100000,Yorktown,VA,,40.0,37.209167,-76.543056,19836
WVSR-FM,102.700000,Bristol,VA,,50.0,38.357222,-81.668056,2684
WVST-FM,91.300000,Petersburg,VA,,0.0,37.2375,-77.415278,70337
WVTF,89.100000,Roanoke,VA,,100.0,37.198889,-80.150556,70338
WVTR,91.900000,Roanoke,VA,,4.5,36.747778,-81.304167,70340
WVTU,89.300000,Roanoke,VA,,0.195,38.066111,-78.798333,70344
WVTW,88.500000,Blacksburg,VA,,1.0,37.981944,-78.484167,63547
WWDW,107.700000,Mclean,VA,,2.2,36.867222,-77.891944,7305
WWLB,93.100000,Richmond,VA,,5.2,37.2725,-77.566389,76313
WWLK-FM,101.500000,Vienna,VA,,6.0,43.596111,-71.498611,73216
WWUZ,96.900000,Bowling Green,VA,,2.95,37.965556,-77.371944,55174
WWVT-FM,89.900000,Ferrum,VA,,1.1,36.913889,-79.951944,21417
WWWV,97.500000,Charlottsville,VA,,8.9,37.984722,-78.480278,19837
WWZW,96.700000,Sterling,VA,,2.0,37.726944,-79.306667,19672
WXBQ-FM,96.900000,Bristol,VA,,75.0,36.433056,-82.136389,6876
WXGM-FM,99.100000,Gloucester,VA,,6.0,37.41,-76.547778,74209
WXJK,101.300000,Farmville,VA,,6.0,37.323056,-78.389722,15825
WXJM,88.700000,Harrisonburg,VA,,0.39,38.439444,-78.8725,4247
WXLZ-FM,107.300000,Lebanon,VA,,1.0,36.843889,-82.184444,74349
WXRI,91.300000,Blacksburg,VA,,50.0,36.135,-80.503889,53100
WXTG-FM,102.100000,Norfolk,VA,,6.0,36.751944,-76.149167,14327
WXXQ,98.500000,Sterling,VA,,11.0,42.28,-89.333056,63137
WYNL,94.500000,Bristol,VA,,9.6,38.419722,-81.723333,2687
WYPM,93.300000,Luray,VA,,0.35,40.048333,-77.750556,49384
WYVK,92.100000,Blacksburg,VA,,4.7,39.058333,-82.041944,18022
WZBB,99.900000,Bassett,VA,,3.6,36.913889,-79.951944,73340
WZFM,101.300000,Abingdon,VA,,0.21,37.298333,-80.81,50236
WZST,100.900000,Luray,VA,,3.0,39.545556,-79.932778,68305
WZVA,103.500000,Marion,VA,,3.7,36.902778,-81.382222,30154
WZZU,97.900000,Roanoke,VA,,0.57,37.562778,-79.193889,17407
WAXJ,103.500000,St. Croix,VI,,6.0,17.724444,-64.884167,8888
WGOD-FM,97.900000,St. Thomas,VI,,29.0,18.356667,-64.966389,66979
WIVI,102.100000,St Thomas,VI,,1.75,18.356944,-64.966944,31084
WJKC,95.100000,Christiansted St Cro,VI,,15.0,17.735278,-64.679444,54468
WMNG,104.900000,Christiansted,VI,,15.0,17.735556,-64.679722,81515
WSTX-FM,100.300000,St. Croix,VI,,50.0,17.755556,-64.798611,20601
WVIQ,99.500000,Christiansted,VI,,32.0,17.735278,-64.679444,74457
WVJZ,105.300000,St. Thomas,VI,,30.2,18.359167,-64.971667,62113
WWKS,96.100000,Charolotte Amalie,VI,,2.4,18.359167,-64.971667,57787
WZIN,104.300000,Christiansted,VI,,44.0,18.359722,-64.971944,51322
WBTN-FM,94.300000,Bennington,VT,,3.0,42.948028,-73.176083,9310
WCKJ,90.500000,Essex Junction,VT,,1.0,44.411111,-71.970278,76054
WCMD-FM,89.900000,Essex Junction,VT,,1.5,44.126889,-72.475833,11085
WCMK,91.900000,Essex Jct,VT,,0.08,42.974444,-72.603333,88180
WCVT,101.700000,Waterbury,VT,,1.0,44.525556,-72.815,58564
WDEV-FM,96.100000,Waterbury,VT,,0.4,44.126944,-72.928611,54867
WEQX,102.700000,Manchester,VT,,1.25,43.166111,-73.116389,49706
WFTF,90.900000,Rutland,VT,,0.06,43.639444,-72.836667,11095
WGDR,91.100000,Plainfield,VT,,1.7,44.284444,-72.441111,24438
WGLV,91.700000,Essex Junction,VT,,0.1,43.639444,-72.836667,82833
WGLY-FM,91.500000,Essex Jct.,VT,,1.0,44.364722,-72.931111,11084
WGMT,97.700000,Lyndonville,VT,,0.6,44.570833,-71.894444,69938
WIFY,93.700000,Middlebury,VT,,21.0,44.220833,-73.410278,83867
WIZN,106.700000,Burlington,VT,,50.0,44.311111,-73.2425,7839
WJEN,105.300000,Killington,VT,,1.25,43.639444,-72.836667,34609
WJKS,104.300000,Essex,VT,,25.0,44.525444,-73.519111,20606
WJSC-FM,90.700000,Johnson,VT,,0.2,44.641389,-72.672222,6121
WKXH,105.500000,Lyndonville,VT,,1.25,44.410556,-71.970278,49401
WLVB,93.900000,Waterbury,VT,,5.4,44.578333,-72.635833,54868
WMOO,92.100000,Derby,VT,,2.25,44.973056,-72.075,63193
WNCH,88.100000,Colchester,VT,,1.55,43.4375,-72.452222,84441
WNCS,104.700000,Montpelier,VT,,1.9,44.420556,-72.828333,43655
WNTK-FM,99.700000,Norwich,VT,,1.45,43.448333,-72.034444,35407
WNUB-FM,88.300000,Northfield,VT,,0.27,44.14,-72.66,66513
WNYV,94.100000,East Poultney,VT,,3.0,43.476944,-73.448889,52637
WOXR,90.900000,Essex Jct,VT,,2.7,44.573333,-73.675278,78628
WRMC-FM,91.100000,Middlebury,VT,,2.9,44.006944,-73.177778,66275
WRUV,90.100000,Burlington,VT,,0.46,44.480278,-73.201944,66566
WRVT,88.700000,Colchester,VT,,4.0,43.658611,-73.106944,69953
WTSA-FM,96.700000,Brattleboro,VT,,5.2,42.889167,-72.613056,67765
WVFA,90.500000,Hartford,VT,,0.015,43.615556,-72.173333,92641
WVPA,88.500000,Colchester,VT,,0.85,44.570833,-71.893889,85029
WVPR,89.500000,Colchester,VT,,1.7,43.4375,-72.452222,69951
WVPS,107.900000,Colchester,VT,,48.8,44.525556,-72.816111,69952
WVTC,90.700000,Randolph Center,VT,,0.3,43.935278,-72.602778,69957
WVTX,88.700000,Colchester,VT,,0.26,44.507833,-73.151306,58598
WVXR,102.100000,Randolph Center,VT,,11.0,43.955556,-72.604306,63473
WWLR,91.500000,Lyndonville,VT,,2.75,44.533889,-72.029167,6123
WWMP,103.300000,Essex,VT,,2.85,44.364444,-72.931389,20592
WXXX,95.500000,Colchester,VT,,25.0,44.509444,-73.183056,29920
WYKR-FM,101.300000,Wells River,VT,,3.0,44.113611,-71.981667,53866
KAAK,98.900000,Spokane,WA,,100.0,47.539722,-111.285,63872
KAAR,92.500000,Spokane,WA,,4.5,46.008056,-112.441667,63877
KACS,90.500000,Chehalis,WA,,6.0,46.730833,-123.024722,10685
KAGU,88.700000,Spokane,WA,,5.0,47.581111,-117.296389,24560
KAOS,89.300000,Olympia,WA,,1.25,47.016111,-122.915833,65611
KARY-FM,100.900000,Bellevue,WA,,7.8,46.486667,-120.001389,53674
KASB,89.900000,Bellevue,WA,,0.06,47.604167,-122.197222,4631
KAUC,89.700000,Spokane,WA,,0.5,46.438889,-117.008611,92703
KBCS,91.300000,Bellevue,WA,,1.8,47.544167,-122.108056,4627
KBDB-FM,96.700000,Forks,WA,,0.93,48.129722,-124.304167,28208
KBFF,95.500000,Bellevue,WA,,97.0,45.488889,-122.694444,949
KCED,91.300000,Centralia,WA,,1.0,46.715556,-122.963333,63026
KCLK-FM,94.100000,Clarkston,WA,,100.0,46.4575,-117.100833,11721
KCMS,105.300000,Shoreline,WA,,54.0,47.544444,-122.107222,14505
KCPB-FM,90.900000,Tacoma,WA,,0.24,46.262778,-123.885833,93685
KCRK-FM,92.100000,Colville,WA,,5.4,48.575,-117.916667,49196
KCSH,88.900000,Yakima,WA,,0.38,47.167222,-120.763889,81756
KCSY,106.300000,Twisp,WA,,0.22,48.318333,-120.112778,41319
KCWU,88.100000,Ellensburg,WA,,0.43,47.002778,-120.536944,87833
KDDS-FM,99.300000,Bellevue,WA,,64.0,47.312778,-123.370833,33622
KDNA,91.900000,Granger,WA,,18.5,46.528333,-120.5175,49729
KDRM,99.300000,Bellevue,WA,,3.0,47.098333,-119.296389,35596
KDUX-FM,104.700000,Aberdeen,WA,,31.0,46.933611,-123.730278,52676
KEEH,104.900000,Spokane,WA,,10.5,47.579167,-117.2975,63876
KEWU-FM,89.500000,Cheney,WA,,10.0,47.578611,-117.297222,18391
KEXP-FM,90.300000,Seattle,WA,,4.7,47.616111,-122.307778,68668
KEZE,96.900000,Spokane,WA,,8.2,47.725833,-117.168333,41119
KFAE-FM,89.100000,Pullman,WA,,100.0,46.095278,-119.194722,71022
KFAT,92.900000,Bellevue,WA,,10.0,61.336389,-149.513333,221
KFEG,104.700000,Cheney,WA,,51.0,42.223333,-121.817222,77829
KFIS,104.100000,Seattle,WA,,6.9,45.488889,-122.694444,50553
KFXX-FM,99.500000,Bellevue,WA,,60.0,42.215556,-121.7975,23246
KGDN,101.300000,Spokane,WA,,2.75,46.096389,-119.193333,71636
KGGL,93.300000,Spokane,WA,,43.0,47.0325,-113.991944,63874
KGHP,89.900000,Gig Harbor,WA,,1.35,47.240833,-122.771111,52167
KGRG-FM,89.900000,Auburn,WA,,0.23,47.256389,-122.218611,25168
KGTS,91.300000,College Place,WA,,7.0,45.989167,-118.174722,70732
KHHK,99.700000,Bellevue,WA,,4.1,46.522222,-120.335556,36031
KHKM,98.700000,Spokane,WA,,100.0,46.509444,-113.979167,76981
KHSS,100.700000,College Place,WA,,6.3,45.989722,-118.175278,34540
KHTQ,94.500000,Spokane,WA,,83.0,47.659444,-116.963333,49244
KHTR,104.300000,Pullman,WA,,24.0,46.811111,-116.915278,54722
KIBX,92.100000,Spokane,WA,,0.074,48.610278,-116.256667,77383
KING-FM,98.100000,Seattle,WA,,66.0,47.503889,-121.974722,11755
KITI-FM,95.100000,Centralia,WA,,0.41,46.543611,-123.018333,53396
KJET,105.700000,Raymond,WA,,13.5,46.695556,-123.771389,78160
KKBC-FM,95.300000,La Center,WA,,6.0,44.788333,-117.809722,24795
KKKJ,105.500000,Cheney,WA,,18.0,42.223333,-121.817222,78319
KKNI-FM,105.300000,Spokane,WA,,25.0,60.488889,-150.741944,72677
KKSR,95.700000,Kennewick,WA,,94.0,45.984444,-118.168889,35717
KKWN,106.700000,Spokane,WA,,6.0,47.505833,-120.409167,5285
KLAD-FM,92.500000,Bellevue,WA,,63.0,42.097222,-121.633056,3409
KLGW,98.500000,Grand Coulee,WA,,100.0,47.821667,-118.933056,72157
KLRF,88.500000,Yakima,WA,,7.4,45.803333,-118.233056,37455
KLUW,88.100000,Spokane,WA,,0.6,47.381111,-120.287778,85971
KLWO,90.300000,Longview,WA,,0.0,46.163056,-122.853889,12440
KLWS,91.500000,Pullman,WA,,7.2,47.313889,-119.581944,71043
KLYK,94.500000,Kelso,WA,,3.0,46.280278,-122.876111,71007
KMBR,95.500000,Spokane,WA,,50.0,46.008056,-112.441667,63875
KMGW,99.300000,Yakima,WA,,0.79,46.600528,-120.869056,88006
KMIH,88.900000,"Mercer Island,",WA,,0.03,47.5725,-122.218056,41205
KMMG,96.700000,Yakima,WA,,0.82,46.234444,-119.320278,4758
KMNA,98.700000,Mabton,WA,,11.5,46.475833,-120.143611,21602
KMWS,89.700000,Mount Vernon,WA,,1.5,48.541667,-122.295278,60531
KNCW,92.700000,Omak,WA,,4.1,48.32,-119.538333,49164
KNHC,89.500000,Seattle,WA,,8.5,47.543056,-122.106944,59526
KNHK-FM,101.900000,Yakima,WA,,13.4,45.794722,-118.168333,78697
KNKX,88.500000,Tacoma,WA,,64.0,47.503889,-121.974722,51199
KNWN-FM,97.700000,Raymond,WA,,69.0,47.312778,-123.370833,51167
KNWO,90.100000,Pullman,WA,,0.25,46.069167,-116.465,71018
KNWP,90.100000,Pullman,WA,,1.6,48.150833,-123.669167,81161
KNWR,90.700000,Pullman,WA,,4.6,47.263333,-120.391944,71028
KNWV,90.500000,Pullman,WA,,0.35,46.457222,-117.1,71042
KNWY,90.300000,Pullman,WA,,1.9,46.5325,-120.511667,71031
KOAC-FM,89.700000,Longview,WA,,0.18,46.262778,-123.885833,81807
KOHO-FM,101.100000,Leavenworth,WA,,0.93,47.601944,-120.508889,47072
KOLU,90.100000,Pasco,WA,,39.0,46.083056,-119.160556,56615
KOLW,97.500000,Grande Coulee,WA,,50.0,46.289722,-119.424444,51128
KONA-FM,105.300000,Tri-Cities,WA,,100.0,46.0975,-119.191667,67669
KOPJ,89.300000,Yakima,WA,,99.23,46.552222,-94.650833,82639
KOZI-FM,93.500000,Leavenworth,WA,,0.6,47.850556,-119.873889,49366
KPBX-FM,91.100000,Spokane,WA,,56.0,47.570278,-117.083333,61942
KPBZ,90.300000,Spokane,WA,,0.55,47.813333,-117.506389,90126
KPKL,107.100000,Deer Park,WA,,25.0,48.029167,-117.599167,3922
KPLI,90.100000,Olympia,WA,,0.1,47.04,-122.900833,91212
KPLW,89.900000,Wenatchee,WA,,5.0,47.323611,-120.232222,25465
KPLZ-FM,101.500000,Seattle,WA,,99.0,47.544444,-122.107778,21663
KPNW-FM,98.900000,Bellevue,WA,,63.9,47.504806,-121.967611,57843
KPQ-FM,102.100000,Wenatchee,WA,,35.0,47.274444,-120.425,71524
KQBG,99.500000,Spokane,WA,,5.3,47.381111,-120.2875,63882
KQDI-FM,106.100000,Spokane,WA,,100.0,47.539722,-111.285,32386
KQFO,100.100000,Pasco,WA,,8.4,46.104167,-119.13,78988
KQMV,92.500000,Bellevue,WA,,56.8,47.504806,-121.967611,4630
KQWS,90.100000,Pullman,WA,,3.0,48.743611,-119.621111,81164
KRAO-FM,102.500000,Colfax,WA,,2.2,46.862222,-117.172222,15269
KRFA-FM,91.700000,Pullman,WA,,0.0,46.681667,-116.970278,71016
KRKX,94.100000,Spokane,WA,,100.0,45.760278,-108.4525,63870
KRLF,88.500000,Pullman,WA,,0.0,46.634444,-117.089444,37807
KRSE,105.700000,Bellevue,WA,,100.0,46.711583,-120.622806,49876
KRWM,106.900000,Bellevue,WA,,49.0,47.543611,-122.1075,53870
KRXY,94.500000,Centralia,WA,,0.83,47.138889,-123.139722,82527
KRZN,96.300000,Spokane,WA,,100.0,45.760278,-108.4525,78476
KSBC,88.300000,Yakima,WA,,0.2,46.833889,-120.936944,83463
KSER,90.700000,Lynwood,WA,,5.8,48.024444,-122.111389,29649
KSFC,91.900000,Spokane,WA,,2.2,47.813333,-117.506389,61933
KSOH,89.500000,Yakima,WA,,9.5,46.528333,-120.521111,10023
KSPO,106.500000,Spokane,WA,,2.25,47.694167,-117.334167,31495
KSVR,91.700000,Bellingham,WA,,0.17,48.396944,-122.307222,83092
KSWS,88.900000,Pullman,WA,,1.0,46.554444,-123.057222,81162
KSWW,102.100000,Olympia,WA,,14.0,46.933333,-123.7325,60544
KTAC,93.900000,Spokane,WA,,18.0,47.320278,-119.572778,68158
KTCV,88.100000,Kennewick,WA,,0.0,46.218611,-119.200278,34022
KTDD,104.900000,Lynwood,WA,,17.0,46.84,-122.2575,3915
KTMB,102.100000,Yelm,WA,,23.0,61.12,-149.895278,28647
KUBQ,98.700000,La Center,WA,,2.25,45.440556,-117.891944,24796
KUBS,91.500000,Newport,WA,,0.15,48.178333,-117.083056,48751
KUCC,88.100000,Spokane,WA,,0.46,46.463056,-116.906944,88292
KUDU,91.900000,Yakima,WA,,0.2,63.331389,-143.117222,76851
KUGS,89.300000,Bellingham,WA,,0.95,48.736389,-122.479722,72017
KUJ-FM,99.100000,Walla Walla,WA,,52.0,46.099444,-119.127778,77777
KUOW-FM,94.900000,Seattle,WA,,100.0,47.616111,-122.307778,66571
KUPS,90.100000,Tacoma,WA,,0.1,47.263333,-122.476944,68996
KURL,93.300000,Spokane,WA,,60.0,45.760278,-108.4525,63880
KVAB,102.900000,Clarkston,WA,,0.44,46.4575,-117.100833,26862
KVIX,89.300000,Tacoma,WA,,0.6,48.150833,-123.669167,91468
KVTI,90.900000,Tacoma,WA,,51.0,47.160833,-122.576389,12068
KWCW,90.500000,Walla Walla,WA,,0.16,46.069722,-118.330833,3073
KWFJ,89.700000,Roy,WA,,1.0,46.966389,-122.548889,8393
KWJJ-FM,99.500000,Seattle,WA,,50.0,45.488889,-122.694444,13738
KWPK-FM,104.100000,Seattle,WA,,34.0,44.077778,-121.330278,59365
KWPZ,106.500000,Seattle,WA,,63.0,48.679444,-122.841944,14506
KWWS,89.700000,Pullman,WA,,16.0,45.984556,-118.169306,71044
KWWW-FM,96.700000,Spokane,WA,,0.44,47.320278,-119.8,59050
KXAA,100.300000,East Wenatchee,WA,,6.0,47.160278,-120.79275,87569
KXDD,104.100000,Bellevue,WA,,100.0,46.513333,-120.401389,7919
KXLE-FM,95.300000,Seattle,WA,,51.0,47.163333,-120.793333,35957
KXLW,96.300000,Bellevue,WA,,10.0,61.336389,-149.513333,78362
KXLY-FM,99.900000,Spokane,WA,,37.0,47.921667,-117.113333,61946
KXXK,95.300000,Olympia,WA,,3.5,46.931944,-123.734444,67897
KXXO,96.100000,Olympia,WA,,37.0,46.973056,-123.138333,67027
KYFQ,91.700000,Tacoma,WA,,4.3,47.548056,-122.806111,62470
KYKV,103.100000,Ellensburg,WA,,5.4,46.640833,-120.396111,52035
KYPL,91.100000,College Place,WA,,26.0,46.513333,-120.400833,25466
KYSF,97.500000,Bellevue,WA,,0.55,42.096667,-121.6325,3462
KYSN,97.700000,Spokane,WA,,6.0,47.380833,-120.2875,63883
KYVT,88.500000,Yakima,WA,,0.135,46.5325,-120.512056,74320
KYYO,96.900000,Olympia,WA,,11.0,47.085833,-123.188056,34485
KYYT,102.300000,Goldendale,WA,,2.1,45.681389,-120.908333,12242
KZAZ,91.700000,Pullman,WA,,0.12,48.801111,-122.461111,49599
KZBE,104.300000,Omak,WA,,3.5,48.32,-119.538333,31661
KZBG,97.700000,Colfax,WA,,0.535,46.456111,-117.046667,83397
KZHR,92.500000,Prescott,WA,,54.0,45.988611,-118.174444,35125
KZML,95.900000,Spokane,WA,,11.0,47.320278,-119.799722,15137
KZOQ-FM,100.100000,Spokane,WA,,13.5,46.8025,-113.9725,32385
KZTA,96.900000,Yakima,WA,,14.0,46.599722,-120.868889,36006
KZUS,92.300000,Ephrata,WA,,26.0,47.305,-119.598056,4042
KZUU,90.700000,Pullman,WA,,0.42,46.730833,-117.161667,71036
KZXR-FM,101.700000,Prosser,WA,,3.5,46.186667,-119.753611,6266
KZZL-FM,99.500000,Colfax,WA,,77.0,46.681111,-116.971111,26412
KZZR,94.300000,Seattle,WA,,3.4,45.333611,-121.7125,82538
KZZU-FM,92.900000,Spokane,WA,,81.0,47.595,-117.298056,38493
WARA-FM,88.300000,Yakim,WA,,0.95,38.594444,-85.468333,38461
WORI,90.100000,Yakima,WA,,15.0,39.226111,-84.716389,38459
WWTG,88.100000,Yakima,WA,,0.0,42.105833,-88.377222,93049
KACL,98.700000,Milwaukee,WI,,100.0,46.59,-100.796111,15967
KAMO-FM,94.300000,Milwaukee,WI,,25.0,36.441667,-93.973889,31881
KARX,107.100000,Milwaukee,WI,,6.0,35.085833,-101.913333,72038
KATF,92.900000,Madison,WI,,89.7,42.528889,-90.616111,73661
KATO-FM,93.100000,Milwaukee,WI,,100.0,44.129444,-94.188056,30120
KBAT,99.900000,Milwaukee,WI,,100.0,31.761111,-102.524444,48433
KBBQ-FM,102.700000,Milwaukee,WI,,17.0,35.4475,-94.365,37827
KBBX-FM,97.700000,Milwaukee,WI,,100.0,40.890833,-96.153056,47957
KBCY,99.700000,Milwaukee,WI,,100.0,32.410833,-100.107222,68642
KBGX,105.300000,De Pere,WI,,25.5,19.721667,-155.456389,85061
KBIU,103.300000,Milwaukee,WI,,50.0,30.243333,-93.343889,17019
KBKL,107.900000,Milwaukee,WI,,100.0,39.065556,-108.747778,30430
KBYZ,96.500000,Milwaukee,WI,,100.0,46.59,-100.796111,43221
KCDD,103.700000,Milwaukee,WI,,98.0,32.725278,-100.071944,64656
KCHA-FM,95.900000,Milwaukee,WI,,6.0,43.051389,-92.666667,41100
KCTN,100.100000,Prairie Du Chien,WI,,6.0,42.885,-91.319722,16780
KCVS,91.700000,Milwaukee,WI,,11.5,38.666111,-97.691667,49184
KCVZ,92.100000,Milwaukee,WI,,6.0,37.966389,-92.1675,86960
KCZE,95.100000,Milwaukee,WI,,5.5,43.046111,-92.3025,41098
KDAL-FM,95.700000,Madison,WI,,100.0,46.7875,-92.1225,60237
KDKE,102.500000,Madison,WI,,100.0,46.789167,-92.119167,71355
KDVV,100.300000,Milwaukee,WI,,100.0,38.954167,-95.911944,62237
KEKB,99.900000,Milwaukee,WI,,79.0,39.065556,-108.747778,30431
KFNC,97.500000,Milwaukee,WI,,100.0,29.697778,-94.4025,52407
KHAM,103.100000,Green Bay,WI,,0.2,43.083333,-93.803667,85062
KHIX,96.700000,Middleton,WI,,12.6,40.921667,-115.849444,84839
KHXS,102.700000,Milwaukee,WI,,99.2,32.410833,-100.107222,50790
KIAI,93.900000,Milwaukee,WI,,100.0,43.16825,-93.100889,30115
KIYX,106.100000,Madison,WI,,4.2,42.690833,-90.623889,77326
KJCY,95.500000,Green Bay,WI,,6.0,43.364444,-92.851111,84242
KJOT,105.100000,Milwaukee,WI,,53.0,43.755,-116.097778,6329
KJTA,89.900000,Lancaster,WI,,1.0,35.240278,-111.596944,32367
KJTY,88.100000,Lancaster,WI,,75.0,39.039167,-95.449722,32368
KKCK,94.700000,Milwaukee,WI,,50.0,44.365,-95.324167,30124
KKCT,97.500000,Milwaukee,WI,,100.0,46.59,-100.796111,31176
KKEG,98.300000,Milwaukee,WI,,100.0,36.127222,-93.989722,16571
KKGB,101.300000,Milwaukee,WI,,12.0,30.243333,-93.343889,106
KKHR,106.300000,Milwaukee,WI,,50.0,32.420556,-99.731667,64056
KLGR-FM,97.700000,Fond Du Lac,WI,,3.0,44.5425,-95.1325,9654
KLKK,103.700000,Milwaukee,WI,,25.0,43.120833,-93.193333,30128
KLUR,99.900000,Milwaukee,WI,,100.0,33.901111,-98.539167,58741
KLYV,105.300000,Milwaukee,WI,,50.0,42.502778,-90.706667,12717
KMAJ-FM,107.700000,Milwaukee,WI,,53.0,38.954167,-95.911944,42012
KMCK-FM,105.700000,Milwaukee,WI,,100.0,36.185278,-94.296944,64630
KMFX-FM,102.500000,Milwaukee,WI,,9.4,44.279167,-92.393889,54635
KMXY,104.300000,Milwaukee,WI,,100.0,39.065556,-108.747778,5550
KMXZ-FM,94.900000,Milwaukee,WI,,96.5,32.249167,-111.115833,2434
KNFM,92.300000,Milwaukee,WI,,100.0,32.0975,-102.289167,28202
KNUJ-FM,107.300000,Milwaukee,WI,,4.0,44.327222,-94.728056,77674
KODM,97.900000,Milwaukee,WI,,100.0,31.794167,-102.178333,48435
KOMS,107.300000,Milwaukee,WI,,100.0,34.963139,-94.375194,37086
KPUR-FM,95.700000,Milwaukee,WI,,100.0,35.104444,-101.657778,33448
KQCL,95.900000,Milwaukee,WI,,3.0,44.356944,-93.191944,54628
KQIZ-FM,93.100000,Milwaukee,WI,,100.0,35.2925,-101.846667,41567
KQPR,96.100000,Milwaukee,WI,,25.0,43.616111,-93.213056,54473
KQSM-FM,92.100000,Milwaukee,WI,,7.6,36.127222,-93.989722,16569
KQXC-FM,103.900000,Milwaukee,WI,,19.0,33.901111,-98.539167,55380
KQXR,100.300000,Milwaukee,WI,,99.0,43.825278,-116.508056,42650
KQXY-FM,94.100000,Milwaukee,WI,,100.0,30.115556,-94.0,48918
KRCH,101.700000,Milwaukee,WI,,39.0,44.116389,-92.689444,35527
KRFO-FM,104.900000,Milwaukee,WI,,4.7,44.073889,-93.18,30125
KSMA-FM,98.700000,Milwaukee,WI,,25.0,43.364722,-93.048056,41099
KSRV-FM,96.100000,Milwaukee,WI,,47.0,43.755,-116.0975,35638
KSRZ,104.500000,Milwaukee,WI,,98.0,41.304444,-96.028056,50308
KTCO,98.900000,Madison,WI,,100.0,46.790833,-92.116389,26591
KTCX,102.500000,Milwaukee,WI,,50.0,29.991028,-94.247278,4462
KTHI,107.100000,Milwaukee,WI,,52.0,43.755,-116.097778,68589
KTMY,107.100000,New Richmond,WI,,22.0,45.0625,-93.139167,60641
KTWD,103.500000,Middleton,WI,,1.6,47.563611,-115.833611,82985
KUSQ,95.100000,Fond Du Lac,WI,,100.0,43.63,-95.678056,48972
KUWN,90.500000,Laramie,WI,,0.4,43.8325,-104.218889,83868
KUWS,91.300000,Madison,WI,,83.0,46.789167,-92.114167,4289
KUWX,90.900000,Laramie,WI,,0.45,42.844444,-109.923333,92820
KVCF,90.500000,Milwaukee,WI,,9.0,43.489444,-97.4425,92640
KVCX,101.500000,Milwaukee,WI,,100.0,43.128056,-99.433611,73060
KVCY,104.700000,Milwaukee,WI,,16.0,37.878611,-94.723333,73062
KVFL,89.100000,Milwaukee,WI,,0.0,44.425833,-100.357778,90845
KXGE,102.300000,Milwaukee,WI,,2.0,42.585278,-90.647222,29127
KYKZ,96.100000,Milwaukee,WI,,100.0,30.243333,-93.343889,38601
KYSM-FM,103.500000,Milwaukee,WI,,100.0,44.172222,-94.039722,20400
KYYI,104.700000,Milwaukee,WI,,92.0,34.093056,-98.878889,58740
KZBT,93.300000,Milwaukee,WI,,100.0,31.958333,-102.066389,35880
KZRK-FM,107.900000,Milwaukee,WI,,100.0,35.226667,-102.006667,27009
KZYQ,101.500000,Glendale,WI,,6.0,33.199444,-91.260833,82035
WABK-FM,104.300000,Milwaukee,WI,,50.0,44.31,-69.830833,68297
WAGH,101.300000,Milwaukee,WI,,18.0,32.426389,-85.138889,60656
WAPL,105.700000,Madison,WI,,100.0,44.358889,-87.985278,73659
WAQE-FM,97.700000,Rice Lake,WI,,15.5,45.537778,-91.763889,85769
WATQ,106.700000,Milwaukee,WI,,35.0,45.184444,-91.731111,36357
WAUH,102.300000,Whitefish Bay,WI,,5.3,44.031667,-89.151944,87540
WAXX,104.500000,Altoona,WI,,100.0,44.663889,-90.961111,9866
WBBQ-FM,104.300000,Milwaukee,WI,,78.0,33.421278,-81.8385,59249
WBCR-FM,90.300000,Beloit,WI,,0.13,42.503611,-89.031944,65465
WBCV,107.900000,Wausau,WI,,100.0,45.059167,-89.436111,59608
WBDK,96.700000,Wausau,WI,,8.0,44.707222,-87.407222,48848
WBFA,98.300000,Milwaukee,WI,,6.0,32.363333,-85.051667,43093
WBGR-FM,93.700000,Monroe,WI,,36.0,42.576389,-89.693056,25132
WBIZ-FM,100.700000,Milwaukee,WI,,100.0,44.928889,-91.541944,2108
WBKY,95.900000,Tomah,WI,,5.4,43.638056,-89.571111,39625
WBQA,96.700000,Milwaukee,WI,,15.5,44.025278,-69.571389,4090
WBQE,93.700000,Little Chute,WI,,27.0,44.6425,-68.171667,84096
WBSD,89.100000,Burlington,WI,,0.21,42.670556,-88.271667,7837
WBSZ,93.300000,Ashland,WI,,71.0,46.573611,-90.865556,24084
WBZE,98.900000,Milwaukee,WI,,99.2,30.492222,-84.283889,28164
WBZF,98.500000,Milwaukee,WI,,6.0,34.465,-80.095833,26327
WBZN,107.300000,Milwaukee,WI,,50.0,45.012556,-68.748911,18535
WCCN-FM,107.500000,Neillsville,WI,,100.0,44.591667,-90.619167,10029
WCFW,92.700000,Tomah,WI,,6.0,44.497222,-87.586667,26006
WCKN,92.500000,Milwaukee,WI,,100.0,32.817778,-79.835556,11651
WCLQ,89.500000,Schofield,WI,,90.0,44.919722,-89.679167,11060
WCMG,94.300000,Milwaukee,WI,,11.5,34.439194,-79.495278,72929
WCOW-FM,97.100000,Sparta,WI,,100.0,43.968333,-90.859722,61682
WCQM,98.300000,Luxemburg,WI,,100.0,45.882222,-90.4375,48846
WCWB,104.900000,Wausau,WI,,21.0,44.836944,-89.765833,2109
WCWI,106.100000,Friendship,WI,,6.0,43.958056,-89.828611,57267
WDAI,98.500000,Milwaukee,WI,,6.1,33.590833,-79.048611,59490
WDBQ-FM,107.500000,Milwaukee,WI,,6.0,42.400556,-90.398611,30617
WDDC,100.100000,Portage,WI,,3.1,43.528333,-89.433611,35515
WDDD-FM,107.300000,Milwaukee,WI,,50.0,37.754167,-88.934722,123
WDEZ,101.900000,Wausau,WI,,98.5,44.920556,-89.691111,70522
WDKF,99.700000,Wausau,WI,,46.0,44.635556,-87.626944,42090
WDMP-FM,99.300000,Dodgeville,WI,,1.55,42.919444,-90.135,17056
WDOR-FM,93.900000,Sturgeon Bay,WI,,77.0,44.906389,-87.370833,17308
WDUX-FM,92.700000,Green Bay,WI,,6.0,44.354306,-89.058528,36246
WDUZ-FM,107.500000,Milwaukee,WI,,3.6,44.358889,-87.985278,6861
WEAS-FM,93.100000,Milwaukee,WI,,96.64,32.045833,-81.340833,71366
WECL,92.900000,Altoona,WI,,3.3,44.884444,-91.584444,64011
WEKL,102.300000,Wisconsin,WI,,1.5,33.4375,-82.090833,72468
WEMI,91.900000,Appleton,WI,,3.1,44.254722,-88.436944,19878
WEMP,98.900000,Cleveland,WI,,6.0,43.984167,-87.765278,85300
WEMY,91.500000,Madison,WI,,0.71,44.358889,-87.985278,69196
WERN,88.700000,Madison,WI,,20.5,43.055833,-89.535,63030
WESE,92.500000,Milwaukee,WI,,12.0,34.362778,-88.591111,68352
WEVR-FM,106.300000,River Falls,WI,,6.0,44.888611,-92.650556,25991
WEZQ,92.900000,Milwaukee,WI,,20.0,44.759722,-68.565278,17673
WEZY,105.700000,Eau Claire,WI,,25.0,44.871667,-91.286389,7874
WFBZ,105.500000,Onalaska,WI,,2.1,43.9425,-91.434167,56616
WFDL-FM,97.700000,Fond Du Lac,WI,,17.5,43.653889,-88.440278,69779
WFFX,103.700000,Milwaukee,WI,,100.0,31.526944,-89.135278,54611
WFON,107.100000,Fond Du Lac,WI,,6.0,43.838889,-88.368889,36420
WFZZ,104.300000,Seymour,WI,,5.6,44.523889,-88.332222,7120
WGEE,93.500000,Wausau,WI,,50.0,44.546389,-88.549167,42089
WGLD-FM,93.900000,Milwaukee,WI,,3.7,33.835278,-78.868333,17485
WGLI,98.700000,Green Bay,WI,,52.0,47.100833,-88.565278,81328
WGLR-FM,97.700000,Madison,WI,,11.5,42.863333,-90.703056,33052
WGLX-FM,103.300000,Wisconsin Rapids,WI,,100.0,44.644167,-89.853333,73054
WGMO,95.300000,Shell Lake,WI,,7.1,45.674444,-91.981111,10529
WGMV,106.300000,Escanaba,WI,,50.0,45.643333,-87.376944,51159
WGNV,88.500000,Appleton,WI,,100.0,44.643611,-89.846389,19877
WGSL,104.900000,Lacrosse,WI,,0.8,43.721389,-91.29,7057
WGSY,100.100000,Milwaukee,WI,,6.0,32.511667,-85.011389,66668
WGTD,91.100000,Kenosha,WI,,3.2,42.608889,-87.848889,23347
WHAA,89.100000,Madison,WI,,28.5,44.020278,-89.558611,91555
WHAD,90.700000,"Madison,",WI,,72.0,43.028333,-88.392222,63091
WHBM,90.300000,Madison,WI,,35.0,45.945278,-90.272778,63058
WHBX,96.100000,Milwaukee,WI,,37.0,30.266,-84.274575,28168
WHBZ,106.500000,Milwaukee,WI,,6.0,43.721111,-87.734167,41614
WHDG,97.300000,Minocqua,WI,,100.0,45.380556,-89.189444,55211
WHDI,91.900000,Madison,WI,,11.0,45.237778,-87.091111,83611
WHEM,91.300000,Eau Claire,WI,,2.0,44.763889,-91.518333,63152
WHET,97.700000,Mulwaukee,WI,,3.5,37.754167,-88.934722,53978
WHHI,91.300000,"Madison,",WI,,100.0,43.048778,-90.36875,63056
WHID,88.100000,Madison,WI,,17.0,44.35925,-87.985639,4215
WHLA,90.300000,Madison,WI,,97.0,43.805111,-91.367947,63055
WHND,89.700000,Madison,WI,,22.0,45.237778,-87.091111,83612
WHQG,102.900000,Miwaukee,WI,,50.0,43.046944,-87.981111,36372
WHRM,90.900000,"Madison,",WI,,81.0,44.920556,-89.691111,63083
WHSA,89.900000,"Madison,",WI,,92.0,46.466694,-91.566333,63089
WHTL-FM,102.300000,Whitehall,WI,,1.55,44.4125,-91.281389,72325
WHWC,88.300000,Madison,WI,,70.0,45.046944,-91.863056,63078
WIAL,94.100000,Altoona,WI,,84.0,44.83,-91.446667,7063
WIFC,95.500000,Wausau,WI,,98.6,44.920556,-89.691111,74102
WIMI,99.700000,Merrill,WI,,100.0,46.421667,-90.249444,57226
WISM-FM,98.100000,Eau Claire,WI,,25.0,44.777222,-91.474722,1130
WIVR,101.700000,Green Bay,WI,,3.2,40.864444,-87.587222,82091
WIXV,95.500000,Milwaukee,WI,,98.0,32.058056,-81.338611,54799
WIXX,101.100000,Wausau,WI,,96.0,44.409722,-88.001389,42087
WIZM-FM,93.300000,Lacrosse,WI,,100.0,43.806389,-91.367778,20665
WJAD,103.500000,Milwaukee,WI,,12.5,31.671667,-84.058889,57782
WJBL,93.100000,Ladysmith,WI,,4.9,45.466389,-91.123056,21697
WJCL-FM,96.500000,Milwaukee,WI,,100.0,32.058056,-81.338611,37178
WJJH,96.700000,Ashland,WI,,50.0,46.573611,-90.865556,4074
WJJO,94.100000,Madison,WI,,50.0,43.058889,-89.0625,73142
WJJQ-FM,92.500000,Tomahawk,WI,,19.0,45.490556,-89.726111,14981
WJMC-FM,96.100000,Rice Lake,WI,,50.0,45.620556,-91.745556,67197
WJMQ,92.300000,Clintonville,WI,,6.0,44.566944,-88.7425,58581
WJMR-FM,98.300000,Milwaukee,WI,,4.9,43.046944,-87.981111,26222
WJOD,103.300000,Milwaukee,WI,,6.6,42.404444,-90.57,34596
WJQM,93.100000,Deforest,WI,,6.0,43.159444,-89.215278,78226
WJTF,89.900000,Lancaster,WI,,100.0,30.328028,-85.689472,32370
WJTG,91.300000,Lancaster,WI,,100.0,32.690833,-83.8625,32358
WJTY,88.100000,Lancaster,WI,,7.0,42.952444,-90.43,32365
WJVL,99.900000,Janesville,WI,,11.0,42.729722,-89.169444,61391
WKAK,104.500000,Milwaukee,WI,,0.0,0.0,-0.0,831
WKBH-FM,102.700000,La Crosse,WI,,4.0,43.721389,-91.29,72206
WKEB,99.300000,Medford,WI,,23.0,45.164167,-90.341111,72385
WKFR-FM,103.300000,Milwaukee,WI,,50.0,42.355556,-85.341111,14658
WKFX,99.100000,Rice Lake,WI,,44.0,45.373056,-91.922778,55339
WKHT,104.500000,Milwaukee,WI,,1.4,36.002778,-83.944444,40854
WKKO,99.900000,Milwaukee,WI,,50.0,41.668056,-83.453056,22673
WKLH,96.500000,Milwaukee,WI,,20.0,43.096667,-87.905278,36370
WKRU,106.700000,Milwaukee,WI,,25.0,44.484167,-87.936667,31912
WKSP,96.300000,Milwaukee,WI,,17.5,33.685,-81.926667,46966
WKSZ,95.900000,Madison,WI,,4.5,44.358889,-87.985278,1518
WKXS-FM,94.500000,Milwaukee,WI,,3.8,34.209722,-77.948056,25998
WKZP,95.900000,Milwaukee,WI,,10.5,38.422222,-75.139722,4674
WKZV,102.100000,Milwaukee,WI,,98.0,32.058056,-81.338611,25549
WKZY,92.900000,New Holstein,WI,,5.8,44.072944,-88.25675,81813
WLAU,99.300000,Milwaukee,WI,,50.0,31.821111,-89.310278,52618
WLAY-FM,100.100000,Milwaukee,WI,,2.9,34.674167,-87.713333,14928
WLBL-FM,91.900000,Madison,WI,,0.054,44.920556,-89.691111,63031
WLBW,92.100000,Milwaukee,WI,,3.0,38.422222,-75.139722,28170
WLCW,100.100000,Onalaska,WI,,3.6,43.850556,-91.202222,17040
WLDB,93.300000,Milwaukee,WI,,16.0,43.096111,-87.904167,59974
WLFF,106.500000,Milwaukee,WI,,50.0,33.438889,-79.136389,63932
WLKG,96.100000,Lake Geneva,WI,,6.0,42.609444,-88.443333,67290
WLKN,98.100000,Cleveland,WI,,5.8,43.984167,-87.765278,67716
WLND,98.100000,Milwaukee,WI,,1.0,35.087778,-85.363056,72371
WLSU,88.900000,Madison,WI,,8.2,43.805111,-91.367944,4327
WLSW,105.500000,Milwaukee,WI,,2.1,38.407222,-75.599167,28167
WLTO,102.500000,Milwaukee,WI,,4.6,37.960278,-84.545,11673
WLTU,92.100000,Manitowoc,WI,,3.7,44.125278,-87.628056,14701
WLUM-FM,102.100000,Milwaukee,WI,,8.8,43.111667,-87.930556,63595
WLWI-FM,92.300000,Milwaukee,WI,,100.0,32.403611,-86.196389,12318
WLXX,101.500000,Milwaukee,WI,,9.0,37.879167,-84.325833,71249
WMBZ,92.500000,West Bend,WI,,17.5,43.429444,-88.300556,71542
WMDC,98.700000,Kaukauna,WI,,6.0,43.438056,-88.526389,46698
WMEQ-FM,92.100000,Milwaukee,WI,,17.5,44.916389,-91.698611,52473
WMGN,98.100000,Madison,WI,,36.0,42.962778,-89.379722,41900
WMHX,105.100000,Madison,WI,,6.0,43.222222,-89.300278,73655
WMIM,98.300000,Milwaukee,WI,,3.4,41.668056,-83.453056,37119
WMMA-FM,93.900000,Kaukauna,WI,,18.0,44.223056,-89.829444,4918
WMMM-FM,105.500000,Madison,WI,,2.0,42.958889,-89.490278,73663
WMOM,102.700000,Milwaukee,WI,,6.0,43.869444,-86.358889,76507
WMQA-FM,95.900000,Minocqua,WI,,22.0,45.821944,-89.721111,55209
WMSE,91.700000,Milwaukee,WI,,3.2,43.045556,-87.907778,42675
WMVM,90.700000,Goodman,WI,,9.3,45.773056,-88.410556,59353
WMXS,103.300000,Milwaukee,WI,,100.0,32.403611,-86.196389,12322
WMXT,102.100000,Milwaukee,WI,,50.0,33.976667,-79.808889,51420
WNCY-FM,100.300000,Wausau,WI,,45.0,44.2575,-88.194722,9965
WNNO-FM,106.900000,Wisconsin Dells,WI,,6.0,43.638083,-89.721361,2806
WNOU,107.700000,Milwaukee,WI,,11.5,31.645,-84.354167,40463
WNOX,93.100000,Milwaukee,WI,,2.65,35.962778,-84.023056,29741
WNWN,98.500000,Wausau,WI,,50.0,42.0575,-84.998056,67764
WNXR,107.300000,Iron River,WI,,21.0,46.546944,-91.413889,8611
WOBE,100.700000,Kaukauna,WI,,75.0,45.820833,-88.043333,15015
WOCO-FM,107.100000,Oconto,WI,,3.0,44.891944,-87.955,36465
WOGB,103.100000,Milwaukee,WI,,3.6,44.358889,-87.985278,89
WOJB,88.900000,Hayward,WI,,100.0,45.871111,-91.348889,36197
WOLX-FM,94.900000,Madison,WI,,37.0,43.427778,-89.653889,60236
WORQ,90.100000,Green Bay,WI,,18.0,44.358889,-87.985278,36412
WORT,89.900000,Madison,WI,,2.0,43.050833,-89.486944,3596
WOVM,91.100000,Appleton,WI,,42.0,44.162778,-88.243611,36786
WOWN,99.300000,Shawano,WI,,14.0,44.753889,-88.333611,72156
WOZZ,94.700000,Wausau,WI,,50.0,44.988333,-89.995,43881
WPCK,104.900000,Oshkosh,WI,,10.0,44.488056,-87.761111,119
WPFF,90.500000,Sturgeon Bay,WI,,100.0,44.903889,-87.370278,20612
WPGI,93.700000,Milwaukee,WI,,6.0,33.268056,-79.296944,69835
WPKG,92.700000,Neillsville,WI,,3.4,44.591667,-90.619167,78330
WPKR,99.500000,Osh Kosh,WI,,25.0,43.828889,-88.668333,42093
WPLT,106.300000,Shell Lake,WI,,3.4,45.674444,-91.981111,5039
WPNE,89.300000,Madison,WI,,97.0,44.409722,-88.001667,63060
WPRW-FM,107.700000,Milwaukee,WI,,24.5,33.613056,-82.2975,46967
WPUP,100.100000,Milwaukee,WI,,4.3,33.941111,-83.398611,51120
WPVL-FM,107.100000,Madison,WI,,4.2,42.690833,-90.623889,35513
WPVM,88.500000,Sturgeon Bay,WI,,15.0,44.903889,-87.370278,85042
WQCB,106.500000,Milwaukee,WI,,98.0,45.057222,-69.190833,9284
WQCC,106.300000,La Crosse,WI,,18.0,43.850556,-91.202222,43209
WQDC,97.700000,Tomah,WI,,1.85,44.903889,-87.370278,21714
WQHQ,104.700000,Milwaukee,WI,,33.0,38.3875,-75.291667,28166
WQKL,107.100000,Milwaukee,WI,,3.0,42.278056,-83.742222,47117
WQLH,98.500000,Green Bay,WI,,100.0,44.644722,-88.136944,25121
WQPC,94.300000,Viroqua,WI,,36.0,43.059722,-91.100556,53302
WQPD,100.500000,Milwaukee,WI,,25.0,34.390556,-79.590278,11653
WQQO,105.500000,Milwaukee,WI,,4.3,41.646944,-83.605,42127
WQRB,95.100000,Milwaukee,WI,,8.9,44.928889,-91.541944,5870
WQSK,97.500000,Milwaukee,WI,,6.0,44.792222,-69.969444,28684
WQSL,92.300000,Milwaukee,WI,,22.5,34.519444,-77.447778,28171
WQTC-FM,102.300000,Manitowoc,WI,,4.5,44.125278,-87.628056,59609
WQTL,106.100000,Milwaukee,WI,,2.25,30.494167,-84.233333,31792
WQVE,101.700000,Milwaukee,WI,,6.0,31.620833,-84.153056,54704
WRCO-FM,100.900000,Richland Center,WI,,8.4,43.315417,-90.426278,56312
WRFW,88.700000,Madison,WI,,3.0,44.885556,-92.655556,6091
WRIS-FM,106.700000,Tomah,WI,,2.9,43.005278,-89.873611,89056
WRIT-FM,95.700000,Greenfield,WI,,34.0,43.09,-87.915278,60233
WRJC-FM,92.100000,Mauston,WI,,2.0,43.787778,-90.197778,73958
WRJO,94.500000,Eagle River,WI,,50.0,46.165833,-89.365833,4908
WRKR,107.700000,Milwaukee,WI,,50.0,42.128889,-85.339444,14657
WRKU,102.100000,Wausau,WI,,2.6,44.707222,-87.407222,85794
WRLS-FM,92.300000,Hayward,WI,,6.0,46.020556,-91.511389,69639
WRLU,104.100000,Wausau,WI,,2.4,44.707222,-87.407222,85829
WRQN,93.500000,Milwaukee,WI,,7.0,41.457778,-83.659167,22676
WRQT,95.700000,La Crosse,WI,,50.0,43.6325,-91.285,36208
WRST-FM,90.300000,Madison,WI,,0.96,44.029167,-88.552222,4291
WRVM,102.700000,Suring,WI,,98.0,44.997222,-88.396944,73974
WRXR-FM,105.500000,Milwaukee,WI,,1.8,34.956389,-85.292222,72375
WRXS,106.900000,Menomonee Falls,WI,,4.4,43.046944,-87.981111,67484
WSAU-FM,99.900000,Plover,WI,,13.0,44.338611,-89.648611,73119
WSBY-FM,98.900000,Milwaukee,WI,,6.0,38.3,-75.628056,13673
WSCM,95.700000,Durand,WI,,4.0,44.9425,-92.416389,65632
WSEA,100.300000,Milwaukee,WI,,12.0,33.784444,-78.878889,3221
WSEY,95.700000,Marshfield,WI,,3.2,42.071944,-89.418889,1641
WSHS,91.700000,Sheboygan,WI,,0.0,43.776667,-87.718056,60041
WSJP-FM,100.100000,Port Washington,WI,,6.0,43.420556,-87.994444,73051
WSPT,97.900000,Stevens Point,WI,,100.0,44.538056,-89.595278,2104
WSSU,88.500000,Madison,WI,,0.95,46.789,-92.113639,89432
WSSW,89.100000,Madison,WI,,0.13,42.764083,-90.405472,91616
WSTM,91.300000,Plymouth,WI,,1.1,43.723056,-88.064361,90655
WSUM,91.700000,Madison,WI,,5.5,42.904444,-89.555833,79040
WSUP,90.500000,Madison,WI,,1.0,42.7325,-90.485833,4278
WSUW,91.700000,Madison,WI,,1.3,42.836111,-88.743333,4284
WTAO-FM,105.100000,Milwaukee,WI,,25.0,37.754167,-89.320556,37243
WTCX,96.100000,Fond Du Lac,WI,,4.0,43.819444,-88.722222,54510
WTKM-FM,104.900000,Hartford,WI,,5.8,43.28,-88.383889,34303
WTMB,94.500000,Tomah,WI,,8.3,43.898889,-90.489722,30305
WTOS-FM,105.100000,Milwaukee,WI,,57.0,45.031667,-70.313889,46352
WTYB,103.900000,Milwaukee,WI,,50.0,32.059167,-81.015833,14069
WUEC,89.700000,Madison,WI,,5.2,44.800028,-91.465667,4282
WUSY,100.700000,Milwaukee,WI,,100.0,35.207222,-85.286111,12315
WUUQ,97.300000,Milwaukee,WI,,16.0,34.972778,-85.632778,40469
WUWM,89.700000,Madison,WI,,13.5,43.090556,-87.897222,4285
WVBO,103.900000,Milwaukee,WI,,24.95,44.139722,-88.483889,69781
WVCF,90.500000,Milwaukee,WI,,1.6,44.9825,-91.429722,73038
WVCM,91.500000,Milwaukee,WI,,0.0,45.820833,-88.040278,90973
WVCN,104.300000,Milwaukee,WI,,100.0,46.663889,-88.385,81363
WVCX,98.900000,Milwaukee,WI,,100.0,43.852778,-90.46,73061
WVCY-FM,107.700000,Milwaukee,WI,,43.0,42.962778,-88.073056,73059
WVFL,89.900000,Milwaukee,WI,,0.0,43.8025,-88.338333,91710
WVLK-FM,92.900000,Milwaukee,WI,,100.0,38.039444,-84.403056,27417
WVNA-FM,105.500000,Milwaukee,WI,,4.4,34.674167,-87.713333,60610
WVQM,101.300000,Milwaukee,WI,,41.0,44.31,-69.830833,68660
WVRE,101.100000,Hazel Green,WI,,3.7,42.528889,-90.616111,77086
WVRK,102.900000,Milwaukee,WI,,86.0,32.321083,-84.79125,39457
WVRN,88.900000,Milwaukee,WI,,25.0,44.965,-89.005,91400
WVRQ-FM,102.300000,Viroqua,WI,,3.3,43.524167,-90.864167,57256
WVSS,90.700000,Madison,WI,,0.59,44.915556,-92.076111,4287
WVTY,92.100000,Janesville,WI,,2.7,42.76,-87.964722,41438
WVZA,92.700000,Milwaukee,WI,,25.0,37.774444,-89.097222,124
WWFG,99.900000,Milwaukee,WI,,38.0,38.422222,-75.139722,74179
WWHG,105.900000,Janesville,WI,,1.7,42.727222,-89.250556,59612
WWIB,103.700000,Chippewa Falls,WI,,100.0,45.101944,-91.159167,63428
WWIS-FM,99.700000,Black River Falls,WI,,25.0,44.319722,-90.891944,74189
WWMJ,95.700000,Milwaukee,WI,,11.5,44.658611,-68.605556,17670
WWQM-FM,106.300000,Madison,WI,,4.5,43.050833,-89.486944,19623
WWQQ-FM,101.300000,Milwaukee,WI,,18.0,34.097778,-77.971667,28163
WWSP,89.900000,Madison,WI,,30.0,44.481944,-89.676389,4286
WWST,102.100000,Milwaukee,WI,,15.0,35.811389,-83.668889,29727
WWWW-FM,102.900000,Milwaukee,WI,,50.0,42.246111,-83.849444,41080
WWWX,96.900000,Milwaukee,WI,,6.0,44.100278,-88.533889,50052
WWZD-FM,106.700000,Milwaukee,WI,,28.0,34.485,-88.900556,68354
WXER,104.500000,Sheboygan Falls,WI,,5.1,43.725556,-88.051944,60042
WXKR,94.500000,Milwaukee,WI,,30.0,41.500833,-83.271111,69869
WXPR,91.700000,Rhinelander,WI,,100.0,45.774444,-89.248333,72220
WXPW,91.900000,Rhinelander,WI,,0.054,44.920556,-89.691111,72222
WXQR-FM,105.500000,Milwaukee,WI,,19.0,34.519444,-77.447778,28172
WXVM,104.100000,Merrill,WI,,8.3,44.887919,-89.650683,57224
WXYM,96.100000,Tomah,WI,,44.0,44.025556,-90.816111,39627
WXZZ,103.300000,Milwaukee,WI,,6.0,38.065556,-84.486944,34245
WYDR,94.300000,Wausau,WI,,13.0,44.158333,-88.284167,9962
WYMS,88.900000,Milwaukee,WI,,1.45,43.090556,-87.897222,42669
WYNN-FM,106.300000,Milwaukee,WI,,6.0,34.218056,-79.808333,22049
WYNW,92.900000,Shawano,WI,,6.0,44.997222,-89.368611,87600
WZEZ,104.900000,Rice Lake,WI,,22.0,45.490833,-92.192222,66824
WZOR,94.700000,Green Bay,WI,,21.5,44.341667,-87.786111,4098
WZOS,104.700000,Fond Du Lac,WI,,6.0,43.905778,-88.886583,34905
WZOX,96.500000,Wausau,WI,,6.0,42.215278,-85.610278,67775
WAFD,100.300000,Webster Springs,WV,,25.0,38.452417,-80.45425,9300
WAXS,94.100000,Mount Hope,WV,,25.5,37.958333,-81.150833,52789
WBRB,101.300000,Buckhannon,WV,,50.0,38.944444,-80.179444,9302
WBTQ,102.300000,Mount Clare,WV,,10.0,39.024167,-80.321111,71690
WCDE,89.900000,Elkins,WV,,0.26,38.930556,-79.846944,4298
WCEF,98.300000,Ripley,WV,,6.0,38.767778,-81.685833,40922
WCHG,107.100000,Dunmore,WV,,0.16,38.031389,-79.781111,52868
WCIR-FM,103.700000,Beaver,WV,,5.0,37.9475,-81.308889,61273
WCLG-FM,100.100000,Morgantown,WV,,6.0,39.627778,-79.969722,6553
WCMI-FM,92.700000,Huntington,WV,,2.35,38.4675,-82.596944,21589
WCWV,92.900000,Summerville,WV,,14.0,38.360528,-80.647333,54368
WDBS,97.100000,Sutton,WV,,22.0,38.452417,-80.45425,41890
WDGG,93.700000,Huntington,WV,,100.0,38.387222,-82.6625,21436
WDMX,100.100000,Vienna,WV,,1.65,39.338333,-81.500278,4756
WELD-FM,101.700000,Fisher,WV,,0.285,38.982778,-78.908333,60922
WELK,94.700000,Elkins,WV,,5.0,38.911944,-79.788611,19369
WFBY,93.500000,Elkins,WV,,16.0,38.969722,-80.032778,26143
WFGH,90.700000,Fort Gay,WV,,7.8,38.132778,-82.593611,71166
WFGM-FM,93.100000,Buckhannon,WV,,2.6,39.444444,-79.986111,21170
WFSP-FM,107.700000,Kingwood,WV,,1.85,39.457306,-79.602972,72071
WGCO,98.300000,Bluefield,WV,,100.0,31.6125,-81.360278,11674
WGIE,92.700000,Clarksburg,WV,,0.62,39.290833,-80.315556,67103
WGLZ,91.500000,West Liberty,WV,,0.15,40.163611,-80.601667,71621
WHAJ,104.500000,Bluefield,WV,,93.0,37.251389,-81.188889,504
WHFI,106.700000,Union,WV,,6.0,37.482222,-80.661111,43539
WHKU,91.900000,Huntington,WV,,3.0,38.453889,-82.418056,39872
WHKX,106.300000,Bluefield,WV,,0.33,37.251389,-81.188889,6004
WHQX,107.700000,Bluefield,WV,,8.6,37.133611,-81.595,6005
WJEH-FM,93.100000,Ravenswood,WV,,4.1,38.948889,-82.050556,50736
WJJJ,88.100000,Charleston,WV,,0.84,37.59,-81.115,77815
WJLS-FM,99.500000,Beckley,WV,,34.0,37.589722,-81.114167,52336
WKAZ-FM,107.300000,Morgantown,WV,,23.5,38.273611,-81.524167,19535
WKJL,88.100000,Clarksburg,WV,,19.0,39.299722,-80.291667,26526
WKKW,97.900000,Fairmont,WV,,29.0,39.417778,-80.062222,15253
WKLC-FM,105.100000,St. Albans,WV,,2.95,38.407778,-81.903611,73175
WKMM,96.700000,Kingwood,WV,,0.55,39.456944,-79.590556,7725
WKOY-FM,100.900000,Bluefield,WV,,0.34,37.251389,-81.188889,44002
WKQB,102.900000,Welch,WV,,0.1,37.22,-81.255556,52864
WKQR,92.700000,Pineville,WV,,6.0,37.518611,-81.378611,60598
WKQY,100.100000,Bluefield,WV,,4.2,37.133611,-81.595,64665
WKTZ-FM,95.900000,Grafton,WV,,1.45,39.409972,-79.287917,64662
WKWS,96.100000,Morgantown,WV,,45.0,38.365,-81.768333,71661
WLHH,104.900000,Bluefield,WV,,16.0,32.434167,-80.921111,40705
WMTD-FM,102.300000,Hinton,WV,,0.37,37.714722,-80.9525,6012
WMUL,88.100000,Huntington,WV,,1.4,38.424028,-82.428694,66564
WMXE,100.900000,South Charleston,WV,,3.0,38.376111,-81.703611,12077
WNRJ,103.900000,New Martinsville,WV,,0.75,39.338167,-81.499056,18534
WNUS,107.100000,Vienna,WV,,3.8,39.33825,-81.500167,67465
WOTR,96.300000,Lost Creek,WV,,3.7,39.070833,-80.520556,1103
WPHP,91.900000,Wheeling,WV,,0.1,40.068611,-80.651111,50129
WQWV,103.700000,Westover,WV,,0.31,39.037778,-79.089722,30171
WQZK-FM,94.100000,Keyser,WV,,13.0,39.418611,-78.954167,62339
WRIC-FM,97.700000,Princeton,WV,,3.2,37.151111,-81.898889,12044
WRLB,95.300000,Lewisburg,WV,,13.0,37.957778,-80.7625,54410
WRLF,94.300000,Fairmont,WV,,3.6,39.471944,-80.140556,20460
WRON-FM,103.100000,White Sulphur Spring,WV,,3.3,37.798333,-80.515556,59675
WRRR-FM,93.900000,St. Marys,WV,,17.0,39.380278,-81.193333,59717
WRSG,91.500000,Middlebourne,WV,,0.9,39.516389,-80.9,94051
WRVB,102.100000,Vienna,WV,,11.0,39.324167,-81.625833,68306
WRVZ,98.700000,Dunbar,WV,,0.63,38.398056,-81.685,71433
WRZZ,106.100000,Parkersburg,WV,,3.3,39.246389,-81.471944,41082
WSHC,89.700000,Shepherdstown,WV,,0.95,39.431389,-77.805,71678
WSTG,95.900000,Princeton,WV,,0.48,37.258333,-81.176944,4944
WTNJ,105.900000,Beckley,WV,,4.4,37.9475,-81.308056,71679
WUBB,106.900000,Bluefield,WV,,100.0,32.226667,-80.848056,16844
WVAF,99.900000,Charleston,WV,,24.5,38.273611,-81.524167,71663
WVAQ,101.900000,Morgantown,WV,,50.0,39.608333,-79.985278,71677
WVBB,97.700000,Ronceverte,WV,,0.26,37.308333,-80.162778,54597
WVBY,91.700000,Charleston,WV,,10.4,37.896111,-80.989167,71689
WVDS,89.500000,Charleston,WV,,10.0,39.184944,-79.30425,71659
WVEP,88.900000,Charleston,WV,,3.6,39.143889,-78.435833,70643
WVKM,106.700000,Matewan,WV,,0.67,37.641417,-82.077806,67039
WVLS,89.700000,Dunmore,WV,,0.0,38.344167,-79.596389,52866
WVNP,89.900000,Charleston,WV,,25.0,40.216111,-80.558611,71658
WVOW-FM,101.900000,Logan,WV,,15.0,37.856667,-81.971667,38267
WVPB,88.500000,Charleston,WV,,44.0,38.376194,-81.656667,70604
WVPG,90.300000,Charleston,WV,,9.0,39.212222,-81.591667,70642
WVPM,90.900000,Charleston,WV,,5.0,39.695833,-79.7625,70645
WVPW,88.900000,Charleston,WV,,14.0,39.034444,-80.563056,71687
WVRC-FM,104.700000,Spencer,WV,,4.8,38.794444,-81.293333,62295
WVWC,92.100000,Buckhannon,WV,,0.013,38.99,-80.219444,71674
WVWV,89.900000,Charleston,WV,,8.1,38.494722,-82.200833,71656
WVXS,104.100000,Romney,WV,,1.05,39.31575,-78.718833,71665
WWLW,106.500000,Mount Clare,WV,,28.0,39.262222,-80.466944,74163
WWVU-FM,91.700000,Morgantown,WV,,2.6,39.635833,-79.943889,71691
WXAF,90.900000,Huntington,WV,,4.0,38.282778,-81.531389,39869
WXCC,96.500000,Williamson,WV,,75.0,37.513333,-82.255556,26393
WXCR,92.300000,Saint Marys,WV,,3.2,39.671111,-80.884444,79303
WYMJ,99.500000,Proctor,WV,,2.7,39.652778,-80.913056,79304
WYXA,90.100000,Huntington,WV,,4.0,39.319167,-80.391944,39870
WZAC-FM,92.500000,Danville,WV,,0.61,38.083611,-81.804722,53501
WZUM-FM,88.100000,Bethany,WV,,1.1,40.216111,-80.558611,4954
KAIX,88.300000,Cheyenne,WY,,0.0,42.740556,-106.359444,92997
KAML-FM,97.300000,Gillette,WY,,100.0,43.999167,-105.254167,24211
KAOX,107.900000,Kemmerer,WY,,32.0,43.351667,-112.008056,31169
KASS,106.900000,Casper,WY,,94.0,42.743611,-106.308611,43477
KBMG,106.300000,Evanston,WY,,89.0,40.871111,-110.995278,20029
KBUW,90.500000,Laramie,WY,,0.43,44.347222,-106.723611,88434
KBXI,92.500000,Jackson,WY,,100.0,45.765,-108.455278,10336
KCGL,104.100000,Casper,WY,,100.0,44.495,-109.152778,43918
KCGY,95.100000,Laramie,WY,,100.0,41.310306,-105.454056,14753
KCWC-FM,88.100000,Riverton,WY,,3.0,42.583056,-108.71,10030
KDAD,103.700000,Cheyenne,WY,,0.821,43.490833,-110.954444,88087
KDLY,97.500000,Lander,WY,,62.0,42.820833,-108.764722,22623
KDNO,101.700000,Thermopolis,WY,,16.25,43.438333,-107.993611,88672
KDUW,91.700000,Laramie,WY,,0.45,42.723333,-105.305833,92622
KENR,107.500000,Cheyenne,WY,,100.0,47.034722,-114.686944,88404
KERM,98.300000,Casper,WY,,3.0,41.994722,-104.201389,46739
KFCW,93.100000,Riverton,WY,,100.0,42.719444,-108.144722,72899
KFGO-FM,104.700000,Cheyenne,WY,,100.0,47.054167,-97.412222,88502
KFRZ,92.100000,Green River,WY,,11.0,41.496389,-109.345556,83593
KGRE-FM,102.100000,Cheyenne,WY,,6.0,40.360556,-105.52,76780
KGRK,98.500000,Cheyenne,WY,,3.5,42.741111,-106.308611,88725
KGWY,100.700000,Gillette,WY,,0.0,0.0,-0.0,54044
KHOC,102.500000,Casper,WY,,100.0,42.743611,-106.308611,15925
KIGN,101.900000,Cheyenne,WY,,50.0,41.116944,-104.668611,56234
KIQZ,92.700000,Casper,WY,,3.0,41.771111,-107.2375,46737
KIXM,92.300000,Cheynne,WY,,0.82,43.490833,-110.954444,87972
KJAC,105.500000,Cheyenne,WY,,50.0,40.6175,-105.3275,38345
KJAX,93.500000,Jackson,WY,,90.0,43.461111,-110.7525,82088
KKLX,96.100000,Worland,WY,,63.0,44.059333,-107.853528,35896
KKPL,99.900000,Cheyenne,WY,,50.0,40.989444,-105.063056,54394
KKTS-FM,99.300000,Douglas,WY,,2.35,42.728333,-105.529444,17411
KKTY-FM,100.100000,Cheyenne,WY,,100.0,42.770278,-105.2225,88501
KLGT,96.500000,Buffalo,WY,,100.0,44.575528,-106.872694,12698
KLWD,91.900000,Gillette,WY,,1.0,44.230556,-105.4625,84184
KMTN,96.900000,Jackson,WY,,50.0,43.461667,-110.752778,10339
KPIN,101.100000,Cheyenne,WY,,4.0,42.844167,-109.923056,77275
KQLT,103.700000,Casper,WY,,97.0,42.743611,-106.308611,47878
KQSW,96.500000,Rock Springs,WY,,96.0,41.431667,-109.116944,5300
KRKI,99.500000,Cheyenne,WY,,100.0,43.856667,-103.763889,89114
KRMQ-FM,101.500000,Casper,WY,,100.0,34.252222,-103.239167,84330
KRNK,96.700000,Cheyenne,WY,,2.7,42.743611,-106.306667,7360
KRPM,107.500000,Casper,WY,,100.0,45.763333,-108.455556,78211
KRQU,98.700000,Casper,WY,,0.11,41.310833,-105.453333,82198
KRRR,104.900000,Cheyenne,WY,,25.5,41.134444,-104.692222,35511
KRSV-FM,98.700000,Afton,WY,,3.0,42.850556,-110.979444,72018
KSIT,99.700000,Rock Springs,WY,,99.0,41.433333,-109.117222,63966
KSUW,91.300000,Laramie,WY,,0.45,44.6025,-106.930833,82438
KTAG,97.900000,Cody,WY,,100.0,44.495,-109.152778,74354
KTRS-FM,104.700000,Cheyenne,WY,,18.0,42.743611,-106.306667,26301
KUWA,91.300000,Laramie,WY,,0.4,42.850556,-110.979444,83869
KUWC,91.300000,Laramie,WY,,0.53,42.740556,-106.359444,82539
KUWD,91.500000,Laramie,WY,,0.43,44.476389,-104.448333,92621
KUWG,90.900000,Laramie,WY,,0.45,44.209444,-105.467778,82478
KUWJ,90.300000,Laramie,WY,,3.0,43.461111,-110.7525,69061
KUWL,90.100000,Laramie,WY,,0.11,41.31,-105.454722,91563
KUWP,90.100000,Laramine,WY,,0.43,44.587222,-108.852222,92308
KUWR,91.900000,Laramie,WY,,100.0,41.31,-105.454722,69131
KUWT,91.300000,Laramie,WY,,2.0,43.437778,-107.996667,92816
KUWY,88.500000,Laramie,WY,,0.135,41.31,-105.454722,91583
KUWZ,90.500000,Laramie,WY,,35.0,41.4275,-109.121389,69285
KVUW,102.300000,Casper,WY,,3.0,40.741667,-114.036111,84328
KWYY,95.500000,Casper,WY,,100.0,42.743611,-106.306667,26300
KYAP,96.900000,Cheyenne,WY,,4.3,40.780833,-104.8875,82007
KYCS,95.100000,Rock Springs,WY,,11.5,41.497222,-109.343333,20482
KYSX,105.100000,Casper,WY,,6.0,45.765,-108.455556,76918
KYTI,93.700000,Sheridan,WY,,75.0,44.622222,-107.115833,12931
KZEW,101.700000,Wheatland,WY,,3.0,42.045556,-104.946389,60645
KZMQ-FM,100.300000,Greybull,WY,,53.0,44.810833,-107.922222,5248
KZWY,94.900000,Sheridan,WY,,75.0,44.622222,-107.115833,38627
