callsign,freq_mhz,city,state,class,erp_kw,lat,lon
K02LJ-D,57,Nondalton,AK,LPD,0.042,59.97375,-154.84911
K03FW-D,63,"Kenai, Etc",AK,LPT,0.0879,60.53222,-151.08333
K03GA-D,63,Elim,AK,LPD,0.043,64.61678,-162.25811
K03GL-D,63,"King Mountain, Etc.",AK,LPT,0.4,61.79392,-148.42414
K04JF-D,69,Nulato,AK,LPD,0.014,64.71878,-158.10528
K04JH-D,69,Homer,AK,LPT,0.303,59.45417,-151.67389
K04KP-D,69,Northway,AK,LPT,0.048,62.96778,-141.89222
K04KV-D,69,Unalaska,AK,LPT,0.049,53.878,-166.53911
K04LB-D,69,Pelican,AK,LPD,0.042,57.96211,-136.23264
K04LZ-D,69,Galena,AK,LPD,0.041,64.75853,-156.86386
K04MM-D,69,Hyder,AK,LPD,0.043,55.91581,-130.02531
K04MN-D,69,Wales,AK,LPD,0.053,65.61253,-168.09222
K04MR-D,69,Gustavus,AK,LPD,0.043,58.41931,-135.70756
K04MT-D,69,Newtok,AK,LPD,0.043,60.94058,-164.63036
K04RP-D,69,Delta Junction,AK,LPT,0.3,63.78792,-145.862
K06QP-D,85,Juneau,AK,LPD,0.215,58.29958,-134.41456
K07OL-D,177,Kipnuk,AK,LPD,0.013,59.93839,-164.04339
K07PF-D,177,Homer,AK,LPT,0.176,59.45417,-151.67389
K07PG-D,177,Seward,AK,LPT,0.1,60.10278,-149.43881
K07QD-D,177,Hooper Bay,AK,LPD,0.018,61.53139,-166.09733
K07QX-D,177,Golovin,AK,LPD,0.054,64.54258,-163.03672
K07RB-D,177,Tanana,AK,LPD,0.054,65.17281,-152.07972
K07RD-D,177,Savoonga,AK,LPD,0.056,63.69536,-170.47833
K07RJ-D,177,Holy Cross,AK,LPD,0.055,62.19872,-159.77042
K07RK-D,177,St. Marys,AK,LPD,0.018,62.05117,-163.17708
K07RU-D,177,Dot Lake,AK,LPT,0.055,63.65822,-144.05836
K07RY-D,177,Chignik,AK,LPD,0.043,56.30225,-158.41258
K07SS-D,177,Angoon,AK,LPD,0.053,57.50047,-134.58508
K07ST-D,177,Womens Bay,AK,LPT,0.055,57.72228,-152.52106
K07TH-D,177,Lime Village,AK,LPD,0.054,61.35542,-155.43839
K07TK-D,177,Marshall,AK,LPD,0.059,61.88064,-162.08819
K08HU-D,183,Aleknagik,AK,LPD,0.063,59.27897,-158.61886
K08KA-D,183,Girdwood,AK,LPT,0.3,60.95275,-149.11
K08KD-D,183,Alakanuk,AK,LPD,0.056,62.68336,-164.65131
K08KO-D,183,Cooper Landing,AK,LPD,0.055,60.48883,-149.73794
K08PN-D,183,"Homer, Etc.",AK,LPT,0.176,59.45417,-151.67389
K09AAD-D,189,Sitka,AK,LPT,0.57,57.05328,-135.35397
K09NH-D,189,Shungnak,AK,LPD,0.013,66.88969,-157.13606
K09NI-D,189,Mekoryuk,AK,LPD,0.013,60.38586,-166.18892
K09NK-D,189,Perryville,AK,LPD,0.013,55.91169,-159.14475
K09NO-D,189,Pilot Point,AK,LPD,0.013,57.56397,-157.57708
K09OT-D,189,Valdez,AK,LPD,0.444,61.13614,-146.33953
K09OV-D,189,Kotzebue,AK,LPD,0.304,66.90103,-162.59019
K09OW-D,189,Nome,AK,LPD,0.91,64.50342,-165.40053
K09PC-D,189,Grayling,AK,LPD,0.018,62.90233,-160.06739
K09PO-D,189,Chevak,AK,LPD,0.018,61.52861,-165.58567
K09QC-D,189,Mcgrath,AK,LPD,0.059,62.94992,-155.58844
K09QG-D,189,Chalkyitsik,AK,LPD,0.056,66.64994,-143.72761
K09QH-D,189,Kenai,AK,LPT,0.0789,60.53222,-151.08333
K09QK-D,189,Karluk,AK,LPD,0.054,57.564,-154.43481
K09QM-D,189,Nelson Lagoon,AK,LPD,0.054,56.00111,-161.20397
K09QP-D,189,Kake,AK,LPD,0.051,56.97714,-133.94811
K09QR-D,189,Gambell,AK,LPD,0.053,63.77842,-171.73086
K09QU-D,189,Togiak,AK,LPD,0.057,59.06089,-160.37747
K09QW-D,189,King Cove,AK,LPD,0.059,55.05939,-162.31061
K09QX-D,189,St. Michael,AK,LPD,0.054,63.47786,-162.04106
K09RA-D,189,Sand Point,AK,LPD,0.054,55.34314,-160.48994
K09RB-D,189,St. Paul,AK,LPD,0.053,57.12119,-170.28144
K09RC-D,189,Unalakleet,AK,LPD,0.052,63.8765,-160.78997
K09RE-D,189,St. George,AK,LPD,0.054,56.60436,-169.55161
K09RF-D,189,Eagle Village,AK,LPD,0.053,64.78425,-141.20556
K09RP-D,189,False Pass,AK,LPD,0.054,54.8555,-163.41419
K09SA-D,189,Koyuk,AK,LPD,0.036,64.93097,-161.15897
K09SG-D,189,Goodnews Bay,AK,LPD,0.062,59.11819,-161.58928
K09SL-D,189,Kotlik,AK,LPD,0.055,63.03256,-163.55467
K09SP-D,189,Igiugig,AK,LPD,0.055,59.32678,-155.89464
K09SR-D,189,Port Lions,AK,LPD,0.059,57.86842,-152.88081
K09TK-D,189,Elfin Cove,AK,LPD,0.055,58.18378,-136.34489
K09TR-D,189,Kalskag,AK,LPD,0.055,61.51258,-160.36067
K09TT-D,189,Circle,AK,LPD,0.055,65.82686,-144.06858
K09TW-D,189,Venetie,AK,LPD,0.055,67.01767,-146.42319
K09TX-D,189,Kaltag,AK,LPD,0.056,64.32764,-158.72358
K10KG-D,195,Tenakee Springs,AK,LPT,0.053,57.78047,-135.22147
K10KH-D,195,Shageluk,AK,LPD,0.059,62.65483,-159.53239
K10LJ-D,195,Galena,AK,LPT,0.002,64.75853,-156.86386
K10LU-D,195,Nightmute,AK,LPD,0.062,60.47753,-164.72231
K10NC-D,195,"Kenai, Etc.",AK,LPT,0.094,60.53222,-151.08333
K11QE-D,201,Skagway,AK,LPD,0.048,59.46722,-135.30111
K11QG-D,201,Toksook Bay,AK,LPD,0.056,60.53058,-165.10756
K11QI-D,201,Ambler,AK,LPD,0.056,67.08719,-157.85278
K11QY-D,201,Kwethluk,AK,LPD,0.055,60.81175,-161.43561
K11WZ-D,201,"Delta Junction, Etc.",AK,LPT,0.56,63.789,-145.86092
K12LA-D,207,"Kenai, Etc.",AK,LPT,0.118,60.53222,-151.08333
K12MD-D,207,Sleetmute,AK,LPD,0.058,61.70264,-157.16903
K12MM-D,207,Girdwood Valley,AK,LPT,0.12,60.95275,-149.103
K12RF-D,207,"Healy, Etc.",AK,LPT,0.36,63.88483,-148.82956
K13AAE-D,213,Healy,AK,LPT,0.3,63.88481,-148.82953
K13KU-D,213,Delta Junction,AK,LPT,0.34,63.78725,-145.86328
K13OC-D,213,"Douglas, Etc.",AK,LPT,0.325,58.30111,-134.44222
K13RN-D,213,Old Harbor,AK,LPD,0.06,57.20447,-153.30419
K13RR-D,213,Tok,AK,LPD,0.295,63.32417,-142.99889
K13SA-D,213,Port Heiden,AK,LPT,0.059,56.93811,-158.59928
K13SE-D,213,Stony River,AK,LPD,0.055,61.78236,-156.59039
K13SM-D,213,Slana,AK,LPT,0.049,62.70708,-143.97911
K13SV-D,213,Pedro Bay,AK,LPT,0.054,59.78431,-154.12131
K13SY-D,213,Birch Creek,AK,LPD,0.055,66.26239,-145.82061
K13TD-D,213,White Mountain,AK,LPT,0.055,64.68092,-163.41203
K13TE-D,213,Bettles,AK,LPD,0.052,66.90647,-151.68464
K13TJ-D,213,Mountain Village,AK,LPD,0.055,62.08756,-163.72878
K13TN-D,213,Manley Hot Springs,AK,LPD,0.055,64.99728,-150.643
K13TR-D,213,Homer,AK,LPT,0.342,59.45417,-151.67389
K13UO-D,213,Cold Bay,AK,LPD,0.512,55.20606,-162.70756
K13UV-D,213,Napakiak,AK,LPD,0.009,60.69256,-161.96617
K13XD-D,213,Fairbanks,AK,DCA,3.0,64.92194,-147.71778
K15AF-D,479,Petersburg,AK,LPD,0.64,56.81489,-132.95489
K15AP-D,479,Moose Pass,AK,LPT,0.278,60.47578,-149.36656
K15AT-D,479,Kodiak,AK,LPD,0.603,57.79394,-152.39328
K15AU-D,479,Pilot Station,AK,LPD,0.163,61.93922,-162.87847
K17ME-D,491,Bethel,AK,LPD,0.1,60.79175,-161.77508
K17OX-D,491,Seward,AK,LPT,0.85,60.16114,-149.39339
K21AM-D,515,"Ninilchick, Etc.",AK,LPT,1.4,60.01022,-151.71278
K22HN-D,521,Anchorage,AK,LPD,15.0,61.1855,-149.87314
K23OE-D,527,Kasilof,AK,LPD,0.46,60.27556,-151.30886
K24AG-D,533,Trapper Creek,AK,LPD,1.31,62.31753,-150.31892
K25PI-D,539,Kasilof,AK,LPT,1.3,60.27556,-151.30889
K25QK-D,539,Anchorage,AK,LPD,1.5,61.16083,-149.85747
K27AI-D,551,"Ninilchik, Etc.",AK,LPT,0.11,60.01022,-151.71278
K31MD-D,575,Kasilof,AK,LPT,0.236,60.27556,-151.30886
K33AF-D,587,Ninilchik,AK,LPT,1.56,60.01022,-151.71278
K35NZ-D,599,Ninilchick,AK,LPT,15.0,60.01022,-151.71278
K36QT-D,605,Girdwood,AK,LPT,0.5,60.95275,-149.11
KACN-LD,491,Anchorage,AK,LPD,0.1,61.16078,-149.85736
KAKM,183,Anchorage,AK,DTV,50.0,61.42222,-149.87444
KATH-LD,599,Juneau-Douglas,AK,LPD,0.1,58.29967,-134.42389
KATN,497,Fairbanks,AK,DTV,16.0,64.92178,-147.71603
KBLT-LD,581,Anchorage,AK,LPD,15.0,61.33578,-149.51561
KCFT-CD,599,Anchorage,AK,DCA,15.0,61.06667,-149.74556
KDMD,587,Anchorage,AK,DTV,68.6,61.33578,-149.51561
KFXF-CD,521,Fairbanks,AK,DCA,15.0,64.81139,-147.70361
KJNP-TV,509,North Pole,AK,DTV,30.9,64.87872,-148.05631
KJUD,201,Juneau,AK,DTV,0.14,58.30111,-134.44222
KLDY-LD,575,Anchorage,AK,LPD,15.0,61.33578,-149.51561
KNIK-LD,85,Anchorage,AK,LPD,0.92,61.06667,-149.74556
KSCT-LD,79,Sitka,AK,LPD,0.619,57.05028,-135.33553
KTBY,509,Anchorage,AK,DTV,234.4,61.21917,-149.89222
KTNL-TV,177,Sitka,AK,DTV,0.35,57.04989,-135.33619
KTOO-TV,195,Juneau,AK,DTV,1.0,58.29958,-134.41456
KTUU-TV,195,Anchorage,AK,DTV,50.0,61.42222,-149.87444
KTVA,557,Anchorage,AK,DTV,28.9,61.19208,-149.90236
KTVF,545,Fairbanks,AK,DTV,27.0,64.87872,-148.05631
KUAC-TV,189,Fairbanks,AK,DTV,30.0,64.91111,-147.77972
KUBD,213,Ketchikan,AK,DTV,0.41,55.34975,-131.67447
KUCB-LD,183,Dutch Harbor,AK,LPT,0.007,53.87547,-166.54219
KYES-TV,177,Anchorage,AK,DTV,50.0,61.42222,-149.87444
KYEX-LD,545,Juneau,AK,LPD,0.11,58.30111,-134.44222
KYUK-LD,479,Bethel,AK,LPD,0.1,60.79175,-161.77508
KYUR,207,Anchorage,AK,DTV,41.0,61.42222,-149.87444
NEW,69,Vernon,AL,DTV,41.2,33.91231,-87.80172
W03BW-D,63,Midland City,AL,LPD,0.2,31.22639,-85.39267
W04EK-D,69,Atmore,AL,LPD,3.0,30.62506,-87.64828
W13DT-D,213,Montgomery,AL,LPD,0.2,31.97472,-86.16222
W13DX-D,213,Birmingham,AL,LPD,2.69,33.39761,-86.66136
W13EB-D,213,Montgomery,AL,LPD,3.0,32.36781,-86.26167
W14FC-D,473,Opelika,AL,LPD,15.0,32.59872,-85.20547
W14FH-D,473,Dothan,AL,LPD,15.0,31.30064,-85.58453
W16DS-D,485,Birmingham,AL,DCA,8.35,33.48417,-86.80972
W16DV-D,485,Alexander City,AL,LPD,8.0,32.73639,-85.49833
W18ET-D,497,Birmingham,AL,LPD,15.0,33.46028,-86.85194
W19FX-D,503,Mobile,AL,LPD,15.0,30.7085,-88.04664
W20DF-D,509,Russellville,AL,LPD,15.0,34.50175,-87.74836
W22FS-D,521,Tuscaloosa,AL,LPD,15.0,33.48083,-87.40083
W25FC-D,539,Jasper,AL,LPD,15.0,33.845,-87.30722
W26FE-D,545,Montgomery,AL,LPD,1.3,32.36783,-86.26189
W29FJ-D,563,Dothan,AL,LPD,0.2,31.22639,-85.39267
W30EL-D,569,Montgomery,AL,LPD,0.1,32.40361,-86.19694
W31FM-D,575,Berry,AL,LPT,15.0,33.68789,-87.56528
W31FO-D,575,Sylacauga,AL,LPD,15.0,33.28861,-86.45317
W32EQ-D,581,Tuscaloosa,AL,LPD,3.2,33.10106,-88.08986
W32GP-D,581,Tuscaloosa,AL,LPD,15.0,33.48083,-87.40083
W33FQ-D,587,Opelika,AL,LPT,15.0,32.59872,-85.20547
W34EY-D,593,Huntsville,AL,DCA,15.0,34.73689,-86.53303
W34FB-D,593,Hamilton,AL,LPD,15.0,34.03953,-87.95086
W35EE-D,599,Demopolis,AL,LPD,15.0,32.47478,-87.82917
W35EX-D,599,Dothan,AL,LPD,15.0,31.25106,-85.48011
W36EO-D,605,Auburn,AL,LPD,15.0,32.512,-85.58736
WAAO-LD,581,Andalusia,AL,LPD,14.2,31.34064,-86.4675
WAAY-TV,491,Huntsville,AL,DTV,356.0,34.73689,-86.53303
WABM,509,Birmingham,AL,DTV,1000.0,33.48467,-86.807
WAFF,479,Huntsville,AL,DTV,137.0,34.71092,-86.53528
WAIQ,551,Montgomery,AL,DTV,600.0,32.38194,-86.2925
WAKA,539,Selma,AL,DTV,944.0,32.14942,-86.7785
WALA-TV,189,Mobile,AL,DTV,29.0,30.68806,-87.79833
WALE-LD,485,Montgomery,AL,LPD,15.0,32.33528,-86.28778
WAUT-LD,515,Auburn,AL,LPD,4.0,32.62056,-85.46069
WAXC-LD,581,Alexander City,AL,LPD,15.0,32.94639,-85.9425
WBIH,593,Selma,AL,DTV,1000.0,32.54075,-86.84242
WBIQ,195,Birmingham,AL,DTV,3.4,33.48467,-86.807
WBMA-LD,581,Birmingham,AL,LPD,15.0,33.44111,-86.88389
WBMM,497,Tuskegee,AL,DTV,52.0,32.06819,-85.94467
WBRC,563,Birmingham,AL,DTV,700.0,33.48861,-86.79944
WBUN-LP,551,Birmingham,AL,LPD,15.0,33.48444,-86.80694
WBXM-CD,479,Selma,AL,DCA,15.0,32.54075,-86.84242
WCGZ-LD,509,Lanett,AL,LPD,15.0,33.03706,-85.03047
WCIQ,207,Mount Cheaha,AL,DTV,46.0,33.48511,-85.80886
WCOV-TV,521,Montgomery,AL,DTV,670.0,31.97472,-86.16222
WCQT-LD,539,Cullman,AL,LPD,1.5,34.17164,-86.84397
WDBB,473,Bessemer,AL,DTV,675.0,33.48,-87.43056
WDFX-TV,587,Ozark,AL,DTV,179.0,31.208,-85.61356
WDHN,515,Dothan,AL,DTV,1000.0,31.24056,-85.31194
WDIQ,195,Dozier,AL,DTV,30.0,31.55461,-86.39219
WDPM-DT,527,Mobile,AL,DTV,390.0,30.61139,-87.60733
WDSF-LD,605,Montgomery,AL,LPD,15.0,32.42139,-86.42972
WDVZ-CD,63,Tuscaloosa,AL,DCA,2.95,33.15825,-87.51578
WEAC-CD,599,Jacksonville,AL,DCA,13.0,33.62222,-85.87194
WEDS-LD,545,Mobile,AL,LPD,15.0,30.462,-87.83064
WEEL-LD,521,Tuscaloosa,AL,LPD,0.25,33.21861,-88.09644
WEIQ,569,Mobile,AL,DTV,427.0,30.65944,-87.8925
WETU-LD,515,Montgomery,AL,LPD,15.0,32.33528,-86.28778
WFIQ,521,Florence,AL,DTV,418.8,34.57806,-87.78389
WFNA,551,Gulf Shores,AL,DTV,1000.0,30.689,-87.83072
WFRZ-LD,587,Montgomery,AL,LPD,15.0,32.40361,-86.19639
WGBP-TV,491,Opelika,AL,DTS,589.0,32.85189,-84.70153
WGEI-LD,551,Enterprise,AL,LPD,0.35,31.22639,-85.39267
WGIQ,569,Louisville,AL,DTV,702.0,31.71806,-85.43417
WGOX-LD,605,Mobile,AL,LPD,15.0,30.67944,-87.84
WGWW,189,Anniston,AL,DTV,15.6,33.60667,-86.4175
WHDF,57,Florence,AL,DTV,21.0,35.0025,-87.13583
WHIQ,533,Huntsville,AL,DTV,396.0,34.73683,-86.52919
WHNT-TV,503,Huntsville,AL,DTV,250.0,34.73861,-86.53222
WHVD-LD,599,Huntsville,AL,LPD,15.0,34.73689,-86.53303
WIAT,569,Birmingham,AL,DTV,1000.0,33.48389,-86.80583
WIIQ,503,Demopolis,AL,DTV,1000.0,32.36264,-87.87514
WIYC,503,Troy,AL,DTV,185.0,32.06014,-85.9505
WJJN-LD,509,Dothan,AL,LPD,15.0,31.24864,-85.38889
WJMY-CD,491,Tuscaloosa,AL,DCA,15.0,33.21417,-87.48997
WKRG-TV,509,Mobile,AL,DTV,961.0,30.689,-87.83072
WMBP-LD,575,Mobile,AL,LPD,15.0,30.68806,-87.79833
WMCF-TV,557,Montgomery,AL,DTV,725.0,32.40361,-86.19694
WMPV-TV,497,Mobile,AL,DTV,900.0,30.61139,-87.60733
WNAL-LD,551,Huntsville,AL,LPD,9.0,34.73689,-86.53303
WNCF,575,Montgomery,AL,DTV,720.0,32.14942,-86.7785
WNHT-LD,503,Birmingham,AL,LPD,9.77,33.48467,-86.807
WOIL-LD,527,Talladega,AL,LPD,8.0,33.41167,-86.2075
WOTM-LD,599,Birmingham,AL,LPD,4.8,33.39761,-86.66136
WPMI-TV,479,Mobile,AL,DTV,1000.0,30.61139,-87.60733
WPXH-TV,587,Hoover,AL,DTV,300.0,33.48389,-86.80583
WQAP-LD,527,Montgomery,AL,LPD,15.0,32.42139,-86.42972
WQMK-LD,563,Cusseta,AL,LPD,15.0,32.74444,-85.29222
WRGX-LD,527,Dothan,AL,LPD,15.0,30.92,-85.74167
WSES,605,Tuscaloosa,AL,DTV,800.0,33.48,-87.43056
WSFA,183,Montgomery,AL,DTV,32.1,31.97472,-86.16222
WSSF-LD,479,Fayette,AL,LPD,15.0,33.68175,-87.82333
WSWH-LD,521,Birmingham,AL,LPD,15.0,33.48467,-86.807
WTBM-CD,533,Birmingham,AL,DCA,15.0,33.48861,-86.79944
WTHV-LD,581,Huntsville,AL,LPD,15.0,34.71092,-86.53528
WTJP-TV,545,Gadsden,AL,DTV,1000.0,33.81472,-86.44861
WTMU-LD,563,Montgomery,AL,LPD,15.0,32.37439,-86.28556
WTTO,515,Homewood,AL,DTV,1000.0,33.48467,-86.807
WTVY,605,Dothan,AL,DTV,1000.0,30.92,-85.74167
WTZT-CD,201,Athens,AL,DCA,1.11,34.81833,-86.73778
WUDX-LD,557,Tuscaloosa,AL,LPD,15.0,33.42867,-88.20231
WUOA-LD,557,Birmingham,AL,LPD,10.0,33.48467,-86.807
WVTM-TV,177,Birmingham,AL,DTV,47.6,33.49056,-86.79667
WVUA,85,Tuscaloosa,AL,DTV,26.0,33.48389,-86.80583
WVUA-CD,527,Tuscaloosa/Northport,AL,DCA,15.0,33.15825,-87.51578
WWBH-LD,557,Mobile,AL,LPD,10.0,30.61261,-87.64489
WYAM-LD,557,Priceville,AL,LPD,12.2,34.56667,-86.91278
WZDX,497,Huntsville,AL,DTV,522.0,34.73689,-86.53303
K07XL-D,177,Mountain Home,AR,LPT,0.114,36.35006,-92.40347
K08RD-D,183,Yancy,AR,LPT,3.0,33.85306,-93.80972
K10SB-D,195,Forrest City,AR,LPT,3.0,35.04917,-90.78444
K11YF-D,201,Gaither,AR,LPT,0.7,36.16917,-93.24972
K11YG-D,201,Russellville,AR,LPT,3.0,35.43819,-93.16125
K12XB-D,207,Eureka Springs,AR,LPD,2.0,36.36056,-93.74861
K15MO-D,479,Little Rock,AR,LPD,5.0,34.7925,-92.47861
K19MC-D,503,Bonnerdale,AR,LPD,0.1,34.3135,-92.99964
K20OC-D,509,El Dorado,AR,LPT,9.2,33.21167,-92.66397
K20OL-D,509,Fort Smith,AR,LPD,15.0,35.44758,-94.36522
K22PF-D,521,Jonesboro,AR,LPT,15.0,35.89083,-90.67389
K23OW-D,527,Hot Springs,AR,LPD,10.0,34.54278,-92.87556
K24NY-D,533,Jonesboro,AR,LPD,15.0,35.88944,-90.93556
K26GS-D,545,Harrison,AR,LPD,11.2,36.11144,-93.03239
K28NT-D,557,Bentonville & Rogers,AR,LPD,10.0,36.36008,-94.34022
K36RJ-D,605,Fort Smith,AR,LPD,15.0,35.35439,-94.43169
KAFT,189,Fayetteville,AR,DTV,37.9,35.81472,-94.02833
KAIT,551,Jonesboro,AR,DTV,1000.0,35.88944,-90.93556
KAJL-LD,485,Fayetteville,AR,LPD,15.0,36.14722,-94.18722
KARK-TV,581,Little Rock,AR,DTV,989.0,34.79917,-92.5
KARZ-TV,557,Little Rock,AR,DTV,340.0,34.79917,-92.49167
KASN,593,Pine Bluff,AR,DTV,1000.0,34.44194,-92.21778
KATV,521,Little Rock,AR,DTV,1000.0,34.79739,-92.48911
KEGW-CD,533,Siloam Springs,AR,DCA,15.0,36.14708,-94.19067
KEMV,213,Mountain View,AR,DTV,12.1,35.81306,-92.29028
KENH-LD,545,Hot Springs,AR,LPD,5.0,34.79806,-92.49278
KETG,213,Arkadelphia,AR,DTV,13.85,33.90722,-93.11306
KETS,177,Little Rock,AR,DTV,26.73,34.44194,-92.21778
KETZ,195,El Dorado,AR,DTV,16.2,33.07822,-92.22525
KFDF-CD,593,Springdale,AR,DCA,15.0,36.18,-94.08528
KFFS-CD,605,Fayetteville,AR,DCA,15.0,36.14722,-94.18722
KFLU-LD,599,Fayetteville,AR,LPD,5.0,36.14722,-94.18722
KFSM-TV,497,Fort Smith,AR,DTV,608.0,35.83036,-94.15675
KFTA-TV,551,Fort Smith,AR,DTV,600.0,35.71,-94.13778
KHBS,515,Fort Smith,AR,DTV,325.0,35.07097,-94.67889
KHMF-LD,587,Fort Smith,AR,LPT,15.0,35.52506,-94.3745
KHOG-TV,479,Fayetteville,AR,DTV,180.0,36.01583,-94.08333
KIPB-LD,503,Pine Bluff,AR,LPD,15.0,34.21286,-92.02069
KJNB-CD,485,Jonesboro,AR,DCA,15.0,36.05833,-90.94333
KJTB-LD,605,Paragould,AR,LPD,0.8,35.90736,-90.69336
KKAF-LD,569,Fayetteville,AR,LPT,15.0,36.14722,-94.18722
KKAP,605,Little Rock,AR,DTV,50.0,34.79889,-92.49583
KKME-LD,575,Little Rock,AR,LPD,15.0,34.79917,-92.49167
KKYK-CD,515,Little Rock,AR,DCA,15.0,34.79889,-92.49583
KLFI-CD,599,Texarkana,AR,DCA,8.0,33.43019,-94.08589
KLMB-CD,605,El Dorado,AR,DCA,0.5,33.20636,-92.65403
KLRA-CD,509,Little Rock,AR,DCA,15.0,34.79889,-92.49583
KLRT-TV,569,Little Rock,AR,DTV,1000.0,34.79917,-92.49167
KMYA-DT,497,Camden,AR,DTV,530.0,33.27089,-92.70394
KMYA-LD,539,Sheridan,AR,LPD,15.0,34.79203,-92.47739
KNWA-TV,587,Rogers,AR,DTV,820.0,36.41186,-93.95381
KPBI-CD,581,Bentonville,AR,DCA,15.0,36.14722,-94.18722
KQRY-LD,539,Fort Smith,AR,LPD,15.0,35.44758,-94.36522
KQRY-LD,545,Fort Smith,AR,LPD,15.0,35.44758,-94.36522
KRAH-CD,599,Morrilton,AR,DCA,15.0,34.79889,-92.49583
KSJF-CD,521,Siloam Springs,AR,DCA,15.0,35.44758,-94.36522
KTEJ,509,Jonesboro,AR,DTV,322.9,35.90389,-90.77056
KTEV-LD,503,Texarkana,AR,LPD,15.0,33.37756,-94.17522
KTHV,207,Little Rock,AR,DTV,55.0,34.79917,-92.5
KTVE,551,El Dorado,AR,DTV,822.8,33.07822,-92.22525
KTVV-LD,497,Hot Springs,AR,LPD,10.0,34.79889,-92.49583
KUFS-LD,503,Fort Smith,AR,LPD,15.0,35.06881,-94.67997
KVTH-DT,485,Hot Springs,AR,DTV,52.6,34.37222,-93.04694
KVTJ-DT,497,Jonesboro,AR,DTV,420.0,35.60366,-90.5218
KVTN-DT,533,Pine Bluff,AR,DTV,725.0,34.53214,-92.04489
KWBM,575,Harrison,AR,DTV,191.0,36.705,-93.06278
KWFT-LD,503,Siloam Springs,AR,LPD,12.5,36.14708,-94.19067
KWMO-LD,563,Hot Springs,AR,LPD,15.0,34.79806,-92.49278
KWNL-CD,575,Winslow,AR,DCA,15.0,36.14722,-94.18722
KWOG,563,Springdale,AR,DTV,80.0,36.06306,-94.20736
KXKY-LD,593,Fort Smith,AR,LPD,14.0,35.52506,-94.3745
KXMP-LD,183,Harrison,AR,LPD,2.5,36.19136,-93.19889
KXNW,539,Eureka Springs,AR,DTV,130.0,36.41136,-93.95358
WPYM-LD,485,Little Rock,AR,LPD,2.5,34.50114,-90.99228
K11UU-D,201,Pago Pago,AS,LPD,0.3,-14.35389,-170.73833
KBAD-LD,569,Pago Pago,AS,LPD,2.0,-14.31758,-170.76422
K03IL-D,63,Bullhead City,AZ,LPT,0.021,35.21278,-114.55583
K04GT-D,69,Bullhead City,AZ,LPT,0.116,35.21278,-114.55583
K04SE-D,69,Buckeye,AZ,LPD,3.0,33.49306,-112.93778
K05MR-D,79,Bullhead City,AZ,LPT,0.093,35.21278,-114.55583
K06AE-D,85,Prescott,AZ,LPT,0.5,34.68722,-112.11736
K06QW-D,85,Sentinel,AZ,LPD,1.3,33.05847,-112.23167
K07YJ-D,177,Bullhead City,AZ,LPT,0.06,35.21278,-114.55583
K08PK-D,183,Bullhead City,AZ,LPT,0.116,35.21278,-114.55583
K08QN-D,183,Golden Valley,AZ,LPT,1.0,35.335,-114.21556
K11LC-D,201,Prescott,AZ,LPT,0.2,34.48889,-112.53822
K12OF-D,207,Bullhead City,AZ,LPT,0.094,35.21278,-114.55583
K12XP-D,207,Phoenix,AZ,LPD,3.0,33.33253,-112.06628
K14HC-D,473,Prescott,AZ,LPT,1.8,34.49031,-112.5345
K14HG-D,473,Kingman,AZ,LPT,0.8,35.08111,-113.90439
K14KK-D,473,Flagstaff,AZ,LPT,0.63,35.24056,-111.59736
K14NA-D,473,Globe & Miami,AZ,LPT,0.49,33.34006,-110.87053
K14RK-D,473,Phoenix,AZ,LPD,15.0,33.33336,-112.06319
K15CR-D,479,Lake Havasu City,AZ,LPT,1.09,34.6025,-114.37106
K15HY-D,479,Williams-Ashfork,AZ,LPT,1.0,35.20028,-112.20511
K15LR-D,479,Meadview,AZ,LPT,1.96,35.86331,-114.09661
K16BP-D,485,Cottonwood,AZ,LPT,15.0,34.68689,-112.11708
K16EV-D,485,Bullhead City,AZ,LPT,1.1,35.03583,-114.37133
K17DA-D,491,Lake Havasu City,AZ,LPT,15.0,34.6025,-114.37111
K17MO-D,491,Flagstaff,AZ,LPD,1.0,35.24056,-111.59736
K17NS-D,491,Chloride,AZ,LPT,0.05,35.39692,-114.17189
K17PF-D,491,Casas Adobes,AZ,DCA,15.0,32.24911,-111.11664
K18CB-D,497,Bullhead City,AZ,LPT,2.54,35.24719,-114.74383
K18DD-D,497,Camp Verde,AZ,LPD,13.8,34.68722,-112.11736
K18LZ-D,497,Kingman,AZ,LPT,1.26,35.08139,-113.90467
K18NN-D,497,Globe,AZ,LPD,10.0,33.28922,-110.82981
K19CX-D,503,Yuma,AZ,LPT,1.8,32.67328,-114.33714
K19FD-D,503,Camp Verde,AZ,LPD,0.5,34.47028,-111.87319
K19IP-D,503,Flagstaff,AZ,LPD,1.0,35.24172,-111.61056
K19KV-D,503,Prescott,AZ,LPT,1.2,34.49028,-112.53406
K20GG-D,509,Duncan,AZ,LPT,0.66,32.88728,-109.31422
K20ID-D,509,Kingman,AZ,LPT,0.395,35.08136,-113.90481
K20ML-D,509,"Parks, Etc.",AZ,LPT,0.575,35.20028,-112.20544
K21EG-D,515,Golden Valley,AZ,LPT,0.64,35.22775,-114.21578
K21FU-D,515,Topock,AZ,LPT,1.03,35.03583,-114.37133
K21GE-D,515,Camp Verde,AZ,LPD,0.5,34.47028,-111.87319
K21NQ-D,515,Meadview,AZ,LPT,1.05,35.86331,-114.09661
K21ON-D,515,Flagstaff,AZ,LPD,0.9,34.96892,-111.50967
K22NK-D,521,Lake Havasu City,AZ,LPT,15.0,34.6025,-114.37111
K22PG-D,521,Payson,AZ,LPT,3.3,34.28975,-111.19122
K23BJ-D,527,Lake Havasu City,AZ,LPD,2.41,34.6025,-114.37111
K23DK-D,527,Meadview,AZ,LPT,1.11,35.86331,-114.09661
K23FV-D,527,Kingman,AZ,LPT,0.75,35.08139,-113.90467
K23FZ-D,527,Camp Verde,AZ,LPT,1.0,34.47028,-111.87319
K23NJ-D,527,"Prescott, Etc.",AZ,LPT,0.407,34.49028,-112.53378
K23PL-D,527,Shonto,AZ,LPT,2.0,36.61931,-110.58131
K24DK-D,533,Bullhead City,AZ,LPT,0.195,35.03583,-114.37133
K24KS-D,533,Flagstaff,AZ,LPT,0.824,35.24028,-111.59772
K24NG-D,533,Lake Havasu City,AZ,LPT,15.0,34.6025,-114.37111
K24NI-D,533,Yuma,AZ,LPD,15.0,32.64194,-114.56028
K25DH-D,539,Meadview,AZ,LPT,1.11,35.86331,-114.09661
K25MG-D,539,Flagstaff,AZ,LPT,1.3,35.24056,-111.59736
K25MK-D,539,Camp Verde,AZ,LPT,0.287,34.47,-111.87347
K25OM-D,539,Prescott,AZ,LPT,0.973,34.48889,-112.53822
K25PJ-D,539,Chloride,AZ,LPT,0.072,35.39692,-114.17189
K26GF-D,545,Peach Springs,AZ,LPT,0.07,35.53608,-113.43186
K26NG-D,545,East Flagstaff,AZ,LPT,0.61,35.24029,-111.59773
K26OD-D,545,Globe,AZ,LPT,3.0,33.342,-110.87122
K26OK-D,545,Lake Havasu City,AZ,LPT,15.0,34.6025,-114.37111
K26PX-D,545,Yuma,AZ,LPD,1.8,32.6725,-114.33611
K27DA-D,551,Big Sandy Valley,AZ,LPT,0.072,35.11028,-113.88272
K27EJ-D,551,Colorado City,AZ,LPT,0.76,36.89386,-113.03158
K27KS-D,551,Globe/Miami,AZ,LPT,1.0,33.34206,-110.87078
K27NR-D,551,Topock,AZ,LPT,0.918,35.03583,-114.37133
K27NT-D,551,Golden Valley,AZ,LPT,0.626,35.22775,-114.21578
K27OP-D,551,Oro Valley/Tucson,AZ,LPT,9.0,32.21431,-111.00569
K27OR-D,551,Klagetoh,AZ,LPT,0.205,35.67472,-109.20694
K28CW-D,557,Flagstaff,AZ,LPT,1.0,35.24056,-111.59736
K28OA-D,557,Cottonwood,AZ,LPT,15.0,34.68667,-112.11717
K28OY-D,557,Sierra Vista,AZ,LPT,15.0,31.48172,-109.95972
K28PO-D,557,Lake Havasu City,AZ,LPT,15.0,34.6025,-114.37111
K29FD-D,563,Lake Havasu City,AZ,LPT,15.0,34.6025,-114.37111
K29LM-D,563,"Cottonwood, Etc.",AZ,LPT,15.0,34.68667,-112.11717
K29LO-D,563,Kingman,AZ,LPT,0.94,35.08139,-113.90467
K30DT-D,569,Flagstaff,AZ,LPT,1.73,35.24028,-111.59772
K30GG-D,569,Chloride,AZ,LPT,0.071,35.39692,-114.17189
K30GL-D,569,Many Farms,AZ,LPT,5.11,36.46031,-109.09331
K30JD-D,569,Prescott,AZ,LPT,1.2,34.49017,-112.53394
K30LL-D,569,Kingman,AZ,LPT,2.0,35.0825,-113.90439
K30MM-D,569,Phoenix,AZ,LPD,15.0,33.33253,-112.06653
K30OI-D,569,Camp Verde,AZ,LPT,0.122,34.47,-111.87347
K31BI-D,575,Kingman,AZ,LPT,2.15,35.11028,-113.88272
K31EA-D,575,Littlefield,AZ,LPD,2.53,37.15525,-113.88328
K31GZ-D,575,Lake Havasu City,AZ,LPT,15.0,34.6025,-114.37111
K31KS-D,575,"Lechee, Etc.",AZ,LPT,0.1,36.85561,-111.44128
K31NE-D,575,Williams,AZ,LPT,1.28,35.20028,-112.20433
K31NF-D,575,"Verde Valley, Etc.",AZ,LPD,2.26,34.68722,-112.11736
K31NV-D,575,Globe-Miami,AZ,LPT,1.0,33.342,-110.87122
K31PA-D,575,Dolan Springs,AZ,LPT,0.348,35.59497,-114.24689
K32DW-D,581,Chloride,AZ,LPT,0.08,35.39692,-114.17189
K32LO-D,581,Prescott,AZ,LPD,1.2,34.49025,-112.53333
K32ME-D,581,"Camp Verde, Etc.",AZ,LPT,0.122,34.47,-111.87347
K32PG-D,581,Phoenix,AZ,LPT,15.0,33.3325,-112.06639
K33IY-D,587,"Le Chee, Etc.",AZ,LPT,0.1,36.85561,-111.44128
K33MD-D,587,Yuma,AZ,LPD,15.0,32.67364,-114.33769
K33NZ-D,587,Cottonwood,AZ,LPT,15.0,34.68667,-112.11736
K33OD-D,587,Kingman,AZ,LPT,1.0,35.08139,-113.90467
K33QC-D,587,Window Rock,AZ,LPD,2.52,35.68083,-109.05294
K34EE-D,593,Prescott-Cottonwood,AZ,LPT,1.6,34.68639,-112.11681
K34PE-D,593,Dolan Springs,AZ,LPT,1.92,35.59497,-114.24689
K34PG-D,593,Payson,AZ,LPD,3.0,34.28761,-111.19289
K34QY-D,593,Golden Valley,AZ,LPT,3.0,35.335,-114.21556
K35EE-D,599,Moccasin,AZ,LPT,2.52,36.90608,-112.81408
K35EI-D,599,Dolan Springs,AZ,LPT,1.38,35.59497,-114.24689
K35MU-D,599,"Cottonwood, Etc.",AZ,LPT,4.37,34.68667,-112.11708
K35MX-D,599,Kingman,AZ,LPT,0.98,35.08139,-113.90467
K35OU-D,599,Tucson,AZ,LPD,9.2,32.415,-110.71608
K35PR-D,599,Show Low,AZ,LPT,1.2,34.20611,-109.94278
K36AE-D,605,Clarkdale,AZ,LPT,15.0,34.68689,-112.11708
K36FZ-D,605,Meadview,AZ,LPT,1.0,35.86331,-114.09661
K36JX-D,605,Many Farms,AZ,LPT,1.3,36.46014,-109.09297
K36PE-D,605,Peach Springs,AZ,LPT,0.072,35.53608,-113.43186
K36QP-D,605,Snowflake,AZ,LPT,1.2,34.20611,-109.94278
KAET,183,Phoenix,AZ,DTV,40.0,33.33333,-112.06444
KASW,551,Phoenix,AZ,DTS,445.0,33.33361,-112.06306
KAZF,581,Flagstaff,AZ,DTV,100.0,34.96878,-111.5085
KAZS,551,Yuma,AZ,DTV,100.0,33.05058,-114.82803
KAZT-CD,605,Phoenix,AZ,DCA,15.0,33.33389,-112.06194
KAZT-TV,177,Prescott,AZ,DTV,3.2,34.6875,-112.11764
KBFY-LD,57,Fortuna,AZ,LPD,3.0,33.05058,-114.82803
KDOS-LD,503,Globe,AZ,LPD,12.0,33.28922,-110.82981
KDPH-LD,213,Phoenix,AZ,LPD,3.0,33.33444,-112.06222
KDTP,201,Holbrook,AZ,DTV,3.2,34.92039,-110.132
KDVD-LD,539,Phoenix,AZ,LPD,15.0,33.33253,-112.06653
KESE-LD,599,Yuma,AZ,LPD,8.0,32.64194,-114.56028
KFPH-CD,599,Phoenix,AZ,DCA,15.0,33.33333,-112.06361
KFPH-DT,213,Flagstaff,AZ,DTV,33.0,34.96828,-111.51003
KFTU-CD,497,Tucson,AZ,DCA,15.0,32.415,-110.71608
KFTU-DT,605,Douglas,AZ,DTV,5.0,31.48203,-109.9595
KGRF-LD,515,Gila River Indian Co,AZ,LPD,15.0,33.37697,-112.22608
KGRQ-LD,515,Gila River Indian Co,AZ,LPD,15.0,33.00192,-111.67444
KGRX-LD,503,Gila River Indian Co,AZ,LPD,15.0,33.33258,-112.06583
KGRY-LD,557,Gila River Indian Co,AZ,LPD,15.0,33.33258,-112.06583
KGUN-TV,189,Tucson,AZ,DTV,36.5,32.41544,-110.71475
KHRR,485,Tucson,AZ,DTV,396.0,32.24883,-111.11642
KKAX-LD,605,Hilltop,AZ,LPD,0.022,35.08139,-113.90467
KMOH-TV,503,Kingman,AZ,DTV,25.2,35.0325,-114.36633
KMSB,539,Tucson,AZ,DTV,480.0,32.41556,-110.71444
KNAZ-TV,521,Flagstaff,AZ,DTV,283.0,34.96833,-111.50861
KNXV-TV,479,Phoenix,AZ,DTV,550.0,33.33422,-112.06125
KOLD-TV,581,Tucson,AZ,DTV,108.0,32.41556,-110.71444
KPAZ-TV,509,Phoenix,AZ,DTV,1000.0,33.33406,-112.06236
KPCE-LD,563,Tucson,AZ,LPD,15.0,32.26553,-111.11667
KPDF-CD,521,Phoenix,AZ,DCA,15.0,33.33335,-112.06318
KPHE-LD,485,Phoenix,AZ,LPD,15.0,33.33361,-112.06333
KPHO-TV,491,Phoenix,AZ,DTV,1000.0,33.33389,-112.06194
KPNX,497,Mesa,AZ,DTV,1000.0,33.33333,-112.06417
KPPX-TV,575,Tolleson,AZ,DTV,645.0,33.33422,-112.06125
KSAZ-TV,195,Phoenix,AZ,DTV,48.0,33.33417,-112.06278
KTAZ,563,Phoenix,AZ,DTV,595.0,33.33422,-112.06125
KTTU,503,Tucson,AZ,DTV,480.0,32.41556,-110.71444
KTVK,533,Phoenix,AZ,DTV,1000.0,33.33361,-112.06333
KTVP-LD,527,Phoenix,AZ,LPD,15.0,33.3325,-112.06639
KTVW-CD,551,Flagstaff/Doney Park,AZ,DCA,15.0,34.96828,-111.51003
KTVW-DT,587,Phoenix,AZ,DTV,560.0,33.33333,-112.06361
KUAS-TV,557,Tucson,AZ,DTV,50.0,32.21478,-111.00647
KUAT-TV,569,Tucson,AZ,DTV,667.5,32.41539,-110.71506
KUDF-LP,473,Tucson,AZ,LPD,3.02,32.415,-110.71608
KUTP,545,Phoenix,AZ,DTV,1000.0,33.33425,-112.062
KUVE-CD,605,Tucson,AZ,DCA,15.0,32.24883,-111.11664
KUVE-DT,593,Green Valley,AZ,DTV,185.0,32.415,-110.71608
KVOA,527,Tucson,AZ,DTV,405.0,32.41556,-110.71444
KVPA-LD,593,Phoenix,AZ,LPD,15.0,33.33253,-112.06653
KWBA-TV,515,Sierra Vista,AZ,DTV,525.0,31.75883,-110.80153
KYMA-DT,213,Yuma,AZ,DTV,50.0,33.05514,-114.82822
KYUM-LD,479,Yuma,AZ,LPD,1.8,32.6725,-114.33611
K02EE-D,57,Weaverville,CA,LPT,0.015,40.71958,-122.98056
K02OD-D,57,Shelter Cove,CA,LPT,0.068,40.03383,-124.04058
K02QP-D,57,Chowchilla,CA,LPD,0.2,37.21722,-120.2
K02QX-D,57,Morgan Hill,CA,LPD,3.0,37.11883,-121.83356
K03JB-D,63,Temecula,CA,LPT,3.0,33.59289,-117.14831
K04QC-D,69,Palermo,CA,LPD,3.0,39.46278,-121.58139
K04QR-D,69,Esparto,CA,LPD,0.3,38.64806,-121.09842
K04SF-D,69,Modesto,CA,LPD,3.0,37.64983,-121.02425
K05CF-D,79,Weaverville,CA,LPT,0.015,40.71958,-122.98056
K05CR-D,79,Hayfork,CA,LPT,0.007,40.49264,-123.19889
K05DQ-D,79,"Burney, Etc.",CA,LPT,0.045,41.00361,-121.48278
K05EM-D,79,Paradise,CA,LPT,0.01,39.80681,-121.62747
K06IQ-D,85,Newberry Springs,CA,LPT,0.208,34.83397,-116.68133
K06QL-D,85,Modesto,CA,LPD,0.15,37.57944,-120.84778
K06QM-D,85,Petaluma,CA,LPD,0.1,38.33222,-122.59556
K07AAN-D,177,Santa Maria,CA,LPD,1.0,34.95036,-120.49222
K07GJ-D,177,Hoopa,CA,LPT,0.143,41.12011,-123.71422
K08MM-D,479,Bakersfield,CA,DCA,5.0,35.43808,-118.74064
K08OB-D,183,Newell,CA,LPT,0.0043,41.85456,-121.32947
K09AAF-D,189,Monterey,CA,LPD,0.7,36.75611,-121.50278
K09XW-D,189,"Palm Desert, Etc.",CA,LPT,0.154,33.86664,-116.43483
K10IX-D,195,Newberry Springs,CA,LPT,0.247,34.83397,-116.68133
K10OG-D,195,Lompoc,CA,DCA,3.0,34.74025,-120.44597
K10RY-D,195,San Juan Bautista,CA,LPD,0.2,36.535,-121.62172
K11XS-D,201,Modesto,CA,LPD,3.0,37.89872,-121.11003
K11XU-D,201,El Centro,CA,LPD,3.0,33.05289,-114.82875
K12JJ-D,207,"Benbow, Etc.",CA,LPT,0.026,40.12041,-123.69242
K12XN-D,207,Salinas,CA,LPD,0.085,36.53697,-121.62692
K12YB-D,207,Modesto,CA,LPD,3.0,37.64158,-121.00286
K13AAX-D,213,Redding,CA,LPD,1.4,40.61111,-122.38208
K13ZL-D,213,Fresno,CA,LPD,0.3,37.53361,-120.03167
K14AT-D,473,Ridgecrest,CA,LPT,0.5,35.47994,-117.68311
K14HX-D,473,Lakehead,CA,LPT,0.58,40.91448,-122.4445
K14SD-D,473,South Lake Tahoe,CA,LPT,0.47,39.32325,-119.94408
K14TG-D,473,Monterey,CA,LPD,3.0,36.55233,-121.78917
K14TK-D,473,Santa Maria,CA,LPD,0.2,34.95036,-120.49222
K15CU-D,479,Salinas,CA,LPD,5.74,36.75633,-121.50242
K15FC-D,479,Twentynine Palms,CA,LPT,0.435,34.07903,-115.95719
K15FJ-D,479,Lakeport,CA,LPD,0.2,39.04294,-122.76694
K15HJ-D,479,"Ridgecrest, Etc.",CA,LPT,1.0,35.47994,-117.68311
K16FC-D,485,San Luis Obispo,CA,LPT,15.0,35.36025,-120.65656
K16IW-D,485,Redding,CA,LPD,5.0,40.65403,-122.52111
K16JJ-D,485,Eureka,CA,LPD,0.5,40.74194,-124.19944
K16JW-D,485,Ridgecrest,CA,LPT,1.0,35.47994,-117.68311
K17BA-D,491,Yreka,CA,LPT,1.092,41.61033,-122.62489
K17BN-D,491,Needles,CA,LPT,1.43,35.03583,-114.37133
K17CG-D,491,Ukiah,CA,LPT,2.24,39.11678,-123.094
K17GD-D,491,Paso Robles,CA,DCA,15.0,35.64578,-120.73878
K17GJ-D,491,Twentynine Palms,CA,LPT,0.435,34.07903,-115.95719
K17HE-D,491,"Susanville, Etc",CA,LPD,0.36,40.44664,-120.35792
K17HY-D,491,"Ridgecrest, Etc.",CA,LPT,1.0,35.47994,-117.68311
K17JI-D,491,Fresno,CA,DCA,15.0,36.74578,-119.28344
K17PH-D,491,Bakersfield,CA,LPT,15.0,35.43808,-118.74064
K18HD-D,497,Bakersfield,CA,LPD,12.43,35.43808,-118.74064
K18IM-D,497,Daggett,CA,LPT,0.33,34.88528,-116.89667
K18LJ-D,497,"Dunsmur, Etc",CA,LPT,0.015,41.22486,-122.30111
K18ND-D,497,Chico And Paradise,CA,LPT,7.0,39.95794,-121.71469
K19GA-D,503,"Susanville, Etc",CA,LPT,0.36,40.44664,-120.35792
K19GL-D,503,Yreka,CA,LPT,0.12,41.61022,-122.62483
K19IS-D,503,Inyokern,CA,LPT,0.65,35.47967,-117.68311
K19NB-D,503,Gustine,CA,LPD,15.0,37.05528,-120.805
K19NH-D,503,Redding,CA,LPD,5.0,40.65419,-122.52103
K19NJ-D,503,Santa Barbara,CA,LPT,12.0,34.46575,-119.67828
K19NV-D,503,El Centro/Holtville,CA,LPD,15.0,32.72683,-115.37311
K20CN-D,509,"Fortuna, Rio Dell",CA,LPD,3.5,40.41983,-124.08447
K20DE-D,509,Alturas/Likely,CA,LPT,0.9,41.15489,-120.56383
K20JX-D,509,Sacramento,CA,DCA,4.7,38.83278,-121.31917
K20LH-D,509,Ridgecrest,CA,LPT,1.0,35.47994,-117.68311
K20OO-D,509,Ceres,CA,LPD,3.0,37.49078,-120.87414
K21AC-D,515,"Victorville, Etc.",CA,LPT,0.5,34.61081,-117.28753
K21CD-D,515,Ukiah,CA,LPT,2.24,39.11678,-123.094
K21DO-D,515,Palm Springs,CA,DCA,15.0,33.86694,-116.435
K21IN-D,515,"Ridgecrest, Etc.",CA,LPT,1.0,35.47994,-117.68311
K21MH-D,515,Daggett,CA,LPT,0.33,34.88528,-116.89667
K21MO-D,515,Riverside,CA,LPD,0.59,33.72531,-116.75031
K21OO-D,515,"South Eureka, Loleta",CA,LPD,0.328,40.71639,-124.20361
K21OY-D,515,Chico,CA,LPD,9.0,39.95806,-121.71472
K21PI-D,515,Monterey,CA,LPD,5.0,36.75611,-121.50278
K21PL-D,515,Bakersfield,CA,LPD,0.1,35.43808,-118.74064
K22MD-D,521,Anderson/Centrl Val.,CA,LPD,2.5,40.60264,-122.65111
K22NA-D,521,"Inyokern, Etc",CA,LPT,0.65,35.47975,-117.68322
K22OP-D,521,Santa Barbara,CA,LPD,15.0,34.50275,-119.84986
K23IS-D,527,"Ridgecrest, Etc.",CA,LPT,1.0,35.47994,-117.68311
K23ML-D,527,Newberry Springs,CA,LPT,0.33,34.88528,-116.89667
K23NI-D,527,Crescent City,CA,LPD,10.8,41.96944,-124.18786
K23OM-D,527,Victorville,CA,LPT,8.87,34.60989,-117.28775
K23PH-D,527,Yuba City,CA,LPD,15.0,39.75122,-121.759
K24LS-D,533,Lucerne Valley,CA,LPT,1.3,34.60994,-117.28794
K24MI-D,533,Redding,CA,LPD,0.3,40.65417,-122.52417
K24ON-D,533,Ridgecrest,CA,LPT,0.65,35.47975,-117.68322
K25AD-D,539,"Victorville, Etc.",CA,LPT,1.28,34.61081,-117.28753
K25NO-D,539,Gasquet,CA,LPD,1.23,41.83047,-123.87811
K25OT-D,539,"Susanville, Etc",CA,LPD,0.36,40.44664,-120.35792
K25PL-D,539,Ridgecrest,CA,LPT,0.65,35.47975,-117.68322
K25QB-D,539,Lucerne Valley,CA,LPT,15.0,34.46306,-116.87972
K25QL-D,539,Chico,CA,LPD,15.0,39.75122,-121.759
K25RF-D,539,Vista,CA,LPT,1.0,33.21475,-117.18836
K26FT-D,545,Santa Barbara,CA,LPT,0.274,34.46553,-119.67872
K26MT-D,545,Paso Robles,CA,LPT,0.42,35.64578,-120.73878
K26MW-D,545,Lucerne Valley,CA,LPT,1.3,34.60994,-117.28794
K26PP-D,545,Santa Maria-Lompoc,CA,LPD,6.85,34.91028,-120.18694
K26PQ-D,545,Oroville,CA,LPD,5.0,39.46278,-121.58139
K26PR-D,545,Needles,CA,LPD,15.0,34.82861,-114.61136
K27AE-D,551,"Victorville, Etc.",CA,LPT,1.28,34.61081,-117.28753
K27EE-D,551,Ukiah,CA,LPT,2.24,39.11678,-123.094
K27NE-D,551,"Susanville, Etc",CA,LPD,0.34,40.44664,-120.35792
K27NX-D,551,Ridgecrest,CA,LPT,0.65,35.47975,-117.68322
K27ON-D,551,Lucerne Valley,CA,LPT,15.0,34.46306,-116.87972
K27PE-D,551,Gustine,CA,LPD,15.0,37.64983,-121.02425
K27PG-D,551,Crescent City,CA,LPD,15.0,41.77028,-124.20056
K28CY-D,557,Lewiston,CA,LPT,0.14,40.68995,-122.83339
K28DB-D,557,Fall River Mills,CA,LPT,0.066,41.00361,-121.48278
K29GK-D,563,"Twentynine Palms,Etc",CA,LPT,0.9,34.07903,-115.95719
K29LS-D,563,Calexico,CA,LPD,15.0,32.67506,-115.37808
K29LT-D,563,"Susanville, Etc",CA,LPT,0.34,40.44664,-120.35792
K29NN-D,563,Lucerne Valley,CA,LPD,15.0,34.46306,-116.87972
K29OI-D,563,Redding,CA,LPD,1.0,40.65861,-122.37306
K30GU-D,569,Morongo Valley,CA,LPT,0.435,34.065,-116.54583
K30JS-D,569,Yreka,CA,LPT,3.0,41.60931,-122.62556
K30MN-D,569,Barstow,CA,LPD,0.2,34.9,-117.02694
K30NY-D,569,"Victorville, Etc.",CA,LPD,1.43,34.60994,-117.28794
K30OM-D,569,Monterey,CA,LPT,5.41,36.75611,-121.50278
K30PZ-D,569,Litchfield,CA,LPD,0.68,40.11692,-120.31764
K30QC-D,569,Ridgecrest,CA,LPT,0.65,35.47975,-117.68322
K31AD-D,575,"Victorville, Etc.",CA,LPT,1.28,34.61081,-117.28753
K31GK-D,575,Ukiah,CA,LPT,2.24,39.11678,-123.094
K31HY-D,575,"Needles, Etc.",CA,LPT,1.06,35.03583,-114.37133
K31IE-D,575,"Susanville, Etc",CA,LPT,0.36,40.44664,-120.35792
K31KE-D,575,"San Luis Obispo, Etc",CA,LPT,15.0,35.36053,-120.65683
K31MB-D,575,Ridgecrest,CA,LPT,0.02,35.62094,-117.67264
K31ND-D,575,Oroville,CA,LPT,0.68,39.65111,-121.46306
K31OL-D,575,Salinas,CA,LPD,15.0,36.53828,-121.62631
K31PS-D,575,Lakeshore,CA,LPD,1.32,40.91444,-122.445
K32EM-D,581,Morongo Valley,CA,LPT,0.435,34.065,-116.54583
K32LQ-D,581,Yreka,CA,LPT,2.32,41.72511,-122.62658
K32LT-D,581,San Luis Obispo,CA,DCA,12.5,35.36025,-120.656
K32MJ-D,581,Litchfield,CA,LPT,0.68,40.11692,-120.31764
K32NA-D,581,Ridgecrest,CA,LPT,0.65,35.47975,-117.68322
K32OI-D,581,Eureka,CA,LPD,0.3,40.74194,-124.19944
K32OX-D,581,Lucerne Valley,CA,LPT,1.3,34.60994,-117.28794
K32PC-D,581,Chico,CA,LPD,15.0,39.95806,-121.71472
K33HH-D,587,Redding,CA,LPD,2.5,40.654,-122.52148
K33ID-D,587,Ridgecrest,CA,LPT,0.5,35.48022,-117.68311
K33QS-D,587,"Santa Barbara, Etc.",CA,LPT,5.7,34.52525,-119.95903
K33QW-D,587,Oroville,CA,LPT,5.0,39.46278,-121.58139
K33QY-D,587,Salinas,CA,LPD,0.2,36.53697,-121.62692
K34EU-D,593,Morongo Valley,CA,LPT,0.435,34.065,-116.54583
K34KK-D,593,Litchfield,CA,LPT,0.275,40.11683,-120.31936
K34OW-D,593,Yreka,CA,LPD,2.06,41.72511,-122.62658
K34QQ-D,593,Tahoe City,CA,LPT,3.0,39.31017,-119.88469
K35LA-D,599,Palm Springs,CA,LPT,15.0,33.86664,-116.43483
K35LF-D,599,Eureka,CA,LPT,15.0,40.72642,-123.97519
K35OZ-D,599,Chico,CA,LPD,0.2,39.77611,-121.84833
K35PJ-D,599,Simi Valley,CA,LPD,0.2,34.29733,-119.27353
K35PK-D,599,Monterey,CA,LPD,15.0,36.75606,-121.50269
K36HH-D,605,"Susanville, Etc",CA,LPT,0.36,40.44664,-120.35792
K36HM-D,605,Fort Dick,CA,LPT,2.4,42.12286,-124.30008
K36JH-D,605,Barstow,CA,LPD,4.0,34.61211,-117.29225
K36NY-D,605,Yreka,CA,LPD,2.0,41.74833,-122.70128
K36QH-D,605,Santa Barbara,CA,LPD,15.0,34.46581,-119.67789
K36QQ-D,605,Modesto,CA,LPD,15.0,37.64983,-121.02425
KAAP-LD,533,Santa Cruz,CA,LPD,0.55,37.48806,-121.8675
KABC-TV,177,Los Angeles,CA,DTV,50.0,34.22694,-118.06694
KABE-CD,599,Bakersfield,CA,DCA,13.0,35.43799,-118.74094
KACA-LP,593,Modesto,CA,LPD,10.0,37.72917,-121.19806
KAEF-TV,521,Arcata,CA,DTV,45.0,40.72731,-123.97253
KAHC-LD,569,Sacramento,CA,LPD,15.0,38.64806,-121.47817
KAIL,177,Fresno,CA,DTV,48.8,37.07192,-119.43119
KAJB,605,Calipatria,CA,DTV,155.0,33.05058,-114.82803
KAKZ-LD,69,Cathedral City,CA,LPD,3.0,33.86639,-116.43472
KAXT-CD,521,"San Franciso, San Jo",CA,DCA,15.0,37.49917,-121.87222
KAZA-TV,521,Avalon,CA,DTV,15.0,34.21331,-118.06231
KBAB-LD,527,Santa Barbara,CA,LPD,15.0,34.52456,-119.96067
KBAK-TV,587,Bakersfield,CA,DTV,110.0,35.453,-118.59119
KBBV-CD,503,Bakersfield,CA,DCA,11.0,35.453,-118.59119
KBEH,69,Garden Grove,CA,DTV,35.0,34.21331,-118.06231
KBFK-LP,605,Bakersfield,CA,LPD,15.0,35.43772,-118.74203
KBFX-CD,563,Bakersfield,CA,DCA,15.0,35.453,-118.59119
KBID-LD,533,Fresno,CA,LPD,15.0,37.07361,-119.43194
KBIS-LD,557,Modesto,CA,LPD,10.0,37.64983,-121.02425
KBKF-LD,85,San Jose,CA,LPD,2.0,37.11081,-121.84467
KBNT-CD,533,San Diego,CA,DCA,15.0,32.83889,-117.24972
KBSV,479,Ceres,CA,DTV,0.421,37.50769,-121.37331
KBTF-CD,575,Bakersfield,CA,DCA,14.2,35.43799,-118.74094
KBTV-CD,551,Sacramento,CA,DCA,15.0,38.56636,-121.48067
KBVU,557,Eureka,CA,DTV,50.0,40.72731,-123.97253
KCAL-TV,189,Los Angeles,CA,DTV,25.0,34.22722,-118.0675
KCBA,201,Salinas,CA,DTV,19.75,36.75611,-121.50278
KCBS-TV,575,Los Angeles,CA,DTV,485.0,34.23194,-118.0725
KCBT-LD,593,Bakersfield,CA,LPD,15.0,35.43772,-118.74203
KCCF-LD,587,Atascadero,CA,LPD,15.0,35.28214,-120.81258
KCET,557,Los Angeles,CA,DTV,150.0,34.22389,-118.06306
KCNS,581,San Francisco,CA,DTV,1000.0,37.75528,-122.45278
KCNZ-CD,515,San Francisco,CA,DCA,15.0,37.68675,-122.43536
KCOP-TV,213,Los Angeles,CA,DTV,120.0,34.22472,-118.06417
KCOY-TV,503,Santa Maria,CA,DTV,130.0,34.91028,-120.18694
KCRA-TV,599,Sacramento,CA,DTV,1000.0,38.265,-121.49111
KCSO-LD,63,Sacramento,CA,LPD,3.0,38.27167,-121.50611
KCVU,569,Paradise,CA,DTV,500.0,39.96186,-121.71197
KCWQ-LD,509,Palm Springs,CA,LPD,0.325,33.86614,-116.43472
KDAS-LD,539,Santa Rosa,CA,LPD,3.0,38.50889,-122.66333
KDBK-LD,557,Bakersfield,CA,LPD,15.0,35.45383,-118.59453
KDFS-CD,569,Santa Maria,CA,DCA,14.4,34.89783,-120.59067
KDFX-CD,587,Indio/Palm Springs,CA,DCA,15.0,33.86614,-116.43472
KDJT-CD,545,"Salinas/Monterey,Etc",CA,DCA,15.0,36.75633,-121.50242
KDOC-TV,207,Anaheim,CA,DTV,110.0,34.23194,-118.0725
KDTF-LD,485,San Diego,CA,LPD,15.0,32.83889,-117.24972
KDTS-LD,473,San Francisco,CA,LPD,15.0,37.75528,-122.45278
KDTV-CD,515,Santa Rosa,CA,DCA,11.0,38.669,-122.63164
KDTV-DT,509,San Francisco,CA,DTV,475.0,37.49917,-121.87222
KEBK-LD,551,Bakersfield,CA,LPD,15.0,35.45383,-118.59453
KECA-LD,563,Eureka,CA,LPD,15.0,40.72731,-123.97253
KECY-TV,189,El Centro,CA,DTV,50.0,33.05531,-114.82969
KEDB,69,Fort Bragg,CA,DTV,1.0,39.69375,-123.57972
KEDD-LD,551,Los Angeles,CA,LPD,15.0,34.11897,-118.39247
KEDS,57,Colusa,CA,DTV,1.3,39.20539,-121.82056
KEDZ,63,Tulare,CA,DTV,2.0,36.28728,-118.8385
KEET,201,Eureka,CA,DTV,38.2,40.72831,-123.97264
KEFM-LD,85,Sacramento,CA,LPD,3.0,38.70781,-121.47675
KEMO-TV,581,Fremont,CA,DTV,1000.0,37.75528,-122.45278
KEMY-LD,587,Eureka,CA,LPD,4.0,40.72642,-123.97519
KERO-TV,195,Bakersfield,CA,DTV,10.8,35.45383,-118.59453
KESQ-TV,557,Palm Springs,CA,DTV,100.0,33.86614,-116.43472
KEUV-LD,575,Eureka,CA,LPD,15.0,40.72642,-123.97519
KEVC-CD,605,Indio,CA,DCA,5.8,33.86558,-116.43361
KEYT-TV,551,Santa Barbara,CA,DTV,250.0,34.52556,-119.95889
KEZT-CD,593,Sacramento,CA,DCA,15.0,38.56636,-121.48067
KFAZ-CA,497,Visalia,CA,DCA,15.0,36.74578,-119.28344
KFKK-LD,581,Stockton,CA,LPD,15.0,37.64983,-121.02425
KFLA-LD,183,Los Angeles,CA,LPD,3.0,34.22667,-118.06728
KFMB-TV,183,San Diego,CA,DTV,19.8,32.83806,-117.25
KFMS-LD,575,Sacramento,CA,LPD,15.0,38.64806,-121.47817
KFRE-TV,605,Sanger,CA,DTV,360.0,37.07694,-119.43444
KFSF-DT,593,Vallejo,CA,DTV,625.0,37.75528,-122.45278
KFSN-TV,569,Fresno,CA,DTV,400.0,37.07694,-119.43444
KFTR-DT,563,Ontario,CA,DTV,370.0,34.22669,-118.06731
KFTV-DT,515,Hanford,CA,DTV,316.0,37.07278,-119.43139
KFTY-LD,57,Middletown,CA,LPD,3.0,38.66906,-122.63247
KFUL-LD,527,San Luis Obispo,CA,LPD,2.0,35.36056,-120.65684
KFVD-LD,479,Porterville,CA,LPD,15.0,36.23606,-119.30122
KGBY-LD,195,Palm Springs,CA,LPD,0.23,33.80172,-116.22519
KGEC-LD,545,Redding,CA,LPD,7.5,40.65403,-122.525
KGET-TV,539,Bakersfield,CA,DTV,135.0,35.43808,-118.74064
KGMC,201,Merced,CA,DTV,45.0,37.07411,-119.43244
KGO-TV,207,San Francisco,CA,DTV,47.0,37.75528,-122.45278
KGPE,593,Fresno,CA,DTV,185.0,37.07056,-119.42611
KGTV,195,San Diego,CA,DTV,20.7,32.83889,-117.24972
KHIZ-LD,57,Los Angeles,CA,LPD,3.0,34.23194,-118.0725
KHSC-LD,485,Fresno,CA,LPD,13.1,37.074,-119.43256
KHSL-TV,605,Chico,CA,DTV,170.0,39.95794,-121.71469
KHTV-CD,521,Los Angeles,CA,DCA,15.0,34.21331,-118.06231
KICU-TV,605,San Jose,CA,DTV,550.0,37.48806,-121.8675
KIEM-TV,63,Eureka,CA,DTV,12.5,40.73028,-123.95306
KIFR,521,Visalia,CA,DTV,126.0,36.28728,-118.8385
KIIO-LD,195,Los Angeles,CA,LPD,3.0,34.16417,-118.197
KILA-LD,183,Cherry Valley,CA,LPD,3.0,33.96611,-117.28944
KILM,533,Inglewood,CA,DTV,1000.0,34.22667,-118.06728
KIMG-LD,527,Ventura,CA,LPD,1.5,34.34917,-119.33528
KION-TV,581,Monterey,CA,DTV,105.0,36.53472,-121.62167
KIXE-TV,189,Redding,CA,DTV,15.0,40.60236,-122.65139
KJEO-LD,473,Fresno,CA,LPD,15.0,36.74594,-119.28402
KJHP-LD,521,Morongo Valley,CA,LPD,15.0,33.86575,-116.43367
KJKZ-LD,207,Fresno,CA,LPD,3.0,36.74589,-119.284
KJLA,569,Ventura,CA,DTV,1000.0,34.22647,-118.06692
KJOU-LD,207,Bakersfield,CA,LPD,3.0,35.43772,-118.74147
KKDJ-LD,183,Santa Maria,CA,LPD,0.3,34.91025,-120.18653
KKEY-LP,213,Bakersfield,CA,LPD,3.0,35.43808,-118.74064
KKFX-CD,533,San Luis Obispo,CA,DCA,15.0,35.36053,-120.65683
KKPM-CD,557,Nicolaus,CA,DCA,15.0,39.20556,-121.82056
KKPX-TV,587,San Jose,CA,DTV,510.0,37.68733,-122.43481
KKRM-LD,201,Chico,CA,LPD,1.0,39.95806,-121.71472
KKTF-LD,533,Chico,CA,LPD,15.0,39.96186,-121.712
KLCS,557,Los Angeles,CA,DTV,150.0,34.22389,-118.06306
KLDF-CD,491,Lompoc,CA,DCA,15.0,34.74167,-120.44703
KLFA-LD,539,Santa Maria,CA,LPD,15.0,34.83497,-120.38319
KLFB-LD,521,Salinas,CA,LPD,15.0,36.53472,-121.62167
KMAX-TV,533,Sacramento,CA,DTV,1000.0,38.24,-121.50194
KMBY-LD,563,Monterey,CA,LPD,15.0,36.53828,-121.62631
KMCA-LD,195,Redding,CA,LPD,0.175,40.54436,-122.50169
KMCE-LD,533,Monterey,CA,LPD,15.0,37.05778,-121.77611
KMCF-LD,85,Visalia,CA,LPD,3.0,36.74589,-119.284
KMEX-DT,593,Los Angeles,CA,DTV,500.0,34.22669,-118.06731
KMIR-TV,545,Palm Springs,CA,DTV,1000.0,33.86667,-116.43389
KMMD-CD,557,Salinas,CA,DCA,12.0,36.53467,-121.62019
KMPH-CD,503,Merced-Mariposa,CA,DCA,15.0,37.53306,-120.02694
KMPH-TV,557,Visalia,CA,DTV,245.0,36.66722,-118.87917
KMRZ-LD,545,Pomona,CA,LPD,2.02,34.1875,-117.70028
KMSG-LD,563,Fresno,CA,LPD,15.0,36.74589,-119.284
KMSX-LD,587,Sacramento,CA,LPD,12.0,38.70781,-121.47675
KMTP-TV,581,San Francisco,CA,DTV,1000.0,37.75528,-122.45278
KMUM-CD,503,Sacramento,CA,DCA,15.0,38.70781,-121.47675
KMUV-LD,527,Monterey,CA,LPD,15.0,36.75633,-121.50242
KNBC,605,Los Angeles,CA,DTV,1000.0,34.22556,-118.06528
KNET-CD,581,Los Angeles,CA,DCA,15.0,34.23194,-118.0725
KNLA-CD,581,Los Angeles,CA,DCA,15.0,34.23194,-118.0725
KNSD,491,San Diego,CA,DTV,387.0,32.69686,-116.93589
KNSO,551,Clovis,CA,DTV,385.0,37.07197,-119.43125
KNTV,213,San Jose,CA,DTV,95.0,37.68514,-122.43461
KNVN,509,Chico,CA,DTV,300.0,40.2585,-122.09011
KNXT-LD,521,Visalia,CA,LPD,126.0,36.28728,-118.8385
KOCE-TV,497,Huntington Beach,CA,DTV,1000.0,34.22383,-118.06331
KODG-LD,491,Palm Springs,CA,LPD,15.0,33.86675,-116.43361
KOFY-TV,515,San Francisco,CA,DTV,15.0,37.68675,-122.43536
KOTR-LD,177,Monterey,CA,LPD,0.7,36.53694,-121.62692
KOVR,539,Stockton,CA,DTV,1000.0,38.24,-121.50194
KPBS,503,San Diego,CA,DTV,285.0,32.69797,-116.93508
KPCD-LD,551,San Fernando,CA,LPD,0.4,34.19681,-117.04925
KPDI-LD,539,Palm Springs,CA,LPD,15.0,33.86747,-116.43364
KPIX-TV,563,San Francisco,CA,DTV,1000.0,37.75528,-122.45278
KPJC-LD,201,San Francisco,CA,LPD,0.075,37.68675,-122.43536
KPJK,551,San Mateo,CA,DTV,465.0,37.75528,-122.45278
KPMC-LD,581,Bakersfield,CA,LPD,15.0,35.43778,-118.74142
KPMR,515,Santa Barbara,CA,DTV,100.0,34.52442,-119.96069
KPOM-CD,551,Ontario,CA,DCA,15.0,34.21281,-118.06244
KPSE-LD,563,Palm Springs,CA,LPD,1.0,33.86667,-116.43389
KPSP-CD,497,Cathedral City,CA,DCA,15.0,33.86614,-116.43472
KPXN-TV,533,San Bernardino,CA,DTV,1000.0,34.22667,-118.06728
KPYX,557,San Francisco,CA,DTV,1000.0,37.75528,-122.45278
KQCA,527,Stockton,CA,DTV,425.0,38.265,-121.49111
KQED,569,San Francisco,CA,DTV,1000.0,37.75528,-122.45278
KQEH,569,San Jose,CA,DTV,1000.0,37.75528,-122.45278
KQET,539,Watsonville,CA,DTV,81.1,36.75633,-121.50242
KQMM-CD,563,Santa Maria,CA,DCA,15.0,34.90997,-120.18708
KQRM-LD,515,Petaluma,CA,LPD,15.0,37.68675,-122.43536
KQSL,183,Cloverdale,CA,DTS,26.0,39.69375,-123.57972
KQSL-LD,69,San Rafael,CA,LPD,3.0,37.75528,-122.45278
KQSX-LD,587,Mt. Shasta,CA,LPD,0.1,41.28667,-122.29806
KQTA-LD,213,San Francisco,CA,LPD,0.039,37.92908,-122.58692
KRCA,177,Riverside,CA,DTV,50.0,34.22694,-118.06694
KRCB,79,Cotati,CA,DTV,18.6,37.75528,-122.45278
KRCR-TV,479,Redding,CA,DTV,1000.0,40.60264,-122.65111
KRDT-CD,527,Redding,CA,DCA,15.0,40.65375,-122.52111
KRET-CD,575,Palm Springs,CA,DCA,15.0,33.86611,-116.43556
KRHT-LD,539,Redding,CA,LPD,15.0,40.65431,-122.52417
KRJR-LD,207,Sacramento,CA,LPD,3.0,38.64806,-121.47817
KRMV-LD,581,Riverside,CA,LPD,6.63,33.96014,-117.27867
KRON-TV,177,San Francisco,CA,DTV,50.0,37.75528,-122.45278
KRPE-LD,85,San Diego,CA,LPD,0.65,32.69628,-116.93708
KRVD-LD,195,Santa Ana,CA,LPD,3.0,33.94481,-117.82189
KRVU-LD,515,Redding,CA,LPD,6.0,40.65431,-122.52139
KSAO-LD,473,Sacramento,CA,LPD,15.0,38.64806,-121.09842
KSBB-CD,491,Santa Barbara,CA,DCA,15.0,34.40997,-119.70789
KSBO-CD,605,San Luis Obispo,CA,DCA,13.4,35.36094,-120.65694
KSBT-LD,581,Santa Barbara,CA,LPD,1.61,34.46581,-119.67817
KSBW,183,Salinas,CA,DTV,20.6,36.75633,-121.50242
KSBY,479,San Luis Obispo,CA,DTV,1000.0,35.36028,-120.65611
KSCD-LD,551,Hemet,CA,LPD,3.0,34.19694,-117.04944
KSCI,497,Long Beach,CA,DTV,1000.0,34.22383,-118.06331
KSCZ-LD,527,San Jose-San Francis,CA,LPD,15.0,37.49917,-121.87222
KSDI-LD,587,Fresno,CA,LPD,4.3,37.07411,-119.43244
KSDX-LD,189,San Diego,CA,LPD,0.275,32.69808,-116.935
KSDY-LD,575,San Diego,CA,LPD,15.0,32.69642,-116.93667
KSEE,509,Fresno,CA,DTV,221.0,37.07056,-119.42611
KSFV-CD,551,Los Angeles,CA,DCA,15.0,34.21281,-118.06244
KSGA-LD,63,Los Angeles,CA,LPD,2.45,34.14525,-117.79694
KSKJ-CD,545,Van Nuys,CA,DCA,15.0,34.21278,-118.06228
KSKT-CD,605,San Marcos,CA,DCA,15.0,33.00889,-116.97194
KSMS-TV,545,Monterey,CA,DTV,15.0,36.75633,-121.50242
KSMV-LD,527,Los Angeles,CA,LPD,15.0,34.32925,-118.6015
KSPX-TV,515,Sacramento,CA,DTV,1000.0,38.24722,-121.50194
KSTS,503,San Jose,CA,DTV,500.0,37.49917,-121.87222
KSTV-LD,581,Sacramento,CA,LPD,15.0,38.64806,-121.47817
KSWB-TV,545,San Diego,CA,DTV,350.0,32.69639,-116.93611
KTAS,593,San Luis Obispo,CA,DTV,80.4,35.36053,-120.65683
KTAV-LD,515,Los Angeles,CA,LPD,0.5,34.23194,-118.0725
KTBN-TV,587,Santa Ana,CA,DTV,1000.0,34.22417,-118.06311
KTBV-LD,551,Los Angeles,CA,LPD,0.1,34.82528,-118.95417
KTFF-DT,527,Porterville,CA,DTV,330.0,36.28708,-118.83861
KTFF-LD,575,Fresno,CA,LPD,15.0,37.07272,-119.43178
KTFK-DT,545,Stockton,CA,DTV,850.0,38.24,-121.50194
KTLA,599,Los Angeles,CA,DTV,1000.0,34.22667,-118.06639
KTLN-TV,521,Palo Alto,CA,DTV,15.0,37.49917,-121.87222
KTNC-TV,581,Concord,CA,DTV,1000.0,37.75528,-122.45278
KTSB-CD,599,Santa Maria,CA,DCA,0.69,34.91028,-120.18694
KTSF,509,San Francisco,CA,DTV,475.0,37.49917,-121.87222
KTTV,201,Los Angeles,CA,DTV,115.0,34.22472,-118.06417
KTVU,575,Oakland,CA,DTV,1000.0,37.75528,-122.45278
KTXL,521,Sacramento,CA,DTV,1000.0,38.27167,-121.50611
KUAN-LD,491,"Poway, Etc.",CA,LPD,387.0,32.69686,-116.93589
KUCO-LD,551,Chico,CA,LPD,15.0,39.9625,-121.71222
KUKR-LD,545,Santa Rosa,CA,LPT,6.0,38.50889,-122.66333
KUNA-LD,479,Indio,CA,LPD,15.0,33.80222,-116.22583
KURK-LD,63,San Francisco,CA,LPD,2.5,37.92908,-122.58692
KUSI-TV,497,San Diego,CA,DTV,355.0,32.6975,-116.93492
KUVI-DT,545,Bakersfield,CA,DTV,490.0,35.43799,-118.74094
KUVS-DT,497,Modesto,CA,DTV,500.0,38.11861,-120.72528
KVBC-LD,545,Reedley,CA,LPD,15.0,37.07361,-119.43194
KVCR-DT,79,San Bernardino,CA,DTV,25.8,33.96594,-117.28586
KVEA,539,Corona,CA,DTV,810.0,34.22556,-118.06528
KVER-CD,551,Indio,CA,DCA,15.0,33.86556,-116.43361
KVES-LD,605,Palm Springs,CA,LPD,0.01,33.80194,-116.225
KVFR-LD,183,Redding,CA,LPD,0.1,40.65417,-122.52417
KVHD-LD,581,Los Angeles,CA,LPD,6.63,33.96014,-117.27867
KVHF-LD,79,Fresno,CA,LPD,3.0,37.07383,-119.43206
KVIE,189,Sacramento,CA,DTV,33.7,38.27167,-121.50611
KVIQ-LD,473,Eureka,CA,LPD,15.0,40.73028,-123.95306
KVMD,527,Twentynine Palms,CA,DTS,201.0,34.03808,-116.81389
KVME-TV,509,Bishop,CA,DTV,1.9,37.41186,-118.18592
KVMM-CD,557,Santa Barbara,CA,DCA,11.5,34.46581,-119.67817
KVPS-LD,503,Palm Springs,CA,LPD,15.0,33.86583,-116.43361
KVPT,581,Fresno,CA,DTV,281.0,36.74589,-119.284
KVSD-LD,599,San Diego,CA,LPD,15.0,33.00889,-116.97194
KVVB-LD,587,Lucerne Valley,CA,LPD,0.8,34.60942,-117.28725
KVVG-LD,189,Porterville,CA,LPD,3.0,36.74589,-119.284
KVYE,521,El Centro,CA,DTV,1000.0,33.05058,-114.82803
KWHY-TV,69,Los Angeles,CA,DTV,35.0,34.21331,-118.06231
KWSM-LD,509,Santa Maria,CA,LPD,15.0,34.91025,-120.18653
KXBF-LD,473,Bakersfield,CA,LPD,1.0,35.35092,-118.89608
KXCH-LD,503,Chico,CA,LPD,15.0,39.75123,-121.75902
KXLA,569,Rancho Palos Verdes,CA,DTV,1000.0,34.22647,-118.06692
KXTV,195,Sacramento,CA,DTV,28.6,38.24,-121.50194
KXVU-LD,63,Chico,CA,LPD,0.1,39.96186,-121.71197
KYAV-LD,207,Palm Springs,CA,LPD,0.25,33.86611,-116.435
KYMB-LD,551,Monterey,CA,LPD,15.0,36.53828,-121.62631
KYUB-LD,479,Sacramento,CA,LPD,15.0,39.20556,-121.82056
KZGN-LD,545,Ridgecrest,CA,LPD,0.1,35.61656,-117.67052
KZHD-LD,521,Rohnert Park,CA,LPD,2.6,38.33222,-122.59556
KZKC-LD,557,Bakersfield,CA,LPD,15.0,35.45383,-118.59453
KZMM-CD,599,Fresno,CA,DCA,15.0,37.07197,-119.43125
KZNO-LD,85,Los Angeles,CA,LPD,3.0,34.21281,-118.06244
KZSD-LD,509,San Diego,CA,LPD,7.3,32.69628,-116.93619
KZSW-LD,195,Riverside,CA,LPD,3.0,33.96056,-117.27944
KZTC-LD,539,San Diego,CA,LPD,15.0,33.00889,-116.97194
KZVU-LD,521,Chico,CA,LPD,6.0,39.9625,-121.71222
K02OG-D,57,Dolores,CO,LPT,0.0044,37.46664,-108.52444
K02OS-D,57,Weber Canyon,CO,LPT,0.0024,37.29747,-108.30117
K02OU-D,57,Ismay Canyon,CO,LPT,0.0024,37.25219,-108.68842
K02QI-D,57,Hesperus,CO,LPT,0.0044,37.29944,-108.02644
K03AY-D,63,"Ridgway, Etc.",CO,LPT,0.022,38.18167,-107.77647
K04NK-D,69,Dolores,CO,LPT,0.0052,37.46664,-108.52444
K04ON-D,69,Weber Canyon,CO,LPT,0.0023,37.29747,-108.30117
K04OO-D,69,Ismay Canyon,CO,LPT,0.0024,37.25219,-108.68842
K04PJ-D,69,Hesperus,CO,LPT,0.005,37.29944,-108.02644
K05GA-D,79,Dolores,CO,LPT,0.0052,37.46664,-108.52444
K05JW-D,79,Ismay Canyon,CO,LPT,0.0024,37.25219,-108.68842
K05LI-D,79,Weber Canyon,CO,LPT,0.0023,37.29747,-108.30117
K05NN-D,79,Fort Collins,CO,LPD,3.0,40.52278,-104.99444
K06GW-D,85,New Castle,CO,LPT,0.005,39.56553,-107.53308
K06HZ-D,85,Paonia,CO,LPT,0.064,38.87453,-107.66183
K06NT-D,85,Dolores,CO,LPT,0.0052,37.46664,-108.52444
K07AAW-D,177,Westcliffe,CO,LPT,0.05,38.1275,-105.36942
K07KF-D,177,Thomasville,CO,LPT,0.016,39.35331,-106.68392
K07PA-D,177,Manitou Springs,CO,LPT,0.02,38.86386,-104.91442
K07UY-D,177,Cortez,CO,LPT,0.3,37.35025,-108.13422
K08ET-D,183,Durango,CO,LPT,1.75,37.26278,-107.90007
K08LL-D,183,Dolores,CO,LPT,0.0057,37.46664,-108.52444
K08MB-D,183,Weber Canyon,CO,LPT,0.0023,37.29747,-108.30117
K08ND-D,183,Akron,CO,LPT,0.026,40.28111,-103.09917
K08OX-D,183,Thomasville,CO,LPT,0.016,39.35331,-106.68392
K08RC-D,183,Breckenridge,CO,LPT,0.1,39.45969,-105.98
K09AAP-D,189,Westcliffe,CO,LPT,0.05,38.1275,-105.36942
K09DM-D,189,Cortez,CO,LPT,0.3,37.35025,-108.13422
K09PJ-D,189,Ouray,CO,LPT,0.02,38.01581,-107.667
K09YK-D,189,"Durango, Purgatory",CO,LPD,0.2,37.305,-107.85756
K09YO-D,189,Thomasville,CO,LPT,0.016,39.35331,-106.68392
K09ZS-D,189,Mesa,CO,LPD,0.02,38.72497,-108.80939
K10AD-D,195,Vallecito,CO,LPT,0.007,37.35903,-107.55353
K10MZ-D,195,Dolores,CO,LPT,0.0057,37.46664,-108.52444
K10NY-D,195,Ismay Canyon,CO,LPT,0.0024,37.25219,-108.68842
K10OD-D,195,Weber Canyon,CO,LPT,0.0023,37.29747,-108.30117
K10PM-D,195,Breckenridge,CO,LPT,0.1,39.45969,-105.98
K10PR-D,195,Thomasville,CO,LPT,0.016,39.35331,-106.68392
K10RB-D,195,Mesa,CO,LPT,0.2,39.08192,-108.20561
K10RS-D,195,Aspen,CO,LPD,0.45,39.19425,-106.81889
K11LM-D,201,Thomasville,CO,LPT,0.016,39.35331,-106.68392
K11LP-D,201,Cortez,CO,LPT,0.3,37.35025,-108.13422
K11UW-D,201,Akron,CO,LPT,0.026,40.28111,-103.09917
K11XJ-D,201,Colorado Springs,CO,LPD,3.0,38.89611,-104.79886
K12QH-D,207,Dolores,CO,LPT,0.0057,37.46664,-108.52444
K12QM-D,207,Thomasville,CO,LPT,0.016,39.35331,-106.68392
K12XK-D,207,Denver,CO,LPD,2.0,39.59989,-105.21022
K12YE-D,207,Breckenridge,CO,LPT,0.1,39.45969,-105.98
K13AT-D,213,Dolores,CO,LPT,0.0057,37.46664,-108.52444
K13ML-D,213,"Hotchkiss, Etc.",CO,LPT,0.268,38.71136,-107.60639
K13PJ-D,213,Vallecito,CO,LPT,0.007,37.35903,-107.55353
K13RD-D,213,Collbran,CO,LPT,0.005,39.23664,-107.97847
K13SN-D,213,Nucla,CO,LPT,0.02,38.25831,-108.68814
K13XG-D,213,Ismay Canyon,CO,LPT,0.0024,37.25219,-108.68842
K13XH-D,213,Weber Canyon,CO,LPT,0.0023,37.29747,-108.30117
K13XW-D,213,Akron,CO,LPT,0.026,40.28111,-103.09917
K13XX-D,213,Hesperus,CO,LPT,0.006,37.29944,-108.02644
K13ZI-D,213,Colorado Springs,CO,LPT,0.1,38.42222,-105.15194
K14JS-D,473,"Cortez, Etc",CO,LPT,2.0,37.36497,-108.14756
K14JZ-D,473,Peetz,CO,LPT,0.165,40.89186,-103.22972
K14KL-D,473,Pleasant Valley,CO,LPT,0.046,40.50969,-102.11461
K14LB-D,473,Idalia,CO,LPT,0.197,39.73056,-102.48278
K14NM-D,473,Anton & Sw Wash Cty,CO,LPT,0.435,39.85469,-103.34436
K14OV-D,473,Snowmass Village,CO,LPT,0.045,39.219,-106.90975
K14QU-D,473,Grand Junction,CO,LPD,5.0,38.87747,-108.22728
K14SA-D,473,Wray,CO,LPT,0.183,40.05417,-102.22611
K15FD-D,479,Holyoke,CO,LPT,0.208,40.51028,-102.35972
K15GL-D,479,"Trinidad, Valdez,Etc",CO,LPT,0.18,37.23722,-104.51497
K15GU-D,479,"Dove Creek, Etc",CO,LPT,0.35,37.76025,-108.91147
K15IF-D,479,Basalt,CO,LPT,0.075,39.35275,-107.09308
K15KG-D,479,"Eads, Etc.",CO,LPT,0.327,38.38264,-102.98111
K15LI-D,479,Sterling,CO,LPT,0.25,40.59111,-103.04019
K15MD-D,479,Wray,CO,LPT,0.189,40.05417,-102.22611
K15MH-D,479,Anton,CO,LPT,0.445,39.85469,-103.34436
K15MJ-D,479,"Cortez, Etc",CO,LPT,0.1,37.36522,-108.14797
K16CT-D,485,"Cortez, Etc",CO,LPT,2.0,37.36497,-108.14756
K16EJ-D,485,Peetz,CO,LPT,0.198,40.89186,-103.22972
K16EK-D,485,Idalia,CO,LPT,0.191,39.73056,-102.48278
K16ET-D,485,Pleasant Valley,CO,LPT,0.046,40.50969,-102.11461
K16FS-D,485,Woody Creek,CO,LPT,0.045,39.31036,-106.94861
K16GZ-D,485,Durango,CO,LPD,0.1,37.305,-107.85756
K16KA-D,485,Pueblo,CO,LPD,15.0,37.94444,-104.99886
K16LF-D,485,"Eads, Etc.",CO,LPT,0.327,38.38264,-102.98111
K16MR-D,485,Gateway,CO,LPT,0.1,38.72497,-108.80939
K16NH-D,485,Wray,CO,LPT,0.188,40.05417,-102.22611
K16NJ-D,485,Anton,CO,LPT,0.211,39.85469,-103.34436
K16NS-D,485,Redstone,CO,LPT,0.012,39.23886,-107.21775
K17EU-D,491,Holyoke,CO,LPT,0.342,40.51028,-102.35972
K17GE-D,491,"Dove Creek, Etc",CO,LPT,0.35,37.76025,-108.91147
K17IG-D,491,Hoehne,CO,LPT,1.4,37.14583,-104.46969
K17JA-D,491,Basalt,CO,LPT,0.075,39.35275,-107.09308
K17JJ-D,491,Cortez,CO,LPT,0.5,37.36608,-108.14561
K17JW-D,491,Romeo,CO,LPT,6.0,36.85936,-106.01889
K17KX-D,491,Anton,CO,LPT,0.473,39.85469,-103.34436
K17MI-D,491,"Eads, Etc.",CO,LPT,0.327,38.38264,-102.98111
K17NH-D,491,Sterling,CO,LPT,0.197,40.59111,-103.04019
K17NI-D,491,Mesa,CO,LPT,0.8,39.08242,-108.20564
K17OA-D,491,Wray,CO,LPT,0.183,40.05417,-102.22611
K17OE-D,491,Colorado Springs,CO,LPD,13.8,38.89611,-104.79886
K17OK-D,491,Snowmass Village,CO,LPT,0.07,39.219,-106.90975
K18DR-D,497,"Cortez, Etc",CO,LPT,1.0,37.36497,-108.14756
K18FN-D,497,Peetz,CO,LPT,0.214,40.89186,-103.22972
K18FO-D,497,Idalia,CO,LPT,0.196,39.73056,-102.48278
K18GD-D,497,Redstone,CO,LPT,0.012,39.23886,-107.21775
K18GM-D,497,Pleasant Valley,CO,LPT,0.046,40.50969,-102.11461
K18JX-D,497,Hoehne,CO,LPT,1.4,37.14306,-104.44497
K18KH-D,497,Julesburg,CO,LPT,0.201,40.90511,-102.37589
K18LL-D,497,"Eads, Etc.",CO,LPT,0.327,38.38264,-102.98111
K18MS-D,497,Akron,CO,LPT,0.19,40.28111,-103.09917
K18NB-D,497,Wray,CO,LPT,0.182,40.05417,-102.22611
K19DY-D,503,Canon City,CO,LPT,1.5,38.42222,-105.15194
K19EG-D,503,Holyoke,CO,LPT,0.217,40.51028,-102.35972
K19GB-D,503,"Dove Creek, Etc",CO,LPT,0.35,37.76025,-108.91147
K19HC-D,503,Hoehne,CO,LPT,1.4,37.14583,-104.46969
K19HG-D,503,Redstone,CO,LPT,0.012,39.23886,-107.21775
K19IX-D,503,Romeo,CO,LPT,0.25,36.85694,-106.02056
K19JA-D,503,Cortez,CO,LPT,0.1,37.35025,-108.13422
K19KN-D,503,"Eads, Etc.",CO,LPT,0.327,38.38264,-102.98111
K19LA-D,503,Pueblo / Rocky Ford,CO,LPD,15.0,38.17639,-104.02361
K19LC-D,503,Pagosa Springs,CO,LPT,0.21,37.19244,-107.09944
K19LD-D,503,Bayfield,CO,LPT,0.24,37.18417,-107.48586
K19LW-D,503,Sterling,CO,LPT,0.184,40.59111,-103.04019
K19ML-D,503,Wray,CO,LPT,0.181,40.05417,-102.22611
K19MN-D,503,Lake George,CO,LPT,0.5,38.98664,-105.06942
K19NE-D,503,Gateway,CO,LPD,0.2,39.06664,-108.7465
K20FS-D,509,Peetz,CO,LPT,0.198,40.89186,-103.22972
K20GK-D,509,Pleasant Valley,CO,LPT,0.047,40.50969,-102.11461
K20HM-D,509,Idalia,CO,LPT,0.194,39.73056,-102.48278
K20JG-D,509,"Salida, Etc.",CO,LPT,0.69,38.44553,-106.01028
K20KO-D,509,Julesburg,CO,LPT,0.14,40.90511,-102.37589
K20MP-D,509,Lamar,CO,LPD,0.134,38.03694,-102.601
K20NI-D,509,Akron,CO,LPT,0.19,40.28111,-103.09917
K20OE-D,509,Silt,CO,LPT,1.0,39.42261,-107.376
K20OG-D,509,"Cortez, Etc",CO,LPT,0.09,37.36522,-108.14797
K21FF-D,515,Holyoke,CO,LPT,0.216,40.51028,-102.35972
K21GT-D,515,"Dove Creek, Etc",CO,LPT,0.35,37.76025,-108.91147
K21JK-D,515,Montrose,CO,LPT,11.6,38.31528,-108.20483
K21LC-D,515,Cortez,CO,LPT,0.1,37.35025,-108.13422
K21NZ-D,515,Anton,CO,LPT,0.435,39.85469,-103.34436
K21OG-D,515,Bayfield,CO,LPT,0.43,37.18428,-107.48575
K21OV-D,515,Redstone,CO,LPT,0.012,39.23886,-107.21775
K22CQ-D,521,Idalia,CO,LPT,0.193,39.73056,-102.48278
K22CU-D,521,"Cortez, Etc",CO,LPT,1.0,37.36497,-108.14756
K22JM-D,521,Gunnison,CO,LPD,15.0,38.52814,-106.90453
K22JN-D,521,Grand Junction,CO,LPD,4.0,39.06647,-108.74536
K22KW-D,521,Julesburg,CO,LPT,0.199,40.90511,-102.37589
K22LR-D,521,Collbran,CO,LPT,0.012,39.23664,-107.97847
K22NW-D,521,Boulder,CO,LPT,15.0,39.95997,-105.21303
K22OI-D,521,Carbondale,CO,LPT,0.64,39.42306,-107.37583
K23GF-D,527,"Dove Creek, Etc",CO,LPT,0.35,37.76025,-108.91147
K23KN-D,527,Las Animas,CO,LPT,0.25,38.02083,-102.98667
K23LH-D,527,Cortez,CO,LPT,0.1,37.35025,-108.13422
K23NF-D,527,"Romeo, Etc.",CO,LPT,0.17,36.85975,-106.01919
K23NW-D,527,Montrose,CO,LPT,11.7,38.31528,-108.20483
K23NX-D,527,Gateway,CO,LPT,0.1,38.72497,-108.80939
K23OR-D,527,Pagosa Springs,CO,LPT,0.444,37.19222,-107.09975
K23OU-D,527,Pueblo,CO,LPT,15.0,38.36244,-104.55989
K23OX-D,527,Holyoke,CO,LPT,0.2,40.51028,-102.35972
K24CH-D,533,"Cortez, Etc",CO,LPT,1.0,37.36497,-108.14756
K24EZ-D,533,Idalia,CO,LPT,0.192,39.73056,-102.48278
K24FU-D,533,Pleasant Valley,CO,LPT,0.055,40.50969,-102.11461
K24HQ-D,533,Boulder,CO,LPT,0.25,39.95997,-105.21331
K24JO-D,533,Crawford,CO,LPT,0.22,38.71139,-107.60622
K24LQ-D,533,Collbran,CO,LPT,0.012,39.23664,-107.97847
K24NH-D,533,Durango,CO,LPT,0.8,37.33958,-107.82453
K24NZ-D,533,Carbondale,CO,LPT,0.64,39.42306,-107.37583
K25FZ-D,539,Grand Junction,CO,LPT,15.0,39.04858,-108.25228
K25GE-D,539,Durango,CO,LPT,0.23,37.33778,-107.82367
K25GZ-D,539,Holyoke,CO,LPT,0.215,40.51028,-102.35972
K25LE-D,539,Las Animas,CO,LPT,0.25,38.02083,-102.98667
K25MR-D,539,Snowmass Village,CO,LPT,0.045,39.219,-106.90975
K25PC-D,539,Gateway,CO,LPT,0.1,38.72497,-108.80939
K25QI-D,539,Woody Creek,CO,LPT,0.055,39.31036,-106.94861
K25QS-D,539,Cortez,CO,LPT,0.1,37.35025,-108.13422
K26CI-D,545,"Cortez, Etc",CO,LPT,1.0,37.36497,-108.14756
K26FM-D,545,Peetz,CO,LPT,0.212,40.89186,-103.22972
K26FP-D,545,Idalia,CO,LPT,0.186,39.73056,-102.48278
K26GX-D,545,Pleasant Valley,CO,LPT,0.046,40.50969,-102.11461
K26GY-D,545,Breckenridge,CO,LPD,0.068,39.6275,-106.07722
K26IT-D,545,"Redstone, Etc.",CO,LPT,0.02,39.23886,-107.21781
K26LH-D,545,Snowmass Village,CO,LPT,0.045,39.219,-106.90975
K26MS-D,545,Collbran,CO,LPT,0.012,39.23664,-107.97847
K26OT-D,545,Akron,CO,LPT,0.196,40.28111,-103.09917
K26PG-D,545,Woody Creek,CO,LPT,0.055,39.31036,-106.94861
K27IG-D,551,"Cortez, Etc",CO,LPT,1.0,37.36497,-108.14756
K27IH-D,551,Holyoke,CO,LPT,0.2,40.51028,-102.35972
K27KX-D,551,Las Animas,CO,LPT,0.25,38.02083,-102.98667
K27MT-D,551,Romeo,CO,LPD,1.0,36.85944,-106.01806
K27OV-D,551,Woody Creek,CO,LPT,0.055,39.31036,-106.94861
K27PL-D,551,Rifle,CO,LPT,2.5,39.51358,-107.77922
K28AD-D,557,Montrose,CO,LPT,12.5,38.51667,-107.85278
K28EB-D,557,"Cortez, Etc",CO,LPT,1.0,37.36497,-108.14756
K28FW-D,557,Peetz,CO,LPT,0.211,40.89186,-103.22972
K28GE-D,557,Woodland Park,CO,LPD,0.905,38.98658,-105.06931
K28HA-D,557,Grand Valley,CO,LPT,0.43,39.44239,-107.96767
K28HI-D,557,Breckenridge/Dillon,CO,LPD,0.068,39.6275,-106.07722
K28IX-D,557,Pleasant Valley,CO,LPT,0.046,40.50969,-102.11461
K28JH-D,557,Yuma,CO,LPT,0.575,40.14306,-102.81472
K28JY-D,557,Carbondale,CO,LPT,0.64,39.42306,-107.37583
K28KC-D,557,Canon City,CO,LPT,0.094,38.42222,-105.15194
K28QV-D,557,Collbran,CO,LPT,0.1,39.23664,-107.97847
K29CK-D,563,Carbondale,CO,LPT,0.64,39.42306,-107.37583
K29GI-D,563,Holyoke,CO,LPT,0.214,40.51028,-102.35972
K29GO-D,563,"Cortez, Etc",CO,LPT,2.0,37.36497,-108.14756
K29HD-D,563,Idalia,CO,LPT,0.154,39.73056,-102.48278
K29HM-D,563,Lake George,CO,LPT,0.2,39.05025,-105.51444
K29JL-D,563,Las Animas,CO,LPT,0.25,38.02083,-102.98667
K29ME-D,563,Antonito,CO,LPT,1.0,36.85972,-106.01972
K29NF-D,563,Anton,CO,LPT,0.421,39.85469,-103.34436
K30DC-D,569,"Dove Creek, Etc",CO,LPT,0.35,37.76025,-108.91147
K30FO-D,569,Peetz,CO,LPT,0.211,40.89186,-103.22972
K30GO-D,569,Pleasant Valley,CO,LPT,0.046,40.50969,-102.11461
K30HA-D,569,Yuma,CO,LPT,0.195,40.14306,-102.81472
K30HJ-D,569,"Cortez, Etc",CO,LPT,2.0,37.36497,-108.14756
K30JM-D,569,Colorado Springs,CO,LPD,11.2,38.74583,-104.86139
K30JQ-D,569,Carbondale,CO,LPT,0.64,39.42306,-107.37583
K30RP-D,569,Boulder,CO,LPT,10.5,40.01194,-105.18833
K31CT-D,575,Cortez,CO,LPD,1.5,37.35025,-108.13422
K31CW-D,575,Carbondale,CO,LPT,0.64,39.42306,-107.37583
K31FV-D,575,Durango & Hermosa,CO,LPT,0.399,37.33833,-107.82311
K31FZ-D,575,Haxtun,CO,LPT,0.25,40.64917,-102.68333
K31IH-D,575,Wray,CO,LPT,0.189,40.05417,-102.22611
K31IQ-D,575,Sterling,CO,LPT,0.398,40.59111,-103.04019
K31IV-D,575,Romeo,CO,LPT,0.62,36.85944,-106.01917
K31IW-D,575,Ridgway,CO,LPT,0.19,38.18636,-107.77561
K31IX-D,575,Salida,CO,LPT,1.2,38.44664,-106.01111
K31NI-D,575,Lamar,CO,LPT,0.205,38.03472,-102.43667
K31OE-D,575,"Dove Creek, Etc",CO,LPT,0.35,37.76025,-108.91147
K31OH-D,575,Mesa,CO,LPT,0.75,39.08831,-108.22578
K31PC-D,575,Yuma,CO,LPT,0.191,40.14306,-102.81472
K32AB-D,581,Yuma,CO,LPT,0.172,40.14306,-102.81472
K32CW-D,581,Montrose,CO,LPT,2.5,38.31389,-108.20306
K32EX-D,581,Peetz,CO,LPT,0.21,40.89186,-103.22972
K32EY-D,581,"Dove Creek, Etc",CO,LPT,0.35,37.76025,-108.91147
K32HL-D,581,Rulison,CO,LPT,1.1,39.51167,-107.74981
K32IJ-D,581,Cortez,CO,LPT,1.0,37.36497,-108.14756
K32IK-D,581,San Luis Valley,CO,LPT,1.1,36.85694,-106.02056
K32MD-D,581,Cheyenne Wells,CO,LPT,0.236,38.79589,-102.54942
K32NO-D,581,Glenwood Springs,CO,LPT,0.25,39.56191,-107.31721
K32NU-D,581,Haxtun,CO,LPT,0.25,40.64917,-102.68333
K32OG-D,581,Pueblo,CO,LPD,4.0,37.91194,-103.98444
K32OK-D,581,Woody Creek,CO,LPT,0.055,39.31036,-106.94861
K32OL-D,581,Redstone,CO,LPT,0.012,39.23886,-107.21775
K33FI-D,587,Akron,CO,LPT,0.199,40.28111,-103.09917
K33GM-D,587,Haxtun,CO,LPT,0.28,40.64917,-102.68333
K33HY-D,587,Basalt,CO,LPT,0.075,39.35275,-107.09308
K33IW-D,587,Coaldale,CO,LPT,0.015,38.34497,-105.75361
K33KV-D,587,Lamar,CO,LPT,0.25,38.03472,-102.43667
K33PA-D,587,Sterling,CO,LPT,0.395,40.59111,-103.04019
K33PB-D,587,Mesa,CO,LPT,0.75,39.08831,-108.22578
K33PU-D,587,Yuma,CO,LPT,0.5,40.14306,-102.81472
K33PZ-D,587,Julesburg,CO,LPT,0.135,40.90511,-102.37589
K33QG-D,587,"Cortez, Etc",CO,LPT,0.1,37.36522,-108.14797
K33QL-D,587,Snowmass Village,CO,LPT,0.1,39.219,-106.90975
K33RN-D,587,Pueblo,CO,LPD,15.0,38.37361,-104.55806
K34AC-D,593,Yuma,CO,LPT,0.575,40.14306,-102.81472
K34GI-D,593,Trinidad,CO,LPD,5.0,37.23722,-104.51497
K34KM-D,593,Basalt,CO,LPT,0.075,39.35275,-107.09308
K34LN-D,593,Cheyenne Wells,CO,LPT,0.236,38.79589,-102.54942
K34NM-D,593,Lamar,CO,LPT,0.25,38.03472,-102.43667
K34OS-D,593,"Sterling,S.Logan Cty",CO,LPT,0.25,40.59111,-103.04019
K34PT-D,593,Julesburg,CO,LPT,0.183,40.90511,-102.37589
K34PV-D,593,Cortez,CO,LPD,0.5,37.36608,-108.14561
K34PW-D,593,Haxtun,CO,LPT,0.25,40.64917,-102.68333
K34QD-D,593,Bayfield & Ignacio,CO,LPT,0.28,37.18417,-107.48558
K35CH-D,599,"Cortez, Mancos, Etc",CO,LPT,1.2,37.36497,-108.14756
K35FI-D,599,Akron,CO,LPT,0.19,40.28111,-103.09917
K35GO-D,599,Haxtun,CO,LPT,0.25,40.64917,-102.68333
K35IX-D,599,Basalt,CO,LPT,0.075,39.35275,-107.09308
K35JS-D,599,Lamar,CO,LPT,0.25,38.03472,-102.43667
K35MZ-D,599,Las Animas,CO,LPD,0.134,38.06889,-103.23964
K35NQ-D,599,Mesa,CO,LPT,0.75,39.08831,-108.22578
K35NS-D,599,Montrose,CO,LPT,0.1,38.38664,-107.67589
K35OK-D,599,Julesburg,CO,LPT,0.182,40.90511,-102.37589
K35OL-D,599,Yuma,CO,LPT,0.5,40.14306,-102.81472
K35OM-D,599,La Veta,CO,LPT,0.25,37.5,-105.00803
K35ON-D,599,Paonia,CO,LPT,0.1,38.87453,-107.66183
K35OO-D,599,Del Norte,CO,LPT,0.25,37.675,-106.24225
K35OQ-D,599,San Luis,CO,LPT,0.25,37.20389,-105.4275
K35OR-D,599,Aguilar,CO,LPT,0.25,37.38611,-104.63719
K35PE-D,599,Snowmass Village,CO,LPT,0.07,39.219,-106.90975
K35PU-D,599,Durango,CO,LPT,0.75,37.26278,-107.90006
K36AC-D,605,Yuma,CO,LPT,0.192,40.14306,-102.81472
K36GX-D,605,Basalt,CO,LPT,0.075,39.35275,-107.09308
K36IH-D,605,Ignacio,CO,LPT,0.17,37.18417,-107.48558
K36JB-D,605,Cripple Creek,CO,LPT,0.25,38.74997,-105.19553
K36LB-D,605,Cheyenne Wells,CO,LPT,0.236,38.79589,-102.54942
K36OY-D,605,Sterling,CO,LPT,0.182,40.59111,-103.04019
K36PS-D,605,Julesburg,CO,LPT,0.182,40.90511,-102.37589
K36PT-D,605,Haxtun,CO,LPT,0.24,40.64917,-102.68333
K36PY-D,605,Pagosa Springs,CO,LPT,0.19,37.19242,-107.09936
K36QB-D,605,Cortez,CO,LPT,0.25,37.32553,-108.24922
K36QV-D,605,Grand Junction,CO,LPT,0.04,39.09628,-108.58886
K36RM-D,605,Lamar,CO,LPT,0.25,38.03806,-102.42972
KAVC-LD,551,Denver,CO,LPD,9.9,39.96007,-105.21342
KBDI-TV,213,Broomfield,CO,DTV,33.6,39.68192,-105.49747
KBRO-LD,57,Denver,CO,LPD,3.0,39.72944,-105.23611
KCDO-TV,527,Sterling,CO,DTV,1000.0,40.03367,-103.93858
KCEC,581,Boulder,CO,DTV,650.0,39.6715,-105.21889
KCNC-TV,599,Denver,CO,DTV,1000.0,39.73072,-105.23211
KDDI-LD,527,Idaho Springs,CO,LPD,0.58,39.67547,-105.48456
KDEN-TV,563,Longmont,CO,DTV,800.0,40.09917,-104.90089
KDEO-LD,515,Denver,CO,LPD,2.0,39.73303,-105.23719
KDNF-LD,509,Arvada,CO,LPD,84.0,39.59969,-105.21025
KDVR,605,Denver,CO,DTV,1000.0,39.72836,-105.23769
KETD,479,Castle Rock,CO,DTV,200.0,39.67139,-105.21889
KFCT,515,Fort Collins,CO,DTV,50.0,40.64222,-104.81861
KFQX,479,Grand Junction,CO,DTV,71.5,39.06608,-108.74675
KGHB-CD,515,"Pueblo, Etc.",CO,DCA,15.0,38.37261,-104.56108
KGJT-CD,551,Grand Junction,CO,DCA,1.94,39.08914,-108.22756
KHDT-LD,195,Denver,CO,LPD,3.0,39.72942,-105.23608
KHSB-LD,587,Steamboat Springs,CO,LPD,1.75,40.45442,-106.74281
KJCS-LD,473,Colorado Springs,CO,LPD,5.5,38.77275,-104.99331
KJCT-CD,509,Grand Junction,CO,DCA,15.0,39.04858,-108.25228
KKCO,207,Grand Junction,CO,DTV,32.6,39.06664,-108.7465
KKTV,545,Colorado Springs,CO,DTV,350.0,38.745,-104.8625
KLML,177,Grand Junction,CO,DTV,9.7,39.04858,-108.25228
KLPD-LD,569,Denver,CO,LPD,15.0,39.72942,-105.23608
KMGH-TV,177,Denver,CO,DTV,54.0,39.73072,-105.23211
KMLN-LD,533,Fort Collins,CO,LPD,7.5,40.49358,-105.18192
KOAA-TV,539,Pueblo,CO,DTV,1000.0,38.74414,-104.86325
KPDD-LD,69,Denver,CO,LPD,3.0,39.72944,-105.23611
KPJR-TV,491,Greeley,CO,DTV,633.0,40.09972,-104.90111
KPXC-TV,497,Denver,CO,DTV,330.0,40.09647,-104.90164
KPXH-LD,485,Fort Collins,CO,LPD,11.0,40.54625,-105.19775
KQAF-LD,599,Pueblo / La Junta,CO,LPD,10.0,38.28011,-104.55303
KQDK-CD,485,Denver,CO,DCA,15.0,39.72892,-105.23611
KRDH-LD,79,"Cripple Creek, Etc.",CO,LPD,3.0,39.72892,-105.23611
KRDO-TV,533,Colorado Springs,CO,DTV,200.0,38.74586,-104.86086
KREG-TV,527,Glenwood Springs,CO,DTV,16.1,39.41861,-107.36889
KREX-TV,57,Grand Junction,CO,DTV,0.8,39.08806,-108.56667
KREY-TV,213,Montrose,CO,DTV,2.6,38.51722,-107.85389
KREZ-TV,479,Durango,CO,DTV,46.0,37.26278,-107.90006
KRMA-TV,587,Denver,CO,DTV,1000.0,39.6715,-105.21889
KRMJ,497,Grand Junction,CO,DTV,21.0,39.06608,-108.74592
KRMT,509,Denver,CO,DTV,84.0,39.59969,-105.21025
KRMU,509,Durango,CO,DTV,12.6,37.26278,-107.90006
KRMZ,195,Steamboat Springs,CO,DTV,0.481,40.46194,-106.85
KRTN-TV,587,Durango,CO,DTV,32.0,37.26278,-107.90006
KSBS-CD,503,Denver,CO,DCA,15.0,39.73306,-105.23667
KSPK-LD,557,Walsenburg,CO,LPD,15.0,37.6275,-104.82192
KSZG-LD,509,Aspen,CO,LPD,0.38,39.21831,-106.86058
KTFD-TV,557,Denver,CO,DTV,400.0,39.73278,-105.23611
KTLO-LD,563,Colorado Springs,CO,LPD,14.0,38.82861,-104.83944
KTLP-LD,593,Pueblo,CO,LPD,1.2,38.37261,-104.56108
KTNP-LD,189,Colorado Springs,CO,LPD,3.0,38.89625,-104.79894
KTSC,183,Pueblo,CO,DTV,22.4,38.74536,-104.86147
KTVD,575,Denver,CO,DTV,960.0,39.73072,-105.23211
KUSA,189,Denver,CO,DTV,45.0,39.73072,-105.23211
KVAI-CD,69,Denver,CO,DCA,3.0,39.72944,-105.23611
KVSK-LD,605,Avon,CO,LPD,0.107,39.62203,-106.47989
KVSN-DT,551,Pueblo,CO,DTV,232.0,38.74497,-104.86094
KWGN-TV,593,Denver,CO,DTV,1000.0,39.73278,-105.23611
KWHS-LD,195,Colorado Springs,CO,LPD,3.0,38.74497,-104.86094
KXDP-LD,85,Denver,CO,LPD,3.0,39.91331,-105.29303
KXRM-TV,521,Colorado Springs,CO,DTV,51.0,38.74525,-104.86164
KXTU-LD,509,Colorado Springs,CO,LPD,2.9,38.74552,-104.86144
KZCO-LD,569,Denver,CO,LPD,15.0,39.72942,-105.23608
KZCS-LD,497,Colorado Springs,CO,LPD,15.0,38.74414,-104.86325
KZDN-LD,473,Denver,CO,LPD,15.0,39.72942,-105.23608
KZFC-LD,545,Windsor,CO,LPD,2.2,40.45569,-104.92503
W24EZ-D,533,Allingtown,CT,LPD,6.0,41.29119,-72.96786
W26GB-D,545,Norwich,CT,LPD,6.0,41.46861,-72.20361
W32GJ-D,581,Willimantic,CT,LPD,9.0,41.46861,-72.20361
WCCT-TV,587,Waterbury,CT,DTV,220.0,41.70361,-72.83194
WCTX,195,New Haven,CT,DTV,20.5,41.42283,-72.95136
WEDH,569,Hartford,CT,DTV,497.0,41.70361,-72.83194
WEDN,189,Norwich,CT,DTV,4.2,41.52056,-72.16694
WEDW,515,Stamford,CT,DTS,210.0,40.74833,-73.98583
WEDY,569,New Haven,CT,DTV,497.0,41.70361,-72.83194
WFSB,605,Hartford,CT,DTV,1000.0,41.775,-72.80508
WHCT-LD,599,"Hartford, New Haven",CT,LPD,15.0,41.70361,-72.83194
WHPX-TV,557,New London,CT,DTV,500.0,41.70361,-72.83194
WRDM-CD,575,Hartford,CT,DCA,374.0,41.70056,-72.83194
WRNT-LD,581,Hartford,CT,LPD,15.0,41.79678,-72.79681
WTIC-TV,593,Hartford,CT,DTV,526.0,41.70361,-72.83194
WTNH,195,New Haven,CT,DTV,20.5,41.42283,-72.95136
WUTH-CD,521,Hartford,CT,DCA,15.0,41.70833,-72.47556
WUVN,521,Hartford,CT,DTV,15.0,41.70833,-72.47556
WVIT,575,New Britain,CT,DTV,374.0,41.70056,-72.83194
WVMA-CD,527,Hartford,CT,DCA,15.0,41.852,-71.77914
WWAX-LD,551,Hartford,CT,LPD,15.0,41.775,-72.80508
WXGN-LD,551,Danbury,CT,LPD,15.0,41.49353,-73.42886
WZME,515,Bridgeport,CT,DTS,210.0,40.74833,-73.98583
W04EA-D,69,Washington,DC,LPD,1.7,38.94006,-77.08125
WDCA,605,Washington,DC,DTV,1000.0,38.96386,-77.10478
WDCW,479,Washington,DC,DTV,1000.0,38.94,-77.08139
WDDN-LD,527,Washington,DC,LPD,10.0,39.0,-77.05694
WDME-CD,509,Washington,DC,DCA,15.0,38.94006,-77.08125
WETA-TV,575,Washington,DC,DTV,1000.0,38.95028,-77.07944
WHUT-TV,587,Washington,DC,DTV,416.0,38.95028,-77.07944
WIAV-CD,569,Washington,DC,DCA,48.0,38.94006,-77.08125
WJLA-TV,177,Washington,DC,DTV,52.0,38.95028,-77.07944
WMDO-CD,473,Washington,DC,DCA,15.0,38.94,-77.08139
WRC-TV,593,Washington,DC,DTV,1000.0,38.94,-77.08139
WRZB-LD,581,Washington,DC,LPD,15.0,38.94,-77.08139
WTTG,605,Washington,DC,DTV,1000.0,38.96386,-77.10478
WUSA,189,Washington,DC,DTV,52.0,38.95028,-77.07944
WWTD-LD,473,Washington,DC,LPD,15.0,38.94,-77.08139
WZDC-CD,593,Washington,DC,DCA,1000.0,38.94,-77.08139
W07EA-D,177,Wilmington,DE,LPD,3.0,39.60936,-75.62869
W14DK-D,473,Dagsboro,DE,LPD,0.5,38.64211,-76.05806
WDPB,533,Seaford,DE,DTV,65.2,38.65444,-75.61083
WDPN-TV,57,Wilmington,DE,DTV,45.0,40.04169,-75.23614
WHYY-TV,213,Wilmington,DE,DTV,30.0,40.04192,-75.23942
WMDE,79,Dover,DE,DTV,10.0,38.95494,-76.09269
WPPX-TV,593,Wilmington,DE,DTV,310.0,40.04417,-75.24028
W02DE-D,57,Jacksonville Beach,FL,LPD,3.0,30.28917,-81.47383
W03BU-D,63,Miami,FL,LPD,3.0,25.79039,-80.37006
W03CA-D,63,Tallahassee,FL,LPD,1.88,30.57444,-84.2025
W04DX-D,69,Tallahassee,FL,LPD,1.88,30.57444,-84.2025
W04EC-D,69,Orlando,FL,LPD,3.0,28.52811,-81.248
W04EM-D,69,Gainesville,FL,LPD,3.0,29.62992,-82.57333
W05CO-D,79,Sarasota,FL,LPD,0.2,27.55844,-82.36586
W05DH-D,79,Jupiter,FL,LPD,3.0,26.762,-80.07811
W08EQ-D,183,Tallahassee,FL,LPD,0.2,30.57444,-84.2025
W08EV-D,183,Miami,FL,LPT,3.0,25.98611,-80.19342
W08EW-D,183,Miami,FL,LPT,3.0,25.77383,-80.18797
W09DS-D,189,Port St. Lucie,FL,LPD,3.0,27.46186,-80.33061
W11DH-D,201,Wabasso,FL,LPD,1.8,27.02556,-80.17831
W11DV-D,201,Jacksonville,FL,LPD,3.0,30.27689,-81.56583
W12DI-D,207,Key West,FL,LPT,0.3,24.5555,-81.80125
W12EA-D,207,Orlando,FL,LPD,3.0,28.62097,-81.40939
W13EA-D,213,Melbourne,FL,LPD,3.0,28.05325,-80.70619
W14EU-D,473,Tallahassee,FL,LPD,0.1,30.49222,-84.28667
W14FM-D,473,Port St. Lucie,FL,LPD,3.0,27.32433,-80.31328
W15EO-D,479,Sebastian,FL,LPD,15.0,27.37958,-80.38211
W15EQ-D,479,Tallahassee,FL,LPD,15.0,30.57444,-84.2025
W16CA-D,485,Homestead,FL,LPT,9.0,25.53997,-80.46844
W16CC-D,485,West Gate,FL,LPD,3.0,25.99314,-80.17389
W16CL-D,485,Key West,FL,LPD,0.1,24.5525,-81.79778
W16DQ-D,485,Tampa,FL,LPD,15.0,27.81967,-82.26056
W16EU-D,485,Ormond Beach,FL,LPD,15.0,29.25892,-81.11792
W17EM-D,515,Tallahassee,FL,LPD,15.0,30.57375,-84.20353
W17EW-D,491,Tallahassee,FL,LPD,15.0,30.35881,-84.61047
W18EU-D,497,Miami,FL,LPD,15.0,25.98611,-80.19342
W19CO-D,503,Pensacola,FL,LPD,15.0,30.51497,-87.29564
W19EX-D,503,Gainesville,FL,LPD,15.0,29.53667,-82.39972
W20DX-D,509,Panama City,FL,LPD,14.5,30.18361,-85.776
W20ES-D,509,Reddick,FL,LPD,0.2,29.34761,-82.21797
W21DX-D,515,Ocala,FL,LPT,4.9,29.26833,-82.08056
W24EY-D,533,Panama City,FL,LPD,0.55,30.18361,-85.776
W25DQ-D,539,Key West,FL,LPD,0.1,24.5525,-81.79778
W25ER-D,539,Vero Beach,FL,LPD,0.25,27.6375,-80.46611
W26DP-D,545,Inverness,FL,LPT,7.35,28.88917,-82.38306
W26EX-D,545,Jacksonville,FL,LPD,15.0,30.27639,-81.56408
W27EO-D,551,Panama City,FL,LPD,0.1,30.18361,-85.776
W27EP-D,551,Destin,FL,LPD,0.3,30.71222,-86.12278
W27FF-D,551,Naples,FL,LPD,15.0,26.12631,-81.72136
W28FD-D,557,Lake City,FL,LPD,15.0,30.30631,-82.76794
W29CW-D,563,Duck Key,FL,LPD,0.1,24.7675,-80.94472
W29FN-D,563,Panama City,FL,LPD,0.2,30.18361,-85.776
W29FO-D,563,Tallahassee,FL,LPD,10.0,30.68064,-83.97239
W29FX-D,563,Key West,FL,LPT,0.25,24.5525,-81.79778
W30EE-D,569,Jacksonville,FL,LPD,15.0,30.32606,-81.65894
W30EM-D,569,Ocala,FL,LPD,15.0,29.39747,-82.42069
W31DC-D,575,Fort Pierce,FL,LPT,15.0,27.54639,-80.36861
W31EG-D,575,Tampa,FL,LPD,13.0,27.99367,-82.41272
W31EP-D,575,Fort Walton Beach,FL,LPD,15.0,30.43897,-86.6255
W31FL-D,575,Tallahassee,FL,LPD,15.0,30.4925,-84.28389
W32EZ-D,581,Jacksonville,FL,LPD,15.0,30.31333,-81.64944
W32FH-D,581,St. Petersburg,FL,LPD,15.0,27.84803,-82.76342
W33EP-D,587,Key West,FL,LPD,1.0,24.57172,-81.73872
W33FJ-D,587,Gainesville,FL,LPD,15.0,29.71,-82.38986
W34FF-D,593,Panama City,FL,LPD,15.0,30.43333,-85.41417
W35EC-D,599,Lake City,FL,LPD,15.0,30.25411,-82.68206
W36EC-D,605,Lakeland,FL,LPD,15.0,28.15056,-81.96144
W36FJ-D,605,Sebring,FL,LPT,8.0,27.45417,-81.40611
W36FS-D,605,Melbourne,FL,LPD,15.0,28.13703,-80.70328
WACX,177,Leesburg,FL,DTV,49.2,28.58683,-81.08264
WACX-LD,581,"Alachua, Etc.",FL,LPD,15.0,29.62992,-82.57333
WAMI-DT,533,Hollywood,FL,DTV,1000.0,25.98611,-80.19342
WANA-LD,485,Naples,FL,LPD,15.0,26.34167,-81.71042
WARP-CD,521,Tampa-St. Petersburg,FL,DCA,15.0,27.86711,-82.62386
WATV-LD,85,Orlando,FL,LPD,3.0,28.58683,-81.08264
WAWD,539,Fort Walton Beach,FL,DTV,42.0,30.45411,-86.86647
WBBH-TV,479,Fort Myers,FL,DTV,1000.0,26.82289,-81.76489
WBEC-TV,539,Boca Raton,FL,DTV,1000.0,25.98611,-80.19342
WBEH-CD,491,Miami,FL,DCA,15.0,25.96889,-80.22194
WBFS-TV,581,Miami,FL,DTV,1000.0,25.96889,-80.22194
WBIF,545,Marianna,FL,DTV,50.0,30.43333,-85.41417
WBMN-LD,491,Ocala,FL,LPD,15.0,29.53667,-82.39972
WBQP-CD,207,Pensacola,FL,DCA,3.0,30.43331,-87.21908
WBWP-LD,503,West Palm Beach,FL,LPD,9.0,26.79992,-80.07547
WBXJ-CD,593,"Jacksonville, Etc.",FL,DCA,15.0,30.27639,-81.56408
WCAY-CD,605,Key West,FL,DCA,5.74,24.56861,-81.73389
WCJB-TV,485,Gainesville,FL,DTV,343.6,29.53667,-82.39972
WCLF,515,Clearwater,FL,DTV,1000.0,27.8425,-82.26222
WCTU-LD,521,Pensacola,FL,LPD,5.0,30.47561,-87.25447
WCWJ,509,Jacksonville,FL,DTV,1000.0,30.27361,-81.55333
WDES-CD,521,Destin,FL,DCA,3.78,30.39722,-86.5075
WDFL-LD,201,Miami,FL,LPD,3.0,25.96889,-80.22194
WDGT-LD,79,Miami,FL,LPD,3.0,25.97111,-80.20861
WDNP-LD,593,Tampa,FL,LPD,15.0,27.93192,-82.40108
WDOX-LD,563,Palm Beach,FL,LPD,5.0,27.46631,-80.46503
WDSC-TV,533,New Smyrna Beach,FL,DTV,282.0,28.61,-81.05944
WDTO-LD,79,Orlando,FL,LPD,3.0,28.58108,-81.07533
WDYB-CD,515,Daytona Beach,FL,DCA,15.0,28.91975,-81.3185
WEAR-TV,491,Pensacola,FL,DTV,1000.0,30.61261,-87.64489
WECP-LD,599,Panama City,FL,LPD,15.0,30.3525,-85.39111
WEDQ,213,Tampa,FL,DTV,25.0,27.84764,-82.26372
WEDU,213,Tampa,FL,DTV,25.0,27.84764,-82.26372
WEFS,569,Cocoa,FL,DTV,300.0,28.61,-81.05944
WESH,201,Daytona Beach,FL,DTV,64.6,28.61,-81.05944
WEWA-LD,491,Wewahitchka,FL,LPD,14.0,30.11844,-85.20828
WEYS-LD,85,Miami,FL,LPD,3.0,25.97111,-80.20861
WEYW-LP,503,Key West,FL,LPD,5.0,24.57319,-81.74119
WFBD,563,Destin,FL,DTV,704.0,30.99789,-86.72031
WFEF-LD,539,Orlando,FL,LPD,15.0,28.57444,-81.4625
WFEO-LD,539,Gainesville,FL,LPD,15.0,30.27647,-81.56408
WFGC,177,Palm Beach,FL,DTV,67.6,26.58922,-80.21189
WFGX,473,Fort Walton Beach,FL,DTV,1000.0,30.61261,-87.64489
WFGZ-LD,521,Gainesville,FL,LPD,15.0,29.62992,-82.57333
WFIB-LD,85,Key West,FL,LPD,3.0,24.5555,-81.80125
WFLA-TV,189,Tampa,FL,DTV,41.0,27.8425,-82.26222
WFLX,599,West Palm Beach,FL,DTV,800.0,26.57519,-80.24197
WFOR-TV,521,Miami,FL,DTV,1000.0,25.96889,-80.22194
WFOX-TV,473,Jacksonville,FL,DTV,663.0,30.28108,-81.57006
WFSF-LD,195,Key West,FL,LPD,0.66,24.5555,-81.80125
WFSG,557,Panama City,FL,DTV,110.0,30.3675,-85.92444
WFSU-TV,581,Tallahassee,FL,DTV,937.8,30.35881,-84.61047
WFTS-TV,491,Tampa,FL,DTV,1000.0,27.8425,-82.26222
WFTT-TV,539,Venice,FL,DTV,750.0,27.81967,-82.26056
WFTV,599,Orlando,FL,DTV,1000.0,28.56894,-81.05433
WFTX-TV,593,Cape Coral,FL,DTV,1000.0,26.79436,-81.80111
WFUN-LD,509,Miami,FL,LPD,15.0,25.89156,-80.37192
WFXU,491,Live Oak,FL,DTV,13.4,30.55022,-83.01306
WGCT-LD,587,Tampa,FL,LPD,15.0,27.84764,-82.26372
WGCU,521,Fort Myers,FL,DTV,750.0,26.81528,-81.76167
WGEN-TV,183,Key West,FL,DTV,7.0,24.5555,-81.80125
WGFL,563,High Springs,FL,DTV,300.0,29.62992,-82.57333
WGOM-LD,195,Panama City,FL,LPD,3.0,30.1815,-85.78
WGPS-LD,515,Fort Myers,FL,LPD,5.0,26.44872,-81.81492
WGVT-LD,545,Gainesville,FL,LPD,12.0,29.74,-82.38658
WGZT-LD,551,Key West,FL,LPD,15.0,24.65944,-81.53806
WHBR,593,Pensacola,FL,DTV,1000.0,30.61261,-87.64489
WHDN-CD,545,Naples,FL,DCA,15.0,26.20231,-81.81342
WHDO-CD,605,Orlando,FL,DCA,14.4,28.36725,-81.38669
WHDT,593,Stuart,FL,DTV,943.1,26.57519,-80.24197
WHFT-TV,557,Miami,FL,DTV,701.0,25.99314,-80.17389
WHLV-TV,581,Cocoa,FL,DTV,900.0,28.58683,-81.08264
WIDM-LD,503,Panama City,FL,LPD,0.2,30.18361,-85.776
WINK-TV,575,Fort Myers,FL,DTV,793.0,26.80078,-81.76231
WJAN-CD,587,Miami,FL,DCA,15.0,25.54039,-80.46839
WJAX-TV,503,Jacksonville,FL,DTV,1000.0,30.28108,-81.57006
WJCT,189,Jacksonville,FL,DTV,17.5,30.28108,-81.57006
WJEB-TV,515,Jacksonville,FL,DTV,622.0,30.27639,-81.56408
WJGV-CD,539,Palatka,FL,DCA,15.0,29.58025,-81.699
WJHG-TV,485,Panama City,FL,DTV,1000.0,30.3525,-85.39111
WJKF-CD,557,Jacksonville,FL,DCA,15.0,30.27689,-81.56583
WJTC,599,Pensacola,FL,DTV,1000.0,30.58797,-87.55353
WJVF-LD,491,Jacksonville,FL,LPD,15.0,30.27689,-81.56583
WJXT,497,Jacksonville,FL,DTV,670.0,30.27361,-81.55333
WJXX,195,Orange Park,FL,DTV,29.5,30.27361,-81.55333
WKBJ-LD,527,Jacksonville,FL,LPD,15.0,30.27647,-81.56408
WKCF,527,Clermont,FL,DTV,1000.0,28.58683,-81.08264
WKME-CD,515,Kissimmee,FL,DCA,14.0,28.1745,-81.28336
WKMG-TV,545,Orlando,FL,DTV,1000.0,28.61,-81.05944
WKWT-LD,57,Key Largo,FL,LPD,3.0,25.12361,-80.41167
WLMF-LD,509,Miami,FL,LPD,15.0,25.89156,-80.37192
WLRN-TV,545,Miami,FL,DTV,1000.0,25.97972,-80.19583
WLTV-DT,527,Miami,FL,DTV,1000.0,25.96889,-80.22194
WLZE-LD,551,Fort Myers,FL,LPD,15.0,26.80078,-81.76231
WMBB,213,Panama City,FL,DTV,42.0,30.3525,-85.39111
WMDF-LD,69,Miami,FL,LPD,3.0,25.77233,-80.19144
WMMF-LD,503,Vero Beach,FL,LPD,15.0,27.73556,-80.45722
WMOR-TV,497,Lakeland,FL,DTV,1000.0,27.81967,-82.26056
WMVJ-CD,563,Melbourne,FL,DCA,15.0,28.04722,-80.67583
WNBW-DT,183,Gainesville,FL,DTV,65.0,29.62992,-82.57333
WNFT-LD,479,Gainesville,FL,LPD,15.0,29.62981,-82.57347
WNXG-LD,587,Tallahassee,FL,LPD,15.0,30.57444,-84.2025
WOCD-LD,551,Ocala,FL,LPD,15.0,29.20672,-82.107
WODH-LD,575,Jacksonville,FL,LPD,15.0,30.27647,-81.56408
WOFL,587,Orlando,FL,DTV,1000.0,28.60389,-81.08611
WOFT-LD,183,Orlando,FL,LPD,3.0,28.58683,-81.08264
WOGX,575,Ocala,FL,DTV,500.0,29.35917,-82.32833
WOME-LD,63,Orlando,FL,LPD,3.0,28.58683,-81.08264
WOPX-TV,473,Melbourne,FL,DTV,419.0,28.27925,-81.02333
WOTF-TV,479,Daytona Beach,FL,DTV,130.0,28.91975,-81.3185
WPAN,515,Fort Walton Beach,FL,DTV,620.0,30.70583,-87.40333
WPBF,485,Tequesta,FL,DTV,1000.0,27.12194,-80.39472
WPBT,563,Miami,FL,DTV,1000.0,25.95861,-80.21194
WPCT,587,Panama City Beach,FL,DTV,160.0,30.1815,-85.78
WPDS-LD,473,"Largo, Etc.",FL,LPD,3.0,27.91447,-82.79469
WPEC,213,West Palm Beach,FL,DTV,160.0,26.58881,-80.20797
WPFN-CD,521,Panama City,FL,DCA,15.0,30.1815,-85.78
WPGX,189,Panama City,FL,DTV,24.1,30.39528,-85.53389
WPLG,195,Miami,FL,DTV,156.0,25.96694,-80.21167
WPTV-TV,207,West Palm Beach,FL,DTV,50.0,26.58922,-80.21189
WPXB-LD,491,Daytona Beach,FL,LPD,15.0,29.17369,-81.157
WPXM-TV,515,Miami,FL,DTV,225.0,25.95861,-80.21194
WPXP-TV,605,Lake Worth,FL,DTV,1000.0,26.58922,-80.21189
WQFT-LD,497,Ocala,FL,LPD,15.0,28.84889,-82.05208
WQXT-CD,563,St. Augustine,FL,DCA,15.0,29.90408,-81.38219
WRBW,557,Orlando,FL,DTV,1000.0,28.60389,-81.08611
WRCF-CD,485,Orlando,FL,DCA,15.0,28.58683,-81.08264
WRCZ-LD,599,Ocala,FL,LPD,7.0,30.27647,-81.56408
WRDQ,551,Orlando,FL,DTV,1000.0,28.56894,-81.05433
WRMD-CD,569,Tampa,FL,DCA,14.0,27.84764,-82.26372
WRUF-LD,79,Gainesville,FL,LPD,0.3,29.70969,-82.39428
WRXY-TV,587,Tice,FL,DTV,1000.0,26.78575,-81.79608
WSBS-CD,503,"Miami, Etc.",FL,DCA,15.0,25.98611,-80.19342
WSBS-TV,63,Key West,FL,DTV,1.0,24.5555,-81.80125
WSCF-LD,575,Melbourne,FL,LPD,15.0,28.04722,-80.67583
WSCV,569,Fort Lauderdale,FL,DTV,1000.0,25.98611,-80.19342
WSFL-TV,551,Miami,FL,DTV,1000.0,25.96889,-80.22194
WSHX-LD,557,Gainesville,FL,LPD,7.5,29.74,-82.38658
WSLF-LD,515,Port St. Lucie,FL,LPD,15.0,27.12153,-80.39939
WSNN-LD,545,Sarasota,FL,LPD,15.0,27.13286,-82.39356
WSPF-CD,605,St. Petersburg,FL,DCA,9.1,27.81967,-82.26056
WSRE,533,Pensacola,FL,DTV,859.0,30.61139,-87.60733
WSVN,189,Miami,FL,DTV,158.0,25.96694,-80.21167
WSVT-LD,527,Tampa,FL,LPD,7.5,27.81967,-82.26056
WSWF-LD,563,Orlando,FL,LPD,15.0,28.56883,-81.23161
WTAM-LD,599,Tampa,FL,LPD,15.0,27.81967,-82.26056
WTBT-LD,551,Tampa,FL,LPD,15.0,27.84764,-82.26372
WTBZ-LD,473,Gainesville,FL,LPD,0.1,29.4555,-82.48344
WTCE-TV,497,Fort Pierce,FL,DTV,730.0,27.02556,-80.17831
WTCN-CD,491,Palm Beach,FL,DCA,15.0,27.02556,-80.17831
WTGB-LD,593,Gainesville,FL,LPD,15.0,29.53667,-82.39972
WTGL,593,Leesburg,FL,DTV,1000.0,28.60222,-81.09333
WTLF,533,Tallahassee,FL,DTV,1000.0,30.68064,-83.97239
WTLV,213,Jacksonville,FL,DTV,53.3,30.27361,-81.55333
WTMO-CD,575,Orlando,FL,DCA,15.0,28.60628,-81.45664
WTOG,503,St. Petersburg,FL,DTV,650.0,27.84764,-82.26372
WTSP,195,St. Petersburg,FL,DTV,69.0,27.81967,-82.26056
WTTA,189,St. Petersburg,FL,DTV,41.0,27.8425,-82.26222
WTVJ,575,Miami,FL,DTV,1000.0,25.96897,-80.222
WTVT,207,Tampa,FL,DTV,72.3,27.81917,-82.24028
WTVX,509,Fort Pierce,FL,DTV,1000.0,27.12222,-80.38861
WTWC-TV,521,Tallahassee,FL,DTV,560.0,30.68064,-83.97239
WTXI-LD,497,Miami,FL,LPD,15.0,25.98611,-80.19342
WTXL-TV,551,Tallahassee,FL,DTV,1000.0,30.66861,-83.96944
WUBF-LD,521,Jacksonville,FL,LPD,15.0,30.27611,-81.63639
WUCF-TV,593,Orlando,FL,DTV,1000.0,28.60222,-81.09333
WUFT,605,Gainesville,FL,DTV,1000.0,29.70969,-82.39428
WUJF-LD,587,Jacksonville,FL,LPD,15.0,30.27639,-81.56408
WUJX-LD,479,Jacksonville,FL,LPD,15.0,30.28108,-81.57006
WURH-LD,563,Miami,FL,LPD,1000.0,25.95861,-80.21194
WUVF-LD,497,Naples,FL,LPD,15.0,26.34167,-81.71042
WVEA-TV,509,Tampa,FL,DTV,1000.0,27.84764,-82.26372
WVEN-TV,521,Melbourne,FL,DTV,1000.0,28.58683,-81.08264
WVUP-CD,569,Tallahassee,FL,DCA,15.0,30.57444,-84.2025
WVWW-LD,569,Vero Beach,FL,LPD,12.5,27.60172,-80.39258
WWCI-CD,207,Orlando,FL,DCA,1.0,28.545,-81.37972
WWDT-CD,569,Naples,FL,DCA,15.0,26.50544,-81.85214
WWEO-LD,533,Defuniak Springs,FL,LPD,1.94,30.7385,-86.10606
WWHB-CD,587,Stuart,FL,DCA,15.0,27.02556,-80.17831
WWRJ-LD,551,Jacksonville,FL,LPD,15.0,30.27361,-81.55333
WWSB,533,Sarasota,FL,DTV,230.0,27.55844,-82.36586
WXAX-CD,545,Clearwater,FL,DCA,15.0,27.81967,-82.26056
WXCW,581,Naples,FL,DTV,1000.0,26.80078,-81.76231
WXDT-LD,527,Naples,FL,LPD,15.0,26.50544,-81.85214
WXEL-TV,563,Boynton Beach,FL,DTV,1000.0,25.95861,-80.21194
WXOD-LD,183,Palm Beach,FL,LPD,3.0,27.02556,-80.17831
WXPX-TV,563,Bradenton,FL,DTV,218.0,27.8425,-82.26222
WXTL-LD,605,Tallahassee,FL,LPD,14.7,30.4925,-84.28389
WYKE-CD,539,Wildwood,FL,DCA,15.0,28.85481,-82.18131
WYME-CD,551,Gainesville,FL,DCA,5.5,29.62992,-82.57333
WYMI-LD,557,Summerland Key,FL,LPD,15.0,24.67706,-81.51056
WZDT-LD,605,Naples,FL,LPD,15.0,26.50544,-81.85214
WZRA-CD,479,Oldsmar,FL,DCA,12.1,28.25917,-82.72928
WZVN-TV,557,Naples,FL,DTV,1000.0,26.82289,-81.76489
WZXZ-CD,509,"Orlando, Etc.",FL,DCA,15.0,28.58683,-81.08264
W10DJ-D,195,Columbus,GA,LPD,3.0,32.51211,-85.01142
W12DX-D,207,Blue Ridge,GA,LPD,3.0,34.86756,-84.33372
W13DQ-D,213,Atlanta,GA,LPD,0.95,33.80733,-84.33931
W15EW-D,479,Valdosta,GA,LPD,15.0,30.83964,-83.26747
W15EY-D,479,Augusta,GA,LPD,15.0,33.55183,-81.93425
W16EE-D,485,Augusta,GA,LPD,15.0,33.50583,-81.96194
W16EK-D,485,Douglas,GA,LPD,15.0,31.46986,-83.23675
W16EL-D,485,Augusta,GA,LPD,4.0,33.61136,-81.31258
W19DN-D,503,Macon,GA,LPD,15.0,32.74956,-83.55958
W19DW-D,503,Columbus,GA,LPD,0.2,32.45806,-84.88556
W20DL-D,509,Macon,GA,LPD,0.2,32.75119,-83.55742
W20EQ-D,509,Athens,GA,LPD,15.0,33.50389,-83.25992
W20FK-D,509,Augusta,GA,LPD,15.0,33.36417,-82.01667
W22EC-D,521,La Grange,GA,LPD,0.5,33.04011,-85.02411
W22FV-D,521,Macon,GA,LPD,15.0,32.84125,-83.67144
W23EV-D,527,Carrollton,GA,LPT,8.1,33.56433,-85.01775
W23FN-D,527,Albany,GA,LPD,0.1,31.61297,-84.18844
W24FC-D,533,Swainsboro,GA,LPD,15.0,32.72939,-82.27789
W24FJ-D,533,Rome,GA,LPT,15.0,34.15953,-85.03689
W25ED-D,539,Albany,GA,LPD,0.1,31.61297,-84.18844
W25FP-D,539,Young Harris,GA,LPT,4.7,34.95375,-83.73022
W25FW-D,539,Columbus,GA,LPD,15.0,32.59872,-85.20547
W25GF-D,539,Baxley,GA,LPT,8.0,31.76472,-82.22694
W26EM-D,545,Athens,GA,LPD,0.1,33.99831,-83.43311
W26FJ-D,545,Valdosta,GA,LPD,0.2,30.88003,-83.29006
W26GC-D,545,Covington,GA,LPD,15.0,33.73083,-83.76667
W26GE-D,545,Peachtree City,GA,LPD,15.0,33.49003,-84.5685
W27DK-D,551,Columbus,GA,LPD,0.4,32.45806,-84.88556
W28EU-D,557,Macon,GA,LPD,15.0,33.05033,-83.95272
W28EW-D,557,Toccoa,GA,LPT,15.0,34.60908,-83.36422
W29DN-D,563,Athens,GA,LPD,0.1,33.99831,-83.43311
W29FD-D,563,Columbus,GA,LPD,15.0,32.32122,-84.79117
W29GP-D,563,Brunswick,GA,LPD,15.0,31.20328,-81.49297
W30FL-D,569,Tifton,GA,LPD,15.0,31.45483,-83.56036
W31EU-D,575,Columbus,GA,LPD,9.6,32.59872,-85.20547
W31FE-D,575,Savannah,GA,LPD,15.0,31.95097,-81.31947
W32FE-D,581,Hartwell & Royston,GA,LPT,15.0,34.313,-82.94042
W32FK-D,581,Valdosta,GA,LPD,0.25,31.13722,-83.39525
W32FN-D,581,Macon,GA,LPD,0.1,32.73494,-83.63989
W32FV-D,581,Columbus,GA,LPD,15.0,32.45806,-84.88556
W32FZ-D,581,Augusta,GA,LPD,15.0,33.50583,-81.96194
W33ER-D,587,Augusta,GA,LPD,15.0,33.50583,-81.96194
W33EU-D,587,Athens,GA,LPD,15.0,33.99331,-83.41553
W33EV-D,587,Waycross,GA,LPD,15.0,31.19714,-82.40067
W33FR-D,587,Valdosta,GA,LPD,15.0,30.82589,-83.30072
W34FO-D,593,Augusta,GA,LPD,0.2,33.25072,-82.41358
W34FX-D,593,Montrose,GA,LPD,8.0,32.43861,-82.6825
W34GA-D,593,Waycross,GA,LPD,15.0,31.19747,-82.40075
W35BB-D,599,Dublin,GA,LPD,15.0,32.57542,-82.86706
W36EZ-D,605,Hinesville-Richmond,GA,LPD,15.0,32.06531,-81.35142
W36FI-D,605,Valdosta,GA,LPD,0.3,31.13722,-83.37858
WAAU-LD,527,Augusta,GA,LPD,15.0,33.47594,-82.01039
WABW-TV,85,Pelham,GA,DTV,10.5,31.13575,-84.10436
WACS-TV,177,Dawson,GA,DTV,26.3,31.93678,-84.55356
WAGA-TV,551,Atlanta,GA,DTV,1000.0,33.79761,-84.33381
WAGT-CD,569,Augusta,GA,DCA,15.0,33.40575,-81.83347
WALB,195,Albany,GA,DTV,28.0,31.33139,-83.86194
WANF,503,Atlanta,GA,DTV,1000.0,33.80733,-84.33931
WANN-CD,509,Atlanta,GA,DCA,11.4,33.80733,-84.33931
WATC-DT,593,Atlanta,GA,DTV,475.0,34.06647,-84.45464
WATL,539,Atlanta,GA,DTV,500.0,33.80733,-84.33931
WAUA-LD,527,Columbus,GA,LPD,10.0,32.46714,-85.04203
WBFL-CD,213,Valdosta,GA,DCA,2.0,30.66917,-83.32528
WBPI-CD,503,Augusta,GA,DCA,15.0,33.51542,-81.93964
WBUD-LD,569,Atlanta,GA,LPD,7.0,33.80733,-84.33931
WBVJ-CD,599,Valdosta,GA,DCA,1.5,30.97056,-83.28667
WCAC-LD,587,Lagrange,GA,LPD,10.0,33.05,-85.03056
WCES-TV,85,Wrens,GA,DTV,7.9,33.25917,-82.28539
WCTD-LD,491,Cartersville,GA,LPD,15.0,34.3225,-84.635
WCTV,509,Thomasville,GA,DTV,570.0,30.67056,-83.94056
WDGA-CD,569,Dalton,GA,DCA,2.28,34.73331,-85.01747
WDID-LD,587,Savannah,GA,LPD,13.8,32.09644,-81.31933
WDMA-CD,485,Macon,GA,DCA,10.7,32.84125,-83.67144
WDNV-LD,207,Atlanta,GA,LPD,3.0,33.74469,-84.35992
WDRJ-LD,545,Albany,GA,LPD,6.0,31.62819,-84.19572
WDTA-LD,599,Atlanta,GA,LPD,6.0,33.74469,-84.35992
WDWW-LD,557,Atlanta,GA,LPD,8.0,33.80733,-84.33931
WDZC-LD,473,Washington,GA,LPD,15.0,33.74028,-82.71917
WELF-TV,557,Dalton,GA,DTV,475.0,34.82317,-85.41831
WEQT-LD,189,Atlanta,GA,LPD,3.0,33.74469,-84.35992
WFXG,605,Augusta,GA,DTV,373.0,33.41694,-81.83472
WFXL,563,Albany,GA,DTV,800.0,31.33139,-83.86194
WGAT-LD,491,Augusta,GA,LPD,15.0,33.41028,-81.84333
WGCW-LD,605,Albany,GA,LPD,15.0,31.61297,-84.18844
WGGD-LD,479,Gainesville,GA,LPD,15.0,34.12997,-83.93214
WGNM,587,Macon,GA,DTV,793.0,32.76444,-83.55889
WGTA,533,Toccoa,GA,DTV,240.0,34.60992,-83.37064
WGTV,177,Athens,GA,DTV,62.0,33.805,-84.14444
WGXA,545,Macon,GA,DTV,540.0,32.74956,-83.55958
WHDS-LD,509,Savannah,GA,LPD,15.0,32.04525,-81.12236
WHSG-TV,521,Monroe,GA,DTV,1000.0,33.74469,-84.35992
WIEF-LD,497,Augusta,GA,LPD,15.0,33.42139,-81.83833
WIGL-LD,183,Atlanta,GA,LPD,3.0,33.74469,-84.35992
WIRE-CD,587,Atlanta,GA,DCA,15.0,33.74469,-84.35992
WJBF,557,Augusta,GA,DTV,755.0,33.40575,-81.83347
WJCL,521,Savannah,GA,DTV,350.0,32.05833,-81.33833
WJDO-LD,563,Macon,GA,LPD,15.0,32.74956,-83.55958
WJSP-TV,79,Columbus,GA,DTV,21.4,32.85189,-84.70153
WKTB-CD,527,Norcross,GA,DCA,15.0,33.91703,-84.20164
WLTZ,599,Columbus,GA,DTV,50.0,32.45806,-84.88556
WLVO-LD,545,Cumming,GA,LPD,15.0,33.80733,-84.33931
WMAZ-TV,213,Macon,GA,DTV,52.6,32.75306,-83.55889
WMGT-TV,569,Macon,GA,DTV,90.1,32.75361,-83.56278
WMUB-LD,575,Warner Robins,GA,LPD,15.0,32.76444,-83.55889
WMUM-TV,189,Cochran,GA,DTV,126.0,32.47006,-83.255
WNGH-TV,69,Chatsworth,GA,DTV,11.2,34.75064,-84.71464
WPBA,515,Atlanta,GA,DTV,105.0,33.759,-84.33528
WPCH-TV,575,Atlanta,GA,DTV,805.0,33.80733,-84.33931
WPGA-LD,497,Macon,GA,LPT,15.0,32.75119,-83.55742
WPGA-TV,527,Perry,GA,DTV,82.2,32.75119,-83.55742
WPHJ-LD,479,Savannah,GA,LPD,11.3,32.05417,-81.35
WPXA-TV,485,Rome,GA,DTV,687.0,34.31333,-84.64861
WPXC-TV,533,Brunswick,GA,DTV,790.0,30.82772,-81.74067
WRBL,479,Columbus,GA,DTV,1000.0,32.32122,-84.79117
WRDP-LD,485,Columbus,GA,LPD,15.0,32.45806,-84.88556
WRDW-TV,207,Augusta,GA,DTV,20.2,33.41028,-81.84333
WSAV-TV,485,Savannah,GA,DTV,800.0,32.05881,-81.29844
WSB-TV,581,Atlanta,GA,DTV,869.0,33.76436,-84.36158
WSCG,599,Baxley,GA,DTV,1000.0,32.04611,-81.34056
WSKC-CD,473,Atlanta,GA,DCA,15.0,33.80733,-84.33931
WSST-LD,557,Albany,GA,LPD,15.0,31.89333,-83.805
WSST-TV,593,Cordele,GA,DTV,66.2,31.89333,-83.805
WSWG,575,Valdosta,GA,DTV,85.0,31.17186,-83.36572
WTBS-LD,85,Atlanta,GA,LPD,1.5,33.74469,-84.35992
WTHC-LD,63,Atlanta,GA,LPD,3.0,33.43247,-84.44039
WTLH,503,Bainbridge,GA,DTV,560.0,30.68064,-83.97239
WTMH-LD,515,Macon,GA,LPD,15.0,32.75119,-83.55742
WTOC-TV,527,Savannah,GA,DTV,1000.0,32.05417,-81.35
WTSG-LD,587,Tifton,GA,LPD,15.0,31.33139,-83.86194
WTVM,201,Columbus,GA,DTV,30.99,32.32122,-84.79117
WUEO-LD,201,Macon,GA,LPD,3.0,33.74469,-84.35992
WUET-LD,497,Savannah,GA,LPD,15.0,32.09644,-81.31933
WUPA,605,Atlanta,GA,DTV,1000.0,33.80733,-84.33931
WUVG-DT,497,Athens,GA,DTV,1000.0,33.80733,-84.33931
WUVM-LD,57,Atlanta,GA,LPD,1.0,33.74469,-84.35992
WVAN-TV,183,Savannah,GA,DTV,36.5,32.14694,-81.61778
WVND-LD,533,Suwanee,GA,LPD,0.2,34.09875,-84.05181
WXGA-TV,177,Waycross,GA,DTV,35.3,31.223,-82.57792
WXIA-TV,195,Atlanta,GA,DTV,80.0,33.75667,-84.33194
WXTX,533,Columbus,GA,DTV,200.0,32.46139,-84.87861
WXVK-LD,593,Columbus,GA,LPD,15.0,32.59872,-85.20547
WYBU-CD,545,Columbus,GA,DCA,15.0,32.46661,-85.05603
WYGA-CD,563,Atlanta,GA,DCA,15.0,33.74469,-84.35992
WZVC-LD,527,Athens,GA,LPD,15.0,34.08364,-83.32203
K28HS-D,557,Agana,GU,LPT,0.35,13.43278,144.7125
K30HB-D,569,Agana,GU,LPT,0.35,13.43281,144.71256
K32GB-D,581,Agana,GU,LPT,0.35,13.43281,144.71256
K36GJ-D,605,Agana,GU,LPT,0.35,13.43281,144.71256
KEQI-LD,521,Dededo,GU,LPD,1.95,13.48914,144.82806
KGTF,207,Hagatna,GU,DTV,54.7,13.48944,144.82944
KTGM,473,Tamuning,GU,DTV,12.5,13.48914,144.82806
KTKB-LD,545,Tamuning,GU,LPD,1.4,13.48775,144.82672
KUAM-TV,183,Hagatna,GU,DTV,3.5,13.43139,144.71
K19JW-D,503,Mauna Loa,HI,LPT,1.0,19.58528,-155.45
K20NX-D,509,Hilo,HI,LPT,13.5,19.58528,-155.45
K21IA-D,515,Waipake,HI,LPT,0.36,22.18272,-159.33325
K28JM-D,557,Waimea,HI,LPT,0.075,19.88306,-155.65528
K28JV-D,557,Hilo,HI,LPT,9.5,19.72917,-155.02278
K28NN-D,557,Wailuku,HI,LPT,1.08,20.70597,-156.26161
K29HL-D,563,"Hanalei, Etc.",HI,LPT,0.36,22.20836,-159.46747
K30JE-D,569,Lihue,HI,LPT,0.3,21.97331,-159.49575
K31IZ-D,575,Naalehu,HI,LPT,0.292,19.04364,-155.58025
K32IX-D,581,Lihue,HI,LPT,0.6,21.97331,-159.49575
K34IS-D,593,Kilauea,HI,LPT,0.177,22.22311,-159.39483
K34RN-D,593,Hilo,HI,LPD,15.0,19.78083,-155.0875
K35II-D,599,South Point,HI,LPT,2.36,19.00225,-155.67469
K36IJ-D,605,"Anahola, Etc.",HI,LPT,0.194,22.13694,-159.31275
K36OZ-D,605,Hakalau,HI,LPT,0.213,19.91283,-155.18217
KAAH-TV,551,Honolulu,HI,DTV,262.0,21.39267,-158.09669
KAII-TV,177,Wailuku,HI,DTV,3.69,20.65708,-156.35994
KALO,497,Honolulu,HI,DTV,103.0,21.403,-158.09783
KBFD-DT,587,Honolulu,HI,DTV,49.6,21.31056,-157.85917
KGMB,527,Honolulu,HI,DTV,50.0,21.39778,-158.1
KGMD-TV,189,Hilo,HI,DTV,2.0,19.71361,-155.13417
KGMV,533,Wailuku,HI,DTV,77.0,20.65708,-156.35994
KHAW-TV,201,Hilo,HI,DTV,3.35,19.71361,-155.13417
KHBC-TV,521,Hilo,HI,DTV,8.0,19.72778,-155.06694
KHET,201,Honolulu,HI,DTV,15.7,21.39778,-158.1
KHHI-LD,605,Honolulu,HI,LPD,0.1,21.32628,-157.88561
KHII-TV,521,Honolulu,HI,DTV,40.0,21.39778,-158.1
KHNL,599,Honolulu,HI,DTV,39.0,21.39778,-158.1
KHON-TV,183,Honolulu,HI,DTV,7.2,21.29147,-157.83536
KHVO,213,Hilo,HI,DTV,2.0,19.71361,-155.13417
KIKU,503,Honolulu,HI,DTV,60.7,21.39444,-158.0975
KITV,509,Honolulu,HI,DTV,66.8,21.2905,-157.83972
KKAI,563,Kailua,HI,DTS,40.0,21.42211,-157.75753
KLEI,515,Wailuku,HI,DTV,2.1,20.77567,-156.32831
KLEI-TV,539,Kailua-Kona,HI,DTV,5.5,19.71778,-155.91833
KMAU,207,Wailuku,HI,DTV,9.0,20.65708,-156.35994
KMEB,195,Wailuku,HI,DTV,21.13,20.65708,-156.35994
KOGG,485,Wailuku,HI,DTV,50.0,20.65708,-156.35994
KPXO-TV,581,Kaneohe,HI,DTS,17.0,21.40328,-158.098
KUPU,479,Waimanalo,HI,DTS,49.6,21.40306,-158.09753
KWBN,545,Honolulu,HI,DTV,4.58,21.39267,-158.09669
KWHD,527,Hilo,HI,DTV,14.9,19.71361,-155.13417
KWHE,575,Honolulu,HI,DTV,20.1,21.31056,-157.85917
K14SU-D,473,Keokuk,IA,LPD,15.0,39.97203,-91.32789
K16NY-D,485,Sioux City,IA,LPD,4.4,42.4725,-96.4225
K17MH-D,491,Cedar Falls,IA,LPD,11.7,42.72917,-92.81139
K17PS-D,491,Fort Dodge,IA,LPT,0.5,43.06806,-94.2025
K18GU-D,497,Ottumwa,IA,LPT,15.0,40.96139,-92.37056
K18KG-D,497,Spencer,IA,LPD,6.9,43.25556,-94.97667
K18NZ-D,497,Keokuk,IA,LPT,4.2,40.41114,-91.40403
K22LJ-D,521,Mason City,IA,LPD,0.45,43.16822,-93.10108
K24IM-D,533,Keosauqua,IA,LPT,15.0,40.71778,-91.94028
K24PD-D,533,Cedar Rapids,IA,LPD,15.0,42.06111,-91.54528
K24PE-D,533,Davenport,IA,LPD,15.0,41.59925,-90.89356
K25PE-D,539,Decorah,IA,LPT,15.0,43.32667,-91.76583
K26JI-D,545,Sibley,IA,LPT,14.0,43.40333,-95.66861
K27LD-D,551,Salix,IA,LPD,0.2,42.53456,-96.37342
K28JD-D,557,Fort Madison,IA,LPT,15.0,40.63194,-91.43361
K28RD-D,557,Davenport,IA,LPD,15.0,41.50611,-90.66983
K30QY-D,569,Mason City,IA,LPD,15.0,43.16822,-93.10108
K31NJ-D,575,Lansing,IA,LPT,15.0,43.34972,-91.22111
K31PO-D,575,Des Moines,IA,LPT,2.5,41.83642,-93.28419
K31PP-D,575,Sioux City,IA,LPD,0.1,42.53472,-96.37306
K32NM-D,581,Des Moines,IA,LPD,15.0,41.66472,-93.75694
K33PV-D,587,Rock Rapids,IA,LPT,15.0,43.37658,-96.19683
K33QA-D,587,Davenport,IA,LPD,15.0,41.50083,-90.67333
K35PA-D,599,Mason City,IA,LPD,0.35,43.16822,-93.10108
K36RL-D,605,Sioux City,IA,LPD,15.0,42.51472,-96.30444
KAJR-LD,515,Des Moines,IA,LPD,15.0,41.81792,-93.20981
KBIN-TV,587,Council Bluffs,IA,DTV,200.0,41.25417,-95.83556
KBVK-LD,509,Spencer,IA,LPD,6.8,43.25556,-94.97667
KBWF-LD,563,Sioux City,IA,LPD,15.0,42.4725,-96.4225
KCAU-TV,189,Sioux City,IA,DTV,43.9,42.58639,-96.2325
KCCI,183,Des Moines,IA,DTV,44.6,41.80972,-93.62139
KCRG-TV,581,Cedar Rapids,IA,DTV,1000.0,42.31639,-91.85861
KCWI-TV,527,Ames,IA,DTV,246.0,41.83,-93.61517
KCYM-LD,545,Des Moines,IA,LPD,15.0,41.81792,-93.20981
KDIN-TV,593,Des Moines,IA,DTV,1000.0,41.80917,-93.615
KDIT-CD,491,Des Moines,IA,DCA,15.0,41.83,-93.61517
KDMI,503,Des Moines,IA,DTV,839.0,41.83,-93.61517
KDSM-TV,485,Des Moines,IA,DTV,1000.0,41.83,-93.61517
KFKZ-LD,569,Cedar Falls,IA,LPD,15.0,42.28814,-91.88181
KFPX-TV,605,Newton,IA,DTV,270.0,41.80972,-93.62139
KFXA,551,Cedar Rapids,IA,DTV,1000.0,42.09028,-92.08722
KFXB-TV,473,Dubuque,IA,DTV,580.0,42.51917,-90.61972
KGAN,563,Cedar Rapids,IA,DTV,850.0,42.31639,-91.85861
KGCW,515,Burlington,IA,DTV,1000.0,41.3275,-90.37944
KHIN,599,Red Oak,IA,DTV,600.0,41.34417,-95.25611
KIIN,207,Iowa City,IA,DTV,57.0,41.72083,-91.34167
KIMT,533,Mason City,IA,DTV,472.0,43.47556,-92.70833
KLJB,569,Davenport,IA,DTV,1000.0,41.31236,-90.3795
KMEG,581,Sioux City,IA,DTV,1000.0,42.58667,-96.22194
KPTH,569,Sioux City,IA,DTV,871.0,42.58667,-96.22194
KPXR-TV,521,Cedar Rapids,IA,DTV,215.0,42.29528,-91.88639
KQIN,593,Davenport,IA,DTV,199.5,41.31236,-90.3795
KRIN,599,Waterloo,IA,DTV,250.0,42.31639,-91.85861
KRPG-LD,533,Des Moines,IA,LPD,15.0,41.81792,-93.20981
KSIN-TV,557,Sioux City,IA,DTV,400.0,42.51472,-96.30444
KTIN,539,Fort Dodge,IA,DTV,600.0,42.81742,-94.41164
KTIV,473,Sioux City,IA,DTV,1000.0,42.58667,-96.22194
KWKB,539,Iowa City,IA,DTV,1000.0,41.72478,-91.35283
KWQC-TV,491,Davenport,IA,DTV,1000.0,41.54689,-90.47717
KWWL,177,Waterloo,IA,DTV,49.0,42.40056,-91.84361
KYIN,497,Mason City,IA,DTV,533.0,43.47556,-92.70833
KYOU-TV,479,Ottumwa,IA,DTV,360.0,41.195,-91.95444
WBXF-CD,557,Des Moines,IA,DCA,9.3,41.58694,-93.62611
WHO-DT,213,Des Moines,IA,DTV,36.5,41.80917,-93.615
WOI-DT,79,Ames,IA,DTV,13.9,41.80917,-93.615
K03ET-D,63,Terrace Lakes,ID,LPT,0.038,44.11656,-116.00872
K04RX-D,69,Preston,ID,LPT,1.0,41.88325,-112.07911
K05BE-D,79,"Lehmi, Etc",ID,LPT,0.013,44.87492,-113.57864
K05EY-D,79,Terrace Lakes,ID,LPT,0.038,44.11656,-116.00872
K05GL-D,79,Coolin,ID,LPT,0.013,48.59325,-116.90911
K05GQ-D,79,Kooskia,ID,LPT,0.0025,46.15628,-115.98153
K07NL-D,177,Juliaetta,ID,LPT,0.007,46.57878,-116.69153
K07QC-D,177,Driggs,ID,LPT,0.3,43.78797,-110.93603
K07XM-D,177,Mink Creek,ID,LPT,0.1,42.25269,-111.72994
K07ZQ-D,177,Georgetown,ID,LPT,0.025,42.50186,-111.34269
K08EZ-D,183,Mink Creek,ID,LPT,0.1,42.25269,-111.72994
K08PI-D,183,Salmon,ID,LPT,0.018,45.06797,-113.87589
K08QB-D,183,Crouch/Garden Valley,ID,LPT,0.05,44.12886,-116.00021
K09DF-D,189,Juliaetta,ID,LPT,0.007,46.57878,-116.69153
K09LO-D,189,Cascade,ID,LPT,0.003,44.5235,-116.04817
K09PL-D,189,"Dingle, Etc",ID,LPT,0.02,42.32075,-111.28742
K09SD-D,189,"Lemhi, Etc.",ID,LPT,0.025,44.92492,-113.57864
K09XY-D,189,Coolin,ID,LPT,0.017,48.59325,-116.90911
K09YP-D,189,Mink Creek,ID,LPT,0.015,42.25269,-111.72994
K09ZC-D,189,Bonners Ferry,ID,LPT,0.06,48.61019,-116.25767
K10AW-D,195,Challis,ID,LPT,0.3,44.55242,-114.09089
K10KR-D,195,Coolin,ID,LPT,0.016,48.59325,-116.90911
K10QJ-D,195,Mink Creek,ID,LPT,0.015,42.25269,-111.72994
K11BD-D,201,Leadore,ID,LPT,0.003,44.70825,-113.33419
K11CP-D,201,Fish Creek,ID,LPT,0.106,42.61269,-112.00383
K11DL-D,201,Juliaetta,ID,LPT,0.007,46.57878,-116.69153
K11HM-D,201,Bonners Ferry,ID,LPT,0.044,48.61047,-116.25878
K11KO-D,201,Kamiah,ID,LPT,0.01,46.19686,-116.04361
K11PB-D,201,Cambridge,ID,LPT,0.042,44.53371,-116.65694
K11PP-D,201,"Dingle, Etc",ID,LPT,0.02,42.32075,-111.28742
K11TY-D,201,Salmon,ID,LPT,0.018,45.06797,-113.87589
K11UN-D,201,Coolin,ID,LPT,0.016,48.59325,-116.90911
K11WF-D,201,Mink Creek,ID,LPT,0.1,42.25269,-111.72994
K11WR-D,201,Council,ID,LPT,0.1,44.66319,-116.44097
K11WT-D,201,Mccall,ID,LPT,0.0316,45.00794,-116.13428
K11WV-D,201,Terrace Lakes,ID,LPT,0.047,44.11656,-116.00872
K11XP-D,201,Boise,ID,LPD,0.1,43.73989,-116.13666
K12LF-D,207,Coolin,ID,LPT,0.016,48.59325,-116.90911
K12LS-D,207,Challis,ID,LPT,0.0225,44.55257,-114.09022
K12QS-D,207,Mink Creek,ID,LPT,0.015,42.25269,-111.72994
K13HA-D,213,Mink Creek,ID,LPT,0.1,42.25269,-111.72994
K13QE-D,213,Driggs,ID,LPT,0.04,43.78836,-110.93544
K13QH-D,213,Swan Valley/Irwin,ID,LPT,0.0024,43.45631,-111.34717
K13QY-D,213,"Dingle, Etc",ID,LPT,0.02,42.32075,-111.28742
K13RV-D,213,Leadore,ID,LPT,0.022,44.70631,-113.30947
K13UF-D,213,Rexburg,ID,LPD,0.3,43.80094,-111.77764
K14IC-D,473,Burley,ID,LPT,0.384,42.43378,-113.62417
K14IJ-D,473,Leadore,ID,LPT,0.003,44.71103,-113.32447
K14MC-D,473,Lava Hot Springs,ID,LPT,0.0025,42.61269,-112.00217
K14OA-D,473,Preston,ID,LPT,1.0,42.12492,-111.77578
K14RY-D,473,Malad & Surrounding,ID,LPT,1.6,42.08047,-112.20883
K14SB-D,473,Terrace Lakes,ID,LPT,0.075,44.13017,-116.00872
K15GO-D,479,Georgetown,ID,LPT,0.061,42.50186,-111.34269
K15HR-D,479,Mackay,ID,LPT,0.0297,43.92767,-113.67306
K15IB-D,479,Malad,ID,LPT,1.0,42.08047,-112.20883
K15IO-D,479,Mccall & New Meadows,ID,LPT,0.47,45.00183,-116.13511
K15ME-D,479,Salmon,ID,LPT,0.11,45.14575,-114.00922
K16IX-D,485,Preston,ID,LPT,1.0,42.12492,-111.77578
K16JE-D,485,Glenns Ferry,ID,LPT,0.43,42.92683,-115.35367
K16KO-D,485,Leadore,ID,LPT,0.154,44.66714,-113.35086
K16LS-D,485,"Grangeville, Etc.",ID,LPT,0.221,46.06903,-116.46597
K16LX-D,485,Juliaetta,ID,LPT,0.178,46.57878,-116.69153
K16MW-D,485,Malad City,ID,LPT,1.0,42.08047,-112.20883
K16NQ-D,485,Pocatello,ID,LPD,0.1,42.86392,-112.52036
K16NR-D,485,Coeur D'Alene,ID,LPT,3.0,47.73156,-116.73072
K17ED-D,491,Payette,ID,DCA,13.65,44.06211,-116.90711
K17KF-D,491,Cambridge,ID,LPT,0.51,44.53292,-116.65708
K17NZ-D,491,Bonners Ferry,ID,LPD,0.383,48.61047,-116.25878
K17PA-D,491,Mullan,ID,LPD,7.0,47.54556,-116.33278
K18LH-D,497,Lewiston,ID,LPT,1.16,46.45069,-117.04736
K18NC-D,497,Malad,ID,LPT,1.0,42.08047,-112.20883
K18NF-D,497,Hagerman,ID,LPT,0.252,42.84878,-114.91311
K19BY-D,503,"Grangeville, Etc.",ID,LPT,0.56,46.06903,-116.46597
K19CY-D,503,Rockland,ID,LPT,0.0037,42.57406,-112.90081
K19DQ-D,503,Montpelier,ID,LPT,0.09,42.38936,-111.38547
K19EW-D,503,Preston,ID,LPT,1.0,42.12492,-111.77578
K19KY-D,503,Pocatello,ID,LPT,0.25,42.87381,-112.51358
K19LE-D,503,Sandpoint,ID,LPD,0.285,48.39517,-116.51131
K20KU-D,509,Montpelier,ID,LPT,0.225,42.49992,-111.33936
K20MO-D,509,Pocatello,ID,LPD,1.0,42.86392,-112.52036
K20MQ-D,509,Rexburg,ID,LPT,0.17,43.7894,-111.96888
K20OF-D,509,Malad,ID,LPT,1.0,42.08047,-112.20883
K21CC-D,515,Lewiston,ID,LPT,0.2,46.45097,-117.04708
K21HH-D,515,Preston,ID,LPT,1.0,42.12492,-111.77578
K21HV-D,515,Malad,ID,LPT,1.0,42.08047,-112.20883
K21JC-D,515,Pocatello,ID,LPD,0.19,42.866,-112.51414
K21LI-D,515,Idaho Falls,ID,LPD,0.1,43.54417,-111.88722
K21ME-D,515,Twin Falls,ID,LPD,0.1,42.72889,-114.41639
K21MR-D,515,Soda Springs,ID,LPT,1.0,42.63319,-111.6927
K21NG-D,515,Sandpoint,ID,LPT,0.705,48.33158,-116.69408
K21OA-D,515,Holbrook,ID,LPT,0.4,42.11742,-112.65747
K22IK-D,521,"Rexburg, Etc.",ID,LPD,15.0,43.72111,-111.9425
K22IM-D,521,Challis,ID,LPD,0.288,44.54603,-114.08339
K22NQ-D,521,Holbrook,ID,LPT,0.4,42.11742,-112.65747
K22NV-D,521,Malad City,ID,LPT,0.377,42.08047,-112.20883
K22NX-D,521,Juliaetta,ID,LPT,0.05,46.57886,-116.69161
K23BV-D,527,Montpelier,ID,LPT,0.09,42.38936,-111.38547
K23DO-D,527,Malta,ID,LPT,0.022,42.36156,-113.45556
K23GR-D,527,Preston,ID,LPT,1.0,42.12492,-111.77578
K23HT-D,527,St. Maries,ID,LPT,0.2825,47.36364,-116.41292
K23JH-D,527,Leadore,ID,LPT,0.25,44.66714,-113.35086
K23NB-D,527,Boise,ID,LPD,0.1,43.73989,-116.13664
K23NL-D,527,Cottonwood/Grangevil,ID,LPT,0.2,46.06903,-116.46597
K23NM-D,527,Sandpoint,ID,LPT,0.512,48.33131,-116.69381
K23NQ-D,527,Lewiston,ID,LPT,3.0,46.45081,-117.04725
K23OT-D,527,Juliaetta,ID,LPT,0.178,46.57878,-116.69153
K24HU-D,533,"Burley, Etc.",ID,LPT,1.0,42.43364,-113.62447
K24JN-D,533,Lewiston,ID,LPT,1.6,46.45097,-117.04708
K24NO-D,533,Bonners Ferry,ID,LPT,0.134,48.61064,-116.25783
K25CK-D,539,Montpelier,ID,LPT,0.09,42.38936,-111.38547
K25HG-D,539,Preston,ID,LPT,1.0,42.12492,-111.77578
K25IP-D,539,Malad City,ID,LPT,1.0,42.08047,-112.20883
K25MP-D,539,Bonners Ferry,ID,LPT,0.4,48.61019,-116.25767
K25NZ-D,539,Lewiston,ID,LPD,1.5,46.45069,-117.04708
K25OI-D,539,Soda Springs,ID,LPT,1.0,42.63319,-111.6927
K25OP-D,539,Kellogg,ID,LPT,0.058,47.49214,-116.14347
K25OR-D,539,Mccall,ID,LPT,0.207,44.76478,-116.19906
K25OX-D,539,Hagerman,ID,LPT,0.252,42.84878,-114.91311
K25PO-D,539,Holbrook,ID,LPT,0.4,42.11742,-112.65747
K25PY-D,539,Leadore,ID,LPT,0.168,44.66714,-113.35086
K25QX-D,539,Garden Valley,ID,LPD,0.032,44.02989,-115.82733
K26CK-D,545,Cottonwood/Grangevil,ID,LPT,2.071,46.06903,-116.46597
K26LJ-D,545,Coeur D'Alene,ID,LPT,1.6,47.73156,-116.73211
K26OO-D,545,Bonners Ferry,ID,LPT,0.383,48.61047,-116.25878
K26OP-D,545,Holbrook,ID,LPT,0.4,42.11742,-112.65747
K26OW-D,545,Garden Valley,ID,LPT,0.01,44.03933,-115.81247
K26OY-D,545,Malad City,ID,LPT,1.0,42.08047,-112.20883
K27CS-D,551,Montpelier,ID,LPT,0.09,42.38936,-111.38547
K27DX-D,551,Mccall,ID,DCA,15.0,44.76489,-116.199
K27GM-D,551,Preston,ID,LPT,1.0,42.12492,-111.77578
K27KP-D,551,Driggs,ID,LPT,0.64,43.68519,-111.11575
K27MM-D,551,Tendoy / Leadore,ID,LPT,0.386,44.92492,-113.57864
K27MW-D,551,Soda Springs,ID,LPT,1.0,42.63319,-111.6927
K27NC-D,551,Coeur D'Alene,ID,LPT,4.0,47.73156,-116.73072
K28LE-D,557,Idaho Falls,ID,LPD,0.1,43.54417,-111.88722
K29BM-D,563,Montpelier,ID,LPT,0.09,42.38936,-111.38547
K29EY-D,563,Preston,ID,LPT,1.0,42.12492,-111.77578
K29GV-D,563,Hagerman,ID,LPD,0.466,42.84878,-114.91311
K29KG-D,563,Idaho Falls,ID,LPD,1.0,42.86392,-112.52036
K29KY-D,563,Blackfoot,ID,LPT,15.0,43.49083,-112.04944
K29LG-D,563,Soda Springs,ID,LPT,1.0,42.63319,-111.69258
K29LY-D,563,Salmon,ID,LPT,0.11,45.14547,-114.00516
K29NB-D,563,Cascade,ID,LPT,0.49,44.5235,-116.04928
K30BU-D,569,Leadore,ID,LPT,0.01,44.71103,-113.32447
K30LS-D,569,Sandpoint,ID,LPT,0.33,48.33131,-116.69408
K30MC-D,569,Lewiston,ID,LPD,0.1,46.4575,-117.1
K30OX-D,569,Montpelier,ID,LPT,0.09,42.38936,-111.38547
K30PW-D,569,Salmon,ID,LPT,0.11,45.14575,-114.00922
K30QA-D,569,Coeur D'Alene,ID,LPT,2.7,47.73156,-116.73072
K30QH-D,569,"Burley, Etc.",ID,LPT,15.0,42.43367,-113.62469
K30RI-D,569,Idaho Falls,ID,LPT,14.7,43.54519,-111.88808
K31CI-D,575,Montpelier,ID,LPT,0.09,42.38936,-111.38547
K31DS-D,575,Coolin,ID,LPT,0.099,48.53131,-116.81714
K31FD-D,575,Boise,ID,DCA,15.0,43.755,-116.09861
K31FR-D,575,Preston,ID,LPT,1.0,42.12492,-111.77578
K31HS-D,575,Malad,ID,LPT,1.0,42.08047,-112.20883
K31IF-D,575,Hagerman,ID,LPT,0.466,42.84878,-114.91311
K31NL-D,575,Bonners Ferry,ID,LPD,0.175,48.61019,-116.25767
K31PJ-D,575,Holbrook,ID,LPT,0.4,42.11742,-112.65747
K31PT-D,575,Soda Springs,ID,LPT,1.0,42.62992,-111.68411
K31QK-D,575,Coeur D'Alene,ID,LPT,1.75,47.73156,-116.73072
K32HA-D,581,Bonners Ferry,ID,LPD,0.383,48.61047,-116.25878
K32KC-D,581,Montpelier,ID,LPT,0.09,42.38936,-111.38547
K32KO-D,581,Garden Valley,ID,LPT,0.0099,44.02989,-115.82733
K32LS-D,581,Driggs,ID,LPT,0.49,43.78842,-110.93511
K32LX-D,581,Soda Springs,ID,LPT,1.0,42.63319,-111.6927
K32NQ-D,581,Salmon,ID,LPT,0.11,45.14575,-114.00922
K32NV-D,581,Malad City,ID,LPT,1.6,42.08047,-112.20883
K32OA-D,581,Coolin,ID,LPT,0.1,48.53131,-116.81714
K32OO-D,581,Pocatello,ID,LPD,15.0,42.87789,-112.51614
K33DR-D,587,Montpelier,ID,LPT,0.09,42.38936,-111.38547
K33GF-D,587,Preston,ID,LPT,1.0,42.12492,-111.77578
K33HO-D,587,Soda Springs,ID,LPT,1.0,42.62992,-111.68411
K33IM-D,587,Malad City,ID,LPT,1.0,42.08047,-112.20883
K33LW-D,587,Sandpoint,ID,LPT,0.75,48.33131,-116.69381
K33QB-D,587,Coolin,ID,LPT,0.1,48.53089,-116.81706
K33QF-D,587,Holbrook,ID,LPT,0.4,42.11742,-112.65747
K33RC-D,587,Council,ID,LPT,0.46,44.66319,-116.44097
K34CB-D,593,"Lemhi, Etc.",ID,LPT,0.07,44.66714,-113.35086
K34MG-D,593,Garden Valley,ID,LPT,0.0099,44.02989,-115.82733
K34NC-D,593,"Fish Creek, Etc.",ID,DCA,15.0,42.87378,-112.51358
K34NF-D,593,Soda Springs,ID,LPT,1.0,42.63319,-111.6927
K34OH-D,593,Montpelier,ID,LPT,0.09,42.38936,-111.38547
K34QC-D,593,Lewiston,ID,LPT,1.4,46.45097,-117.04708
K35BW-D,599,Lewiston,ID,LPT,0.147,46.45097,-117.04708
K35GJ-D,599,Preston,ID,LPT,1.0,42.12492,-111.77578
K35HD-D,599,Soda Springs,ID,LPT,1.0,42.62992,-111.68411
K35IC-D,599,Bonners Ferry,ID,LPD,0.383,48.61047,-116.25878
K35MJ-D,599,Grangeville,ID,LPT,9.0,46.06903,-116.46597
K36LZ-D,605,Garden Valley,ID,LPT,0.0099,44.02989,-115.82733
K36PM-D,605,Salmon,ID,LPT,0.11,45.14575,-114.00922
K36PW-D,605,Priest Lake,ID,LPT,0.0565,48.59325,-116.90908
KAID,515,Boise,ID,DTV,725.0,43.75578,-116.09917
KBAX-LD,551,Jerome,ID,LPD,15.0,42.72889,-114.41639
KBKI-LD,551,Boise,ID,LPD,15.0,43.81575,-116.7705
KBOI-TV,509,Boise,ID,DTV,625.0,43.75578,-116.09917
KBSE-LD,587,"Boise, Etc.",ID,LPD,15.0,43.73961,-116.13817
KCBB-LD,503,Boise,ID,LPD,15.0,43.73978,-116.13761
KCDT,497,Coeur D'Alene,ID,DTV,50.0,47.73156,-116.73072
KDLN-LD,545,Twin Falls,ID,LPD,15.0,42.72889,-114.41639
KEVA-LD,593,Boise,ID,LPD,15.0,43.73978,-116.13761
KFLL-LD,539,Boise,ID,LPD,15.0,43.81575,-116.7705
KGLW-LD,527,Twin Falls,ID,LPD,15.0,42.72889,-114.41639
KIDK,605,Idaho Falls,ID,DTV,200.0,43.4975,-112.66472
KIFI-TV,497,Idaho Falls,ID,DTV,500.0,43.50111,-112.66278
KIPT,521,Twin Falls,ID,DTV,77.98,42.72942,-114.41569
KISU-TV,491,Pocatello,ID,DTV,189.0,43.501,-112.66219
KIVI-TV,533,Nampa,ID,DTV,736.0,43.75578,-116.09917
KIWB-LD,563,Boise,ID,LPD,15.0,43.73978,-116.13761
KKIC-LD,485,Boise,ID,LPD,15.0,43.73961,-116.13844
KKJB,479,Boise,ID,DTV,20.7,43.73961,-116.13844
KLEW-TV,581,Lewiston,ID,DTV,133.0,46.4575,-117.1
KMVT,201,Twin Falls,ID,DTV,40.0,42.72972,-114.41528
KNIN-TV,195,Caldwell,ID,DTV,25.0,43.755,-116.09861
KPIF,479,Pocatello,ID,DTV,288.0,42.86392,-112.52036
KPSW-LD,183,Boise,ID,LPD,0.1,43.73989,-116.13667
KPVI-DT,527,Pocatello,ID,DTV,505.0,42.92014,-112.34656
KRID-LD,521,Fruitland,ID,LPD,15.0,43.75483,-116.0985
KSAW-LD,557,Twin Falls,ID,LPD,15.0,42.72942,-114.41569
KSVT-CD,473,Twin Falls,ID,DCA,15.0,42.72972,-114.41528
KTFT-LD,509,Twin Falls,ID,LPD,15.0,42.72992,-114.41919
KTRV-TV,213,Nampa,ID,DTV,17.0,43.755,-116.09861
KTVB,527,Boise,ID,DTV,1000.0,43.75433,-116.09983
KTVJ-LD,545,Boise,ID,LPD,15.0,43.75583,-116.09917
KTVY-LD,85,Boise,ID,LPD,3.0,43.75583,-116.09917
KUID-TV,207,Moscow,ID,DTV,78.0,46.68167,-116.97139
KVUI,575,Pocatello,ID,DTV,313.0,42.86392,-112.52036
KXPI-LD,599,Pocatello,ID,LPD,15.0,42.87378,-112.51358
KXTF,593,Twin Falls,ID,DTV,230.0,42.72822,-114.41281
KYTL-LD,491,Shoshone,ID,LPD,15.0,42.72889,-114.41639
KYUU-LD,557,Boise,ID,LPD,15.0,43.75578,-116.09917
KZAK-LD,599,Boise,ID,LPD,15.0,43.73983,-116.13761
KZTN-LD,509,Boise,ID,LPD,15.0,43.71289,-116.16381
KPDS-LD,189,Chicago,IL,LPD,0.65,41.89892,-87.62311
W07DD-D,545,Champaign,IL,LPD,0.1,40.16389,-88.29639
W09DL-D,189,Mount Vernon,IL,LPD,3.0,38.36489,-89.88986
W15BU-D,479,Johnson City,IL,DCA,15.0,37.84528,-88.92944
W17EH-D,491,Quincy,IL,LPD,15.0,39.97203,-91.32789
W19EE-D,503,Jacksonville,IL,LPD,0.2,39.80061,-89.95589
W23EQ-D,527,Danville,IL,LPT,12.1,40.15161,-87.71356
W23EW-D,527,Springfield,IL,LPD,15.0,39.74842,-89.53264
W27DF-D,551,Saulsbury/Springfield,IL,LPD,15.0,39.97203,-91.32789
W27EB-D,551,Sugar Grove,IL,DCA,15.0,41.89892,-87.62311
W27EJ-D,551,Sterling,IL,LPD,15.0,41.89786,-89.60606
W27EL-D,551,Champaign,IL,LPD,15.0,40.10936,-88.23489
W27EQ-D,551,Peoria,IL,LPD,15.0,40.62194,-89.47667
W27ES-D,551,Springfield,IL,LPD,5.6,39.82556,-89.63667
W29CI-D,563,Salem,IL,DCA,15.0,38.56278,-88.99944
W29ES-D,563,Jacksonville,IL,LPT,15.0,39.60267,-90.04619
W31EH-D,575,Springfield,IL,LPD,0.1,39.82556,-89.63667
W31EZ-D,575,Chicago,IL,LPD,15.0,41.89892,-87.62311
W33EK-D,587,Effingham,IL,LPT,15.0,39.25036,-88.37961
W33FL-D,587,Rockford,IL,LPD,15.0,42.45944,-89.02861
W36EX-D,605,Alton,IL,DCA,15.0,38.92003,-90.10508
WAND,509,Decatur,IL,DTV,1000.0,39.95239,-88.83239
WAUR-LD,563,Aurora,IL,LPD,15.0,41.66528,-88.57611
WBBM-TV,207,Chicago,IL,DTV,29.5,41.87889,-87.63556
WBUI,521,Decatur,IL,DTV,325.0,39.94889,-88.83692
WBXC-CD,497,Champaign/Urbana,IL,DCA,15.0,40.11111,-88.24306
WCCU,605,Urbana,IL,DTV,125.0,40.06944,-87.91278
WCHU-LD,177,Oakwood Hills,IL,LPD,3.0,41.88908,-87.62667
WCIA,593,Champaign,IL,DTV,681.0,40.10583,-88.45
WCIU-TV,527,Chicago,IL,DTV,1000.0,41.87892,-87.63617
WCIX,201,Springfield,IL,DTV,8.5,39.79094,-89.51472
WCPX-TV,593,Chicago,IL,DTV,400.0,41.87889,-87.63556
WCQA-LD,207,Springfield,IL,LPD,3.0,39.97106,-89.17436
WDCI-LD,569,Chicago,IL,LPD,15.0,41.88503,-87.62158
WEAE-LD,515,Springfield,IL,LPD,15.0,39.78089,-89.60506
WEDE-CD,557,Arlington Heights,IL,DCA,2.84,41.87892,-87.63617
WEDK-LD,539,Effingham,IL,LPD,0.1,39.01581,-88.58078
WEEK-TV,539,Peoria,IL,DTV,536.0,40.62944,-89.54806
WEIU-TV,569,Charleston,IL,DTV,174.0,39.57083,-88.30708
WESV-LD,575,Chicago,IL,LPD,15.0,41.89892,-87.62311
WFBN-LD,527,Rockford,IL,LPD,15.0,42.29675,-89.17083
WFLD,575,Chicago,IL,DTV,1000.0,41.87892,-87.63617
WGBO-DT,599,Joliet,IL,DTV,635.0,41.89892,-87.62311
WGEM-TV,503,Quincy,IL,DTV,1000.0,39.97278,-91.33194
WGN-TV,503,Chicago,IL,DTV,645.0,41.87892,-87.63617
WHBF-TV,69,Rock Island,IL,DTV,33.7,41.54689,-90.47717
WHOI,533,Peoria,IL,DTV,402.0,40.62944,-89.54806
WICD,581,Champaign,IL,DTV,1000.0,40.06944,-87.91278
WICS,479,Springfield,IL,DTV,300.0,39.80417,-89.46111
WIFR-LD,557,Rockford,IL,LPD,15.0,42.29675,-89.17083
WILL-TV,189,Urbana,IL,DTV,30.0,40.03889,-88.66944
WLCF-LD,491,Decatur,IL,LPD,15.0,39.95083,-88.86806
WLEH-LD,563,St.,IL,LPD,15.0,38.36489,-89.88986
WLPD-CD,581,Plano,IL,DCA,15.0,41.89892,-87.62311
WLS-TV,521,Chicago,IL,DTV,1000.0,41.87889,-87.63556
WMAQ-TV,587,Chicago,IL,DTV,398.0,41.87892,-87.63617
WMBD-TV,545,Peoria,IL,DTV,822.0,40.635,-89.53861
WMEC,605,Macomb,IL,DTV,100.0,40.39833,-90.73194
WMEU-CD,497,Chicago,IL,DCA,15.0,41.87892,-87.63617
WMWC-TV,183,Galesburg,IL,DTV,23.0,41.31236,-90.3795
WOCK-CD,69,Chicago,IL,DCA,3.0,41.89892,-87.62311
WPVN-CD,545,Chicago,IL,DCA,15.0,41.89892,-87.62311
WPXS,213,Mount Vernon,IL,DTV,160.0,38.36489,-89.88986
WQAD-TV,575,Moline,IL,DTV,1000.0,41.31236,-90.3795
WQEC,593,Quincy,IL,DTV,58.6,39.97806,-91.30889
WQPT-TV,527,Moline,IL,DTV,664.0,41.31236,-90.3795
WQRF-TV,605,Rockford,IL,DTV,910.0,42.28722,-89.17083
WRBU,557,East St. Louis,IL,DTV,1000.0,38.38833,-90.48778
WREX,213,Rockford,IL,DTV,30.0,42.29667,-89.23944
WRJK-LD,605,Arlington Heights,IL,LPD,5.1,41.89892,-87.62311
WRME-LD,85,Chicago,IL,LPD,3.0,41.89892,-87.62311
WRSP-TV,485,Springfield,IL,DTV,310.0,39.80417,-89.46111
WSEC,497,Jacksonville,IL,DTV,93.5,39.60267,-90.04619
WSIL-TV,593,Harrisburg,IL,DTV,1000.0,37.61389,-88.87222
WSIO-LD,587,Peoria,IL,LPD,15.0,40.74114,-89.67372
WSIU-TV,183,Carbondale,IL,DTV,53.0,38.10306,-89.24444
WSLN,189,Freeport,IL,DTV,30.0,42.29675,-89.17083
WSNS-TV,563,Chicago,IL,DTV,398.0,41.87892,-87.63617
WSPY-LD,569,Earlville,IL,LPD,10.8,41.66528,-88.57611
WTCT,569,Marion,IL,DTV,1000.0,37.55722,-89.02333
WTJR,581,Quincy,IL,DTV,1000.0,39.97203,-91.32789
WTTW,539,Chicago,IL,DTV,250.0,41.87892,-87.63617
WTVK,195,Oswego,IL,DTS,30.0,41.28183,-88.93642
WTVO,485,Rockford,IL,DTV,196.0,42.28722,-89.17083
WTVP,599,Peoria,IL,DTV,155.0,40.62889,-89.57
WUSI-TV,527,Olney,IL,DTV,110.0,38.83861,-88.12972
WVDM-LD,515,Quincy,IL,LPD,15.0,39.26497,-91.03289
WWME-CD,509,Chicago,IL,DCA,15.0,41.87892,-87.63617
WWTO-TV,581,Naperville,IL,DTV,15.0,41.89892,-87.62311
WXFT-DT,521,Aurora,IL,DTV,1000.0,41.87889,-87.63556
WYZZ-TV,557,Bloomington,IL,DTV,1000.0,40.64583,-89.17917
W06DG-D,85,Evansville,IN,LPD,0.1,37.88728,-87.51861
W10DG-D,195,Evansville,IN,LPD,0.2,37.98858,-87.59475
W17EX-D,491,Fort Wayne,IN,LPT,15.0,41.10361,-85.19111
W19EW-D,503,Evansville,IN,LPD,0.2,37.98858,-87.59475
W19FD-D,503,Terre Haute,IN,LPD,15.0,39.24236,-87.39128
W22FH-D,521,Fort Wayne,IN,LPD,0.2,41.10211,-85.18433
W23BV-D,527,Evansville,IN,LPD,3.46,38.06364,-87.71
W24FB-D,533,Brazil,IN,LPD,15.0,39.24236,-87.39128
W25FH-D,539,Fort Wayne,IN,LPD,15.0,41.09914,-85.145
W26DH-D,545,Auburn,IN,LPD,6.0,41.33361,-85.05222
W26GD-D,545,Dunlap,IN,LPD,15.0,41.61611,-86.19389
W29GQ-D,563,Spencer,IN,LPD,15.0,39.20111,-86.47194
W30EH-D,569,Fort Wayne,IN,LPD,5.0,41.09914,-85.145
W31FQ-D,575,Lafayette,IN,LPD,15.0,40.38889,-86.61278
W33FO-D,587,Tipton,IN,LPD,15.0,40.33889,-85.95417
WAAA-LD,485,Valparaiso,IN,LPD,14.0,41.52139,-87.02389
WALV-CD,491,Indianapolis,IN,DCA,8.18,39.92861,-86.18194
WANE-TV,581,Fort Wayne,IN,DTV,1000.0,41.09389,-85.18
WAWV-TV,497,Terre Haute,IN,DTV,250.0,39.2425,-87.39139
WBKI,485,Salem,IN,DTV,860.0,38.35028,-85.84917
WBND-LD,599,South Bend,IN,LPD,15.0,41.61525,-86.18517
WBXI-CD,605,Indianapolis,IN,DCA,15.0,39.89422,-86.20569
WCLJ-TV,557,Bloomington,IN,DTV,175.0,39.40383,-86.14794
WCUH-LD,527,Fort Wayne,IN,LPD,5.0,41.09914,-85.145
WCWW-LD,539,South Bend,IN,LPD,15.0,41.61525,-86.18517
WDLH-LD,533,Evansville,IN,LPD,0.585,37.98647,-87.27008
WDNI-CD,485,Indianapolis,IN,DCA,15.0,39.80028,-86.0775
WDTI,527,Indianapolis,IN,DTV,18.2,39.89422,-86.20569
WEEV-LD,515,Evansville,IN,LPD,4.0,37.88811,-87.54361
WEHT,207,Evansville,IN,DTV,14.0,37.86583,-87.56778
WEID-LD,485,South Bend,IN,LPD,15.0,41.67831,-86.06078
WEIN-LD,605,Evansville,IN,LPD,15.0,37.97794,-87.55244
WELW-LD,569,Evansville,IN,LPD,15.0,37.97794,-87.55244
WEVV-TV,557,Evansville,IN,DTV,243.0,37.88811,-87.54361
WEZY-LD,497,Indianapolis,IN,LPD,15.0,40.18517,-86.33633
WFFT-TV,509,Fort Wayne,IN,DTV,550.0,41.10928,-85.19506
WFIE,545,Evansville,IN,DTV,200.0,37.88728,-87.51861
WFWA,497,Fort Wayne,IN,DTV,350.0,41.10361,-85.19111
WFWC-CD,485,Fort Wayne,IN,DCA,15.0,41.09914,-85.145
WFYI,515,Indianapolis,IN,DTV,225.0,39.89914,-86.20067
WFYI-LD,563,Indianapolis,IN,LPD,15.0,39.89914,-86.20067
WHMB-TV,177,Indianapolis,IN,DTV,29.0,39.89422,-86.20569
WHME-TV,605,South Bend,IN,DTV,260.0,41.59528,-86.16056
WIIH-CD,183,Indianapolis,IN,DCA,0.3,39.89028,-86.20556
WINM,207,Angola,IN,DTV,16.5,41.45417,-84.80278
WIPB,503,Muncie,IN,DTV,228.0,40.09361,-85.39222
WIPX-TV,557,Bloomington,IN,DTV,175.0,39.40383,-86.14794
WISE-TV,593,Fort Wayne,IN,DTV,456.0,41.10211,-85.18433
WISH-TV,189,Indianapolis,IN,DTV,22.8,39.89028,-86.20556
WJSJ-CD,473,Indianapolis,IN,DCA,15.0,39.89422,-86.20569
WJTS-CD,533,Jasper,IN,DCA,15.0,38.38144,-86.87389
WJYL-CD,563,Jeffersonville,IN,DCA,15.0,38.369,-85.82989
WJYS,515,Hammond,IN,DTV,140.0,41.87889,-87.63556
WKOI-TV,575,Richmond,IN,DTV,1000.0,39.71861,-84.25611
WLFI-TV,201,Lafayette,IN,DTV,30.0,40.38889,-86.61278
WLMO-LD,57,Fort Wayne,IN,LPD,3.0,41.10675,-85.19603
WMYS-LD,557,South Bend,IN,LPD,15.0,41.61525,-86.18517
WNDU-TV,551,South Bend,IN,DTV,650.0,41.60556,-86.21278
WNDY-TV,189,Marion,IN,DTV,22.8,39.89028,-86.20556
WNHO-LD,599,Fort Wayne,IN,LPD,3.4,40.95389,-84.88528
WNIN,189,Evansville,IN,DTV,27.0,37.98361,-87.27028
WNIT,575,South Bend,IN,DTV,78.3,41.61367,-86.18889
WODN-LD,213,Portage,IN,LPD,3.0,41.62447,-87.19114
WPBI-CD,491,Lafayette,IN,DCA,15.0,40.40226,-86.84973
WPBY-CD,599,Lafayette,IN,DCA,13.0,40.40225,-86.84972
WPTA,533,Fort Wayne,IN,DTV,444.0,41.10211,-85.18433
WPWR-TV,575,Gary,IN,DTV,1000.0,41.87892,-87.63617
WQDE-LD,575,Indianapolis,IN,LPD,1.75,39.89422,-86.20569
WREP-LD,479,Martinsville,IN,LPD,0.2,39.44531,-86.41831
WRLW-CD,515,Salem,IN,DCA,10.5,38.59972,-86.08806
WRTV,539,Indianapolis,IN,DTV,1000.0,39.89906,-86.20103
WSBT-TV,563,South Bend,IN,DTV,400.0,41.61667,-86.21694
WSDI-LD,569,Indianapolis,IN,LPD,15.0,39.89422,-86.20569
WSJV,569,Elkhart,IN,DTV,258.0,41.61667,-86.21694
WSOT-LD,551,Marion,IN,LPD,10.0,40.65503,-85.62303
WSWY-LD,509,Indianapolis,IN,LPD,15.0,39.89422,-86.20569
WTHI-TV,195,Terre Haute,IN,DTV,30.0,39.24242,-87.38492
WTHR,213,Indianapolis,IN,DTV,42.1,39.92861,-86.18194
WTIU,587,Bloomington,IN,DTV,797.0,39.14194,-86.49525
WTSN-CD,509,Evansville,IN,DCA,15.0,37.98694,-87.26972
WTTK,479,Kokomo,IN,DTV,450.0,39.88889,-86.20194
WTTV,551,Bloomington,IN,DTV,1000.0,39.4075,-86.14778
WTVW,521,Evansville,IN,DTV,1000.0,37.86583,-87.56778
WTWO,599,Terre Haute,IN,DTV,464.0,39.2425,-87.39139
WUDZ-LD,533,Indianapolis,IN,LPD,15.0,39.89422,-86.20569
WVUT,575,Vincennes,IN,DTV,69.4,38.65167,-87.47694
WXIN,521,Indianapolis,IN,DTV,1000.0,39.88889,-86.20194
WYIN,491,Gary,IN,DTV,300.0,41.34981,-87.39947
WYYW-CD,479,Evansville,IN,DCA,15.0,37.98694,-87.26972
WZDS-LD,497,Evansville,IN,LPD,15.0,37.88811,-87.54361
K14TN-D,473,Lawrence,KS,LPT,15.0,39.03917,-95.44997
K15NC-D,479,Manhattan,KS,LPD,3.8,38.97611,-95.80944
K20PF-D,509,Kansas City,KS,LPD,15.0,39.10889,-94.78389
K20PL-D,509,Wichita,KS,LPD,15.0,37.80019,-97.52506
K24OT-D,533,Caney,KS,LPT,1.0,36.97194,-95.89667
K25CV-D,539,Hays,KS,LPD,15.0,38.915,-99.32778
K26PI-D,545,Kansas City,KS,LPD,2.0,38.67633,-96.93733
K27PS-D,551,Kansas City,KS,LPD,5.25,39.08306,-94.48056
K28RB-D,557,Topeka,KS,LPD,15.0,38.97611,-95.80944
K29JU-D,563,Garden City,KS,LPD,0.1,37.98972,-100.90056
K29NL-D,563,Wichita,KS,LPD,15.0,37.77389,-97.51472
K29OC-D,563,Chapman,KS,LPD,1.6,39.22611,-96.61694
K30AL-D,569,Iola,KS,LPT,7.1,37.90917,-95.12333
K33NP-D,587,Russell,KS,LPT,15.0,38.91417,-98.86444
K35KX-D,599,Topeka,KS,LPD,15.0,38.8055,-95.71764
K36IO-D,605,Manhattan,KS,LPD,1.0,39.22611,-96.61694
KAAS-LP,575,Garden City,KS,LPD,8.2,37.87414,-100.8465
KAAS-TV,491,Salina,KS,DTV,150.0,39.10444,-97.38778
KAKE,195,Wichita,KS,DTV,56.5,37.78139,-97.51917
KBSD-DT,85,Ensign,KS,DTV,31.0,37.64111,-100.34472
KBSH-DT,177,Hays,KS,DTV,38.8,38.88361,-99.3375
KBSL-DT,195,Goodland,KS,DTV,84.2,39.46944,-101.55583
KCKS-LD,503,Kansas City,KS,LPD,15.0,39.14944,-94.94583
KDCK,515,Dodge City,KS,DTV,8.423,37.82583,-100.17806
KDCU-DT,575,Derby,KS,DTV,100.0,37.80019,-97.52506
KDDC-LD,581,Dodge City,KS,LPD,1.0,37.76611,-100.03444
KDGL-LD,527,Sublette,KS,LPD,1.0,37.47444,-100.85361
KDGU-LD,587,Ulysses,KS,LPD,1.0,37.58153,-101.308
KFJX,213,Pittsburg,KS,DTV,45.1,37.22083,-94.70722
KFVT-LD,551,Wichita,KS,LPD,15.0,37.80019,-97.52506
KGBD-LD,569,Great Bend,KS,LPD,15.0,38.40611,-98.72222
KGCE-LD,473,Garden City,KS,LPD,3.5,37.77861,-100.89581
KGPT-CD,533,Wichita,KS,DCA,15.0,37.80019,-97.52506
KHDS-LD,563,Salina,KS,LPD,15.0,38.84083,-97.66889
KKSU-LD,515,Manhattan,KS,LPD,3.37,39.19364,-96.57697
KLBY,491,Colby,KS,DTV,400.0,39.25261,-101.35283
KMCI-TV,539,Lawrence,KS,DTV,1000.0,38.97833,-94.53383
KMJC-LD,521,Kansas City,KS,LPD,15.0,38.58611,-94.62056
KMTW,599,Hutchinson,KS,DTV,1000.0,37.93972,-97.51194
KOAM-TV,177,Pittsburg,KS,DTV,98.8,37.22083,-94.70722
KOCW,473,Hoisington,KS,DTV,40.0,38.63139,-98.84806
KOOD,485,Hays,KS,DTV,496.0,38.77111,-98.73806
KPJO-LD,575,Pittsburg,KS,LPD,15.0,37.19169,-94.68861
KPTS,183,Hutchinson,KS,DTV,32.0,38.05594,-97.77669
KQKC-LD,581,Topeka,KS,LPD,15.0,39.06817,-96.16706
KSAS-LP,563,Dodge City,KS,LPD,5.7,37.77969,-100.06106
KSAS-TV,545,Wichita,KS,DTV,350.0,37.77778,-97.51056
KSCW-DT,207,Wichita,KS,DTV,66.4,38.06044,-97.76381
KSMI-LD,569,Wichita,KS,LPD,15.0,37.80019,-97.52506
KSNC,521,Great Bend,KS,DTV,500.0,38.43167,-98.77194
KSNG,201,Garden City,KS,DTV,56.8,37.77867,-100.8695
KSNL-LD,527,Salina,KS,LPD,15.0,38.84139,-97.66778
KSNT,551,Topeka,KS,DTV,77.9,39.09278,-95.78472
KSNW,479,Wichita,KS,DTV,650.0,37.77361,-97.51517
KSQA,207,Topeka,KS,DTV,4.2,39.04889,-95.67583
KSWE-LD,497,Liberal,KS,LPD,1.73,37.05375,-100.85667
KSWK,183,Lakin,KS,DTV,33.0,37.82778,-101.11028
KTKA-TV,485,Topeka,KS,DTV,150.0,39.02611,-95.91722
KTMJ-CD,509,Topeka,KS,DCA,15.0,39.02611,-95.91722
KTWU,201,Topeka,KS,DTV,38.0,39.06389,-95.76389
KUPK,213,Garden City,KS,DTV,63.0,37.65028,-100.66889
KWCH-DT,503,Hutchinson,KS,DTV,1000.0,38.06044,-97.76381
KWKD-LD,605,Wichita,KS,LPD,15.0,37.80019,-97.52506
KWKS,503,Colby,KS,DTV,464.0,39.24194,-101.36111
WIBW-TV,213,Topeka,KS,DTV,65.5,39.00611,-96.04944
WROB-LD,545,Topeka,KS,LPD,15.0,38.97611,-95.80944
W16EB-D,485,Augusta,KY,LPT,0.8,38.76783,-84.00964
W21EZ-D,515,Louisville,KY,LPD,15.0,38.30611,-85.70472
W23DM-D,527,Falmouth,KY,LPT,0.8,38.66922,-84.32631
W25GD-D,539,Louisville,KY,LPT,15.0,38.36533,-85.84006
W26FM-D,545,Glasgow,KY,LPD,2.0,37.21953,-86.30436
W28FW-D,557,Middlesboro,KY,LPD,15.0,36.6305,-83.70636
W32FD-D,581,Louisa,KY,LPT,0.12,38.11008,-82.60958
W35FF-D,599,Owensboro,KY,LPD,10.0,37.85194,-87.32889
WAGV,473,Harlan,KY,DTS,479.0,36.82981,-82.079
WAVE,605,Louisville,KY,DTV,890.0,38.369,-85.82989
WBGS-CD,593,Bowling Green,KY,DCA,15.0,37.06367,-86.43519
WBKO,213,Bowling Green,KY,DTV,22.0,37.06367,-86.43519
WBNA,183,Louisville,KY,DTV,95.0,38.03306,-85.75472
WBON-LD,189,Richmond,KY,LPD,3.0,37.65997,-84.14992
WCTZ-LD,599,Bowling Green,KY,LPD,15.0,36.26803,-86.79575
WCVN-TV,521,Covington,KY,DTV,39.9,39.03083,-84.50639
WCZU-LD,503,Bowling Green,KY,LPD,15.0,37.15519,-86.32589
WDKA,539,Paducah,KY,DTV,1000.0,37.395,-88.93972
WDKY-TV,503,Danville,KY,DTV,1000.0,37.88081,-84.32108
WDNZ-LD,201,Glasgow,KY,LPD,2.0,37.03489,-86.17806
WDRB,581,Louisville,KY,DTV,1000.0,38.35028,-85.84917
WDYL-LD,479,Louisville,KY,LPD,13.5,38.36533,-85.84006
WHAS-TV,201,Louisville,KY,DTV,16.4,38.35639,-85.84778
WKAS,605,Ashland,KY,DTV,63.2,38.46222,-82.62
WKGB-TV,563,Bowling Green,KY,DTV,32.4,37.08972,-86.63472
WKHA,587,Hazard,KY,DTV,55.9,37.19306,-83.18806
WKLE,599,Lexington,KY,DTV,35.8,37.87917,-84.32583
WKMA-TV,575,Madisonville,KY,DTV,36.7,37.18917,-87.51361
WKMJ-TV,593,Louisville,KY,DTV,40.0,38.36694,-85.83167
WKMR,569,Morehead,KY,DTV,60.5,38.17722,-83.40472
WKMU,491,Murray,KY,DTV,32.7,36.69278,-88.53639
WKOH,491,Owensboro,KY,DTV,37.3,37.85194,-87.32889
WKON,533,Owenton,KY,DTV,28.7,38.52556,-84.81083
WKPC-TV,569,Louisville,KY,DTV,58.0,38.36694,-85.83167
WKPD,527,Paducah,KY,DTV,90.0,37.09444,-88.67222
WKPI-TV,527,Pikeville,KY,DTV,45.1,37.285,-82.52444
WKSO-TV,491,Somerset,KY,DTV,49.1,37.1675,-84.825
WKUT-LD,509,Bowling Green,KY,LPD,15.0,38.13778,-85.935
WKYT-TV,515,Lexington,KY,DTV,900.0,38.03972,-84.40278
WKYU-TV,497,Bowling Green,KY,DTV,61.0,37.06367,-86.43519
WKZT-TV,527,Elizabethtown,KY,DTV,33.7,37.68194,-85.84194
WLCU-CD,479,Campbellsville,KY,DCA,2.48,37.34417,-85.35944
WLEX-TV,557,Lexington,KY,DTV,676.0,38.03417,-84.39417
WLJC-TV,177,Beattyville,KY,DTV,185.0,37.61314,-83.67156
WLKY,473,Louisville,KY,DTV,710.0,38.369,-85.82989
WMYO-CD,497,Louisville,KY,DCA,11.2,38.369,-85.82989
WNKY,533,Bowling Green,KY,DTV,90.0,37.03489,-86.17806
WNKY-LD,599,Bowling Green,KY,LPD,15.0,37.03489,-86.17806
WPBM-CD,479,Scottsville,KY,DCA,7.78,36.83333,-86.08333
WPSD-TV,503,Paducah,KY,DTV,679.0,37.192,-88.98144
WQWQ-LD,497,Paducah,KY,LPD,15.0,37.42908,-89.50394
WTSF,213,Ashland,KY,DTV,8.0,38.41972,-82.40167
WTVQ-DT,551,Lexington,KY,DTV,487.0,38.03417,-84.39417
WUPX-TV,539,Richmond,KY,DTV,465.0,37.78833,-84.68028
WVTN-LD,563,Corbin,KY,LPD,5.0,36.98361,-84.13361
WXIX-TV,479,Newport,KY,DTV,235.0,39.12194,-84.54778
WYMT-TV,207,Hazard,KY,DTV,50.0,37.19389,-83.18111
K04SA-D,69,Alexandria,LA,LPD,3.0,31.26806,-92.44
K11YC-D,201,Lafayette,LA,LPD,3.0,30.20497,-92.07867
K12YC-D,207,Shreveport,LA,LPD,3.0,32.50906,-93.74311
K14TT-D,473,Monroe,LA,LPD,15.0,32.51258,-92.18942
K14TU-D,473,Alexandria,LA,LPD,15.0,31.03778,-92.49583
K20MM-D,509,New Orleans,LA,LPD,15.0,29.92031,-90.02458
K21OB-D,515,Lake Charles,LA,LPD,10.0,30.27953,-93.24594
K21OM-D,515,Lafayette,LA,LPD,13.0,30.18328,-92.36386
K22NI-D,521,Leesville,LA,LPD,15.0,31.23556,-93.20111
K22OW-D,521,Alexandria,LA,LPD,0.1,31.30833,-92.44528
K22PK-D,521,Lake Charles,LA,LPD,15.0,30.19758,-93.21458
K25PZ-D,539,Alexandria,LA,LPD,15.0,31.03778,-92.49583
K27NA-D,551,Shreveport,LA,LPD,15.0,32.47367,-93.77047
K27NB-D,551,Baton Rouge,LA,LPD,1.0,30.32628,-91.27669
K29LR-D,563,Baton Rouge,LA,LPD,15.0,30.32628,-91.27669
K29NC-D,563,Monroe,LA,LPD,15.0,32.66,-92.0875
K29NX-D,563,Alexandria,LA,LPD,15.0,30.90483,-92.62469
K30QB-D,569,Shreveport,LA,LPD,15.0,32.49347,-93.76544
K30QG-D,569,Alexandria,LA,LPT,10.0,31.26806,-92.44
K30QV-D,569,Deridder,LA,LPD,15.0,30.74283,-93.23928
K31QI-D,575,Shreveport,LA,LPD,15.0,32.57572,-93.86861
K32PJ-D,581,Alexandria,LA,LPD,15.0,31.30694,-92.40333
K33RM-D,587,Shreveport,LA,LPD,15.0,32.67778,-93.92889
K34RH-D,593,Columbia,LA,LPD,15.0,32.1975,-92.07056
K35QB-D,599,Shreveport,LA,LPD,15.0,32.57572,-93.86861
K35QC-D,599,Monroe,LA,LPD,15.0,32.66056,-91.99111
K36RF-D,605,Alexandria,LA,LPD,15.0,31.32778,-92.41072
KADN-TV,485,Lafayette,LA,DTV,800.0,30.36208,-92.21458
KADO-CD,605,Shreveport,LA,DCA,15.0,32.49319,-93.76481
KAGN-CD,575,Crowley,LA,DCA,15.0,30.3225,-92.37778
KAJN-CD,503,Lafayette,LA,DCA,15.0,30.04861,-91.99694
KALB-TV,599,Alexandria,LA,DTV,820.0,31.03778,-92.49583
KARD,503,West Monroe,LA,DTV,691.0,32.09517,-92.17619
KATC,557,Lafayette,LA,DTV,1000.0,30.32381,-92.29014
KBCA,545,Alexandria,LA,DTV,1000.0,30.90483,-92.62469
KBTR-CD,605,Baton Rouge,LA,DCA,15.0,30.4325,-91.18528
KCWL-LD,533,Monroe,LA,LPD,15.0,32.52778,-92.10242
KDCG-CD,521,Opelousas,LA,DCA,15.0,30.3425,-91.96294
KFAM-CD,533,Lake Charles,LA,DCA,15.0,30.22122,-93.31136
KFOL-CD,569,Houma,LA,DCA,15.0,29.61553,-90.79264
KGCH-LD,605,Lake Charles,LA,LPD,15.0,30.39631,-93.00097
KGLA-DT,599,Hammond,LA,DTV,752.0,29.97833,-89.94056
KJUN-CD,177,Morgan City,LA,DCA,2.75,29.75433,-91.17375
KLAF-LD,473,Lafayette,LA,LPD,4.0,30.22194,-92.06389
KLAX-TV,575,Alexandria,LA,DTV,200.0,31.56528,-92.55
KLFY-TV,195,Lafayette,LA,DTV,20.3,30.32222,-92.28306
KLPA-TV,587,Alexandria,LA,DTV,572.0,31.56583,-92.5475
KLPB-TV,527,Lafayette,LA,DTV,250.0,30.32222,-92.28306
KLTL-TV,509,Lake Charles,LA,DTV,131.4,30.39631,-93.00097
KLTM-TV,563,Monroe,LA,DTV,331.0,32.1975,-92.07056
KLTS-TV,491,Shreveport,LA,DTV,550.0,32.67781,-93.92519
KLWB,491,New Iberia,LA,DTV,1000.0,30.3425,-91.96294
KMCT-TV,521,West Monroe,LA,DTV,25.0,32.50589,-92.14878
KMLU,201,Columbia,LA,DTV,25.0,32.1975,-92.07056
KMSS-TV,593,Shreveport,LA,DTV,1000.0,32.66625,-93.93353
KNGC-LD,551,Lafayette,LA,LPD,15.0,30.32381,-92.29014
KNLD-LD,533,New Orleans,LA,LPD,15.0,29.91094,-90.19614
KNOE-TV,183,Monroe,LA,DTV,34.2,32.1975,-92.07056
KNOV-CD,575,New Orleans,LA,DCA,6.3,29.95214,-90.07028
KPBN-LD,473,Baton Rouge,LA,LPD,15.0,30.45017,-91.13314
KPLC,177,Lake Charles,LA,DTV,62.0,30.39631,-93.00097
KPXJ,581,Minden,LA,DTV,1000.0,32.68569,-93.9335
KSHV-TV,485,Shreveport,LA,DTV,301.0,32.66625,-93.93353
KSLA,527,Shreveport,LA,DTV,190.0,32.67453,-93.93333
KSWL-LD,593,Lake Charles,LA,LPD,15.0,30.22122,-93.31136
KTBS-TV,557,Shreveport,LA,DTV,1000.0,32.68569,-93.9335
KTSH-CD,509,Shreveport,LA,DCA,15.0,32.50906,-93.74311
KVHP,497,Lake Charles,LA,DTV,400.0,30.29083,-93.57667
KVPO-LD,515,Shreveport,LA,LPD,15.0,32.57572,-93.86861
KWBJ-CD,521,Morgan City,LA,DCA,15.0,29.72103,-91.20511
KWWE-LD,503,Lake Charles,LA,LPD,15.0,30.22122,-93.31136
KXKW-LD,569,Lafayette,LA,LPT,15.0,30.3425,-91.96294
KZUP-CD,509,Baton Rouge,LA,DCA,10.0,30.32628,-91.27669
W30EZ-D,569,New Orleans,LA,LPD,15.0,29.95419,-89.94981
W31EL-D,575,Baton Rouge,LA,LPD,15.0,30.37386,-91.09561
WAFB,189,Baton Rouge,LA,DTV,5.57,30.36639,-91.21306
WBRL-CD,515,Baton Rouge,LA,DCA,10.0,30.32628,-91.27669
WBRZ-TV,213,Baton Rouge,LA,DTV,45.9,30.29694,-91.19361
WBXH-CD,581,Baton Rouge,LA,DCA,9.0,30.44361,-91.18167
WBXN-CD,605,New Orleans,LA,DCA,15.0,29.90636,-90.03947
WDSU,503,New Orleans,LA,DTV,925.0,29.95,-89.95778
WGMB-TV,533,Baton Rouge,LA,DTV,665.0,30.32628,-91.27669
WGNO,545,New Orleans,LA,DTV,1000.0,29.95,-89.95778
WHNO,515,New Orleans,LA,DTV,357.7,29.98278,-89.94944
WLAE-TV,527,New Orleans,LA,DTV,168.0,29.98278,-89.9525
WLFT-CD,569,Baton Rouge,LA,DCA,11.76,30.38067,-91.05458
WLPB-TV,539,Baton Rouge,LA,DTV,600.0,30.37297,-91.20456
WNOL-TV,479,New Orleans,LA,DTV,775.0,29.95,-89.95778
WPXL-TV,587,New Orleans,LA,DTV,1000.0,29.98278,-89.94944
WQDT-LD,581,New,LA,LPD,15.0,29.91094,-90.19614
WRUG-LD,545,Baton Rouge,LA,LPD,8.35,30.41794,-91.00878
WTNO-CD,521,New Orleans,LA,DCA,15.0,29.97461,-90.14347
WUPL,491,Slidell,LA,DTV,850.0,29.90636,-90.03947
WVLA-TV,593,Baton Rouge,LA,DTV,1000.0,30.32628,-91.27669
WVUE-DT,563,New Orleans,LA,DTV,1000.0,29.95414,-89.94953
WWL-TV,551,New Orleans,LA,DTV,1000.0,29.90636,-90.03947
WYES-TV,557,New Orleans,LA,DTV,1000.0,29.95389,-89.94944
KFGX-LD,599,Boston,MA,LPD,15.0,46.85661,-96.74067
W18FM-D,497,Springfield,MA,LPD,5.5,42.24167,-72.64861
W26EU-D,545,Boston,MA,LPT,12.0,42.30772,-71.22358
W28DA-D,557,Pittsfield,MA,LPT,2.8,42.42397,-73.26539
W28FS-D,557,Rutland,MA,LPD,15.0,42.38408,-71.49314
W31FP-D,575,Rutland,MA,LPD,15.0,42.38408,-71.49314
W32FW-D,581,Adams,MA,LPT,5.0,42.63722,-73.16833
WBPX-TV,521,Boston,MA,DTV,150.0,42.38408,-71.49314
WBZ-TV,509,Boston,MA,DTV,922.0,42.31028,-71.23667
WCEA-LD,605,Boston,MA,LPD,15.0,42.34917,-71.07472
WCRN-LD,569,Boston,MA,LPD,15.0,42.24697,-71.04819
WCVB-TV,587,Boston,MA,DTV,922.0,42.31028,-71.23667
WDMR-LD,527,Springfield,MA,LPD,15.0,42.08533,-72.70317
WDPX-TV,521,Woburn,MA,DTV,150.0,42.38408,-71.49314
WFXQ-CD,515,Springfield,MA,DCA,5.0,42.25147,-72.64481
WFXT,593,Boston,MA,DTV,1000.0,42.30297,-71.21803
WFXZ-CD,79,Boston,MA,DCA,34.0,42.30297,-71.21803
WGBH-TV,79,Boston,MA,DTV,34.0,42.30297,-71.21803
WGBX-TV,581,Boston,MA,DTV,922.0,42.31028,-71.23667
WGBY-TV,213,Springfield,MA,DTV,63.0,42.24153,-72.64836
WGGB-TV,545,Springfield,MA,DTV,345.0,42.24167,-72.64861
WHDH,599,Boston,MA,DTV,1000.0,42.31139,-71.21611
WHDT-LD,69,Boston,MA,LPD,1.0,42.34917,-71.07472
WHTX-LD,533,Springfield,MA,LPD,15.0,42.08369,-72.70397
WJCB-LD,63,Boston,MA,LPD,3.0,42.01056,-71.04444
WLNE-TV,533,New Bedford,MA,DTV,294.0,41.86539,-71.28686
WLVI,599,Cambridge,MA,DTV,1000.0,42.31139,-71.21611
WLWC,491,New Bedford,MA,DTV,1000.0,41.49492,-71.78464
WMFP,195,Foxborough,MA,DTV,5.0,42.01056,-71.04444
WMPX-LD,497,Dennis,MA,LPD,15.0,41.99536,-71.44775
WNYA,177,Pittsfield,MA,DTV,23.0,42.62536,-74.01019
WSBK-TV,515,Boston,MA,DTV,163.0,42.31028,-71.23667
WSHM-LD,509,Springfield,MA,LPD,4.9,42.24167,-72.64861
WTXX-LD,563,Springfield,MA,LPD,7.3,41.61803,-72.97125
WUNI,551,Marlborough,MA,DTV,400.0,42.38408,-71.49314
WUTF-TV,503,Worcester,MA,DTV,970.0,42.31028,-71.23667
WWDP,195,Norwell,MA,DTV,5.0,42.01056,-71.04444
WWLP,201,Springfield,MA,DTV,15.8,42.08472,-72.70333
WYDN,527,Lowell,MA,DTV,80.6,43.18444,-71.31944
W13DW-D,213,Annapolis,MD,LPD,3.0,38.95494,-76.09272
W24FL-D,533,Thurmont,MD,LPD,15.0,39.41714,-77.12119
W27FA-D,551,Salisbury,MD,LPD,15.0,38.3505,-75.57283
W30FJ-D,569,Denton,MD,LPD,15.0,38.50178,-75.73539
WBAL-TV,207,Baltimore,MD,DTV,30.0,39.33472,-76.65056
WBFF,545,Baltimore,MD,DTV,420.0,39.33622,-76.64942
WBOC-LD,521,Cambridge,MD,LPD,15.0,38.505,-75.64333
WBOC-TV,581,Salisbury,MD,DTV,1000.0,38.505,-75.64333
WCPB,485,Salisbury,MD,DTV,320.0,38.38583,-75.59194
WDVM-TV,527,Hagerstown,MD,DTV,1000.0,38.95589,-78.02472
WFPT,557,Frederick,MD,DTV,71.3,39.26056,-77.31211
WGDV-LD,557,Salisbury,MD,LPD,15.0,38.50178,-75.73539
WGPT,545,Oakland,MD,DTV,200.0,39.40453,-79.29189
WJAL,189,Silver Spring,MD,DTV,52.0,38.95028,-77.07944
WJZ-TV,201,Baltimore,MD,DTV,30.0,39.33472,-76.65056
WLZH-LD,473,Baltimore,MD,LPD,15.0,39.51503,-76.55936
WMAR-TV,551,Baltimore,MD,DTV,830.0,39.33472,-76.65056
WMDT,563,Salisbury,MD,DTV,246.0,38.50178,-75.73539
WMJF-CD,527,Towson,MD,DCA,15.0,39.40289,-76.60303
WMPB,521,Baltimore,MD,DTV,90.0,39.44719,-76.77978
WMPT,515,Annapolis,MD,DTV,1000.0,39.01019,-76.60883
WNUV,539,Baltimore,MD,DTV,750.0,39.33622,-76.64942
WOWZ-LD,587,Salisbury,MD,LPD,15.0,38.50178,-75.73539
WQAW-LD,509,Lake Shore,MD,LPD,6.5,39.01019,-76.60883
WRDE-LD,545,Salisbury,MD,LPD,15.0,38.505,-75.64333
WRUE-LD,503,Salisbury,MD,LPD,15.0,38.11306,-75.65417
WSJZ-LD,593,Salisbury,MD,LPD,9.0,38.64328,-75.21594
WUTB,545,Baltimore,MD,DTV,420.0,39.33622,-76.64942
WWDD-LD,533,Baltimore,MD,LPD,6.5,39.51511,-76.24019
WWPB,563,Hagerstown,MD,DTV,700.0,39.65111,-77.97056
W03AM-D,63,Harrison,ME,LPT,0.007,44.0995,-70.67228
W04BS-D,69,Bethel,ME,LPT,0.022,44.42833,-70.77889
W05DD-D,79,St. Francis,ME,LPT,0.097,47.16892,-68.86253
W14DA-D,473,Harpswell,ME,LPD,14.5,43.80107,-69.9375
W15DS-D,479,Bangor,ME,LPD,1.0,44.87883,-68.88267
W19FA-D,503,Bangor,ME,LPD,15.0,44.70322,-69.07919
W20ER-D,509,Bangor,ME,LPD,10.0,44.85272,-68.78414
W21EO-D,515,Orono,ME,LPD,0.2,44.70322,-69.07919
W32FS-D,581,Bangor,ME,LPD,10.0,44.85272,-68.78414
W33FG-D,587,Portland,ME,LPD,15.0,43.706,-70.31072
W34EQ-D,593,Bangor,ME,LPD,1.0,44.87883,-68.88267
W36FM-D,605,Etna,ME,LPD,15.0,44.76017,-68.56536
WABI-TV,213,Bangor,ME,DTV,12.0,44.70347,-69.07928
WAGM-TV,183,Presque Isle,ME,DTV,10.0,46.55114,-67.80889
WBGR-LD,497,Bangor/Dedham,ME,LPD,1.0,44.87889,-68.88214
WCBB,509,Augusta,ME,DTV,1000.0,44.15417,-70.00972
WCSH,575,Portland,ME,DTV,1000.0,43.85833,-70.71083
WEXZ-LD,79,Bangor,ME,LPD,3.0,45.02039,-69.28992
WFVX-LD,177,Bangor,ME,LPD,14.0,44.75978,-68.56642
WFYW-LD,521,Portland,ME,LPD,15.0,43.85833,-70.71083
WGME-TV,479,Portland,ME,DTV,1000.0,43.92472,-70.49083
WIPL,533,Lewiston,ME,DTV,16.0,43.84556,-70.76139
WLBZ,57,Bangor,ME,DTV,3.0,44.73617,-68.67086
WMEA-TV,605,Biddeford,ME,DTV,149.0,43.41675,-70.80422
WMEB-TV,521,Orono,ME,DTV,1000.0,44.7625,-68.56556
WMED-TV,195,Calais,ME,DTV,3.5,45.02922,-67.32303
WMEM-TV,195,Presque Isle,ME,DTV,14.5,46.55069,-67.80883
WMTW,183,Poland Spring,ME,DTV,29.8,43.84556,-70.76139
WPFO,491,Waterville,ME,DTV,1000.0,43.92472,-70.49083
WPXT,593,Portland,ME,DTV,500.0,43.84556,-70.76139
WVII-TV,177,Bangor,ME,DTV,14.0,44.75978,-68.56642
WWPI-LD,485,Presque Isle,ME,LPD,15.0,46.55114,-67.80889
W14EM-D,473,Marquette,MI,LPT,15.0,46.54481,-87.39194
W14FD-D,473,Traverse City,MI,LPD,15.0,44.24078,-85.31661
W15DF-D,479,Houghton Lake,MI,LPD,15.0,44.13667,-85.3425
W16DN-D,485,Traverse City,MI,LPD,15.0,44.76028,-85.68278
W18ER-D,497,Muskegon,MI,LPD,15.0,43.31392,-86.15478
W19EZ-D,503,Houghton Lake,MI,LPD,15.0,44.13667,-85.3425
W19FG-D,503,Midland,MI,LPD,0.5,43.72667,-84.60444
W20DT-D,509,Vanderbilt,MI,LPD,15.0,45.17,-84.75111
W20FA-D,509,Grand Rapids/Battle Creekrk - La-,MI,LPD,10.0,42.56447,-85.45861
W22EL-D,521,Vanderbilt,MI,LPD,15.0,45.17,-84.75111
W23EB-D,527,Cadillac,MI,LPD,14.43,44.13239,-85.30833
W23FL-D,527,Traverse City,MI,LPT,8.0,44.76028,-85.68278
W25GE-D,539,Kalamazoo,MI,LPT,15.0,42.12883,-85.33947
W27DQ-D,551,Elmhurst,MI,LPD,15.0,45.50144,-85.03025
W27DU-D,551,Traverse City,MI,LPD,15.0,44.76028,-85.68278
W27ET-D,551,Saginaw,MI,LPD,15.0,43.72667,-84.60444
W28DY-D,557,Petoskey,MI,LPD,12.0,45.50144,-85.03025
W28EJ-D,557,Charles,MI,LPD,15.0,46.06,-84.09917
W30DQ-D,569,Charles,MI,LPD,10.0,46.06,-84.09917
W31FA-D,575,Elmhurst,MI,LPD,15.0,45.50144,-85.03025
W31FF-D,575,Saginaw,MI,LPD,15.0,43.72667,-84.60444
W31FI-D,575,Traverse City,MI,LPD,15.0,44.24078,-85.31661
W32CV-D,581,Ironwood,MI,LPT,8.452,46.44111,-90.19083
W34FD-D,593,Saginaw,MI,LPD,2.3,43.69694,-83.97972
W35DQ-D,599,Midland,MI,LPD,15.0,43.19078,-83.77072
W36FA-D,605,Hesperia,MI,LPD,15.0,43.55214,-86.04194
W36FH-D,605,Traverse City,MI,LPD,15.0,44.74961,-85.71797
WADL,551,Mount Clemens,MI,DTV,605.0,42.55417,-82.8875
WAQP,605,Saginaw,MI,DTV,1000.0,43.22167,-84.05389
WBKB-TV,201,Alpena,MI,DTV,20.0,44.70292,-83.52403
WBKP,79,Calumet,MI,DTV,6.4,47.03639,-88.69528
WBSF,527,Bay City,MI,DTV,600.0,43.21694,-83.72139
WBUP,195,Ishpeming,MI,DTV,9.0,46.49058,-87.89347
WBWM-LD,485,Mt Pleasant,MI,LPD,1.0,43.43639,-85.23333
WCML,533,Alpena,MI,DTV,400.0,45.13814,-84.16211
WCMU-TV,545,Mount Pleasant,MI,DTV,450.0,43.75142,-85.21283
WCMV,593,Cadillac,MI,DTV,576.0,44.74806,-85.06889
WCMW,509,Manistee,MI,DTV,68.3,44.06583,-86.33286
WDCQ-TV,479,Bad Axe,MI,DTV,200.0,43.54253,-83.66028
WDIV-TV,581,Detroit,MI,DTV,720.0,42.48278,-83.20528
WDWO-CD,521,Detroit,MI,DCA,15.0,42.48361,-83.31222
WEYI-TV,497,Saginaw,MI,DTV,300.0,43.21694,-83.72139
WFFC-LD,491,Midland,MI,LPD,10.0,43.3925,-83.92419
WFQX-TV,581,Cadillac,MI,DTV,200.0,44.13667,-85.3425
WFUP,515,Vanderbilt,MI,DTV,100.0,45.17,-84.75111
WGTQ,183,Sault Ste. Marie,MI,DTV,60.0,46.05222,-84.11056
WGTU,563,Traverse City,MI,DTV,178.1,44.74806,-85.06889
WGVK,79,Kalamazoo,MI,DTV,10.0,42.30642,-85.65694
WGVU-TV,201,Grand Rapids,MI,DTV,41.5,42.95964,-85.89581
WHNE-LD,63,Detroit,MI,LPD,3.0,42.44792,-83.17308
WHPS-CD,479,Detroit,MI,DCA,15.0,42.40611,-83.11222
WILX-TV,195,Onondaga,MI,DTV,30.0,42.4425,-84.5725
WJBK,177,Detroit,MI,DTV,27.2,42.46056,-83.21389
WJMN-TV,581,Escanaba,MI,DTV,736.0,46.13472,-86.94889
WJRT-TV,207,Flint,MI,DTV,30.0,43.23028,-84.05889
WKAR-TV,587,East Lansing,MI,DTV,376.0,42.70192,-84.41328
WKBD-TV,593,Detroit,MI,DTV,285.0,42.48361,-83.31222
WKNX-LD,521,Bay City,MI,LPD,15.0,43.47333,-83.84444
WLAJ,473,Lansing,MI,DTV,950.0,42.68861,-84.37639
WLLA,521,Kalamazoo,MI,DTV,350.0,42.56447,-85.45861
WLNM-LD,563,Lansing,MI,LPD,15.0,42.70192,-84.41328
WLNS-TV,473,Lansing,MI,DTV,950.0,42.68861,-84.37639
WLPC-CD,557,Redford,MI,LPD,4.0,42.33194,-83.045
WLUC-TV,599,Marquette,MI,DTV,100.0,46.33639,-87.84889
WMKG-CD,575,Muskegon,MI,DCA,7.0,43.17586,-86.212
WMNN-LD,491,Lake City,MI,LPD,15.0,44.24078,-85.31661
WMYD,575,Detroit,MI,DTV,935.0,42.44792,-83.17308
WNEM-TV,569,Bay City,MI,DTV,585.0,43.47056,-83.84333
WNMU,183,Marquette,MI,DTV,15.5,46.35278,-87.85417
WOBC-CD,485,Battle Creek,MI,DCA,0.37,42.28797,-85.16508
WOGC-CD,539,Holland,MI,DCA,0.73,42.81639,-85.95556
WOHO-CD,587,Holland,MI,DCA,0.52,42.81639,-85.95556
WOKZ-CD,587,Kalamazoo,MI,DCA,0.071,42.29667,-85.64139
WOLP-CD,599,Grand Rapids,MI,DCA,14.4,42.68742,-85.50972
WOMS-CD,563,Muskegon,MI,DCA,0.7,43.26239,-86.07617
WOOD-TV,177,Grand Rapids,MI,DTV,30.0,42.68742,-85.50972
WOTV,491,Battle Creek,MI,DTV,325.0,42.57097,-85.46914
WPBN-TV,599,Traverse City,MI,DTV,850.0,44.74806,-85.06889
WPXD-TV,533,Ann Arbor,MI,DTV,370.0,42.48361,-83.31222
WSMH,485,Flint,MI,DTV,245.0,43.22531,-84.07581
WSYM-TV,557,Lansing,MI,DTV,870.0,42.4675,-84.65167
WTLJ,533,Muskegon,MI,DTV,310.0,42.95694,-85.90194
WTOM-TV,485,Cheboygan,MI,DTV,250.0,45.65028,-84.34361
WTVS,509,Detroit,MI,DTV,345.0,42.44792,-83.17308
WUDL-LD,599,Detroit,MI,LPD,10.0,42.44792,-83.17308
WUDT-LD,183,Detroit,MI,LPD,3.0,42.44792,-83.17308
WUHO-LD,497,Kalamazoo,MI,LPD,0.5,42.31444,-85.615
WUHQ-LD,563,Grand Rapids,MI,LPD,6.0,42.95389,-85.69778
WWJ-TV,515,Detroit,MI,DTV,380.0,42.44792,-83.17308
WWMT,183,Kalamazoo,MI,DTV,25.0,42.63222,-85.53778
WWTV,189,Cadillac,MI,DTV,45.0,44.13667,-85.3425
WWUP-TV,195,Sault Ste. Marie,MI,DTV,25.0,46.06,-84.09917
WXII-LD,569,Cedar,MI,LPD,1.5,44.75611,-85.67833
WXMI,503,Grand Rapids,MI,DTV,725.0,42.6875,-85.5325
WXON-LD,563,Flint,MI,LPD,15.0,43.17306,-83.68083
WXSP-CD,479,Grand Rapids,MI,DCA,15.0,43.01647,-85.74006
WXYZ-TV,539,Detroit,MI,DTV,765.0,42.47056,-83.25028
WYGN-LD,195,Berrien Springs,MI,LPD,0.15,41.96167,-86.35056
WZMQ,503,Marquette,MI,DTV,120.0,46.50172,-87.64889
WZPX-TV,515,Battle Creek,MI,DTV,400.0,42.57097,-85.46914
WZZM,213,Grand Rapids,MI,DTV,24.5,43.30983,-85.91244
K08QE-D,183,Fergus Falls,MN,LPT,3.0,46.48,-96.02944
K12XY-D,207,St Cloud,MN,LPD,3.0,45.50047,-94.24236
K14KD-D,473,Frost,MN,LPT,3.0,43.58583,-93.92972
K14KE-D,473,St. James,MN,LPT,2.0,44.10694,-94.59583
K14LF-D,473,Willmar,MN,LPT,0.475,45.16611,-95.04389
K14LZ-D,473,Alexandria,MN,LPD,1.05,45.93306,-95.4475
K14PH-D,473,Baudette,MN,LPT,0.73,48.67056,-94.57361
K14RB-D,473,St. Paul,MN,LPD,15.0,44.97611,-93.2725
K14TS-D,473,Duluth,MN,LPD,15.0,46.78889,-92.12444
K14TV-D,473,Rochester,MN,LPD,15.0,43.64278,-92.52667
K14TW-D,473,Bemidji,MN,LPD,15.0,47.46861,-94.82333
K15GT-D,479,Hibbing,MN,LPT,8.035,47.38092,-92.95544
K15IS-D,479,Willmar,MN,LPD,0.1,45.08417,-95.04139
K15LS-D,479,Redwood Falls,MN,LPT,0.37,44.54969,-94.96694
K15LT-D,479,Olivia,MN,LPD,1.0,44.75914,-94.87333
K16BQ-D,485,Brainerd,MN,LPT,14.0,46.32194,-94.16556
K16CG-D,485,St. James,MN,LPD,1.8,44.10778,-94.59889
K16CO-D,485,Alexandria,MN,LPD,1.05,45.93306,-95.4475
K16JD-D,485,Northome,MN,LPT,0.434,47.82111,-94.31639
K16KE-D,485,Baudette,MN,LPT,0.73,48.67056,-94.57361
K16KM-D,485,Bemidji,MN,LPD,15.0,47.17156,-94.80047
K16MA-D,485,Frost,MN,LPT,3.0,43.58583,-93.92972
K16MV-D,485,Redwood Falls,MN,LPT,0.5,44.54969,-94.96694
K17BV-D,491,Redwood Falls,MN,LPT,0.398,44.54969,-94.96694
K17FA-D,491,Willmar,MN,LPT,0.5,45.16611,-95.04389
K17FE-D,491,Wadena,MN,LPT,15.0,46.38972,-95.06778
K17MW-D,491,St. James,MN,LPD,0.5,44.10778,-94.59889
K17MX-D,491,Frost,MN,LPD,3.0,43.58583,-93.92972
K17MY-D,491,Jackson,MN,LPD,3.1,43.60333,-94.99278
K17NW-D,491,Alexandria,MN,LPD,1.05,45.93306,-95.4475
K17OV-D,491,Duluth,MN,LPD,1.0,46.78528,-92.12111
K18DG-D,497,Alexandria,MN,LPD,1.56,45.93306,-95.4475
K18IR-D,497,Olivia,MN,LPT,0.79,44.75914,-94.87333
K18JM-D,497,Northome,MN,LPT,0.434,47.82111,-94.31639
K18MB-D,497,International Falls,MN,LPT,0.442,48.573,-93.32264
K18MO-D,497,Worthington,MN,LPD,2.5,43.61711,-95.68906
K18NE-D,497,St. James,MN,LPT,0.6,44.10778,-94.59889
K19CV-D,503,Redwood Falls,MN,LPT,0.395,44.54969,-94.96694
K19HZ-D,503,Jackson,MN,LPT,3.1,43.60333,-94.99278
K19IH-D,503,Willmar,MN,LPT,0.55,45.16611,-95.04389
K19LI-D,503,St. James,MN,LPD,0.5,44.10778,-94.59889
K19LJ-D,503,Frost,MN,LPT,3.0,43.58583,-93.92972
K20AC-D,509,Alexandria,MN,LPD,1.05,45.93306,-95.4475
K20JY-D,509,Olivia,MN,LPT,0.79,44.75914,-94.87333
K20KW-D,509,Saint Cloud,MN,LPD,0.2,45.63222,-94.58806
K20LP-D,509,St. James,MN,LPD,1.3,44.10778,-94.59889
K20MN-D,509,Red Lake,MN,LPT,0.469,47.84361,-95.03861
K20NH-D,509,Brainerd,MN,LPT,1.58,46.32194,-94.16556
K20NR-D,509,International Falls,MN,LPT,0.045,48.573,-93.32264
K21DG-D,515,St. James,MN,LPD,1.2,44.10778,-94.59889
K21GN-D,515,Alexandria,MN,LPD,1.05,45.93306,-95.4475
K21HX-D,515,Walker,MN,LPT,3.3,47.09333,-94.58
K21KF-D,515,Frost,MN,LPD,3.0,43.58583,-93.92972
K21KY-D,515,Bigfork/Marcell,MN,LPT,0.406,47.65139,-93.67361
K21NF-D,515,Roseau,MN,LPT,1.17,48.85278,-95.77056
K21NS-D,515,Olivia,MN,LPT,0.79,44.75914,-94.87333
K21NU-D,515,Minneapolis,MN,LPD,5.0,44.06394,-93.49486
K22DV-D,521,Alexandria,MN,LPD,1.05,45.93306,-95.4475
K22KU-D,521,Redwood Falls,MN,LPT,0.39,44.54969,-94.96694
K22MF-D,521,Red Lake,MN,LPT,0.469,47.84361,-95.03861
K22MQ-D,521,St. James,MN,LPD,0.5,44.10778,-94.59889
K22MR-D,521,Virginia,MN,LPT,0.055,47.48808,-92.52064
K22MY-D,521,Jackson,MN,LPD,3.1,43.60333,-94.99278
K22MZ-D,521,International Falls,MN,LPT,0.442,48.573,-93.32264
K22ND-D,521,Willmar,MN,LPT,0.7,45.16611,-95.04389
K22NL-D,521,Wadena,MN,LPD,2.5,46.42642,-95.09781
K23FO-D,527,Jackson,MN,LPT,3.1,43.60333,-94.99278
K23FP-D,527,Olivia,MN,LPT,0.79,44.75914,-94.87333
K23FY-D,527,Frost,MN,LPT,3.0,43.58583,-93.92972
K23KZ-D,527,Bigfork/Marcell,MN,LPT,0.406,47.65139,-93.67361
K23MF-D,527,St. James,MN,LPD,1.8,44.10778,-94.59889
K23MQ-D,527,Duluth,MN,LPD,15.0,46.78919,-92.11428
K24JV-D,533,St. James,MN,LPD,0.68,44.10778,-94.59889
K24KT-D,533,Walker,MN,LPT,3.5,47.09333,-94.58
K24MM-D,533,Red Lake,MN,LPT,0.469,47.84361,-95.03861
K24MS-D,533,Roseau,MN,LPT,1.17,48.85278,-95.77056
K24MT-D,533,International Falls,MN,LPT,0.442,48.573,-93.32264
K25II-D,539,Redwood Falls,MN,LPT,0.387,44.54969,-94.96694
K25MW-D,539,Baudette,MN,LPT,0.73,48.67056,-94.57361
K25NK-D,539,Rochester,MN,LPD,15.0,44.04114,-92.34042
K25QC-D,539,Lake Crystal,MN,LPD,7.5,44.05164,-94.30144
K26CL-D,545,Alexandria,MN,LPD,1.05,45.93306,-95.4475
K26CS-D,545,St. James,MN,LPT,1.7,44.10694,-94.59583
K26NU-D,545,Willmar,MN,LPT,0.7,45.16611,-95.04389
K26OH-D,545,Roseau,MN,LPT,1.17,48.85278,-95.77056
K26PF-D,545,Saint Cloud,MN,LPD,15.0,45.57236,-94.35064
K27FI-D,551,Frost,MN,LPT,3.0,43.58583,-93.92972
K27KN-D,551,Alexandria,MN,LPT,1.1,45.93306,-95.4475
K27LL-D,551,Big Falls,MN,LPT,0.406,48.19111,-93.79
K27NF-D,551,Jackson,MN,LPD,3.1,43.60333,-94.99278
K27OW-D,551,Rochester,MN,LPT,5.62,43.67256,-92.83031
K28DD-D,557,Bemidji,MN,LPT,15.0,47.46861,-94.82333
K28IF-D,557,Willmar,MN,LPD,0.65,45.16611,-95.04389
K28LL-D,557,Redwood Falls,MN,LPT,0.382,44.54969,-94.96694
K28OH-D,557,St. James,MN,LPD,0.5,44.10694,-94.59583
K28OI-D,557,Jackson,MN,LPD,3.1,43.60333,-94.99278
K28PL-D,557,Roseau,MN,LPT,1.17,48.85278,-95.77056
K28PQ-D,557,Saint Cloud,MN,LPD,5.0,45.38322,-93.70858
K29EB-D,563,Grand Rapids,MN,LPT,14.909,47.33944,-93.39694
K29IE-D,563,St. James,MN,LPT,3.0,44.10778,-94.59889
K29IF-D,563,Frost,MN,LPT,3.1,43.58583,-93.92972
K29KE-D,563,Big Falls,MN,LPT,0.406,48.19111,-93.79
K29LV-D,563,Jackson,MN,LPT,3.1,43.60333,-94.99278
K29MQ-D,563,Redwood Falls,MN,LPT,0.5,44.54969,-94.96694
K29NY-D,563,Alexandria,MN,LPD,0.25,45.93306,-95.4475
K30AF-D,569,Alexandria,MN,LPD,1.05,45.93306,-95.4475
K30FN-D,569,St. James,MN,LPD,2.0,44.10694,-94.59583
K30FZ-D,569,Willmar,MN,LPT,11.0,45.16611,-95.04389
K30KQ-D,569,Jackson,MN,LPD,3.1,43.60333,-94.99278
K30PA-D,569,Roseau,MN,LPT,1.17,48.85278,-95.77056
K30QX-D,569,Duluth,MN,LPD,1.0,46.78528,-92.12111
K30RA-D,569,Dexter,MN,LPD,1.3,43.71581,-92.69
K31EF-D,575,Frost,MN,LPT,3.0,43.58583,-93.92972
K31KV-D,575,St. James,MN,LPD,1.8,44.10778,-94.59889
K31LN-D,575,Rochester,MN,LPD,0.1,44.09222,-92.50944
K31MA-D,575,Big Falls,MN,LPT,0.406,48.19111,-93.79
K31NT-D,575,Jackson,MN,LPT,3.1,43.60333,-94.99278
K31OR-D,575,Olivia,MN,LPT,0.79,44.75914,-94.87333
K31PK-D,575,Birchdale,MN,LPT,0.406,48.48417,-94.0075
K31QO-D,575,Alexandria,MN,LPD,15.0,45.93306,-95.4475
K32EB-D,581,Alexandria,MN,LPD,1.05,45.93306,-95.4475
K32FY-D,581,Park Rapids,MN,LPT,15.0,46.93075,-95.00778
K32GX-D,581,St. James,MN,LPD,1.2,44.10694,-94.59583
K32JZ-D,581,Kabetogama,MN,LPT,0.1,48.36111,-93.01028
K32MF-D,581,Red Lake,MN,LPT,0.476,47.84361,-95.03861
K33DB-D,587,Alexandria,MN,LPD,1.05,45.93306,-95.4475
K33LB-D,587,Redwood Falls,MN,LPT,0.375,44.54969,-94.96694
K33LN-D,587,Minneapolis,MN,DCA,15.0,44.97611,-93.2725
K33MW-D,587,Mankato,MN,LPD,15.0,44.17278,-94.04806
K33OG-D,587,Max,MN,LPT,0.434,47.61333,-94.09028
K33OT-D,587,Willmar,MN,LPT,0.7,45.16611,-95.04389
K33PL-D,587,Birchdale,MN,LPT,0.406,48.48417,-94.0075
K34AF-D,593,Alexandria,MN,LPD,1.05,45.93306,-95.4475
K34HO-D,593,Willmar,MN,LPD,0.65,45.16611,-95.04389
K34JX-D,593,St. James,MN,LPD,2.0,44.10694,-94.59583
K34LJ-D,593,Kabetogama,MN,LPT,0.1,48.36111,-93.01028
K34MC-D,593,Williams,MN,LPT,0.73,48.86361,-94.97306
K34NP-D,593,Red Lake,MN,LPT,0.476,47.84361,-95.03861
K34NU-D,593,Jackson,MN,LPT,3.1,43.60333,-94.99278
K34NV-D,593,Frost,MN,LPT,3.0,43.58583,-93.92972
K34OZ-D,593,Olivia,MN,LPT,0.79,44.75914,-94.87333
K34QF-D,593,Vesta,MN,LPD,5.0,44.32731,-95.825
K35IU-D,599,Frost,MN,LPT,3.0,43.58583,-93.92972
K35IZ-D,599,Jackson,MN,LPT,3.1,43.60333,-94.99278
K35JN-D,599,Duluth,MN,LPD,0.1,46.78528,-92.12111
K35KH-D,599,Walker,MN,LPT,4.1,47.09333,-94.58
K35KI-D,599,St. James,MN,LPD,1.8,44.10778,-94.59889
K35MY-D,599,Birchdale,MN,LPT,0.406,48.48417,-94.0075
K35NR-D,599,Willmar,MN,LPT,0.7,45.16611,-95.04389
K35NY-D,599,Redwood Falls,MN,LPT,0.5,44.54969,-94.96694
K35OT-D,599,International Falls,MN,LPD,0.6,48.59139,-93.40667
K35PC-D,599,Rochester,MN,LPD,8.7,43.64278,-92.52667
K36KH-D,605,Alexandria,MN,LPT,0.81,45.93306,-95.4475
K36KW-D,605,Redwood Falls,MN,LPT,0.373,44.54969,-94.96694
K36KZ-D,605,Max,MN,LPT,0.434,47.61333,-94.09028
K36LA-D,605,Kabetogama,MN,LPT,0.1,48.36111,-93.01028
K36LW-D,605,Williams,MN,LPT,0.73,48.86361,-94.97306
K36OA-D,605,Red Lake,MN,LPT,0.476,47.84361,-95.03861
K36OL-D,605,Willmar,MN,LPT,0.7,45.16611,-95.04389
KAAL,605,Austin,MN,DTV,620.0,43.64278,-92.52667
KARE,575,Minneapolis,MN,DTV,1000.0,45.0625,-93.13944
KAWB,557,Brainerd,MN,DTV,137.5,46.4225,-94.46167
KAWE,189,Bemidji,MN,DTV,27.0,47.70083,-94.4875
KBRR,195,Thief River Falls,MN,DTV,9.3,47.97719,-96.60533
KCCW-TV,207,Walker,MN,DTV,59.0,46.93472,-94.45556
KCGE-DT,485,Crookston,MN,DTV,105.0,47.97603,-96.60442
KCWV,551,Duluth,MN,DTV,40.0,46.78528,-92.12111
KDLH,587,Duluth,MN,DTV,381.0,46.78919,-92.11428
KEYC-TV,207,Mankato,MN,DTV,52.7,43.93694,-94.41083
KFTC,545,Bemidji,MN,DTV,4.5,47.55583,-94.80139
KHVM-LD,497,Minneapolis,MN,LPD,15.0,45.00278,-93.65194
KJNK-LD,539,Minneapolis,MN,LPD,15.0,44.97611,-93.2725
KKTW-LD,503,Minneapolis,MN,LPD,8.75,44.99558,-93.44906
KMBD-LD,509,Minneapolis,MN,LPD,8.0,44.97611,-93.2725
KMNF-CD,183,Mankato,MN,DCA,3.0,43.93675,-94.41083
KMQV-LD,605,Rochester,MN,LPD,15.0,44.97611,-93.2725
KMSP-TV,189,Minneapolis,MN,DTV,36.2,45.05833,-93.12444
KMWE-LD,491,St. Paul,MN,LPD,15.0,44.94639,-93.09125
KMYN-LD,581,Duluth,MN,LPD,7.5,46.78528,-92.12111
KONC,177,Alexandria,MN,DTV,140.0,45.5675,-94.51194
KPXM-TV,485,St. Cloud,MN,DTV,470.0,45.33664,-93.392
KQDS-TV,497,Duluth,MN,DTV,1000.0,46.79361,-92.11778
KQEG-CA,527,La Crescent,MN,DCA,15.0,43.74806,-91.2975
KRII,201,Chisholm,MN,DTV,63.0,47.86083,-92.94628
KRWF,551,Redwood Falls,MN,DTV,58.0,44.48417,-95.49111
KSAX,533,Alexandria,MN,DTV,55.3,45.69972,-95.17667
KSMN,479,Worthington,MN,DTV,200.0,43.89778,-95.9475
KSMQ-TV,509,Austin,MN,DTV,319.2,43.64278,-92.52667
KSTC-TV,569,Minneapolis,MN,DTV,1000.0,45.0625,-93.13944
KSTP-TV,599,St. Paul,MN,DTV,1000.0,45.06222,-93.13944
KTCA-TV,593,St. Paul,MN,DTV,662.0,45.05833,-93.12444
KTCI-TV,527,St. Paul,MN,DTV,325.0,45.05833,-93.12444
KTCJ-LD,213,Minneapolis,MN,LPD,3.0,45.00278,-93.65194
KTTC,195,Rochester,MN,DTV,43.1,43.57083,-92.42722
KWCM-TV,195,Appleton,MN,DTV,50.0,45.1675,-96.00083
KWJM-LD,479,Minneapolis,MN,LPD,15.0,44.97611,-93.2725
KXLT-TV,545,Rochester,MN,DTV,108.0,43.64278,-92.52667
W11DX-D,201,Minneapolis,MN,LPD,3.0,44.91128,-92.98631
W22FD-D,521,Dodge Center,MN,LPD,0.1,44.02444,-92.545
W32EG-D,581,Williams,MN,LPT,0.73,48.86361,-94.97306
WCCO-TV,581,Minneapolis,MN,DTV,1000.0,45.0625,-93.13944
WCMN-LD,473,St. Cloud-Sartell,MN,LPD,15.0,45.54306,-94.26167
WDIO-DT,195,Duluth,MN,DTV,45.0,46.7875,-92.12278
WDMI-LD,545,Minneapolis,MN,LPD,15.0,45.06864,-93.17642
WDSE,183,Duluth,MN,DTV,34.0,46.79158,-92.12261
WFTC,563,Minneapolis,MN,DTV,1000.0,45.05833,-93.12444
WIRT-DT,213,Hibbing,MN,DTV,13.0,47.38139,-92.95444
WRPT,575,Hibbing,MN,DTV,250.0,47.38139,-92.95444
WUCW,521,Minneapolis,MN,DTV,790.0,45.06222,-93.13944
WUMN-LD,515,Minneapolis,MN,LPD,15.0,44.97358,-93.2705
K06PT-D,85,Columbia,MO,LPD,3.0,39.01447,-92.27575
K10KM-D,195,Cape Girardeau,MO,LPT,0.3,37.36233,-89.52203
K14SH-D,473,Marshfield,MO,LPD,15.0,37.317,-92.96433
K15KP-D,479,St. Louis,MO,LPD,15.0,38.56806,-90.33194
K15MB-D,479,Kansas City,MO,LPD,15.0,39.02219,-94.51381
K17DL-D,491,Branson,MO,LPD,2.1,36.74819,-93.27722
K17LV-D,491,Poplar Bluff,MO,LPD,15.0,36.662,-90.48789
K18KK-D,497,Columbia,MO,LPD,15.0,38.77558,-92.55692
K18OG-D,497,Springfield,MO,LPD,15.0,37.24128,-93.43664
K23MS-D,527,Kansas City,MO,LPD,2.41,39.09917,-95.59394
K25NG-D,539,St. Louis,MO,DCA,15.0,38.67703,-90.39986
K25QT-D,539,Columbia,MO,LPD,1.5,38.79111,-92.29556
K27OY-D,551,Fredericktown,MO,LPT,2.0,36.4425,-90.39444
K27PR-D,551,Springfield,MO,LPD,15.0,37.20467,-93.13969
K30MG-D,569,Kirksville,MO,LPT,8.2,40.2295,-92.54428
K34NJ-D,593,Joplin,MO,LPD,9.5,37.097,-94.57383
K35OY-D,599,Columbia,MO,LPD,15.0,38.79844,-92.28956
K35QD-D,599,St. Joseph,MO,LPD,15.0,39.601,-94.93697
K36II-D,605,Joplin,MO,LPD,1.5,36.98167,-94.47694
K36LJ-D,605,Columbia,MO,LPD,15.0,38.79111,-92.29556
K36NN-D,605,West Plains,MO,LPD,15.0,36.75061,-91.86431
KAJF-LD,491,Kansas City,MO,LPD,15.0,39.01569,-94.50694
KBGU-LD,551,St. Louis,MO,LPD,15.0,38.57442,-90.32553
KBNS-CD,605,Branson,MO,DCA,15.0,36.73117,-93.16739
KBSI,605,Cape Girardeau,MO,DTV,1000.0,37.40639,-89.56222
KCDN-LD,527,Kansas City,MO,LPD,15.0,39.02219,-94.51381
KCJO-CD,557,Saint Joseph,MO,DCA,1.75,39.75078,-94.8405
KCMN-LD,557,Kansas City,MO,LPD,15.0,39.01569,-94.50694
KCNH-LD,545,Springfield,MO,LPD,15.0,37.22356,-93.24181
KCPT,497,Kansas City,MO,DTV,1000.0,39.08306,-94.48056
KCTV,533,Kansas City,MO,DTV,1000.0,39.07067,-94.58264
KCWE,575,Kansas City,MO,DTV,1000.0,39.08417,-94.51583
KDKZ-LD,521,Farmington,MO,LPD,0.8,38.21944,-90.59556
KDNL-TV,575,St. Louis,MO,DTV,1000.0,38.58056,-90.32917
KDTL-LD,491,St. Louis,MO,LPD,15.0,38.52972,-90.29944
KEFN-CD,509,St. Louis,MO,DCA,15.0,38.63,-90.19056
KETC,527,St. Louis,MO,DTV,300.0,38.48222,-90.39806
KFKY-LD,539,Springfield,MO,LPD,10.5,37.22356,-93.24181
KFVS-TV,201,Cape Girardeau,MO,DTV,11.8,37.42908,-89.50394
KGCS-LD,515,Joplin,MO,LPD,15.0,37.097,-94.57383
KGKC-LD,587,Kansas City,MO,LPD,15.0,39.02219,-94.51381
KHQA-TV,521,Hannibal,MO,DTV,975.0,39.97278,-91.33194
KJBW-LD,599,New Madrid,MO,LPD,15.0,36.67047,-89.54083
KJLN-LD,563,Joplin,MO,LPD,15.0,37.07722,-94.50458
KJNM-LD,509,Cassville,MO,LPD,15.0,36.69225,-93.82136
KMBC-TV,563,Kansas City,MO,DTV,1000.0,39.08417,-94.51583
KMIZ,491,Columbia,MO,DTV,231.0,38.77558,-92.55692
KMOS-TV,479,Sedalia,MO,DTV,322.0,38.62667,-92.86778
KMOV,533,St. Louis,MO,DTV,1000.0,38.52972,-90.29944
KNLC,473,St. Louis,MO,DTV,900.0,38.36111,-90.54861
KNLJ,509,Jefferson City,MO,DTV,1000.0,38.70417,-92.08944
KNPG-CD,189,Saint Joseph,MO,DCA,3.0,39.75078,-94.8405
KNPN-CD,479,Saint Joseph,MO,DCA,15.0,39.75078,-94.8405
KODE-TV,527,Joplin,MO,DTV,700.0,37.07583,-94.55472
KOLR,195,Springfield,MO,DTV,26.0,37.21928,-92.94928
KOMU-TV,551,Columbia,MO,DTV,1000.0,38.88917,-92.262
KOZJ,599,Joplin,MO,DTV,68.0,37.07636,-94.53789
KOZK,485,Springfield,MO,DTV,105.0,37.17389,-92.94114
KOZL-TV,557,Springfield,MO,DTV,1000.0,37.21928,-92.94928
KPLR-TV,545,St. Louis,MO,DTV,1000.0,38.53528,-90.37306
KPOB-TV,479,Poplar Bluff,MO,DTV,34.5,36.80111,-90.45167
KPTN-LD,503,St. Louis,MO,LPD,15.0,38.57442,-90.32553
KPXE-TV,569,Kansas City,MO,DTV,1000.0,39.02219,-94.51381
KQFX-LD,569,Columbia,MO,LPD,15.0,38.77558,-92.55692
KQML-LD,599,Kansas City,MO,LPD,10.0,39.01569,-94.50694
KQTV,177,St. Joseph,MO,DTV,40.0,39.77,-94.79833
KRBK,521,Osage Beach,MO,DTV,1000.0,37.21928,-92.94928
KRCG,563,Jefferson City,MO,DTV,1000.0,38.69167,-92.09583
KRFT-LD,515,Springfield,MO,LPD,15.0,37.23972,-93.28556
KRLJ-LD,533,Joplin,MO,LPD,15.0,37.19169,-94.68861
KRMS-LD,581,Lake Ozark,MO,LPD,15.0,38.16447,-92.6035
KSDK,599,St. Louis,MO,DTV,838.0,38.56806,-90.33194
KSFZ-LD,563,Springfield,MO,LPD,15.0,37.00636,-93.22308
KSHB-TV,605,Kansas City,MO,DTV,1000.0,38.97833,-94.53383
KSMO-TV,581,Kansas City,MO,DTV,750.0,39.0905,-94.472
KSNF,491,Joplin,MO,DTV,525.0,37.07583,-94.55472
KSPR-LD,593,Springfield,MO,LPD,15.0,37.17389,-92.94114
KTAJ-TV,515,St. Joseph,MO,DTV,1000.0,39.02219,-94.51381
KTVI,587,St. Louis,MO,DTV,1000.0,38.53528,-90.37306
KTVO,587,Kirksville,MO,DTV,225.0,40.52972,-92.44167
KUKC-LD,473,Kansas City,MO,LPD,15.0,39.07333,-94.48528
KUMO-LD,581,St Louis,MO,LPD,15.0,38.57442,-90.32553
KYCW-LD,533,Branson,MO,LPD,15.0,37.17389,-92.94114
KYTV,503,Springfield,MO,DTV,1000.0,37.17389,-92.94114
WDAF-TV,593,Kansas City,MO,DTV,1000.0,39.0725,-94.59611
WODK-LD,569,Saint Louis,MO,LPD,15.0,38.57442,-90.32553
WXSL-LD,515,St. Louis,MO,LPD,15.0,38.67306,-89.97589
KPPI-LD,177,"Garapan, Saipan",MP,LPD,0.78,15.18642,145.74433
W03BP-D,63,Starkville,MS,LPD,3.0,33.49381,-88.42761
W05BV-D,79,Starkville,MS,LPD,1.0,33.46317,-88.81697
W08EZ-D,183,Gulfport,MS,LPD,3.0,30.35922,-89.12981
W14EQ-D,473,Tupelo,MS,LPD,0.005,34.15575,-88.64283
W19FV-D,503,Hattiesburg,MS,LPD,15.0,31.29356,-89.35989
W20DW-D,509,Clarksdale,MS,LPD,15.0,34.54625,-90.62117
W20FL-D,509,Columbus,MS,LPD,15.0,33.52139,-88.39797
W22EP-D,521,Starkville,MS,LPD,0.1,33.46317,-88.81697
W22FT-D,521,Greenville,MS,LPD,15.0,33.39769,-91.00975
W24EP-D,533,Fulton,MS,DCA,11.0,34.05833,-88.25944
W24FM-D,533,Bay Saint Louis,MS,LPD,15.0,30.40403,-89.34389
W25AD-D,539,Columbus,MS,LPD,15.0,33.66936,-88.66886
W26BB-D,545,Vicksburg,MS,LPD,2.54,32.36011,-90.83658
W27EH-D,551,Hattiesburg,MS,LPD,0.005,31.31389,-89.30342
W29EY-D,563,Columbia,MS,LPT,15.0,31.267,-89.83258
W30ES-D,569,Columbus,MS,LPD,0.1,33.55,-88.39972
W33EG-D,587,Lumberton,MS,LPD,15.0,30.54986,-88.55661
W33FA-D,587,Jackson,MS,LPD,15.0,32.65786,-90.50761
WABG-TV,581,Greenwood,MS,DTV,1000.0,33.37306,-90.54028
WAPT,515,Jackson,MS,DTV,1000.0,32.27833,-90.29444
WBUY-TV,545,Holly Springs,MS,DTV,950.0,35.27583,-89.77722
WCBI-TV,551,Columbus,MS,DTV,599.0,33.75167,-88.87778
WDAM-TV,177,Laurel,MS,DTV,75.0,31.45361,-89.28472
WDBD,473,Jackson,MS,DTV,675.0,32.21386,-90.38236
WDDY-LD,479,Corinth,MS,LPD,15.0,34.87194,-88.66072
WEBU-LD,521,Oxford,MS,LPD,15.0,34.35,-89.54028
WEPH,491,Tupelo,MS,DTV,700.0,33.79444,-89.08778
WFXW,479,Greenville,MS,DTV,190.0,33.6575,-90.70478
WGBC,575,Meridian,MS,DTV,828.0,32.32778,-88.69194
WHBH-CD,581,Booneville,MS,DCA,15.0,34.3125,-88.62556
WHCQ-LD,189,Cleveland,MS,LPD,3.0,33.72667,-90.72889
WHLT,521,Hattiesburg,MS,DTV,1000.0,31.40539,-89.23744
WHPM-LD,527,Hattiesburg,MS,LPD,10.4,31.30728,-89.41317
WJMF-LD,85,Jackson,MS,LPD,0.051,32.28583,-90.21194
WJTV,207,Jackson,MS,DTV,49.2,32.24083,-90.40417
WLBT,569,Jackson,MS,DTV,535.0,32.21386,-90.38236
WLHA-LD,497,Laurel,MS,LPD,15.0,31.45361,-89.28472
WLOO,605,Vicksburg,MS,DTV,950.0,32.21386,-90.38236
WLOV-TV,485,West Point,MS,DTV,390.0,33.79444,-89.08778
WLOX,581,Biloxi,MS,DTV,525.0,30.72306,-89.09111
WMAB-TV,183,Mississippi State,MS,DTV,7.6,33.35389,-89.15
WMAE-TV,189,Booneville,MS,DTV,35.0,34.66675,-88.75144
WMAH-TV,485,Biloxi,MS,DTV,593.0,30.75528,-88.94556
WMAO-TV,539,Greenwood,MS,DTV,815.0,33.37611,-90.54222
WMAU-TV,497,Bude,MS,DTV,682.0,31.37306,-90.75111
WMAV-TV,605,Oxford,MS,DTV,272.5,34.29111,-89.70583
WMAW-TV,557,Meridian,MS,DTV,640.0,32.13861,-89.09333
WMDN,533,Meridian,MS,DTV,616.0,32.32778,-88.69194
WMEL-CD,213,Grenada-Greenwood,MS,DCA,2.34,33.53917,-90.03556
WMPJ-LD,545,Oxford,MS,LPD,3.0,34.40333,-89.40361
WMPN-TV,509,Jackson,MS,DTV,400.0,32.19167,-90.40611
WNBD-LD,587,Greenwood,MS,LPD,15.0,33.37306,-90.54028
WNTZ-TV,479,Natchez,MS,DTV,530.0,31.66906,-91.69181
WOOK-LD,479,Meridian,MS,LPD,15.0,32.3275,-88.69111
WRBJ-TV,593,Magee,MS,DTV,968.0,32.12194,-89.54778
WTBL-LD,575,Biloxi,MS,LPD,4.0,30.39353,-89.00031
WTOK-TV,213,Meridian,MS,DTV,115.0,32.3275,-88.69111
WTVA,201,Tupelo,MS,DTV,42.1,33.79444,-89.08778
WWJX,527,Jackson,MS,DTV,20.0,32.05378,-90.33981
WWTW,527,Senatobia,MS,DTV,1000.0,35.20953,-89.81706
WXVO-LD,503,Pascagoula,MS,LPD,15.0,30.48608,-88.71478
WXVT-LD,491,Cleveland,MS,LPD,15.0,33.65722,-90.705
WXXV-TV,539,Gulfport,MS,DTV,190.0,30.74694,-89.05833
K02AO-D,57,Eureka,MT,LPD,0.018,48.86467,-115.12517
K02RJ-D,57,Kalispell & Lakeside,MT,LPT,0.1,48.01106,-114.36428
K03CS-D,63,Broadus,MT,LPT,0.012,45.41108,-105.35831
K03DJ-D,63,Polson,MT,LPT,0.032,47.67744,-114.14256
K03DT-D,63,Superior,MT,LPT,0.005,47.175,-114.91769
K03IA-D,63,Sula,MT,LPT,0.005,45.82153,-113.99472
K04GF-D,69,Wolf Point,MT,LPT,0.019,48.11222,-105.69556
K04QV-D,69,Thompson Falls,MT,LPT,0.1,47.54083,-115.31806
K04QX-D,69,Townsend,MT,LPT,0.065,46.28003,-111.41664
K04RT-D,69,Judith Gap,MT,LPT,0.043,46.68764,-109.74294
K05AH-D,79,Hot Springs,MT,LPT,0.005,47.63242,-114.66417
K05FC-D,79,Lake Mcdonald,MT,LPT,0.005,48.43308,-113.96622
K05GM-D,79,Plains-Paradise,MT,LPT,0.017,47.52492,-114.95872
K05IZ-D,79,Hinsdale,MT,LPT,0.0034,48.36556,-106.97756
K05KK-D,79,Poplar,MT,LPT,0.037,48.12778,-105.07303
K05ML-D,79,Sula,MT,LPT,0.006,45.82153,-113.99472
K05MW-D,79,Ferndale,MT,LPT,0.024,48.06786,-114.03869
K05NE-D,79,Polson,MT,LPT,0.1,47.67744,-114.14256
K06AA-D,85,Broadus,MT,LPT,0.088,45.41053,-105.35831
K06AV-D,85,Wolf Point,MT,LPT,0.019,48.11222,-105.69556
K06FE-D,85,Miles City,MT,LPT,0.1,46.4355,-105.84775
K06NV-D,85,White Sulphur Spring,MT,LPT,0.06,46.46214,-110.85686
K06QF-D,85,Heron,MT,LPT,0.05,47.95489,-115.67081
K06QN-D,85,Judith Gap,MT,LPT,0.043,46.68764,-109.74294
K06RC-D,85,Townsend,MT,LPT,0.05,46.27736,-111.55233
K07AAR-D,177,Helena,MT,LPT,0.4,46.76964,-112.02442
K07CH-D,177,Plains & Paradise,MT,LPT,0.03,47.52492,-114.95872
K07DI-D,177,Hinsdale,MT,LPT,0.0031,48.36556,-106.97756
K07EJ-D,177,Townsend,MT,LPT,0.0167,46.28003,-111.41664
K07EN-D,177,"Woodsbay, Lakeside",MT,LPT,0.1,48.02078,-114.05928
K07EQ-D,177,Ekalaka,MT,LPT,0.154,45.90122,-104.55042
K07FL-D,177,Thompson Falls,MT,LPT,0.033,47.54083,-115.31806
K07IB-D,177,Whitewater,MT,LPT,0.009,48.76042,-107.752
K07IC-D,177,Malta,MT,LPT,0.009,48.34461,-107.871
K07IT-D,177,"West Glacier, Etc.",MT,LPT,0.019,48.433,-113.96622
K07JG-D,177,Glasgow,MT,LPT,0.0054,48.20558,-106.63144
K07NU-D,177,White Sulphur Spring,MT,LPT,0.09,46.46214,-110.85686
K07OC-D,177,Polaris,MT,LPT,0.026,45.43325,-113.15086
K07VA-D,177,Jordan,MT,LPT,0.18,47.33333,-107.08394
K07WJ-D,177,Colstrip,MT,LPT,0.021,45.89497,-106.62806
K07WP-D,177,Roundup,MT,LPT,0.16,46.46717,-108.56456
K07ZP-D,177,Bull Lake Valley,MT,LPT,0.035,48.48522,-115.80544
K07ZR-DT,177,Harlowton & Shawmut,MT,LPD,0.031,46.33106,-109.72572
K08BG-D,183,Troy,MT,LPT,0.035,48.48528,-115.80547
K08FS-D,183,Dodson,MT,LPT,0.007,48.39397,-108.15656
K08JV-D,183,Broadus,MT,LPT,0.162,45.41053,-105.35831
K08KT-D,183,Boulder,MT,LPT,0.019,46.25575,-112.14883
K08LI-D,183,White Sulphur Spring,MT,LPT,0.09,46.46214,-110.85686
K08OW-D,183,Hysham,MT,LPT,0.021,46.24053,-107.32672
K08OY-D,183,Plains,MT,LPT,0.05,47.52492,-114.95872
K08OZ-D,183,"Trout Creek, Etc",MT,LPT,0.019,47.95497,-115.67081
K08PP-D,183,"Rosebud, Etc",MT,LPT,0.029,46.30775,-106.50889
K08PQ-D,183,"Big Arm, Elmo",MT,LPT,0.04,47.81547,-114.3215
K08PR-D,183,Missoula,MT,LPT,3.0,47.01833,-114.01222
K09BE-D,189,Ekalaka,MT,LPT,0.154,45.90122,-104.55042
K09BG-D,189,Basin,MT,LPT,0.006,46.27533,-112.26914
K09BX-D,189,Saco,MT,LPT,0.009,48.46267,-107.43258
K09FQ-D,189,Thompson Falls,MT,LPT,0.033,47.54083,-115.31806
K09HI-D,189,"Jordan, Etc.",MT,LPT,0.055,47.33333,-107.08394
K09HY-D,189,Glasgow,MT,LPT,0.0054,48.20558,-106.63144
K09JG-D,189,Malta,MT,LPT,0.009,48.34461,-107.871
K09LW-D,189,Martinsdale/Lennep,MT,LPT,0.089,46.44328,-110.42294
K09MH-D,189,White Sulphur Spring,MT,LPT,0.09,46.46214,-110.85686
K09MY-D,189,Polaris,MT,LPD,0.026,45.43325,-113.15086
K09OY-D,189,Colstrip,MT,LPT,0.021,45.89497,-106.62806
K09VL-D,189,Boyes & Hammond,MT,LPT,0.245,45.09167,-105.02258
K09YR-D,189,Harlowton,MT,LPT,0.031,46.33106,-109.72572
K09YT-D,189,Sula,MT,LPT,0.011,45.82153,-113.99472
K09ZB-D,189,Havre,MT,LPT,0.121,48.49458,-109.71231
K10AC-D,195,Ashland,MT,LPT,0.192,45.60053,-105.93803
K10AF-D,195,Troy,MT,LPT,0.035,48.48528,-115.80547
K10AH-D,195,Emigrant,MT,LPT,0.16,45.33508,-110.69069
K10BK-D,195,Big Sandy,MT,LPT,0.009,48.1615,-110.03103
K10FC-D,195,Dodson,MT,LPT,0.007,48.39397,-108.15656
K10GF-D,195,Miles City,MT,LPD,0.2,46.43361,-105.84806
K10HL-D,195,Virginia City,MT,LPD,0.012,45.27492,-111.95497
K10JK-D,195,Hinsdale,MT,LPT,0.0031,48.36556,-106.97756
K10LH-D,195,"West Glacier, Etc.",MT,LPT,0.018,48.433,-113.96622
K10QH-D,195,"Trout Creek, Etc",MT,LPT,0.019,47.95497,-115.67081
K10QZ-D,195,"Rosebud, Etc",MT,LPT,0.029,46.30775,-106.50889
K10RC-D,195,Denton,MT,LPT,0.013,47.33525,-109.95492
K11FF-D,201,Superior,MT,LPT,0.005,47.175,-114.91769
K11FQ-D,201,Thompson Falls,MT,LPT,0.033,47.54083,-115.31806
K11GX-D,201,Whitewater,MT,LPT,0.009,48.76042,-107.752
K11HE-D,201,"Jordan, Etc.",MT,LPT,0.054,47.33333,-107.08394
K11HO-D,201,Polson,MT,LPT,0.04,47.67744,-114.14256
K11IA-D,201,Glasgow,MT,LPT,0.0054,48.20558,-106.63144
K11IH-D,201,Malta,MT,LPT,0.009,48.34461,-107.871
K11IL-D,201,"Bitterroot Range, Et",MT,LPT,0.004,47.55881,-114.54594
K11JP-D,201,Plains-Paradise,MT,LPT,0.042,47.52075,-114.95872
K11KE-D,201,Woods Bay,MT,LPT,0.035,48.02078,-114.05928
K11KP-D,201,Troy,MT,LPT,0.035,48.48528,-115.80547
K11LA-D,201,Basin,MT,LPT,0.015,46.27533,-112.26914
K11MP-D,201,White Sulphur Spring,MT,LPT,0.09,46.46214,-110.85686
K11RX-D,201,Big Arm,MT,LPT,0.035,47.81547,-114.3215
K11WK-D,201,Stanford,MT,LPT,0.3,47.16939,-110.27325
K11WM-D,201,Townsend,MT,LPT,0.0167,46.28003,-111.41664
K11WQ-D,201,West Knees,MT,LPD,0.654,48.01508,-111.35136
K11YH-D,201,Loma,MT,LPT,0.069,47.93969,-110.49797
K12AA-D,207,Troy,MT,LPT,0.035,48.48528,-115.80547
K12FB-D,207,Saco,MT,LPT,0.009,48.46267,-107.43258
K12GP-D,207,Dodson,MT,LPT,0.007,48.39397,-108.15656
K12LO-D,207,Ferndale,MT,LPD,0.008,48.06786,-114.03869
K12LU-D,207,"West Glacier, Etc",MT,LPT,0.019,48.433,-113.96622
K12QT-D,207,"Trout Creek, Etc",MT,LPT,0.019,47.95497,-115.67081
K12RA-D,207,Colstrip,MT,LPT,0.021,45.89497,-106.62806
K12RE-D,207,Denton,MT,LPT,0.013,47.33525,-109.95492
K12YJ-D,207,Helena,MT,LPT,3.0,46.76994,-112.02361
K13ABE-D,213,Loma,MT,LPT,0.069,47.93967,-110.49797
K13BE-D,213,Harlowton,MT,LPT,0.031,46.33106,-109.72572
K13DU-D,213,Whitewater,MT,LPT,0.009,48.76042,-107.752
K13FP-D,213,Wolf Point,MT,LPT,0.028,48.11222,-105.69556
K13GP-D,213,Malta,MT,LPT,0.009,48.34461,-107.871
K13HK-D,213,Sand Springs,MT,LPT,0.05,47.02497,-107.43397
K13IG-D,213,Sidney - Fairview,MT,LPT,0.014,47.78417,-104.12686
K13JO-D,213,Hinsdale,MT,LPT,0.0031,48.36556,-106.97756
K13KH-D,213,Townsend,MT,LPT,0.0167,46.28003,-111.41664
K13KP-D,213,Boulder,MT,LPD,0.019,46.25575,-112.14889
K13KV-D,213,Troy,MT,LPT,0.035,48.48528,-115.80547
K13LN-D,213,Ekalaka,MT,LPT,0.154,45.90122,-104.55042
K13MA-D,213,Scobey,MT,LPT,0.038,48.7975,-105.35731
K13OQ-D,213,Big Sandy,MT,LPD,0.009,48.1615,-110.03103
K13OU-D,213,Chinook,MT,LPT,0.022,48.469,-109.27017
K13PO-D,213,Hysham,MT,LPT,0.021,46.24053,-107.32672
K13PZ-D,213,Poplar,MT,LPT,0.054,48.14028,-105.12136
K13ZN-D,213,Heron,MT,LPT,0.05,47.95489,-115.67081
K14AG-D,473,"Circle, Etc.",MT,LPT,0.3,47.26778,-105.39108
K14AR-D,473,Glasgow,MT,LPT,0.36,48.20558,-106.63144
K14IS-D,473,Billings,MT,LPD,10.5,45.76569,-108.45739
K14IU-D,473,"Frenchtown, Etc.",MT,LPT,0.351,46.85325,-113.92897
K14LT-D,473,Polson,MT,LPT,0.061,47.67744,-114.14256
K14NI-D,473,Ferndale,MT,LPT,0.111,48.06786,-114.03869
K14NJ-D,473,Hot Springs,MT,LPT,0.6,47.63242,-114.66417
K14RV-D,473,Forsyth,MT,LPT,0.15,46.32719,-106.69753
K14RX-D,473,Ashland,MT,LPT,1.04,45.60219,-105.93664
K15AS-D,479,Saco,MT,LPT,0.067,48.46267,-107.43258
K15IY-D,479,Heron,MT,LPT,0.125,47.95489,-115.67081
K15JA-D,479,"Harlowton, Etc",MT,LPT,0.2,46.35133,-110.14378
K15KR-D,479,Poplar,MT,LPT,0.245,48.29111,-105.25303
K15LB-D,479,Red Lodge,MT,LPT,0.076,45.12189,-109.27044
K15LD-D,479,Lewistown,MT,LPD,1.2,47.17747,-109.53572
K15NB-D,479,Plevna,MT,LPT,0.213,46.33472,-104.513
K15NI-D,479,Plains,MT,LPT,0.336,47.37232,-114.85972
K16AZ-D,485,Glasgow,MT,LPT,0.3,48.20558,-106.63144
K16DH-D,485,Miles City,MT,LPT,15.0,46.43569,-105.84856
K16DZ-D,485,Hardin,MT,LPT,0.005,45.74442,-107.53617
K16GJ-D,485,Polson,MT,LPT,0.061,47.67744,-114.14256
K16GP-D,485,Circle,MT,LPT,0.35,47.26778,-105.39108
K16KB-D,485,Conrad,MT,LPT,0.373,48.18697,-112.02178
K16KZ-D,485,Libby,MT,LPT,0.431,48.43883,-115.52792
K16MY-D,485,Ashland,MT,LPT,1.04,45.60219,-105.93664
K16NE-D,485,Forsyth,MT,LPT,0.15,46.32719,-106.69753
K16NF-D,485,Hot Springs,MT,LPT,0.003,47.63242,-114.66417
K16OD-D,485,Philipsburg,MT,LPT,0.039,46.26356,-113.25081
K16OQ-D,485,Havre,MT,LPT,0.442,48.49447,-109.71239
K16OR-D,485,Whitefish,MT,LPD,15.0,48.34797,-114.29858
K17JP-D,491,"Big Timber, Etc.",MT,LPD,0.132,45.69647,-110.76864
K17JS-D,491,Philipsburg,MT,LPT,0.039,46.26356,-113.25081
K17KU-D,491,Saco,MT,LPT,0.067,48.46267,-107.43258
K17KZ-D,491,"Harlowton, Etc",MT,LPT,0.2,46.35133,-110.14378
K17MQ-D,491,Thompson Falls,MT,LPT,0.053,47.59583,-115.28083
K17MS-D,491,Poplar,MT,LPT,0.245,48.29111,-105.25303
K17NE-D,491,Arlee,MT,LPT,0.15,47.26325,-114.08147
K17OB-D,491,Plevna,MT,LPT,0.754,46.33472,-104.513
K17PC-D,491,Billings,MT,LPT,15.0,45.76692,-108.458
K17PU-D,491,Lewistown,MT,LPT,1.2,47.17747,-109.53572
K17PW-D,491,Havre,MT,LPT,0.442,48.49447,-109.71239
K18BN-D,497,Glasgow,MT,LPT,0.3,48.20558,-106.63144
K18CR-D,497,"Circle, Etc.",MT,LPT,0.95,47.26778,-105.39108
K18JE-D,497,Broadus,MT,LPT,1.17,45.41053,-105.35831
K18KD-D,497,Libby,MT,LPT,0.431,48.43883,-115.52792
K18KM-D,497,Conrad,MT,LPT,0.373,48.18697,-112.02178
K18KT-D,497,Chinook,MT,LPT,0.431,48.469,-109.27017
K18MZ-D,497,Forsyth,MT,LPT,0.352,46.26097,-106.67311
K19FF-D,503,Miles City,MT,LPT,15.0,46.43569,-105.84856
K19GD-D,503,Kalispell & Lakeside,MT,LPT,0.69,48.01106,-114.36428
K19JM-D,503,Emigrant,MT,LPT,1.0,45.33519,-110.69019
K19JO-D,503,"Harlowton, Etc",MT,LPT,0.2,46.35133,-110.14378
K19JQ-D,503,Big Sandy,MT,LPT,0.239,48.1615,-110.03103
K19LB-D,503,Billings,MT,LPD,5.0,45.76308,-108.45664
K19NI-D,503,Plevna,MT,LPD,0.213,46.33472,-104.513
K20BP-D,509,Phillips County,MT,LPT,0.2,47.93414,-108.57453
K20JS-D,509,Glasgow,MT,LPT,0.3,48.20558,-106.63144
K20KQ-D,509,"Livingston, Etc.",MT,LPT,1.4,45.59769,-110.54658
K20LK-D,509,"Colstrip, Etc.",MT,LPT,2.84,45.83886,-106.90531
K20PJ-D,509,Ferndale,MT,LPT,0.111,48.06786,-114.03869
K20PO-D,509,Glendive,MT,LPD,15.0,47.08361,-104.802
K20PQ-D,509,Libby,MT,LPT,0.431,48.43883,-115.52792
K21CA-D,515,Plains,MT,LPD,1.09,47.52075,-114.95872
K21KA-D,515,Ferndale,MT,LPT,0.111,48.06786,-114.03869
K21MA-D,515,Emigrant,MT,LPT,1.0,45.33519,-110.69019
K21MW-D,515,Thompson Falls,MT,LPT,0.053,47.59583,-115.28083
K21PK-D,515,Plevna,MT,LPT,0.213,46.33472,-104.513
K22KS-D,521,Libby,MT,LPT,0.431,48.43883,-115.52792
K22KY-D,521,Poplar,MT,LPT,0.245,48.29111,-105.25303
K22LD-D,521,Chinook,MT,LPT,0.431,48.469,-109.27017
K22MG-D,521,Woods Bay,MT,LPT,0.173,48.02078,-114.05928
K22MI-D,521,Drummond,MT,LPT,0.167,46.61728,-113.18208
K22MJ-D,521,Hinsdale,MT,LPT,0.075,48.36556,-106.97756
K22MN-D,521,Fort Peck,MT,LPT,0.3,48.03083,-106.31503
K22NN-D,521,Forsyth,MT,LPT,0.352,46.26097,-106.67311
K22OH-D,521,Helena,MT,LPD,1.0,46.76853,-112.02331
K23DJ-D,527,Ekalaka,MT,LPT,1.91,45.90136,-104.5505
K23LW-D,527,Emigrant,MT,LPT,1.22,45.33508,-110.69069
K23LX-D,527,Conrad,MT,LPT,0.373,48.18697,-112.02178
K23NP-D,527,Thompson Falls,MT,LPT,0.05,47.59583,-115.28083
K23QM-D,527,Havre,MT,LPT,0.442,48.49447,-109.71239
K24DD-D,533,Plevna,MT,LPT,0.789,46.27083,-104.22528
K24FL-D,533,Columbus,MT,LPT,3.2,45.62667,-109.26083
K24GD-D,533,Hardin,MT,LPD,0.322,45.74556,-107.53694
K24ID-D,533,Ferndale,MT,LPT,0.108,48.06786,-114.03869
K24KJ-D,533,Libby,MT,LPT,0.431,48.43883,-115.52792
K24KM-D,533,"Colstrip, Etc.",MT,LPD,2.84,45.83886,-106.90531
K24KU-D,533,Chinook,MT,LPT,0.431,48.469,-109.27017
K24MN-D,533,Phillips County,MT,LPT,0.2,47.93414,-108.57453
K24MP-D,533,Butte,MT,LPT,4.55,46.0075,-112.4425
K24MV-D,533,Fort Peck,MT,LPT,0.35,48.03083,-106.31503
K24OQ-D,533,Scobey,MT,LPT,0.239,48.7975,-105.35731
K24OX-D,533,Plains,MT,LPT,0.336,47.37232,-114.85972
K25BP-D,539,Billings,MT,LPT,1.48,45.8075,-108.34106
K25HO-D,539,Wolf Point,MT,LPT,0.252,48.03528,-105.52
K25KZ-D,539,Kalispell,MT,LPD,1.5,48.01106,-114.36428
K25LM-D,539,Great Falls,MT,LPD,0.3,47.46439,-111.35586
K25LO-D,539,Hamilton,MT,LPD,0.2,46.22992,-114.23647
K25MZ-D,539,Conrad,MT,LPT,0.373,48.18697,-112.02178
K25NJ-D,539,"Sweetgrass, Etc.",MT,LPT,0.075,48.98281,-111.95736
K25OA-D,539,Dillon,MT,LPD,0.152,45.23911,-112.66892
K25OS-D,539,Thompson Falls,MT,LPT,0.053,47.59583,-115.28083
K25RY-D,539,Belgrade,MT,LPT,15.0,45.63753,-111.26861
K26DD-D,545,Kalispell,MT,LPD,15.0,48.17608,-114.35006
K26GL-D,545,Columbus,MT,LPT,5.0,45.62667,-109.26083
K26KA-D,545,Drummond,MT,LPT,0.167,46.61728,-113.18208
K26LG-D,545,Phillips County,MT,LPT,0.2,47.93414,-108.57453
K26LM-D,545,Libby,MT,LPT,0.431,48.43883,-115.52792
K26LQ-D,545,White Sulphur Spring,MT,LPD,0.331,46.54458,-110.90028
K26NN-D,545,"Bridger, Etc.",MT,LPD,1.0,45.28617,-108.93419
K26NS-D,545,Fort Peck,MT,LPT,0.3,48.03083,-106.31503
K26ON-D,545,"Deer Lodge, Etc.",MT,LPT,1.035,46.10172,-112.95089
K26OX-D,545,Colstrip,MT,LPT,0.57,45.83997,-106.91142
K26PD-D,545,Scobey,MT,LPT,0.239,48.7975,-105.35731
K26QQ-D,545,Havre,MT,LPT,0.442,48.49447,-109.71239
K27CD-D,551,Boulder,MT,LPD,0.372,46.25936,-112.15306
K27IM-D,551,Billings,MT,LPT,0.81,45.8075,-108.34106
K27JQ-D,551,Wolf Point,MT,LPT,0.252,48.03528,-105.52
K27JW-D,551,Joplin,MT,LPT,5.276,48.85472,-111.14164
K27LO-D,551,Emigrant,MT,LPT,0.025,45.33519,-110.69019
K27LT-D,551,Baker,MT,LPT,0.238,46.3125,-104.20742
K27MS-D,551,Pablo/Ronan,MT,LPT,6.6,47.77361,-114.26861
K27PN-D,551,Philipsburg,MT,LPT,0.039,46.26356,-113.25081
K28KO-D,557,"Sweetgrass, Etc.",MT,LPT,0.075,48.98278,-111.9575
K28LG-D,557,"Bridger, Etc.",MT,LPT,1.1,45.28617,-108.93419
K28MK-D,557,Phillips County,MT,LPT,0.2,47.93414,-108.57453
K28OB-D,557,Plentywood,MT,LPT,0.3,48.69306,-104.59606
K28OG-D,557,Kalispell & Lakeside,MT,LPT,0.271,48.01106,-114.36428
K28ON-D,557,"Castle Rock, Etc.",MT,LPD,9.4,45.83997,-106.91142
K28QZ-D,557,Drummond,MT,LPT,0.167,46.61728,-113.18208
K28RG-D,557,West Yellowstone,MT,LPT,0.257,44.75117,-111.19569
K29FS-D,563,Wolf Point,MT,LPT,0.252,48.03528,-105.52
K29ID-D,563,Weeksville,MT,LPT,0.914,47.37214,-114.859
K29LQ-D,563,Polson,MT,LPT,0.061,47.67744,-114.14256
K29ND-D,563,Hot Springs,MT,LPT,0.003,47.55881,-114.54594
K29OK-D,563,Baker,MT,LPT,0.239,46.27083,-104.22528
K30KY-D,569,Philipsburg,MT,LPT,0.039,46.26356,-113.25081
K30LC-D,569,"Tampico, Etc",MT,LPT,0.318,48.34139,-107.15006
K30MJ-D,569,Libby,MT,LPT,0.431,48.43883,-115.52792
K30MW-D,569,"Sweetgrass, Etc.",MT,LPT,0.075,48.98281,-111.95736
K30PT-D,569,Kalispell & Lakeside,MT,LPT,1.26,48.01106,-114.36428
K30RM-D,569,West Yellowstone,MT,LPT,0.257,44.75117,-111.19569
K30RO-D,569,Missoula,MT,LPD,5.0,46.80222,-113.97306
K31KQ-D,575,Plains,MT,LPT,0.18,47.37214,-114.859
K31LE-D,575,"Bridger, Etc.",MT,LPD,0.93,45.28617,-108.93419
K31MJ-D,575,"Four Buttes, Etc.",MT,LPT,1.052,48.60056,-105.29608
K31NN-D,575,Billings,MT,LPD,5.0,45.76308,-108.45664
K31NS-D,575,Fort Peck,MT,LPT,0.3,48.03083,-106.31503
K31NW-D,575,Forsyth,MT,LPT,0.1,46.26097,-106.67311
K31PD-D,575,"Whitefish, Etc.",MT,LPT,12.0,48.01338,-114.36664
K31PY-D,575,Roundup,MT,LPT,0.016,46.46717,-108.56456
K31QC-D,575,Baker,MT,LPT,0.239,46.27083,-104.22528
K32HH-D,581,Kalispell,MT,LPT,0.271,48.01106,-114.36428
K32JU-D,581,"Tampico, Etc",MT,LPT,0.318,48.34139,-107.15006
K32MN-D,581,Howard,MT,LPT,0.25,46.32081,-106.99669
K32MS-D,581,Livingston,MT,LPT,0.55,45.59769,-110.54658
K32NN-D,581,Joplin,MT,LPT,2.709,48.85458,-111.14231
K32PK-D,581,West Yellowstone,MT,LPT,0.257,44.75117,-111.19569
K33EA-D,587,Columbus,MT,LPT,3.8,45.64289,-109.29992
K33LG-D,587,"Bridger, Etc",MT,LPT,1.09,45.28617,-108.93419
K33MC-D,587,Forsyth,MT,LPT,0.352,46.26097,-106.67311
K33OH-D,587,"Ferndale, Etc",MT,LPT,0.112,48.06786,-114.03869
K33ON-D,587,Fort Peck,MT,LPT,0.3,48.03083,-106.31503
K33OP-D,587,Helena,MT,LPT,2.3,46.76964,-112.02442
K33OR-D,587,St. Ignatius,MT,LPT,1.0,47.45158,-114.25872
K33OV-D,587,Whitehall,MT,LPT,1.7,45.92075,-112.02164
K33PR-D,587,Joplin,MT,LPT,2.709,48.85458,-111.14231
K34DN-D,593,Whitewater,MT,LPT,0.098,48.76042,-107.752
K34DP-D,593,Plevna,MT,LPT,0.885,46.45667,-104.51439
K34GY-D,593,Culbertson,MT,LPT,0.354,48.2,-104.53217
K34MJ-D,593,Kalispell,MT,LPD,4.6,48.17608,-114.35006
K34NA-D,593,Tampico,MT,LPT,0.318,48.34139,-107.15006
K34NR-D,593,Butte,MT,LPD,1.0,46.00083,-112.52889
K34OB-D,593,Howard,MT,LPT,0.25,46.32081,-106.99669
K34PL-D,593,"Livingston, Etc",MT,LPT,0.55,45.59769,-110.54658
K34PM-D,593,Joplin,MT,LPT,2.709,48.85458,-111.14231
K34PQ-D,593,Plains,MT,LPT,1.04,47.37214,-114.859
K34QX-D,593,Roundup,MT,LPT,0.016,46.46717,-108.56456
K34RR-D,593,West Yellowstone,MT,LPT,0.257,44.75117,-111.19569
K35JT-D,599,Drummond,MT,LPT,0.167,46.61728,-113.18208
K35JW-D,599,"Bridger, Etc.",MT,LPD,1.09,45.28617,-108.93419
K35KC-D,599,Great Falls,MT,LPD,0.3,47.46439,-111.35586
K35NB-D,599,Polson,MT,LPT,0.1,47.67744,-114.14256
K35NF-D,599,Fort Peck,MT,LPT,0.3,48.03083,-106.31503
K35OF-D,599,Joplin,MT,LPT,2.709,48.85458,-111.14231
K35PL-D,599,Roundup,MT,LPT,0.016,46.46717,-108.56456
K35PV-D,599,Kalispell,MT,LPT,1.0,48.17608,-114.35006
K36BW-D,605,Thompson Falls,MT,LPD,0.185,47.54083,-115.31806
K36CW-D,605,Dodson,MT,LPT,0.093,48.39397,-108.15656
K36CX-D,605,Boulder,MT,LPT,0.239,46.25936,-112.15306
K36DK-D,605,Joplin,MT,LPT,2.709,48.85458,-111.14231
K36KR-D,605,"Elmo, Big Arm",MT,LPT,0.135,47.81658,-114.31483
K36OC-D,605,Fort Peck,MT,LPT,0.3,48.03083,-106.31503
K36OS-D,605,Whitehall,MT,LPD,1.7,45.87603,-112.08803
K36PB-D,605,Lewistown,MT,LPT,1.11,47.17775,-109.53572
K36PI-D,605,"Livingston, Etc.",MT,LPT,0.55,45.59769,-110.54658
K36PJ-D,605,Howard,MT,LPT,0.25,46.32081,-106.99669
K36QR-D,605,Baker,MT,LPT,0.239,46.27083,-104.22528
K36RH-D,605,Billings,MT,LPD,5.0,45.82661,-108.51808
KAJJ-CD,497,Kalispell,MT,DCA,9.55,48.01333,-114.36611
KBGF-LD,503,Great Falls,MT,LPD,15.0,47.53542,-111.28486
KBGS-TV,485,Billings,MT,DTV,38.6,45.76692,-108.458
KBZK,551,Bozeman,MT,DTS,850.0,45.63753,-111.26861
KCFW-TV,491,Kalispell,MT,DTV,400.0,48.01333,-114.36611
KDBZ-CD,563,Bozeman,MT,DCA,15.0,45.63884,-111.26597
KECI-TV,213,Missoula,MT,DTV,41.3,47.01778,-114.01389
KFBB-TV,183,Great Falls,MT,DTV,31.0,47.53556,-111.28472
KHBB-LD,515,Helena,MT,LPD,5.0,46.76992,-112.02358
KHMT,521,Hardin,MT,DTV,1000.0,45.74028,-108.13897
KJJC,491,Great Falls,MT,DTV,5.0,47.46439,-111.35586
KOOG-LD,479,Bozeman,MT,LPD,0.35,45.63775,-111.26874
KOOH-LD,491,Helena,MT,LPD,0.3,46.57444,-112.00667
KPAX-TV,539,Missoula,MT,DTV,600.0,47.01725,-114.01403
KQHD-LD,587,Hardin,MT,LPD,0.15,45.74525,-107.53478
KRTV,521,Great Falls,MT,DTV,1000.0,47.53542,-111.28486
KSVI,497,Billings,MT,DTV,1000.0,45.8075,-108.34106
KTMF,527,Missoula,MT,DTV,92.6,47.01944,-114.01361
KTMF-LD,605,Kalispell,MT,LPD,2.48,48.17608,-114.35006
KTVH-DT,575,Helena,MT,DTV,530.0,46.82483,-111.70433
KTVM-TV,509,Butte,MT,DTV,1000.0,46.0075,-112.4425
KTVQ,509,Billings,MT,DTV,1000.0,45.76692,-108.458
KUFM-TV,201,Missoula,MT,DTV,12.3,46.8025,-113.97333
KUGF,515,Great Falls,MT,DTV,23.4,47.53542,-111.28486
KUHM-TV,563,Helena,MT,DTV,25.0,46.82483,-111.70433
KUKL-TV,479,Kalispell,MT,DTV,27.6,48.01333,-114.36611
KULR-TV,201,Billings,MT,DTV,16.0,45.75986,-108.45483
KUSM-TV,183,Bozeman,MT,DTS,17.9,45.63753,-111.26861
KWYB,503,Butte,MT,DTV,110.7,46.00658,-112.4425
KWYB-LD,557,Bozeman,MT,LPD,6.5,45.63886,-111.26622
KXGN-TV,79,Glendive,MT,DTV,1.0,47.04417,-104.68178
KXLF-TV,479,Butte,MT,DTV,1000.0,46.00736,-112.44242
KXLH-LD,189,Helena,MT,LPD,3.0,46.82494,-111.70442
KYUS-TV,63,Miles City,MT,DTV,1.03,46.42611,-105.86111
W03AK-D,63,"Ela, Etc.",NC,LPT,0.132,35.38147,-83.41431
W04DQ-D,69,Wilmington,NC,LPD,3.0,34.21369,-78.03106
W04DW-D,69,"Sylva, Etc.",NC,LPT,0.05,35.36703,-83.22125
W05AR-D,79,"Bryson City, Etc.",NC,LPT,0.089,35.38147,-83.41431
W05DM-D,79,Charlotte,NC,LPD,3.0,35.60514,-80.44175
W06AJ-D,85,"Franklin, Etc.",NC,LPT,0.193,35.17286,-83.58125
W07DS-D,177,Burnsville,NC,LPT,0.195,35.93789,-82.2965
W07DT-D,177,Tryon & Columbus,NC,LPT,0.061,35.26628,-82.24411
W07EE-D,177,Franklin,NC,LPT,1.5,35.17319,-83.58047
W08AT-D,183,Cherokee,NC,LPT,0.035,35.47342,-83.32264
W09AF-D,189,Sylva,NC,LPT,0.02,35.36703,-83.22153
W09AG-D,189,Franklin,NC,LPT,0.199,35.17314,-83.58069
W10AD-D,195,Montreat,NC,LPT,0.045,35.629,-82.34594
W10AL-D,195,"Cherokee, Etc.",NC,LPT,0.08,35.49589,-83.33419
W10DF-D,195,"Canton, Etc.",NC,LPT,0.13,35.56811,-82.90689
W11AN-D,201,Bryson City,NC,LPT,0.027,35.38147,-83.41431
W11DR-D,201,Wilmington,NC,LPD,0.6,34.19092,-77.942
W12AQ-D,207,Black Mountain,NC,LPT,0.01,35.62206,-82.339
W12AR-D,207,"Waynesville, Etc.",NC,LPT,0.02,35.48564,-83.03594
W12CI-D,207,Hot Springs,NC,LPT,0.01,35.92675,-82.80569
W14EG-D,473,"Robbinsville, Etc",NC,LPT,1.0,35.25758,-83.79656
W15CW-D,479,Franklin,NC,LPT,5.0,35.17314,-83.58069
W15DR-D,479,"Maggie Valley, Etc",NC,LPT,0.1,35.51786,-83.11542
W15DY-D,479,"Marion, Etc.",NC,LPT,0.25,35.67131,-82.00519
W15EB-D,479,Charlotte,NC,DCA,15.0,35.19897,-80.87658
W15EF-D,479,Sparta,NC,LPT,0.82,36.52014,-81.12353
W15EL-D,479,Mars Hill,NC,LPT,2.0,35.85092,-82.55511
W16DZ-D,485,Tryon,NC,LPT,0.175,35.26628,-82.24392
W17CT-D,491,Manteo,NC,LPD,15.0,35.86506,-75.64956
W17EE-D,491,Lilesville/Wadesboro,NC,LPT,6.0,35.01931,-79.947
W17EY-D,491,Charlotte,NC,LPT,15.0,35.25194,-80.68639
W18BB-D,497,Elizabeth City,NC,LPD,15.0,36.27889,-76.21064
W18EP-D,497,Weaverville,NC,LPT,0.5,35.66564,-82.57317
W18EV-D,497,New Bern,NC,LPD,0.2,34.72417,-76.72139
W19DB-D,503,Franklin,NC,LPT,5.5,35.17314,-83.58097
W19EU-D,503,Wilmington,NC,LPD,1.5,34.19092,-77.942
W19FC-D,503,Lumberton,NC,LPD,13.8,34.70056,-79.10861
W20EK-D,509,"Andrews, Etc",NC,LPT,9.0,35.25731,-83.79517
W20EM-D,509,New Bern,NC,LPD,0.1,35.10125,-77.07564
W20EY-D,509,Wilmington,NC,LPD,15.0,34.19092,-77.942
W21DV-D,515,Bryson City,NC,LPT,15.0,35.38147,-83.41431
W21EP-D,515,"Sapphire Valley,Etc.",NC,LPT,15.0,35.22222,-82.54944
W22EN-D,521,Manteo,NC,LPD,15.0,35.86506,-75.64956
W22FB-D,521,Marion,NC,LPT,9.0,35.67147,-82.00514
W22FC-D,521,Greenville,NC,LPD,0.1,35.58875,-77.37272
W22FN-D,521,Wilmington,NC,LPD,15.0,34.19092,-77.942
W23ES-D,527,Marshall,NC,LPT,0.5,35.80425,-82.69789
W23EY-D,527,Canton,NC,LPT,5.0,35.56869,-82.90761
W23EZ-D,527,Sylva,NC,LPT,15.0,35.32647,-83.33486
W24EC-D,533,Manteo,NC,LPD,15.0,35.86506,-75.64956
W26EY-D,545,Manteo,NC,LPD,15.0,35.86506,-75.64956
W26FA-D,545,Marion,NC,LPT,14.0,35.70917,-81.52553
W26FB-D,545,Canton/Waynesville,NC,LPT,15.0,35.56842,-82.90733
W27DP-D,551,New Bern,NC,LPD,15.0,34.70989,-77.23458
W27EK-D,551,Boone,NC,LPT,0.45,36.23539,-81.70536
W28CJ-D,557,Manteo,NC,LPD,15.0,35.86506,-75.64956
W28EE-D,557,"Canton, Etc.",NC,LPT,3.3,35.63744,-82.49875
W29DE-D,563,Hayesville,NC,LPT,4.25,34.99925,-83.85933
W29GK-D,563,Asheville,NC,LPD,9.0,35.54028,-82.5375
W30CS-D,569,Zionville,NC,LPT,1.5,36.30261,-81.72203
W30DN-D,569,Manteo,NC,LPD,15.0,35.86506,-75.64956
W30DX-D,569,"Bryson City, Etc",NC,LPT,0.1,35.41306,-83.50056
W30EF-D,569,Jefferson,NC,LPT,4.0,36.46122,-81.48842
W30ER-D,569,Wilmington,NC,LPD,15.0,34.32144,-78.22817
W31AN-D,575,Murphy,NC,LPT,11.5,35.08478,-84.01619
W31DH-D,575,"Franklin, Etc",NC,LPT,10.0,35.32778,-83.33611
W31DI-D,575,Spruce Pine,NC,LPT,4.8,35.87983,-82.10456
W31FJ-D,575,"Bat Cave, Etc.",NC,LPT,3.5,35.4235,-82.25969
W32EO-D,581,"Tryon, Etc.",NC,LPT,0.5,35.26622,-82.24428
W32FI-D,581,Brevard,NC,LPT,2.0,35.18,-82.67983
W33EH-D,587,Black Mountain,NC,LPT,0.7,35.56789,-82.38372
W33EI-D,587,Raleigh,NC,LPD,15.0,35.71417,-78.8175
W33FF-D,587,Wilmington,NC,LPT,15.0,34.09786,-77.97144
W34DX-D,593,West Asheville,NC,LPT,7.0,35.58983,-82.67439
W34FH-D,593,"Marion, Etc.",NC,LPT,11.5,35.70917,-81.52553
W35CK-D,599,Highlands,NC,LPT,6.0,35.03925,-83.21764
W35CO-D,599,Burnsville,NC,LPT,5.5,35.93789,-82.2965
W35DT-D,599,Beaver Dam,NC,LPT,15.0,35.52761,-82.49539
W35DW-D,599,Greenville,NC,LPD,15.0,35.44517,-77.36864
W35EF-D,599,Wilmington,NC,LPD,15.0,34.13161,-78.18764
W36FB-D,605,Biscoe,NC,LPT,6.9,35.27681,-79.83364
W36FV-D,605,Greensboro,NC,LPD,15.0,36.08222,-79.80194
WACN-LD,593,Raleigh,NC,LPD,15.0,36.24856,-79.65558
WARZ-LD,545,Smithfield,NC,LPD,9.8,35.52933,-78.30194
WASV-LD,605,Asheville,NC,LPD,15.0,35.58981,-82.67372
WAUG-LD,69,Raleigh,NC,LPD,3.0,35.79167,-78.61917
WAXN-TV,581,Kannapolis,NC,DTV,200.0,35.26142,-80.72681
WBFT-CD,605,Sanford,NC,DCA,10.0,35.46147,-79.14658
WBTV,527,Charlotte,NC,DTV,1000.0,35.36417,-81.18667
WCCB,497,Charlotte,NC,DTV,963.0,35.26722,-80.73444
WCNC-TV,533,Charlotte,NC,DTV,857.0,35.34706,-81.17061
WCTI-TV,195,New Bern,NC,DTV,34.2,35.10444,-77.33639
WCWG,485,Lexington,NC,DTV,1000.0,36.37517,-80.37367
WDKT-LD,479,Hendersonville,NC,LPD,15.0,34.94067,-82.41122
WDMC-LD,509,Charlotte,NC,LPD,8.0,35.25194,-80.68639
WDRH-LD,485,Raleigh,NC,LPD,15.0,35.78919,-78.67903
WDRN-LD,581,Fayetteville,NC,LPD,14.0,35.08556,-78.90667
WECT,527,Wilmington,NC,DTV,550.0,34.13167,-78.18778
WEPX-TV,605,Greenville,NC,DTV,850.0,35.20072,-77.18689
WFMY-TV,599,Greensboro,NC,DTV,743.0,35.87042,-79.84
WFPX-TV,581,Archer Lodge,NC,DTV,170.0,35.83133,-78.14522
WGHP,575,High Point,NC,DTV,1000.0,35.81292,-79.84114
WGPX-TV,545,Burlington,NC,DTV,125.0,35.87042,-79.84
WGSR-LD,503,Reidsville,NC,LPD,11.2,36.36003,-79.66392
WGTB-CD,551,Charlotte,NC,DCA,15.0,35.36236,-81.15508
WHEH-LD,545,Lumberton,NC,LPD,10.0,35.25153,-80.68644
WHFL-CD,177,Goldsboro,NC,DCA,3.0,35.36503,-78.03289
WHIG-CD,569,Rocky Mount,NC,DCA,6.0,35.90306,-77.78222
WHKY-TV,473,Hickory,NC,DTS,1000.0,35.65792,-81.40647
WHOB-LD,599,Buxton,NC,LPD,0.12,35.24878,-75.60792
WHWD-LD,479,Winston-Salem,NC,LPD,15.0,36.09031,-80.25142
WIDO-LD,593,Wilmington,NC,LPD,15.0,33.92433,-78.50078
WILM-LD,479,Wilmington,NC,LPD,15.0,34.32128,-78.22833
WIRP-LD,195,Raleigh,NC,LPD,3.0,35.87103,-79.16083
WITN-TV,593,Washington,NC,DTV,1000.0,35.36553,-77.39294
WJGC-LD,587,Greenville,NC,LPD,15.0,35.40253,-77.41933
WJZY,539,Belmont,NC,DTV,1000.0,35.36236,-81.15508
WLFL,497,Raleigh,NC,DTV,775.0,35.67472,-78.5275
WLOS,213,Asheville,NC,DTV,144.0,35.22222,-82.54944
WLXI,587,Greensboro,NC,DTV,1000.0,36.37547,-80.37153
WMYV,557,Greensboro,NC,DTV,800.0,35.86739,-79.82372
WNCB-LD,563,Fayetteville,NC,LPD,15.0,35.04567,-78.98114
WNCN,183,Goldsboro,NC,DTV,29.0,35.67472,-78.5275
WNCR-LD,515,Tarboro,NC,LPD,15.0,35.90306,-77.78222
WNCT-TV,207,Greenville,NC,DTV,35.2,35.36553,-77.39294
WNGT-CD,527,Raleigh,NC,DCA,15.0,35.67642,-78.53533
WPEM-LD,593,Lumberton,NC,LPD,2.3,34.67417,-79.03892
WPXU-TV,485,Jacksonville,NC,DTV,425.0,34.495,-77.48833
WQDH-LD,497,Wilmington,NC,LPD,15.0,34.18117,-77.93025
WRAL-TV,491,Raleigh,NC,DTV,833.7,35.67472,-78.5275
WRAY-TV,509,Wake Forest,NC,DTV,1000.0,35.86639,-79.16681
WRAZ,479,Raleigh,NC,DTV,805.4,35.67472,-78.5275
WRDC,473,Durham,NC,DTV,1000.0,35.67472,-78.5275
WRPX-TV,581,Rocky Mount,NC,DTV,170.0,35.83133,-78.14522
WRTD-CD,479,Raleigh,NC,DCA,805.4,35.67472,-78.5275
WSFX-TV,563,Wilmington,NC,DTV,240.0,34.13167,-78.18778
WSKY-TV,213,Manteo,NC,DTV,70.0,36.52083,-76.30417
WSOC-TV,503,Charlotte,NC,DTV,1000.0,35.26142,-80.72681
WTGC-LD,575,Greenville,NC,LPD,11.4,35.36553,-77.39294
WTNC-LD,201,Durham,NC,LPD,3.0,36.05925,-78.95283
WTNG-CD,587,Rockfish,NC,DCA,15.0,34.70056,-79.10861
WTVD,189,Durham,NC,DTV,45.0,35.66833,-78.53278
WTVI,557,Charlotte,NC,DRT,5.0,35.65761,-81.40675
WTWL-LD,575,Wilmington,NC,LPD,15.0,34.19092,-77.942
WUBX-CD,533,"Durham, Etc.",NC,DCA,15.0,35.97767,-78.81586
WUNC-TV,509,Chapel Hill,NC,DTV,1000.0,35.86639,-79.16681
WUND-TV,563,Edenton,NC,DTV,657.0,35.90028,-76.34556
WUNE-TV,605,Linville,NC,DTV,1000.0,36.06389,-81.84222
WUNF-TV,509,Asheville,NC,DTS,1000.0,35.22222,-82.54944
WUNG-TV,515,Concord,NC,DTV,260.0,35.35853,-80.61011
WUNJ-TV,515,Wilmington,NC,DTV,1000.0,34.32144,-78.22817
WUNK-TV,539,Greenville,NC,DTV,1000.0,35.55306,-77.60133
WUNL-TV,587,Winston-Salem,NC,DTV,1000.0,36.37547,-80.37153
WUNM-TV,557,Jacksonville,NC,DTV,700.0,35.10444,-77.33639
WUNP-TV,551,Roanoke Rapids,NC,DTV,248.0,36.29144,-77.83594
WUNU,569,Lumberton,NC,DTV,329.0,34.7975,-79.04472
WUNW,551,Canton,NC,DTS,115.0,35.56861,-82.90728
WUVC-DT,521,Fayetteville,NC,DTV,480.0,35.51219,-78.97772
WWAY,533,Wilmington,NC,DTV,700.0,34.13167,-78.18778
WWIW-LD,515,Raleigh,NC,LPD,15.0,35.78919,-78.67903
WXII-TV,485,Winston-Salem,NC,DTV,1000.0,36.37517,-80.37367
WXLV-TV,563,Winston-Salem,NC,DTV,990.0,35.86739,-79.82372
WYBE-CD,593,Pinehurst,NC,DCA,0.09,35.16611,-79.41972
WYCW,201,Asheville,NC,DTV,33.5,35.17011,-82.29067
WYDO,503,Greenville,NC,DTV,350.0,35.10444,-77.33639
K14TO-D,473,Dickinson,ND,LPD,15.0,46.72639,-102.91639
K15MR-D,479,Fargo,ND,LPD,15.0,46.85678,-96.74075
K16OH-D,485,Devils Lake,ND,LPD,15.0,48.06328,-99.33617
K18NT-D,497,Grand Forks,ND,LPD,0.1,47.9645,-97.02967
K18NW-D,497,Minot,ND,LPD,15.0,48.21556,-101.31861
K20PB-D,509,Williston,ND,LPD,15.0,48.13389,-103.86056
K21GQ-D,515,Minot,ND,LPD,2.0,48.28322,-101.40408
K22OG-D,521,Fargo,ND,LPD,8.6,46.87764,-96.78789
K23OL-D,527,Bismarck,ND,LPD,2.0,46.60564,-100.80733
K23QA-D,527,Williston,ND,LPD,15.0,48.14167,-103.89333
K25LY-D,539,Fargo,ND,LPD,8.6,46.87764,-96.78789
K28MA-D,557,Argusville,ND,LPD,15.0,47.34222,-97.28917
K28MS-D,557,Bismarck,ND,LPD,2.0,46.82542,-100.76711
K28QQ-D,557,Williston,ND,LPT,1.0,48.17925,-103.56219
K28QT-D,557,Dickinson,ND,LPD,15.0,46.94806,-102.99083
K30LR-D,569,Grand Forks,ND,LPD,15.0,47.96069,-97.04314
K31MP-D,575,Grand Forks,ND,LPD,0.3,47.94581,-97.02217
K33RG-D,587,Bismarck,ND,LPD,15.0,46.83572,-100.66956
K35MM-D,599,Minot,ND,LPD,0.9,48.242,-101.34075
K35PO-D,599,Bismarck,ND,LPD,0.24,46.60564,-100.80733
KBME-TV,521,Bismarck,ND,DTV,97.3,46.58972,-100.80083
KBMY,491,Bismarck,ND,DTV,75.0,46.5875,-100.80583
KDSE,189,Dickinson,ND,DTV,30.3,46.72639,-102.91639
KFME,213,Fargo,ND,DTV,56.2,47.0125,-97.195
KFYR-TV,575,Bismarck,ND,DTV,500.0,46.60564,-100.80733
KGFE,479,Grand Forks,ND,DTV,22.6,47.97603,-96.60442
KJRE,509,Ellendale,ND,DTV,158.0,46.29872,-98.86603
KJRR,177,Jamestown,ND,DTV,21.3,46.92417,-98.77222
KMCY,473,Minot,ND,DTV,40.0,48.05306,-101.38528
KMDE,539,Devils Lake,ND,DTV,134.0,48.06328,-99.33617
KMOT,195,Minot,ND,DTV,7.69,48.21556,-101.31861
KNDB,545,Bismarck,ND,DTV,50.0,46.58994,-100.79467
KNDM,533,Minot,ND,DTV,50.0,48.05389,-101.43472
KNGF,551,Grand Forks,ND,DTV,720.0,47.34222,-97.28917
KNRR,207,Pembina,ND,DTV,4.44,48.99556,-97.40806
KQCD-TV,177,Dickinson,ND,DTV,11.3,46.94806,-102.99083
KRDK-TV,533,Valley City,ND,DTV,285.0,47.27917,-97.34083
KSRE,479,Minot,ND,DTV,84.0,48.05061,-101.39075
KUMV-TV,183,Williston,ND,DTV,6.0,48.13389,-103.86056
KVLY-TV,605,Fargo,ND,DTV,720.0,47.34222,-97.28917
KVRR,503,Fargo,ND,DTV,1000.0,46.67472,-96.22806
KWSE,201,Williston,ND,DTV,84.9,48.14167,-103.89333
KXBK-LD,479,Bismarck,ND,LPD,3.0,46.80567,-100.78508
KXJB-LD,569,Horace,ND,LPD,15.0,46.84639,-96.80194
KXMA-TV,503,Dickinson,ND,DTV,150.0,46.72639,-102.91639
KXMB-TV,207,Bismarck,ND,DTV,19.1,46.58972,-100.80611
KXMC-TV,213,Minot,ND,DTV,16.1,48.05,-101.34278
KXMD-TV,473,Williston,ND,DTV,100.0,48.14167,-103.89333
WDAY-TV,515,Fargo,ND,DTV,1000.0,47.00778,-97.20083
WDAZ-TV,183,Devil'S Lake,ND,DTV,19.0,48.13833,-97.99333
K06JC-D,85,Chadron,NE,LPT,0.066,42.81306,-103.00667
K06KR-D,85,Crawford,NE,LPT,0.028,42.67022,-103.40297
K08LN-D,183,Harrison,NE,LPT,0.07,42.78467,-103.99658
K09YH-D,189,Scottsbluff,NE,LPD,0.5,41.86217,-103.66103
K10JW-D,195,Verdigre,NE,LPT,0.015,42.59861,-98.042
K14MI-D,473,Niobrara,NE,LPT,0.002,42.745,-98.03367
K20IJ-D,509,Wauneta,NE,LPT,0.002,40.42053,-101.36653
K20NE-D,509,North Platte,NE,LPD,2.0,41.22272,-100.68861
K21OI-D,515,Mccook/Culbertson,NE,LPT,15.0,40.26278,-100.89222
K23AA-D,527,Beatrice,NE,LPT,8.8,40.21861,-96.91583
K23PU-D,527,Norfolk,NE,LPT,4.7,42.02931,-97.35708
K24GO-D,533,Blair,NE,LPT,0.405,41.52136,-96.14139
K24HG-D,533,Cozad,NE,LPD,1.1,40.63444,-99.69778
K24JG-D,533,Norfolk,NE,LPT,15.0,42.03361,-97.36528
K25GM-D,539,Newport,NE,LPD,2.4,42.62611,-99.32528
K25OG-D,539,Falls City,NE,LPT,8.3,40.21972,-95.66556
K26CV-D,545,Ogallala,NE,LPD,3.2,41.18358,-101.67239
K27NI-D,551,Neligh,NE,LPT,0.35,42.04417,-98.03389
K28GC-D,557,Gothenburg,NE,LPD,2.2,40.97556,-100.19011
K29MD-D,563,O'Neill,NE,LPT,2.2,42.45,-98.61472
K30FV-D,569,Cambridge,NE,LPD,2.1,40.3675,-100.29972
K31OC-D,575,Broken Bow,NE,LPT,4.68,41.39528,-99.64194
K33AC-D,587,Pawnee City,NE,LPT,8.5,40.18361,-96.35139
K33FF-D,587,"Wallace, Etc.",NE,LPT,1.56,41.06389,-101.19194
K33FO-D,587,Benkelman,NE,LPT,15.0,40.07417,-101.3925
K33OW-D,587,Neligh,NE,LPT,4.9,42.04528,-98.02833
K34IB-D,593,Decatur,NE,LPT,0.03,42.00581,-96.25722
K36QD-D,605,Omaha,NE,LPT,3.0,41.37939,-96.41575
KAJS-LD,581,Lincoln,NE,LPD,15.0,41.07481,-96.25667
KCWH-LD,497,Lincoln,NE,LPD,15.0,40.82139,-96.66222
KDUH-TV,177,Sidney,NE,DTV,32.0,41.84108,-103.07467
KETV,509,Omaha,NE,DTV,700.0,41.30889,-96.02617
KFDY-LD,593,Lincoln,NE,LPD,15.0,40.72769,-96.61414
KFXL-TV,479,Lincoln,NE,DTV,250.0,40.72769,-96.61414
KGIN,201,Grand Island,NE,DTV,25.0,40.58722,-98.80306
KHGI-CD,551,North Platte,NE,DCA,15.0,41.22272,-100.68861
KHGI-TV,497,Kearney,NE,DTV,1000.0,40.65775,-98.86806
KHNE-TV,557,Hastings,NE,DTV,400.0,40.77222,-98.08944
KIIT-CD,201,North Platte,NE,DCA,0.22,41.20361,-100.73333
KIUA-LD,479,Lincoln,NE,LPD,15.0,40.82911,-98.0085
KLKN,183,Lincoln,NE,DTV,53.0,40.88306,-97.30556
KLNE-TV,545,Lexington,NE,DTV,425.0,40.38472,-99.45889
KMBB-LD,569,North Platte,NE,LPD,1.36,41.20361,-100.73333
KMJF-LD,485,Columbus,NE,LPD,12.0,41.45258,-97.253
KMLF-LD,515,Grand Island,NE,LPD,15.0,40.92514,-98.34044
KMNE-TV,177,Bassett,NE,DTV,27.0,42.33472,-99.48417
KMTV-TV,575,Omaha,NE,DTV,652.0,41.30683,-96.02714
KNEN-LD,599,Norfolk,NE,LPD,15.0,42.02806,-97.34056
KNHL,79,Hastings,NE,DTV,45.0,40.64889,-98.38389
KNOP-TV,57,North Platte,NE,DTV,16.0,41.20361,-100.73333
KNPL-LD,539,North Platte,NE,LPD,9.5,41.20361,-100.73333
KOHA-LD,569,Omaha,NE,LPD,15.0,41.22489,-95.95322
KOLN,195,Lincoln,NE,DTV,66.1,40.80306,-97.18139
KPNE-TV,189,North Platte,NE,DTV,85.0,41.02278,-101.15444
KPTM,545,Omaha,NE,DTV,800.0,41.07108,-96.22564
KPTP-LD,575,Norfolk,NE,LPD,4.7,42.02931,-97.35708
KQMK-LD,515,Omaha,NE,LPD,10.0,41.22489,-95.95322
KRNE-TV,207,Merriman,NE,DTV,75.0,42.67686,-101.71128
KSNB-TV,533,York,NE,DTV,260.0,40.80306,-97.18139
KSNK,207,Mccook,NE,DTV,10.4,39.83,-100.70153
KSTF,563,Scottsbluff,NE,DTV,3.5,41.99956,-103.67561
KTNE-TV,213,Alliance,NE,DTV,27.0,41.84078,-103.05561
KUON-TV,551,Lincoln,NE,DTV,680.0,41.13833,-96.45583
KWBE-LD,515,Beatrice,NE,LPD,15.0,40.26361,-96.77444
KWNB-LD,563,Mccook,NE,LPD,4.7,40.21447,-100.66475
KWNB-TV,85,Hayes Center,NE,DTV,11.9,40.62556,-101.02972
KXNE-TV,503,Norfolk,NE,DTV,525.0,42.2375,-97.27833
KXVO,563,Omaha,NE,DTV,630.0,41.07108,-96.22564
KYNE-TV,491,Omaha,NE,DTV,36.1,41.30889,-96.02617
WOWT,521,Omaha,NE,DTV,1000.0,41.31111,-96.02722
W25GQ-D,539,Manchester,NH,LPD,15.0,43.0415,-71.36172
W26FR-D,545,"Charlestown, Etc.",NH,LPT,9.6,43.39611,-72.2975
W28GA-D,557,Manchester,NH,LPD,15.0,42.98369,-71.58717
W34DQ-D,593,Pittsburgh,NH,LPT,15.0,44.94711,-71.3405
W36FE-D,605,Hanover,NH,LPD,15.0,43.70892,-72.15406
WBTS-CD,581,Nashua,NH,DCA,15.0,42.31028,-71.23667
WEKW-TV,497,Keene,NH,DTV,95.0,43.03333,-72.36722
WENH-TV,201,Durham,NH,DTV,30.0,43.17583,-71.2075
WLED-TV,527,Littleton,NH,DTV,65.4,44.35303,-71.73747
WLEK-LD,575,Concord,NH,LPD,15.0,42.53158,-70.98622
WMUR-TV,189,Manchester,NH,DTV,7.35,42.98369,-71.58978
WNEU,563,Merrimack,NH,DTV,540.0,42.31028,-71.23667
WPXG-TV,527,Concord,NH,DTV,80.6,43.18444,-71.31944
WVCC-LD,85,Westmoreland,NH,LPD,3.0,42.30297,-71.21803
WWJE-DT,551,Derry,NH,DTV,400.0,42.38408,-71.49314
WWOO-LD,557,Westmoreland,NH,LPD,15.0,42.35861,-71.06083
W20FF-D,509,Teaneck,NJ,LPT,6.02,40.75225,-73.96725
W22GA-D,521,Princeton,NJ,LPT,1.5,40.28278,-74.68611
W23EX-D,527,Sussex,NJ,LPT,3.87,41.14361,-74.53806
W24ET-D,533,Atlantic City,NJ,LPD,15.0,39.55564,-74.74622
W25GM-D,539,Blairstown,NJ,LPT,15.0,40.95389,-74.95778
W26GK-D,545,Yardville,NJ,LPT,0.335,40.28278,-74.68611
W26GL-D,545,Villas,NJ,LPD,15.0,39.25333,-74.72222
W27EC-D,551,Belvidere,NJ,LPT,1.5,40.77064,-75.06406
W29EV-D,563,Hackettstown,NJ,LPT,1.5,40.85225,-74.87292
W29FF-D,563,New Brunswick,NJ,LPD,15.0,40.10639,-74.48053
WACP,69,Atlantic City,NJ,DTV,34.0,39.73444,-74.84083
WDVB-CD,521,Edison,NJ,DCA,15.0,40.74833,-73.98583
WFUT-DT,545,Newark,NJ,DTV,275.0,40.74833,-73.98583
WGTW-TV,605,Millville,NJ,DTV,205.0,39.12453,-74.76514
WJLP,63,Middletown Township,NJ,DTV,40.0,40.713,-74.01314
WMBC-TV,497,Newton,NJ,DTV,250.0,40.713,-74.01314
WMCN-TV,213,Princeton,NJ,DTV,30.0,40.04192,-75.23942
WMGM-TV,605,Wildwood,NJ,DTV,205.0,39.12453,-74.76514
WNET,207,Newark,NJ,DTV,6.5,40.713,-74.01314
WNJB,183,New Brunswick,NJ,DTV,40.82,40.62139,-74.50389
WNJN,183,Montclair,NJ,DTV,40.82,40.62139,-74.50389
WNJS,527,Camden,NJ,DTV,281.0,39.72806,-74.84389
WNJT,527,Trenton,NJ,DTV,281.0,39.72806,-74.84389
WNJU,599,Linden,NJ,DTV,575.0,40.713,-74.01314
WPHY-CD,521,Trenton,NJ,DCA,15.0,40.04169,-75.23614
WPSJ-CD,551,Hammonton,NJ,DCA,8.5,40.03881,-75.23689
WPXO-LD,69,East Orange,NJ,LPD,0.3,40.80197,-74.24597
WTBY-TV,521,Jersey City,NJ,DTV,15.0,40.74833,-73.98583
WUVP-DT,491,Vineland,NJ,DTV,645.0,40.04192,-75.23942
WWOR-TV,539,Secaucus,NJ,DTV,57.8,40.713,-74.01314
WWSI,557,Mount Laurel,NJ,DTV,745.0,40.04169,-75.23614
WXTV-DT,545,Paterson,NJ,DTV,275.0,40.74833,-73.98583
K06QI-D,85,Alamogordo,NM,LPD,0.15,32.91611,-105.92556
K07AAL-D,189,Las Cruces,NM,LPD,3.0,32.08483,-106.73489
K08QP-D,183,Silver City,NM,LPT,0.3,32.86208,-108.24161
K09AI-D,189,Las Vegas,NM,LPT,0.77,35.60358,-105.25897
K09EP-D,189,"Grants, Etc.",NM,LPT,0.009,35.11919,-107.90117
K09KJ-D,189,Tierra Amarilla,NM,LPT,0.023,36.89944,-106.60197
K10CG-D,195,Aztec,NM,LPT,0.3,36.67139,-108.232
K10MG-D,195,Socorro,NM,LPT,0.05,34.07172,-106.96308
K10PW-D,195,Gallup,NM,LPT,1.5,35.53556,-108.74167
K11EV-D,201,"Grants, Etc.",NM,LPT,0.85,35.11919,-107.90117
K12NH-D,207,Hobbs,NM,LPT,0.3,32.78681,-103.11806
K12OC-D,207,Red River,NM,LPT,0.3,36.68389,-105.37356
K12OG-D,207,Taos,NM,LPT,0.028,36.3975,-105.54333
K13RK-D,213,Roswell,NM,LPT,0.83,33.40144,-104.37947
K13UL-D,213,Hillsboro,NM,LPT,0.086,32.92339,-107.54586
K14QG-D,473,Alamogordo,NM,LPD,4.1,32.82925,-105.87108
K15FT-D,479,Roswell,NM,LPT,3.855,33.40106,-104.37953
K15FV-D,479,Red River,NM,LPT,0.042,36.68336,-105.37306
K15HC-D,479,Quemado/Pie Town,NM,LPT,0.947,34.28339,-107.91281
K15HD-D,479,Taos,NM,LPT,0.289,36.3975,-105.54333
K15IG-D,479,Deming,NM,LPT,0.77,32.19453,-107.60778
K15JO-D,479,Chama,NM,LPT,0.208,36.89972,-106.60336
K15KK-D,479,Mt. Powell,NM,LPT,0.5,35.46858,-108.24131
K15LZ-D,479,Tucumcari,NM,LPT,1.22,35.13894,-103.69633
K15MF-D,479,"Raton, Etc.",NM,LPT,0.45,36.68192,-104.41517
K16BZ-D,485,Ruidoso,NM,LPT,1.25,33.40394,-105.78247
K16CH-D,485,Raton,NM,LPD,1.0,36.68225,-104.41497
K16DL-D,485,Zuni Pueblo,NM,LPT,1.03,35.11392,-108.73728
K16EX-D,485,Clovis,NM,LPT,4.35,34.43972,-103.21278
K16LR-D,485,Artesia,NM,LPT,0.86,32.79389,-104.20861
K16LU-D,485,Caballo,NM,LPT,3.3,32.97128,-107.22408
K17FK-D,491,Montoya & Newkirk,NM,LPT,0.34,34.9845,-104.13386
K17LP-D,491,Fruitland,NM,LPD,0.1,36.69611,-108.22092
K17MN-D,491,Carlsbad,NM,LPT,3.8,32.436,-104.18778
K17OW-D,491,Hobbs,NM,LPD,0.1,32.4365,-103.15517
K18HF-D,497,Gallup,NM,LPT,0.214,35.53556,-108.74167
K18HR-D,497,Conchas Dam,NM,LPT,0.115,35.26975,-104.22247
K18LC-D,497,Tecolote,NM,LPT,0.31,35.40419,-105.19028
K18LG-D,497,Shiprock,NM,LPT,0.495,36.45833,-109.09425
K18LM-D,497,Mud Canyon,NM,LPD,1.0,33.19172,-105.71406
K18LT-D,497,Eagle Nest,NM,LPT,0.23,36.56003,-105.195
K18NX-D,497,Carlsbad,NM,LPT,9.0,32.79389,-104.20861
K19CM-D,503,Farmington,NM,LPT,2.27,36.67142,-108.23244
K19KT-D,503,Hobbs,NM,LPT,4.4,32.72456,-103.09631
K19LP-D,503,Clovis,NM,LPD,15.0,34.44028,-103.21083
K19LZ-D,503,Las Cruces & Organ,NM,LPT,0.25,32.27814,-106.91056
K19MP-D,503,Gallup,NM,LPT,0.35,35.53556,-108.74167
K19NF-D,503,Socorro,NM,LPD,15.0,34.41681,-106.84447
K20CV-D,509,Raton,NM,LPT,0.398,36.68308,-104.41469
K20GQ-D,509,Las Vegas,NM,LPT,0.236,35.60447,-105.26028
K20GT-D,509,Indian Village,NM,LPT,0.25,35.46639,-108.24089
K20HA-D,509,Caballo,NM,LPT,0.24,32.97144,-107.22417
K20KT-D,509,Dora,NM,LPT,10.0,33.90425,-103.51189
K21FD-D,515,"Taos, Etc.",NM,LPT,1.0,36.39772,-105.54378
K21IM-D,515,Fort Sumner,NM,LPT,15.0,34.47644,-104.35719
K21LR-D,515,Alamogordo,NM,LPD,2.87,32.82981,-105.88803
K21MV-D,515,Farmington,NM,LPD,0.05,36.69611,-108.22092
K21OF-D,515,Tucumcari,NM,LPT,0.61,35.13672,-103.69967
K21OH-D,515,Datil/Horse Springs,NM,LPT,0.36,33.77389,-107.85772
K21OW-D,515,Lordsburg,NM,LPT,0.32,32.32783,-108.72689
K22EW-D,521,Mora,NM,LPT,0.25,35.96008,-105.35417
K22FN-D,521,"White Oaks, Etc.",NM,LPT,0.64,33.82617,-106.24889
K22GE-D,521,Dulce,NM,LPT,0.197,36.98333,-106.97058
K22JY-D,521,Truth Or Consequences,NM,LPT,0.31,33.14678,-107.28556
K22ME-D,521,Deming,NM,LPT,3.28,32.2005,-107.61031
K22MS-D,521,Eagles Nest,NM,LPT,1.66,36.55964,-105.19494
K22NM-D,521,Las Cruces,NM,LPD,0.35,32.27806,-106.91139
K22NP-D,521,Shiprock,NM,LPT,2.71,36.80464,-108.69489
K22NT-D,521,Aztec,NM,LPT,0.395,36.81472,-107.89256
K23FE-D,527,Gallup,NM,LPT,0.356,35.60444,-108.68089
K23JD-D,527,Colfax,NM,LPT,4.8,36.55961,-105.19494
K23KL-D,527,Farmington,NM,LPT,2.1,36.67139,-108.232
K23MV-D,527,Carlsbad,NM,LPT,7.9,32.43808,-104.27731
K23NN-D,527,Las Vegas,NM,LPT,0.32,35.60356,-105.25892
K23OI-D,527,Tucumcari,NM,LPD,0.61,35.13672,-103.69967
K23OO-D,527,Moon Ranch,NM,LPT,0.56,35.05114,-104.94317
K24CT-D,533,Alamogordo,NM,LPD,15.0,32.82994,-105.88725
K24IV-D,533,Farmington,NM,LPD,1.0,36.41617,-107.84522
K24IY-D,533,Raton,NM,LPD,4.0,36.68333,-104.41444
K24MB-D,533,Hobbs,NM,LPT,10.4,32.76122,-103.19242
K24ML-D,533,Taos,NM,LPT,2.0,36.3975,-105.54333
K24MW-D,533,Clovis,NM,LPT,1.53,34.43972,-103.21278
K24MX-D,533,Deming,NM,LPT,3.5,32.19453,-107.60917
K24NF-D,533,Tucumcari,NM,LPD,0.61,35.13672,-103.69967
K25DI-D,539,Silver City,NM,LPT,0.228,32.8445,-108.23892
K25FI-D,539,Mora,NM,LPT,0.23,35.96086,-105.35417
K25HJ-D,539,"Hornsby Ranch, Etc.",NM,LPT,0.19,34.98533,-104.13386
K25HV-D,539,Truth Or Consequence,NM,LPT,0.13,33.14672,-107.28558
K25QD-D,539,Tohatchi,NM,LPD,0.62,35.91028,-108.77453
K26DX-D,545,Raton,NM,LPT,0.22,36.68225,-104.41497
K26MV-D,545,Soldier Canyon,NM,LPD,1.0,33.16678,-105.77683
K26OJ-D,545,Tucumcari,NM,LPD,0.61,35.13672,-103.69967
K26OV-D,545,Zuni,NM,LPT,0.83,35.11392,-108.73561
K26PL-D,545,Roswell,NM,LPD,5.11,32.78222,-104.20889
K27GL-D,551,Hobbs,NM,LPT,1.5,32.78681,-103.11806
K27HP-D,551,Alamogordo,NM,LPT,0.374,32.83008,-105.88803
K27ND-D,551,Aztec,NM,LPT,0.24,36.81472,-107.89256
K27NL-D,551,Clovis,NM,LPT,8.68,34.44028,-103.21083
K27PF-D,551,Silver City,NM,LPT,1.7,32.8445,-108.23892
K28ER-D,557,Dulce & Lumberton,NM,LPT,1.4,36.98386,-106.97111
K28GF-D,557,Cimarron,NM,LPT,3.82,36.56003,-105.195
K28GJ-D,557,Hatch,NM,LPT,1.78,32.69533,-107.06444
K28GT-D,557,Crownpoint,NM,LPT,0.23,35.68111,-108.14867
K28GV-D,557,Tres Piedras,NM,LPT,0.37,36.85944,-106.01917
K28LK-D,557,Silver City,NM,LPT,11.8,32.84717,-108.239
K28NM-D,557,Carlsbad,NM,LPD,0.1,32.42056,-104.24553
K28NX-D,557,Montoya & Newkirk,NM,LPT,1.0,34.98506,-104.13356
K28PS-D,557,Ruidoso,NM,LPT,0.28,33.40486,-105.78186
K28PV-D,557,Clovis,NM,LPT,7.7,34.44028,-103.21083
K28QE-D,557,Caballo,NM,LPT,1.0,32.96744,-107.22703
K29FM-D,563,Artesia,NM,LPT,0.9,32.83992,-104.42892
K29HB-D,563,Clovis,NM,LPD,1.7,34.44028,-103.21083
K29HR-D,563,Farmington,NM,LPT,4.4,36.67111,-108.23311
K29KT-D,563,Thoreau,NM,LPT,0.33,35.46639,-108.24089
K29LC-D,563,Truth Or Consequence,NM,LPT,0.2,33.14672,-107.28558
K29LN-D,563,Santa Rosa,NM,LPT,0.18,34.95561,-104.68194
K29MK-D,563,Deming,NM,LPT,4.35,32.19453,-107.60917
K30EK-D,569,Dulce & Lumberton,NM,LPT,0.26,36.98333,-106.97031
K30FP-D,569,Santa Rosa,NM,LPT,0.34,34.95561,-104.68194
K30GJ-D,569,Colfax,NM,LPT,2.12,36.56003,-105.195
K30GM-D,569,Capitan/Ruidoso,NM,LPT,1.5,33.40394,-105.78247
K30HD-D,569,Tucumcari,NM,LPT,12.0,35.13428,-103.69872
K30KU-D,569,Silver City,NM,LPT,1.7,32.8445,-108.23892
K30KV-D,569,Crownpoint,NM,LPT,1.0,35.68111,-108.14867
K30KX-D,569,Taos,NM,LPT,0.22,36.3975,-105.54333
K30OJ-D,569,Las Vegas,NM,LPT,0.2,35.60447,-105.26028
K30QI-D,569,Alamogordo,NM,LPT,0.7,32.87267,-105.93197
K31DR-D,575,Caballo,NM,LPT,1.5,32.97117,-107.22361
K31EO-D,575,Mora,NM,LPT,0.39,35.96003,-105.35389
K31GJ-D,575,Alamogordo,NM,LPT,0.17,32.82897,-105.88692
K31GS-D,575,Roswell,NM,LPT,15.0,33.40425,-104.3805
K31HB-D,575,Gallina,NM,LPT,0.373,36.22083,-106.76197
K31JR-D,575,Thoreau,NM,LPT,0.39,35.46833,-108.24117
K31KB-D,575,Deming,NM,LPT,0.25,32.19453,-107.60806
K31MW-D,575,Ruidoso,NM,LPT,1.5,33.4045,-105.78175
K31NB-D,575,Santa Fe,NM,LPD,8.0,35.88589,-106.38756
K31NZ-D,575,Eagle Nest,NM,LPT,2.6,36.55961,-105.19492
K31OX-D,575,Ramah,NM,LPD,0.339,34.89231,-108.41658
K31PM-D,575,Farmington,NM,LPT,3.17,36.67139,-108.23244
K32JT-D,581,Farmington,NM,LPD,0.1,36.69611,-108.22092
K32NL-D,581,Deming,NM,LPT,0.16,32.19453,-107.60864
K32OE-D,581,Alamogordo,NM,LPT,0.42,32.82981,-105.88719
K33FK-D,587,Angel Fire,NM,LPT,0.36,36.56003,-105.195
K33FL-D,587,Las Vegas,NM,LPT,0.345,35.60356,-105.25894
K33GA-D,587,"Grants, Milan",NM,LPT,0.373,35.11919,-107.90117
K33GC-D,587,"Capulin, Etc.",NM,LPT,0.34,36.70528,-103.87689
K33NX-D,587,Carlsbad,NM,LPT,0.18,32.43797,-104.27681
K33OB-D,587,Roswell,NM,LPD,2.0,33.38425,-104.58775
K33OE-D,587,Penasco,NM,LPT,0.62,36.235,-105.72639
K33PE-D,587,Truth Or Consequences,NM,LPT,0.5,33.14678,-107.28553
K33PG-D,587,Socorro,NM,LPT,0.419,34.07172,-106.96303
K33QD-D,587,Zuni Pueblo,NM,LPD,1.05,35.11392,-108.73728
K33QU-D,587,Jacks Peak,NM,LPT,1.2,32.58247,-108.42542
K33QV-D,587,Tres Piedras,NM,LPT,0.37,36.85944,-106.01917
K34CR-D,593,"Alamogordo, Etc.",NM,LPT,3.2,32.83036,-105.88858
K34FQ-D,593,Roy,NM,LPT,0.361,35.96781,-104.23136
K34HF-D,593,Cuba,NM,LPT,0.647,36.01333,-106.84447
K34KZ-D,593,Hobbs,NM,LPD,7.5,32.77619,-103.14353
K34PK-D,593,Tohatchi,NM,LPT,0.183,35.90864,-108.77403
K34PZ-D,593,Albuquerque,NM,LPD,15.0,35.21489,-106.45106
K35FP,599,Tucumcari,NM,LPT,0.19,35.13394,-103.69939
K35GU-D,599,Ruidoso,NM,LPT,5.0,33.40486,-105.78186
K35HB-D,599,Deming,NM,LPT,0.53,32.19453,-107.60861
K35JR-D,599,Arrey & Derry,NM,LPT,1.3,32.97117,-107.22361
K36DI-D,605,Santa Rosa,NM,LPT,0.104,34.95561,-104.68194
K36FQ-D,605,Wagon Mound,NM,LPT,0.067,36.00531,-104.70386
K36JS-D,605,Grants,NM,LPT,0.1,35.11919,-107.90117
K36KD-D,605,Tierra Amarilla,NM,LPT,1.0,36.89956,-106.60169
K36LF-D,605,Taos,NM,LPT,1.0,36.3975,-105.54333
K36PP-D,605,"Farmington, Etc.",NM,LPT,0.403,36.41494,-107.84514
K36PV-D,605,Gallup,NM,LPT,0.22,35.53556,-108.74167
KAOE-LD,473,Santa Fe,NM,LPD,10.0,36.09783,-106.12272
KASA-TV,551,Santa Fe,NM,DTV,369.0,35.21383,-106.45092
KASY-TV,605,Albuquerque,NM,DTV,205.0,35.21383,-106.45092
KAZQ,491,Albuquerque,NM,DTV,65.6,35.21419,-106.45083
KBIM-TV,195,Roswell,NM,DTV,24.32,33.05531,-103.8225
KCEI-LD,497,Taos,NM,LPD,2.16,36.40928,-105.57308
KCHF,195,Santa Fe,NM,DTV,22.0,35.21486,-106.45109
KCWF-LD,473,Las Cruces,NM,LPD,1.0,32.40464,-106.76108
KENW,581,Portales,NM,DTV,82.6,34.25233,-103.23956
KKAB,207,Truth Or Consequences,NM,DTS,35.0,35.21383,-106.45092
KKAC,503,Carlsbad,NM,DTV,90.0,32.79389,-104.20861
KKAD,195,Silver City,NM,DTV,7.0,32.86283,-108.24169
KLUZ-TV,521,Albuquerque,NM,DTV,1000.0,35.41222,-106.72611
KNAT-TV,533,Albuquerque,NM,DTV,320.0,35.21281,-106.45006
KNMD-TV,183,Santa Fe,NM,DTV,16.6,35.21225,-106.44972
KNME-TV,599,Albuquerque,NM,DTV,250.0,35.21242,-106.45007
KNMQ-LD,509,Albuquerque,NM,LPD,15.0,35.21492,-106.45108
KOAT-TV,177,Albuquerque,NM,DTV,26.5,35.21472,-106.45083
KOB,545,Albuquerque,NM,DTV,270.0,35.21169,-106.45014
KOBF,207,Farmington,NM,DTV,30.0,36.69528,-108.22111
KOBR,183,Roswell,NM,DTV,40.0,33.37536,-103.77064
KQDF-LD,539,Santa Fe,NM,LPD,15.0,35.21383,-106.45092
KRPV-DT,551,Roswell,NM,DTV,50.0,33.39717,-104.37622
KRQE,213,Albuquerque,NM,DTV,21.5,35.21114,-106.44972
KRTN-LD,497,Albuquerque,NM,LPD,15.0,35.21492,-106.45108
KRWB-TV,515,Roswell,NM,DTV,1000.0,33.10028,-104.255
KRWG-TV,527,Las Cruces,NM,DTS,200.0,32.29258,-106.69806
KTDO,545,Las Cruces,NM,DTV,132.0,31.80525,-106.48353
KTEL-CD,479,Albuquerque,NM,DCA,15.0,35.21486,-106.45108
KTEL-TV,539,Carlsbad,NM,DTV,41.0,32.436,-104.18778
KTFQ-TV,485,Albuquerque,NM,DTV,350.0,35.21142,-106.44944
KTVS-LD,527,Albuquerque,NM,LPD,8.0,35.21419,-106.45083
KUPT,563,Hobbs,NM,DTV,50.0,32.72444,-103.09667
KUPT-LD,581,Albuquerque,NM,LPD,15.0,35.21492,-106.45108
KVBA-LD,503,Alamogordo,NM,LPD,2.0,32.82925,-105.87108
KVIH-TV,207,Clovis,NM,DTV,160.0,34.19278,-103.27944
KWBQ,563,Santa Fe,NM,DTV,245.0,35.21383,-106.45092
KWPL-LD,569,Santa Fe,NM,LPD,15.0,35.06775,-106.78014
KYNM-CD,515,Albuquerque,NM,DCA,15.0,35.21489,-106.45106
KZBZ-CD,545,Clovis,NM,DCA,4.59,34.44028,-103.21083
NEW,69,Alamogordo,NM,DTV,6.0,32.83,-105.88722
K02EG-D,57,Ursine,NV,LPT,0.013,37.98342,-114.22481
K02JO-D,57,Caliente,NV,LPT,0.004,37.62164,-114.50878
K02QW-D,57,Reno,NV,LPD,0.005,39.62336,-119.91089
K03CM-D,63,Pioche,NV,LPT,0.027,37.92281,-114.45111
K03DS-D,63,Ruth,NV,LPT,0.002,39.27408,-114.9875
K04HF-D,69,Panaca,NV,LPT,0.009,37.45939,-114.46664
K05AF-D,79,Mina/Luning,NV,LPT,0.07,38.39436,-118.05094
K05JU-D,79,Elko,NV,LPT,0.1,40.81307,-115.69978
K05NL-D,79,Reno,NV,LPD,0.1,39.58408,-119.79875
K06DM-D,85,Panaca,NV,LPT,0.06,37.45939,-114.46664
K06HT-D,85,Ely,NV,LPT,0.053,39.26467,-114.89392
K06KQ-D,85,Manhattan,NV,LPT,0.02,38.53769,-117.06672
K06MK-D,85,Elko,NV,LPT,0.1,40.81307,-115.69978
K06NY-D,85,Ryndon,NV,LPT,0.062,40.96488,-115.61324
K06PG-D,85,Laughlin,NV,LPT,0.3,35.24942,-114.74356
K06QX-D,85,Reno,NV,LPD,0.1,39.58408,-119.79875
K07AAI-D,177,Reno,NV,LPD,3.0,39.21383,-119.77044
K07DU-D,177,Ely & Mcgill,NV,LPT,0.015,39.26467,-114.89392
K07DV-D,177,Ruth,NV,LPT,0.008,39.27408,-114.9875
K08CB-D,183,Lund & Preston,NV,LPT,0.234,39.24964,-115.00056
K08IO-D,183,Wells,NV,LPT,1.0,41.19676,-114.94301
K08LS-D,183,Elko,NV,LPT,0.1,40.81307,-115.69978
K08NQ-D,183,Ryndon,NV,LPT,0.073,40.96488,-115.61324
K08PE-D,183,"Alamo, Etc.",NV,LPT,0.103,37.34422,-115.25767
K08PG-D,183,Indian Springs,NV,LPT,0.123,36.56939,-115.67658
K09DW-D,189,Ruth,NV,LPT,0.008,39.27408,-114.9875
K09EA-D,189,Ely & Mcgill,NV,LPT,0.015,39.26467,-114.89392
K09FJ-D,189,Pioche,NV,LPT,0.014,37.92281,-114.45111
K09FK-D,189,Ursine,NV,LPT,0.027,37.98342,-114.22481
K09FL-D,189,Caliente,NV,LPT,0.014,37.62164,-114.50878
K10BU-D,195,Lund & Preston,NV,LPT,0.234,39.24964,-115.00056
K10GT-D,195,Mina / Luning,NV,LPT,0.07,38.39436,-118.05094
K10LQ-D,195,Manhattan,NV,LPT,0.02,38.53769,-117.06672
K10QX-D,195,Reno,NV,LPD,3.0,39.31017,-119.88469
K10RX-D,195,Las Vegas,NV,LPT,3.0,36.00956,-115.00639
K11CN-D,201,Caliente,NV,LPT,0.04,37.62164,-114.50878
K11ED-D,201,Ruth,NV,LPT,0.008,39.27408,-114.9875
K11EE-D,201,Ely & Mcgill,NV,LPT,0.015,39.26467,-114.89392
K11IV-D,201,Pioche,NV,LPT,0.014,37.92281,-114.45111
K11IY-D,201,Battle Mountain,NV,LPT,0.1,40.61789,-116.69008
K11OW-D,201,Ursine,NV,LPT,0.008,37.98342,-114.22481
K12DE-D,207,Lund & Preston,NV,LPT,0.234,39.22769,-114.97583
K12MS-D,207,Elko,NV,LPT,0.1,40.81307,-115.69978
K12MW-D,207,Manhattan,NV,LPT,0.02,38.53769,-117.06672
K12PT-D,207,Ryndon,NV,LPT,0.15,40.96488,-115.61324
K13JD-D,213,Battle Mountain,NV,LPT,0.1,40.61789,-116.69008
K13LU-D,213,Ursine,NV,LPT,0.027,37.98342,-114.22481
K13LV-D,213,Caliente,NV,LPT,0.04,37.62164,-114.50878
K13NQ-D,213,Ruth,NV,LPT,0.008,39.27408,-114.9875
K13NR-D,213,Ely & Mcgill,NV,LPT,0.015,39.26467,-114.89392
K13PU-D,213,Pioche,NV,LPT,0.013,37.92281,-114.45111
K14AL-D,473,Ely,NV,LPT,0.4,39.26464,-114.89389
K14JY-D,473,Walker Lake,NV,LPT,0.48,38.59075,-118.55872
K14KQ-D,473,Lovelock,NV,LPD,1.18,40.18239,-118.48033
K14ND-D,473,Overton,NV,LPT,1.8,36.68575,-114.52019
K14NU-D,473,Beowawe,NV,LPT,0.3,40.62057,-116.68911
K14OB-D,473,Eureka,NV,LPT,0.1,39.51069,-115.96506
K14SE-D,473,Mcdermitt,NV,LPT,0.15,41.63239,-117.74178
K15AL-D,479,Winnemucca,NV,LPT,0.11,41.01069,-117.76783
K15EE-D,479,Elko,NV,LPT,1.0,40.81307,-115.69978
K15LG-D,479,Hawthorne,NV,LPT,0.661,38.45711,-118.76453
K15LU-D,479,Eureka,NV,LPT,0.3,39.44985,-115.99882
K15LY-D,479,Ruth,NV,LPT,0.075,39.27269,-114.99667
K15NG-D,479,Mesquite,NV,LPT,0.5,36.83206,-114.0595
K16FD-D,485,Battle Mountain,NV,LPT,0.24,40.61789,-116.69008
K16FU-D,485,Mina / Luning,NV,LPT,0.45,38.39436,-118.05094
K16FV-D,485,Ryndon,NV,LPT,0.154,40.96488,-115.61324
K16GM-D,485,Yerington,NV,LPT,0.35,38.98642,-119.24439
K16IZ-D,485,Eureka,NV,LPT,0.1,39.51069,-115.96506
K16LG-D,485,Lund & Preston,NV,LPT,3.549,39.24964,-115.00056
K16NB-D,485,Ely & Mcgill,NV,LPT,3.549,39.26467,-114.89392
K17CA-D,491,Carson City,NV,LPT,5.13,39.25878,-119.70267
K17CL-D,491,Pahrump,NV,LPT,0.283,36.208,-115.97733
K17DT-D,491,Elko,NV,LPT,1.0,40.81307,-115.69978
K17FR-D,491,Walker Lake,NV,LPT,0.48,38.59075,-118.55872
K17HB-D,491,Winnemucca,NV,LPT,0.26,41.00831,-117.76994
K17NT-D,491,Ely & Mcgill,NV,LPT,3.549,39.26467,-114.89392
K17NU-D,491,Ruth,NV,LPT,0.018,39.27408,-114.9875
K17NV-D,491,Eureka,NV,LPT,0.3,39.44985,-115.99882
K18DP-D,497,Lovelock,NV,LPT,1.2,40.11794,-118.72819
K18GG-D,497,Mina / Luning,NV,LPT,0.473,38.39436,-118.05094
K18GT-D,497,Ryndon,NV,LPT,0.156,40.96488,-115.61324
K18IP-D,497,Overton,NV,LPT,1.8,36.68575,-114.52019
K18JG-D,497,Beowawe,NV,LPT,0.3,40.62057,-116.68911
K18KA-D,497,Ely,NV,LPT,0.796,39.16103,-114.61494
K18NA-D,497,Pahrump,NV,LPT,0.52,35.95611,-115.49547
K18NG-D,497,Mcdermitt,NV,LPT,0.15,41.63239,-117.74178
K19BU-D,503,Pahrump,NV,LPT,0.283,36.208,-115.97733
K19EU-D,503,Winnemucca,NV,LPT,0.11,41.01069,-117.76783
K19FZ-D,503,Elko,NV,LPT,0.15,40.69977,-115.90269
K19IM-D,503,Duckwater,NV,LPT,0.3,39.44985,-115.99882
K19IU-D,503,Battle Mountain,NV,LPT,0.24,40.61789,-116.69008
K19LS-D,503,Walker Lake,NV,LPT,0.661,38.59286,-118.55919
K19ME-D,503,Overton,NV,LPT,1.8,36.68575,-114.52019
K19MJ-D,503,Yerington,NV,LPT,0.34,38.98642,-119.24439
K19MK-D,503,Lake Tahoe,NV,LPT,0.175,39.32325,-119.94408
K19MM-D,503,Ruth,NV,LPT,0.018,39.27408,-114.9875
K20FR-D,509,Hawthorne,NV,LPT,0.564,38.46019,-118.76178
K20JQ-D,509,Wells,NV,LPT,1.0,41.19436,-114.94419
K20JV-D,509,Overton,NV,LPT,1.8,36.68575,-114.52019
K20LD-D,509,Ely,NV,LPT,0.796,39.16103,-114.61494
K20MC-D,509,Pahrump,NV,LPT,15.0,35.956,-115.49595
K20NT-D,509,Mcdermitt,NV,LPT,0.15,41.63239,-117.74178
K20NW-D,509,Laughlin,NV,LPT,7.0,35.24914,-114.74328
K20OD-D,509,Valmy,NV,LPT,0.2,40.93861,-117.39389
K21FO-D,515,Winnemucca,NV,LPT,0.11,41.01069,-117.76783
K21GJ-D,515,Eureka,NV,LPT,0.1,39.51069,-115.96506
K21OJ-D,515,Ruth,NV,LPT,0.018,39.27408,-114.9875
K21OK-D,515,Lund & Preston,NV,LPT,3.54,39.24408,-115.00292
K21OS-D,515,Beowawe,NV,LPT,0.3,40.62057,-116.68911
K22DR-D,521,Laughlin,NV,LPT,1.63,35.24922,-114.74331
K22FH-D,521,Hawthorne,NV,LPT,0.52,38.45758,-118.76497
K22GM-D,521,Battle Mountain,NV,LPT,0.1,40.61789,-116.69008
K22GW-D,521,Wells,NV,LPT,1.0,41.19676,-114.94301
K22JC-D,521,Silver Springs,NV,LPT,6.81,39.48803,-119.29778
K22KB-D,521,"Ely, Etc.",NV,LPT,0.4,39.26467,-114.89392
K22NG-D,521,Eureka,NV,LPT,0.3,39.44985,-115.99882
K22NU-D,521,Golconda,NV,LPT,0.04,41.15492,-117.47142
K22OY-D,521,Mcdermitt,NV,LPD,0.15,41.63239,-117.74178
K23FC-D,527,Elko,NV,LPT,0.205,40.69977,-115.90269
K23FR-D,527,Winnemucca,NV,LPT,0.11,41.01069,-117.76783
K23LF-D,527,Eureka,NV,LPT,0.1,39.51069,-115.96506
K23OK-D,527,Walker Lake,NV,LPT,0.48,38.59286,-118.55919
K23ON-D,527,Lund,NV,LPT,3.549,39.24408,-115.00292
K24BY-D,533,Pahrump,NV,LPT,0.283,36.208,-115.97733
K24EY-D,533,Walker Lake,NV,LPT,0.48,38.59075,-118.55872
K24FF-D,533,Lovelock,NV,LPT,1.2,40.11794,-118.72819
K24GE-D,533,Wells,NV,LPT,1.0,41.19676,-114.94301
K24GY-D,533,Ely,NV,LPT,0.796,39.16242,-114.60972
K24IB-D,533,Verdi/Mogul,NV,LPT,0.357,39.57711,-119.93964
K24JL-D,533,Beowawe,NV,LPT,0.3,40.62057,-116.68911
K24NB-D,533,Elko,NV,LPT,1.0,40.81307,-115.69978
K24NE-D,533,Overton,NV,LPT,1.8,36.68575,-114.52019
K24NQ-D,533,Golconda,NV,LPT,0.16,41.15492,-117.47142
K25FR-D,539,Elko,NV,LPT,0.25,40.69977,-115.90269
K25IW-D,539,Golconda,NV,LPT,0.19,41.15517,-117.47206
K25LU-D,539,Mesquite,NV,LPT,0.515,36.83183,-114.05958
K25PP-D,539,Eureka,NV,LPT,0.3,39.44985,-115.99882
K25PQ-D,539,Fallon,NV,LPT,0.6,39.48917,-118.75286
K25PU-D,539,Mina / Luning,NV,LPT,0.493,38.395,-118.05222
K25PX-D,539,Lund & Preston,NV,LPT,3.549,39.24408,-115.00292
K25RH-D,539,Pahrump,NV,LPT,15.0,36.20689,-115.96056
K26GG-D,545,Golconda,NV,LPT,0.19,41.15517,-117.47206
K26HY-D,545,Ely,NV,LPT,0.796,39.16242,-114.60972
K26JB-D,545,Wells,NV,LPT,1.0,41.19676,-114.94301
K26JC-D,545,Walker Lake,NV,LPT,0.2,38.60742,-118.57539
K26JY-D,545,Duckwater,NV,LPT,0.3,39.44985,-115.99882
K26KG-D,545,Beowawe,NV,LPT,0.3,40.62057,-116.68911
K26NP-D,545,Overton,NV,LPT,1.8,36.68575,-114.52019
K26OE-D,545,Elko,NV,LPT,0.5,40.69977,-115.90269
K27JK-D,551,Glendale,NV,LPT,0.4,36.68386,-114.51719
K27MF-D,551,Orovada,NV,LPT,0.2,41.47433,-118.05847
K27NN-D,551,Eureka,NV,LPT,0.3,39.44985,-115.99882
K27OD-D,551,Verdi/Mogul,NV,LPT,0.36,39.57711,-119.93964
K27OH-D,551,Lund & Preston,NV,LPT,3.549,39.22769,-114.97583
K27OI-D,551,Mina / Luning,NV,LPT,0.5,38.395,-118.05222
K27OM-D,551,Valmy,NV,LPT,0.2,40.93861,-117.39389
K28CS-D,557,Pahrump,NV,LPT,0.283,36.208,-115.97733
K28EU-D,557,"Laughlin, Etc.",NV,LPT,1.0,35.24719,-114.74383
K28GX-D,557,Walker Lake,NV,LPT,0.48,38.59075,-118.55872
K28IZ-D,557,Ely,NV,LPT,0.796,39.16242,-114.60972
K28LH-D,557,Beowawe,NV,LPT,0.3,40.62057,-116.68911
K28LM-D,557,Eureka,NV,LPT,0.1,39.51069,-115.96506
K28PB-D,557,Mcdermitt,NV,LPT,0.15,41.63239,-117.74178
K28PJ-D,557,Elko,NV,LPT,0.205,40.69977,-115.90269
K28PP-D,557,Shurz,NV,LPT,0.2,38.96686,-118.89042
K28PX-D,557,Stead,NV,LPT,0.42,39.58933,-119.92853
K28QC-D,557,Imlay,NV,LPT,0.661,40.11794,-118.72869
K29BN-D,563,"Silver Springs, Etc.",NV,LPT,0.596,39.48422,-119.30156
K29ES-D,563,Carson City,NV,LPT,1.43,39.21383,-119.77044
K29EV-D,563,Valmy,NV,LPT,0.2,40.93989,-117.39428
K29KJ-D,563,Orovada,NV,LPT,0.2,41.47433,-118.05847
K29MG-D,563,Hawthorne,NV,LPT,0.661,38.45711,-118.76453
K29NH-D,563,Lund & Preston,NV,LPT,3.55,39.24408,-115.00292
K29NK-D,563,Eureka,NV,LPT,0.3,39.51069,-115.96506
K30CN-D,569,Ely,NV,LPT,0.796,39.16242,-114.60972
K30DS-D,569,Lovelock,NV,LPT,1.2,40.11794,-118.72819
K30FS-D,569,Hawthorne,NV,LPT,0.577,38.46019,-118.76178
K30HY-D,569,Verdi/Mogul,NV,LPT,0.358,39.57711,-119.93964
K30LB-D,569,Beowawe,NV,LPT,0.3,40.62057,-116.68911
K30MH-D,569,Overton,NV,LPT,1.8,36.68575,-114.52019
K30PB-D,569,Shurz,NV,LPT,0.2,38.96686,-118.89042
K30PR-D,569,Pahrump,NV,LPT,7.3,35.95606,-115.49586
K30PX-D,569,Winnemucca,NV,LPT,0.11,41.01069,-117.76783
K30QE-D,569,Panaca,NV,LPT,1.2,37.46411,-114.47081
K31BM-D,575,Silver Springs,NV,LPT,0.276,39.48656,-119.31878
K31FU-D,575,Golconda,NV,LPT,0.19,41.15517,-117.47206
K31LO-D,575,Eureka,NV,LPT,0.1,39.44985,-115.99882
K31NR-D,575,Overton,NV,LPT,1.8,36.68575,-114.52019
K31OY-D,575,Pahrump,NV,LPT,8.9,35.95608,-115.49556
K32CA-D,581,Battle Mountain,NV,LPT,0.1,40.61789,-116.69008
K32CJ-D,581,Ely,NV,LPT,0.796,39.16242,-114.55972
K32CQ-D,581,Shurz,NV,LPT,0.173,38.96686,-118.89042
K32GK-D,581,Elko,NV,LPT,1.0,40.81307,-115.69978
K32GW-D,581,Carson City,NV,LPT,6.94,39.25944,-119.70556
K32KQ-D,581,Orovada,NV,LPT,0.2,41.47433,-118.05847
K32NR-D,581,Winnemucca,NV,LPT,0.11,41.01069,-117.76783
K32NW-D,581,Mina / Luning,NV,LPT,0.5,38.395,-118.05222
K32OB-D,581,Panaca,NV,LPT,1.2,37.45939,-114.46664
K33ER-D,587,Verdi/Mogul,NV,LPT,0.316,39.57711,-119.93964
K33GB-D,587,Golconda,NV,LPT,0.19,41.15517,-117.47206
K33GZ-D,587,Hawthorne,NV,LPT,0.24,38.46019,-118.76178
K33IB-D,587,Silver Springs,NV,LPT,0.47,39.48461,-119.30294
K33MJ-D,587,Pahrump,NV,LPT,5.0,35.96772,-115.50167
K33OK-D,587,Overton,NV,LPT,1.8,36.68575,-114.52019
K33PI-D,587,Eureka,NV,LPT,0.3,39.44985,-115.99882
K34BL-D,593,Lovelock,NV,LPT,0.46,40.11794,-118.72819
K34CM-D,593,Ely,NV,LPT,0.796,39.16242,-114.60972
K34FP-D,593,Valmy,NV,LPT,0.2,40.93989,-117.39428
K34HE-D,593,Elko,NV,LPT,1.0,40.81307,-115.69978
K34LE-D,593,Shurz,NV,LPT,0.176,38.96686,-118.89042
K34LI-D,593,Jean,NV,LPT,0.597,35.89247,-115.495
K34ME-D,593,Overton,NV,LPT,1.8,36.68575,-114.52019
K34MF-D,593,Orovada,NV,LPT,0.2,41.47433,-118.05847
K34PP-D,593,Battle Mountain,NV,LPT,0.1,40.61789,-116.69008
K34PY-D,593,Mina / Luning,NV,LPT,0.5,38.395,-118.05222
K34QJ-D,593,Panaca,NV,LPT,1.2,37.46411,-114.47081
K34QL-D,593,Fallon,NV,LPT,0.6,39.48917,-118.75286
K35AX-D,599,Hawthorne,NV,LPT,0.525,38.45758,-118.76497
K35FL-D,599,Silver Springs,NV,LPT,0.6,39.48461,-119.30294
K35GD-D,599,Golconda,NV,LPT,0.19,41.15517,-117.47206
K35KM-D,599,Eureka,NV,LPT,0.1,39.51069,-115.96506
K35OI-D,599,Starr Valley,NV,LPT,0.73,41.19676,-114.94301
K36BQ-D,605,Pahrump,NV,LPT,0.332,36.208,-115.97733
K36FF-D,605,Shurz,NV,LPT,0.18,38.96686,-118.89042
K36GL-D,605,Lovelock,NV,LPT,0.46,40.11794,-118.72819
K36HA-D,605,Elko,NV,LPT,1.0,40.81307,-115.69978
K36KN-D,605,Eureka,NV,LPT,0.3,39.44985,-115.99882
K36LU-D,605,Ely,NV,LPT,0.796,39.16103,-114.61494
K36NB-D,605,Carson City,NV,LPD,15.0,39.25911,-119.70664
K36NE-D,605,Las Vegas,NV,DCA,15.0,36.00758,-115.00747
K36OB-D,605,Verdi,NV,LPT,1.2,39.58714,-119.93242
K36OF-D,605,Ursine,NV,LPT,0.227,37.98342,-114.22481
K36PN-D,605,Beowawe,NV,LPT,1.0,40.62057,-116.68911
K36PO-D,605,Winnemucca,NV,LPT,0.11,41.01069,-117.76783
K36PU-D,605,Pioche,NV,LPT,0.227,37.92281,-114.45111
K36PX-D,605,Caliente,NV,LPT,0.24,37.62164,-114.50878
KBLR,509,Paradise,NV,DTV,1000.0,36.00956,-115.00639
KBWT,189,Tonopah,NV,DTV,0.43,38.07269,-117.22203
KCNL-LD,63,Reno,NV,LPD,3.0,39.58378,-119.79961
KDNU-LD,569,Las Vegas,NV,LPD,15.0,35.94611,-115.04361
KEEN-CD,491,Las Vegas,NV,DCA,4.1,36.01011,-115.00631
KEGS-LD,533,Las Vegas,NV,LPD,15.0,36.11611,-115.18658
KELV-LD,479,Las Vegas,NV,LPD,15.0,35.94611,-115.04361
KENV-DT,195,Elko,NV,DTV,1.5,40.69967,-115.90303
KEVO-LD,485,Reno,NV,LPD,0.1,39.62333,-119.91083
KGHD-LD,85,Las Vegas,NV,LPD,3.0,35.94611,-115.04361
KGLR-LD,599,Sparks,NV,LPD,1.8,39.58358,-119.79992
KGNG-LD,545,Las Vegas,NV,LPD,15.0,35.94611,-115.04361
KHDF-CD,503,Las Vegas,NV,DCA,7.5,36.00758,-115.00747
KHMP-LD,497,Las Vegas,NV,LPD,15.0,36.0095,-115.00614
KHSV,527,Las Vegas,NV,DTV,1000.0,36.00861,-115.00556
KINC,485,Las Vegas,NV,DTV,1000.0,35.94611,-115.04361
KKEL,551,Ely,NV,DTV,20.0,39.24603,-114.92833
KLAS-TV,177,Las Vegas,NV,DTV,30.1,35.94586,-115.04397
KLSV-LD,515,Las Vegas,NV,LPD,10.0,36.00858,-115.00603
KLVD-LD,527,Las Vegas,NV,LPD,15.0,36.01011,-115.00631
KLVX,201,Las Vegas,NV,DTV,145.0,36.00747,-115.00747
KMCC,581,Laughlin,NV,DTV,1000.0,35.65194,-114.31217
KNBX-CD,473,Las Vegas,NV,DCA,15.0,35.94611,-115.04361
KNPB,479,Reno,NV,DTV,32.3,39.584,-119.79972
KNRC-LD,473,Sparks,NV,LPD,4.5,39.58394,-119.79967
KNSN-TV,509,Reno,NV,DTV,100.0,39.58417,-119.79861
KNTL-LD,599,Laughlin,NV,LPD,15.0,35.24942,-114.74356
KOLO-TV,183,Reno,NV,DTV,15.6,39.3135,-119.88433
KPVM-LD,539,Las Vegas,NV,LPD,15.0,35.94611,-115.04361
KPVT-LD,551,Las Vegas,NV,LPD,15.0,36.0095,-115.00614
KREN-TV,545,Reno,NV,DTV,1000.0,39.31294,-119.88406
KRMF-LD,69,Reno,NV,LPD,3.0,39.58378,-119.79961
KRNS-CD,497,Reno,NV,DCA,15.0,39.31294,-119.88406
KRNV-DT,207,Reno,NV,DTV,19.0,39.31561,-119.885
KRRI-LD,539,Reno,NV,LPD,0.18,39.53272,-119.81292
KRXI-TV,527,Reno,NV,DTV,400.0,39.58972,-119.92806
KSNV,521,Las Vegas,NV,DTV,1000.0,36.00758,-115.00747
KTNV-TV,213,Las Vegas,NV,DTV,30.5,35.94575,-115.04378
KTVN,201,Reno,NV,DTV,20.6,39.31561,-119.885
KVCW,563,Las Vegas,NV,DTS,1000.0,36.00758,-115.00747
KVGA-LD,207,Las Vegas,NV,LPD,3.0,36.00956,-115.00639
KVPX-LD,557,Las Vegas,NV,LPD,15.0,36.11611,-115.18658
KVTE-LD,599,Las Vegas,NV,LPD,10.0,36.15967,-115.21806
KVVU-TV,189,Henderson,NV,DTV,120.0,36.00717,-115.00692
KWNV,485,Winnemucca,NV,DTV,8.5,41.00861,-117.77028
KXNV-LD,551,Incline Village,NV,LPT,15.0,39.3135,-119.88433
W02CY-D,57,New York,NY,LPD,0.5,40.75225,-73.96725
W05DJ-D,79,New York,NY,LPT,3.0,40.75225,-73.96725
W09CZ-D,189,Roslyn,NY,LPD,3.0,40.76731,-73.96122
W10DH-D,195,New York,NY,LPT,3.0,40.76747,-73.96181
W15EG-D,479,Corning,NY,LPD,4.0,42.14194,-77.0775
W16EA-D,485,Syracuse,NY,LPD,12.3,43.05006,-76.15075
W17ED-D,491,"Hornell, Alfred",NY,LPD,1.0,42.72317,-77.67574
W18FE-D,497,Gloversville,NY,LPT,2.5,43.04147,-74.36653
W18GE-D,497,Plattsburgh,NY,LPD,15.0,44.77047,-73.61267
W19ET-D,503,Bath,NY,LPD,0.8,42.29222,-77.67389
W20CQ-D,509,Hempstead,NY,LPD,1.25,40.79556,-73.46111
W22DO-D,521,Utica,NY,LPT,1.55,43.14389,-75.1775
W23ER-D,527,Poughkeepsie,NY,LPT,11.0,41.71875,-73.99594
W24FN-D,533,Utica,NY,LPD,15.0,43.03714,-75.44436
W25AT-D,539,Tupper Lake,NY,LPT,0.165,44.1595,-74.47489
W26BF-D,545,Elmira,NY,LPD,5.0,42.12667,-76.79306
W26EP-D,545,Potsdam,NY,LPD,0.075,44.64856,-75.01844
W26GN-D,545,Binghamton,NY,LPD,15.0,42.06094,-75.94611
W29EW-D,563,Willsboro,NY,LPT,0.396,44.40536,-73.43147
W29EZ-D,563,Elmira,NY,LPD,0.776,42.03194,-76.78361
W29FY-D,563,New York,NY,LPD,2.56,40.75225,-73.96725
W29GG-D,563,Warwick,NY,LPD,15.0,41.05419,-74.25431
W30BW-D,569,Buffalo,NY,LPD,1.69,42.27647,-78.65822
W30FI-D,569,New York,NY,LPT,15.0,40.58567,-73.95383
W30FV-D,569,Buffalo,NY,LPD,15.0,43.005,-78.9925
W34FR-D,593,Ithaca,NY,LPT,15.0,42.44172,-76.5775
W36FQ-D,605,Elmira,NY,LPD,15.0,42.142,-77.07744
WABC-TV,177,New York,NY,DTV,34.0,40.74833,-73.98583
WASA-LD,213,Port Jervis,NY,LPD,3.0,40.713,-74.01314
WAWW-LD,569,Rochester,NY,LPD,15.0,43.13528,-77.585
WBBZ-TV,177,Springville,NY,DTV,26.9,42.56786,-78.72297
WBGH-CD,509,Binghamton,NY,DCA,0.04,42.06083,-75.94306
WBGT-CD,563,Rochester,NY,DCA,15.0,43.13528,-77.585
WBLZ-LD,521,Syracuse,NY,LPD,12.5,43.05833,-76.16639
WBNF-CD,479,Buffalo,NY,DCA,15.0,43.02561,-78.92836
WBNG-TV,183,Binghamton,NY,DTV,23.8,42.05861,-75.95139
WBXZ-LD,527,Buffalo,NY,LPD,15.0,42.88014,-78.87642
WCBS-TV,605,New York,NY,DTV,548.0,40.713,-74.01314
WCFE-TV,605,Plattsburgh,NY,DTV,67.0,44.69528,-73.88306
WCNY-TV,509,Syracuse,NY,DTV,62.0,42.94494,-76.11839
WCWN,521,Schenectady,NY,DTV,750.0,42.62536,-74.01019
WDSS-LD,213,Syracuse,NY,LPD,28.0,42.80144,-76.43689
WDYA-LD,587,New York,NY,LPD,15.0,40.74833,-73.98583
WDYJ-LD,587,New York,NY,LPD,15.0,40.74833,-73.98583
WECY-LD,503,Elmira,NY,LPD,0.8,42.14194,-77.0775
WENY-TV,599,Elmira,NY,DTV,145.0,42.142,-77.07744
WEPT-CD,557,Peekskill,NY,DCA,15.0,40.96083,-73.9225
WETM-TV,527,Elmira,NY,DTV,265.0,42.10611,-76.87111
WFNY-CD,485,Gloversville,NY,DCA,8.8,43.10174,-74.37041
WFTY-DT,527,Smithtown,NY,DTV,655.0,40.88972,-72.95306
WFXV,593,Utica,NY,DTV,1000.0,43.14475,-75.17561
WGCE-CD,545,Rochester,NY,DCA,15.0,43.13486,-77.58492
WGRZ,587,Buffalo,NY,DTV,716.0,42.71861,-78.56278
WHAM-TV,189,Rochester,NY,DTV,30.0,43.13528,-77.58389
WHEC-TV,195,Rochester,NY,DTV,18.1,43.13564,-77.58369
WHSU-CD,527,Syracuse,NY,DCA,9.5,43.05833,-76.16639
WHTV-LD,575,New York,NY,LPD,15.0,40.75225,-73.96725
WICZ-TV,177,Binghamton,NY,DTV,28.0,42.05611,-75.94389
WIVB-TV,605,Buffalo,NY,DTV,800.0,42.65917,-78.62556
WIVT,551,Binghamton,NY,DTV,298.0,42.06083,-75.94306
WJKP-LD,473,Corning,NY,LPD,3.0,42.14194,-77.0775
WKBW-TV,593,Buffalo,NY,DTV,660.0,42.6375,-78.61972
WKOB-LD,213,New York,NY,LPD,3.0,40.713,-74.01314
WKOF,479,Syracuse,NY,DTV,475.0,42.94494,-76.11839
WKTV,563,Utica,NY,DTV,708.0,43.1025,-74.94056
WLIG-LD,491,"Plainview, Etc.",NY,LPD,1.0,40.77897,-73.42428
WLIW,581,Garden City,NY,DTV,72.0,40.713,-74.01314
WLNY-TV,563,Riverhead,NY,DTV,1000.0,40.89725,-72.91517
WMBQ-CD,581,New York,NY,DCA,0.008,40.713,-74.01314
WMHT,539,Schenectady,NY,DTV,445.0,42.62536,-74.01019
WMJQ-CD,551,Syracuse,NY,DCA,12.0,43.05833,-76.16639
WNBC,599,New York,NY,DTV,575.0,40.713,-74.01314
WNCE-CD,575,Glens Falls,NY,DCA,15.0,43.28922,-73.74344
WNDR-LD,581,Auburn,NY,LPD,2.0,42.95139,-76.58444
WNDT-CD,207,Manhattan,NY,DCA,6.5,40.713,-74.01314
WNED-TV,575,Buffalo,NY,DTV,175.0,43.03006,-78.92058
WNGJ-LD,509,Ogdensburg,NY,LPD,0.35,44.65,-75.45583
WNGN-LD,605,Troy,NY,LPD,15.0,43.02006,-73.524
WNGX-LD,587,Schenectady,NY,LPD,15.0,43.02006,-73.524
WNIB-LD,201,Rochester,NY,LPD,3.0,43.26314,-77.65964
WNLO,605,Buffalo,NY,DTV,800.0,42.65917,-78.62556
WNMF-LD,509,New York,NY,LPD,6.02,40.75225,-73.96725
WNPI-DT,527,Norwood,NY,DTV,40.0,44.49139,-74.85722
WNWT-LD,63,New York,NY,LPD,40.0,40.713,-74.01314
WNYB,551,Jamestown,NY,DRT,15.0,43.03006,-78.92058
WNYE-TV,533,New York,NY,DTV,180.0,40.75622,-73.98625
WNYF-CD,599,Watertown,NY,DCA,15.0,43.95417,-75.72889
WNYI,213,Ithaca,NY,DTV,28.0,42.80144,-76.43689
WNYJ-LD,557,Newburgh,NY,LPD,13.6,41.71875,-73.99594
WNYN-LD,569,New York,NY,LPD,15.0,40.58567,-73.95383
WNYO-TV,485,Buffalo,NY,DTV,575.0,43.02561,-78.92836
WNYS-CD,485,Ithaca,NY,DCA,1.7,42.42978,-76.49658
WNYT,515,Albany,NY,DTV,970.0,42.62536,-74.01019
WNYW,551,New York,NY,DTV,92.8,40.713,-74.01314
WNYZ-LD,85,New York,NY,LPD,3.0,40.74731,-73.94375
WONO-CD,533,"Syracuse, Etc.",NY,DCA,15.0,43.05833,-76.16639
WPBS-DT,545,Watertown,NY,DTV,98.0,43.86278,-75.72722
WPIX,201,New York,NY,DTV,26.0,40.74833,-73.98583
WPNY-LD,201,"Utica, Etc.",NY,LPD,0.16,43.14475,-75.17561
WPTZ,473,Plattsburgh,NY,DTV,650.0,44.52558,-72.81567
WPXJ-TV,533,Batavia,NY,DTV,500.0,42.78153,-78.45714
WPXN-TV,593,New York,NY,DTV,170.0,40.713,-74.01314
WPXU-LD,563,Amityville,NY,LPD,2.56,40.75225,-73.96725
WRGB,599,Schenectady,NY,DTV,1000.0,42.62536,-74.01019
WRNN-TV,539,New Rochelle,NY,DTV,57.8,40.713,-74.01314
WROC-TV,515,Rochester,NY,DTV,1000.0,43.13564,-77.58369
WSKA,539,Corning,NY,DTV,50.0,42.142,-77.07744
WSKG-TV,575,Binghamton,NY,DTV,40.2,42.06117,-75.94561
WSPX-TV,605,Syracuse,NY,DTV,82.0,42.945,-76.02417
WSTM-TV,503,Syracuse,NY,DTV,150.0,42.94494,-76.11839
WSYR-TV,491,Syracuse,NY,DTV,105.0,42.945,-76.02417
WSYT,473,Syracuse,NY,DTV,540.0,42.88061,-76.19964
WTEN,533,Albany,NY,DTV,1000.0,42.62536,-74.01019
WTKJ-LD,503,Watertown,NY,LPD,15.0,44.11611,-76.33889
WTKO-CD,581,Oneida,NY,DCA,15.0,43.06589,-75.66739
WTVH,497,Syracuse,NY,DTV,109.0,42.94494,-76.11839
WTVU-CD,539,Syracuse,NY,DCA,15.0,43.05833,-76.16639
WUCB-LD,581,Cobleskill,NY,LPD,9.4,42.65083,-74.52306
WUHF,557,Rochester,NY,DTV,320.0,43.13486,-77.58492
WUTR,569,Utica,NY,DTV,50.0,43.14528,-75.17611
WUTV,581,Buffalo,NY,DTV,1000.0,43.02561,-78.92836
WVBG-LD,491,Greenwich,NY,LPD,15.0,42.54081,-73.97314
WVNC-LD,533,Watertown,NY,LPD,15.0,43.96794,-75.80589
WVNG-LD,563,Canton,NY,LPD,5.0,44.53361,-75.09694
WVOA-LD,85,Syracuse,NY,LPD,2.75,43.05833,-76.16639
WVTT-CD,201,Olean,NY,DCA,3.0,42.71861,-78.56278
WVVC-LD,587,Utica,NY,LPD,15.0,43.03747,-75.19542
WVVH-CD,497,Southampton,NY,DCA,15.0,40.96967,-72.34628
WWDG-CD,557,Utica,NY,DCA,10.2,43.14417,-75.17889
WWHC-LD,509,Olean,NY,LPD,3.0,42.71861,-78.56278
WWLF-LD,599,Syracuse,NY,LPD,5.0,43.05833,-76.16639
WWNY-CD,497,Massena,NY,DCA,4.0,44.49139,-74.85722
WWNY-TV,183,Carthage,NY,DTV,50.0,43.95417,-75.72889
WWTI,575,Watertown,NY,DTV,31.1,43.87972,-75.71972
WXNY-LD,527,New York,NY,LPD,3.25,40.74833,-73.98583
WXXA-TV,183,Albany,NY,DTV,22.0,42.62536,-74.01019
WXXI-TV,521,Rochester,NY,DTV,273.0,43.13528,-77.58389
WYBN-LD,545,Cobleskill,NY,LPD,15.0,42.62761,-74.01039
WYCI,593,Saranac Lake,NY,DTV,11.4,44.34114,-74.12819
WYDC,569,Corning,NY,DTV,55.0,42.142,-77.07744
WYNB-LD,569,Ellenville,NY,LPD,15.0,41.68506,-74.356
WYPX-TV,503,Amsterdam,NY,DTV,600.0,42.63694,-74.00083
WZPJ-LD,527,Albany,NY,LPD,15.0,42.63694,-74.00083
WZPK-LD,575,Monticello,NY,LPD,4.7,41.71953,-73.99542
KONV-LD,527,Canton,OH,LPD,14.0,41.487,-81.68364
W06DQ-D,85,Toledo,OH,LPT,1.5,41.74472,-84.01833
W07EF-D,177,Youngstown,OH,LPD,3.0,40.98597,-80.60353
W13DP-D,213,Youngstown,OH,LPT,0.27,41.08017,-80.64011
W13DS-D,213,Cleveland,OH,LPT,0.3,41.75722,-81.04139
W17EB-D,491,Columbus,OH,LPD,15.0,39.97111,-83.02778
W18ES-D,497,Mansfield,OH,LPT,15.0,40.70922,-82.48628
W18EY-D,497,Canton,OH,LPD,0.6,40.31186,-81.47122
W19FO-D,503,Cincinnati,OH,LPD,15.0,39.20914,-84.50672
W25FI-D,539,Maplewood,OH,LPT,6.7,40.55292,-84.51725
W25GP-D,539,Akron,OH,LPD,15.0,41.06464,-81.58286
W26FQ-D,545,Cadiz,OH,LPD,15.0,40.05903,-81.21622
W27DG-D,551,Millersburg,OH,LPD,10.3,40.89861,-81.21
W28FG-D,557,Akron,OH,LPD,15.0,41.06464,-81.58286
W30FP-D,569,Lima,OH,LPD,10.0,40.76306,-84.18361
W32GE-D,581,Cadiz,OH,LPD,15.0,40.05903,-81.21622
W32GL-D,581,Cincinnati,OH,LPD,15.0,39.01381,-84.51422
W34FP-D,593,Eastlake,OH,LPT,9.2,41.69117,-81.04647
WAMS-CD,563,Minster/New Bremen,OH,DCA,15.0,40.38867,-84.35733
WBDT,575,Springfield,OH,DTV,1000.0,39.71861,-84.25611
WBGU-TV,521,Bowling Green,OH,DTV,137.0,41.13667,-83.90667
WBNS-TV,515,Columbus,OH,DTV,1000.0,39.97111,-83.02778
WBNX-TV,491,Akron,OH,DTV,505.0,41.38389,-81.69528
WBQC-LD,557,Cincinnati,OH,LPD,15.0,39.12511,-84.49889
WCBZ-CD,497,Columbus,OH,DCA,15.0,40.11494,-82.98203
WCDN-LD,177,Cleveland,OH,LPD,0.3,41.38389,-81.69528
WCET,491,Cincinnati,OH,DTV,274.0,39.12417,-84.52167
WCLL-CD,503,Columbus,OH,DCA,15.0,39.97111,-83.02778
WCMH-TV,473,Columbus,OH,DTV,902.0,39.97111,-83.02778
WCPO-TV,545,Cincinnati,OH,DTV,1000.0,39.12511,-84.49889
WCPX-LD,539,Columbus,OH,LPD,15.0,40.05014,-82.95075
WCSN-LD,545,Columbus,OH,LPD,15.0,40.01722,-83.01972
WDEM-CD,533,Columbus,OH,DCA,15.0,39.93722,-83.02111
WDLI-TV,521,Canton,OH,DTV,950.0,41.05556,-81.59361
WDTJ-LD,497,Toledo,OH,LPD,14.0,41.65336,-83.54797
WDTN,575,Dayton,OH,DTV,1000.0,39.71889,-84.25586
WDYC-LD,551,Cincinnati,OH,LPD,15.0,39.12314,-84.54794
WEAO,533,Akron,OH,DTV,191.0,41.08292,-81.63378
WEKA-LD,545,Canton,OH,LPD,10.0,41.487,-81.68364
WEWS-TV,479,Cleveland,OH,DTV,1000.0,41.37389,-81.7175
WFMJ-TV,587,Youngstown,OH,DTV,740.0,41.08017,-80.64011
WFND-LD,503,Findlay,OH,LPD,15.0,41.11142,-83.64797
WGCT-CD,183,Columbus,OH,DCA,3.0,39.97111,-83.02778
WGGN-TV,63,Sandusky,OH,DTV,10.0,41.07508,-82.45111
WGTE-TV,563,Toledo,OH,DTV,49.5,41.65722,-83.43194
WHIO-TV,587,Dayton,OH,DTV,854.0,39.73383,-84.24783
WHIZ-TV,569,Zanesville,OH,DTV,500.0,39.92833,-81.98528
WIVC-LD,213,Canton,OH,LPD,2.5,40.88061,-81.42789
WIVD-LD,545,Canton,OH,LPD,15.0,40.89861,-81.21
WIVM-LD,593,Akron-Canton,OH,LPD,1.5,40.985,-81.69278
WIVN-LD,569,Massilon,OH,LPD,0.475,40.68653,-81.56028
WIVX-LD,213,Cleveland,OH,LPD,3.0,41.32167,-81.76056
WJW,183,Cleveland,OH,DTV,11.0,41.36325,-81.71594
WKBN-TV,575,Youngstown,OH,DTV,703.0,41.0565,-80.64528
WKEF,593,Dayton,OH,DTV,950.0,39.72461,-84.25489
WKRC-TV,207,Cincinnati,OH,DTV,15.55,39.11639,-84.50194
WKYC,503,Cleveland,OH,DTV,1000.0,41.38608,-81.68908
WLIO,183,Lima,OH,DTV,40.0,40.77544,-84.12061
WLMA,69,Lima,OH,DTV,35.0,40.76306,-84.18361
WLMB,599,Toledo,OH,DTV,375.0,41.74472,-84.01833
WLWD-LD,533,Dayton,OH,LPD,6.5,39.72461,-84.25489
WLWT,509,Cincinnati,OH,DTV,880.0,39.12417,-84.52167
WMFD-TV,207,Mansfield,OH,DTV,16.4,40.76389,-82.61778
WMNT-CD,605,Toledo,OH,DCA,15.0,41.65336,-83.53061
WNEO,563,Alliance,OH,DTV,465.0,40.90644,-80.91092
WNWO-TV,527,Toledo,OH,DTV,275.0,41.6675,-83.35611
WOCB-CD,521,Marion,OH,DCA,15.0,40.31306,-83.05111
WOCV-CD,551,Cleveland,OH,DCA,15.0,41.38389,-81.69528
WODP-LD,479,Toledo,OH,LPD,15.0,41.60361,-83.90594
WOHL-CD,479,Lima,OH,DCA,15.0,40.77544,-84.12061
WOHW-LD,545,Lima,OH,LPD,0.5,40.87222,-84.58778
WOHZ-CD,509,Canton,OH,DCA,15.0,40.89,-81.26972
WOIO,195,Shaker Heights,OH,DTV,30.0,41.37917,-81.72
WOOH-LD,563,Zanesville,OH,LPD,15.0,40.01019,-83.18856
WOSU-TV,485,Columbus,OH,DTV,675.0,40.15917,-82.92297
WOUB-TV,581,Athens,OH,DTV,278.0,39.31444,-82.14972
WOUC-TV,85,Cambridge,OH,DTV,7.11,40.09222,-81.28833
WPNM-CD,551,Leipsic,OH,DCA,15.0,41.13667,-83.90667
WPTD,599,Dayton,OH,DTV,250.0,39.72111,-84.25
WPTO,563,Oxford,OH,DTV,500.0,39.12417,-84.52167
WQCW,479,Portsmouth,OH,DTV,1000.0,38.51008,-82.21931
WQDI-LD,515,Canton,OH,LPD,15.0,41.487,-81.68364
WQHS-DT,605,Cleveland,OH,DTV,780.0,41.38278,-81.70167
WQIZ-LD,587,Ashland,OH,LPD,15.0,40.74728,-82.31489
WQMC-LD,479,Columbus,OH,LPD,15.0,39.93722,-83.02111
WRAP-LD,485,Cleveland,OH,LPD,15.0,41.38389,-81.69528
WRCX-LD,189,Dayton,OH,LPD,3.0,39.72444,-84.255
WRGT-TV,605,Dayton,OH,DTV,1000.0,39.72461,-84.25489
WRLM,533,Canton,OH,DTV,191.0,41.08292,-81.63378
WSFJ-TV,503,London,OH,DTV,15.0,39.97111,-83.02778
WSTR-TV,497,Cincinnati,OH,DTV,325.0,39.20028,-84.52278
WSYX,557,Columbus,OH,DTV,677.0,39.93722,-83.02111
WTCL-LD,509,Cleveland,OH,LPD,15.0,41.37917,-81.71972
WTLW-CD,491,Lima,OH,DCA,15.0,40.76306,-84.18361
WTOL,201,Toledo,OH,DTV,26.0,41.67278,-83.37972
WTOV-TV,189,Steubenville,OH,DTV,30.0,40.34258,-80.62036
WTTE,551,Columbus,OH,DTV,1000.0,39.93722,-83.02111
WTVG,213,Toledo,OH,DTV,20.1,41.68333,-83.41361
WTZP-LD,575,Portsmouth,OH,LPD,15.0,38.72264,-83.00142
WUAB,195,Lorain,OH,DTV,30.0,41.37917,-81.71972
WUEK-LD,539,Canton,OH,LPD,7.0,41.487,-81.68364
WUPW,545,Toledo,OH,DTV,65.0,41.65611,-83.44472
WVIZ,599,Cleveland,OH,DTV,219.5,41.38608,-81.68908
WVPX-TV,521,Akron,OH,DTV,950.0,41.05556,-81.59361
WWHO,527,Chillicothe,OH,DTV,885.0,39.93722,-83.02111
WXCB-CD,539,Delaware,OH,DCA,15.0,40.61278,-83.13
WYFX-LD,581,Youngstown,OH,LPD,15.0,41.0565,-80.64528
WYTV,575,Youngstown,OH,DTV,703.0,41.0565,-80.64528
WZCD-LD,581,Dayton,OH,LPD,14.3,39.72461,-84.25489
K07AAU-D,177,Tulsa,OK,LPD,1.0,36.16267,-95.97928
K13ABB-D,213,Broken Arrow / Tulsa,OK,LPD,3.0,35.98533,-95.71189
K14MU-D,473,Weatherford,OK,LPT,0.535,35.49142,-98.732
K14NY-D,473,Sayre,OK,LPT,0.43,35.15139,-99.71417
K14QP-D,473,"Woodward, Etc.",OK,LPT,0.5,36.56528,-99.27778
K15AA-D,479,Hugo,OK,LPT,7.56,33.99583,-95.51
K15HL-D,479,Cherokee & Alva,OK,LPT,0.5,36.785,-98.55978
K15HQ-D,479,Sayre,OK,LPT,0.43,35.15139,-99.71417
K15LM-D,479,Mcalester,OK,LPT,0.4,34.98694,-95.70306
K16AB-D,485,Guymon,OK,LPT,6.3,36.67025,-101.48039
K16DX-D,485,Gage,OK,LPT,0.54,36.43472,-99.77472
K16IR-D,485,Sayre,OK,LPT,0.43,35.15139,-99.71417
K16LQ-D,485,Seiling,OK,LPT,0.5,36.09306,-98.95444
K16OF-D,485,Lawton,OK,LPT,4.86,34.24583,-98.43083
K17ID-D,491,Cherokee & Alva,OK,LPT,0.5,36.785,-98.55978
K17JN-D,491,Oklahoma City,OK,LPD,15.0,35.41506,-97.51058
K17MK-D,491,Elk City,OK,LPT,0.45,35.35694,-99.26917
K18HX-D,497,Hollis,OK,LPT,0.95,34.74172,-99.80872
K18IZ-D,497,Grandfield,OK,LPT,15.0,34.20139,-98.72944
K18LS-D,497,Strong City,OK,LPT,0.43,35.78278,-99.58722
K18LY-D,497,Seiling,OK,LPT,0.5,36.09306,-98.95444
K19AA-D,503,Altus,OK,LPT,0.43,34.61,-99.33611
K20BR-D,509,"Gage, Etc.",OK,LPT,0.54,36.43472,-99.77472
K20IT-D,509,Boise City,OK,LPT,10.7,36.72472,-102.48028
K20JB-D,509,Hollis,OK,LPT,0.94,34.74172,-99.80872
K20JD-D,509,Cherokee & Alva,OK,LPT,0.5,36.785,-98.55978
K20MH-D,509,Duncan,OK,LPT,10.0,34.43361,-97.68528
K20NJ-D,509,Elk City,OK,LPT,0.47,35.35694,-99.26917
K20OH-D,509,Ardmore,OK,LPD,0.1,34.03278,-96.80028
K21IT-D,515,Weatherford,OK,LPT,0.53,35.49142,-98.732
K21JN-D,515,Erick,OK,LPT,0.42,35.15139,-99.71417
K21MP-D,515,Lawton,OK,LPD,15.0,34.6075,-98.27417
K21MT-D,515,Seiling,OK,LPT,0.5,36.09306,-98.95444
K22BR-D,521,"May, Etc.",OK,LPT,0.54,36.43472,-99.77472
K22ID-D,521,Alva - Cherokee,OK,LPT,0.5,36.785,-98.55978
K22LZ-D,521,Hollis,OK,LPT,0.89,34.74172,-99.80872
K22MA-D,521,Elk City,OK,LPT,0.46,35.35694,-99.26917
K22MT-D,521,Idabel,OK,LPT,9.5,34.04925,-94.73617
K23IZ-D,527,Strong City,OK,LPT,0.45,35.78278,-99.58722
K23ND-D,527,Sayre,OK,LPT,0.4,35.15139,-99.71417
K23NH-D,527,Seiling,OK,LPT,0.5,36.09306,-98.95444
K24MD-D,533,Sayre,OK,LPT,0.39,35.15139,-99.71417
K25JO-D,539,Altus,OK,LPT,0.46,34.63917,-99.35556
K25JQ-D,539,"May, Etc.",OK,LPT,0.5,36.43472,-99.77472
K25PG-D,539,Strong City,OK,LPT,0.44,35.78278,-99.58722
K25RU-D,539,Bartlesville,OK,LPD,15.0,36.97194,-95.89667
K26IS-D,545,"Woodward, Etc.",OK,LPT,0.5,36.56528,-99.27778
K26JO-D,545,Guymon,OK,LPT,2.46,36.6775,-101.465
K26NC-D,545,Elk City,OK,LPT,0.45,35.35694,-99.26917
K26ND-D,545,Hollis,OK,LPT,0.89,34.74172,-99.80872
K26PA-D,545,Ardmore,OK,LPD,0.3,34.24167,-97.14247
K27JO-D,551,Strong City,OK,LPT,0.44,35.78278,-99.58722
K27MV-D,551,Durant,OK,LPT,13.0,33.98978,-96.39594
K27MY-D,551,Altus,OK,LPT,0.44,34.63917,-99.35556
K27OB-D,551,Tulsa,OK,LPD,2.0,36.11028,-96.03508
K28DJ-D,557,Broken Bow,OK,LPD,0.38,33.93667,-94.76306
K28GI-D,557,Guymon,OK,LPT,2.46,36.6775,-101.465
K28JX-D,557,Alva - Cherokee,OK,LPT,0.5,36.785,-98.55978
K28NU-D,557,Buffalo,OK,LPT,9.4,36.72944,-99.71667
K28NV-D,557,Ponca City,OK,LPT,13.0,36.73919,-97.04225
K28OX-D,557,Weatherford,OK,LPT,0.53,35.49142,-98.732
K29HY-D,563,Strong City,OK,LPT,0.44,35.78278,-99.58722
K29HZ-D,563,"Woodward, Etc.",OK,LPT,0.5,36.56528,-99.27778
K29LJ-D,563,Altus,OK,LPT,0.45,34.63917,-99.35556
K30AE-D,569,Alva,OK,LPT,15.0,36.78611,-98.55917
K30FY-D,569,Guymon,OK,LPT,2.46,36.6775,-101.465
K30JP-D,569,Sayre,OK,LPT,0.41,35.15139,-99.71417
K30OK-D,569,Tulsa,OK,LPD,15.0,36.15028,-95.99056
K31JQ-D,575,"Woodward, Etc.",OK,LPT,0.5,36.56528,-99.27778
K31JW-D,575,Elk City,OK,LPT,0.47,35.35694,-99.26917
K31MK-D,575,Lawton,OK,LPD,15.0,34.59306,-98.31833
K31NA-D,575,Altus,OK,LPT,0.44,34.63917,-99.35556
K32GD-D,581,Guymon,OK,LPT,2.46,36.6775,-101.465
K32IC-D,581,Altus,OK,LPT,0.46,34.63917,-99.35556
K32MG-D,581,Enid,OK,LPD,0.1,36.40789,-97.99875
K32OF-D,581,Elk City,OK,LPT,0.45,35.35694,-99.26917
K32PL-D,581,Lawton,OK,LPD,15.0,34.6075,-98.27417
K33JM-D,587,"Mooreland, Etc.",OK,LPT,0.5,36.56528,-99.27778
K33NV-D,587,Strong City,OK,LPT,0.43,35.78278,-99.58722
K34IN-D,593,Beaver,OK,LPT,12.3,36.8125,-100.53639
K34JJ-D,593,Hollis,OK,LPT,0.91,34.74172,-99.80872
K34JK-D,593,Elk City,OK,LPT,0.46,35.35694,-99.26917
K34NE-D,593,Lawton,OK,LPD,2.5,34.6075,-98.27417
K35KE-D,599,Hollis,OK,LPT,0.9,34.74172,-99.80872
K35MQ-D,599,Weatherford,OK,LPT,0.515,35.49142,-98.732
K35MV-D,599,Concho,OK,LPT,15.0,35.60725,-97.99367
K36AB-D,605,Lawton,OK,LPT,15.0,34.62339,-98.27142
K36IY-D,605,Weatherford,OK,LPT,0.52,35.49142,-98.732
K36KE-D,605,Ardmore,OK,LPT,15.0,34.20278,-97.15361
K36NQ-D,605,Altus,OK,LPT,0.44,34.63917,-99.35556
K36NR-D,605,Seiling,OK,LPT,0.5,36.09306,-98.95444
K36NV-D,605,Strong City,OK,LPT,0.45,35.78278,-99.58722
KAUT-TV,503,Oklahoma City,OK,DTV,750.0,35.56861,-97.48917
KBZC-LD,509,Oklahoma City,OK,LPD,7.2,35.59781,-97.48978
KCYH-LD,593,Ardmore,OK,LPD,15.0,34.18836,-97.20369
KDOR-TV,605,Bartlesville,OK,DTV,1000.0,36.51572,-95.77092
KETA-TV,213,Oklahoma City,OK,DTV,50.0,35.59781,-97.48978
KFOR-TV,551,Oklahoma City,OK,DTV,600.0,35.56861,-97.48917
KGEB,207,Tulsa,OK,DTV,21.5,36.04306,-95.95333
KJRH-TV,183,Tulsa,OK,DTV,15.9,36.02083,-95.67583
KKTM-LD,515,Altus,OK,LPD,9.0,34.60933,-99.33739
KLHO-LD,545,Oklahoma City,OK,LPD,15.0,35.36944,-97.46028
KMYT-TV,593,Tulsa,OK,DTV,812.5,36.02667,-95.67917
KOCB,587,Oklahoma City,OK,DTV,900.0,35.5495,-97.48864
KOCM,485,Norman,OK,DTV,27.0,35.56025,-97.48544
KOCO-TV,177,Oklahoma City,OK,DTV,65.7,35.5625,-97.49028
KOCY-LD,473,Oklahoma City,OK,LPD,15.0,35.41511,-97.50919
KOED-TV,201,Tulsa,OK,DTV,47.0,36.02083,-95.67583
KOET,575,Eufaula,OK,DTV,1000.0,35.18361,-95.33889
KOHC-CD,575,Oklahoma City,OK,DCA,15.0,35.36283,-97.44947
KOKH-TV,533,Oklahoma City,OK,DTV,1000.0,35.5495,-97.48864
KOKI-TV,521,Tulsa,OK,DTV,1000.0,36.02667,-95.67917
KOPX-TV,497,Oklahoma City,OK,DTV,200.0,35.56861,-97.48917
KOTV-DT,545,Tulsa,OK,DTV,574.0,36.02083,-95.67583
KQCW-DT,509,Muskogee,OK,DTV,700.0,36.02081,-95.6755
KRSU-TV,581,Claremore,OK,DTV,133.0,36.40083,-95.60861
KSBI,527,Oklahoma City,OK,DTV,540.0,35.59781,-97.48978
KSWO-TV,201,Lawton,OK,DTV,138.0,34.21567,-98.72175
KTBO-TV,479,Oklahoma City,OK,DTV,700.0,35.57639,-97.48625
KTEN,491,Ada,OK,DTV,1000.0,34.35953,-96.55972
KTOU-LD,521,Oklahoma City,OK,LPD,15.0,35.38722,-97.49917
KTPX-TV,557,Okmulgee,OK,DTV,1000.0,35.83389,-96.12472
KTUL,473,Tulsa,OK,DTV,1000.0,35.96889,-95.61556
KTUO-LD,527,Tulsa,OK,LPD,15.0,36.11092,-96.03331
KTUZ-TV,563,Shawnee,OK,DTV,1000.0,35.56025,-97.48544
KTZT-CD,563,Tulsa,OK,DCA,15.0,36.16267,-95.97928
KUOC-LD,587,Enid,OK,LPD,5.0,36.13133,-96.07058
KUOK,599,Woodward,OK,DTV,8.0,36.273,-99.44614
KUOK-CD,605,Oklahoma City,OK,DCA,7.33,35.415,-97.51028
KUOT-CD,515,Oklahoma City,OK,DCA,15.0,35.36947,-97.46108
KUTU-CD,491,Tulsa,OK,DCA,6.55,36.15028,-95.99058
KWET,183,Cheyenne,OK,DTV,60.0,35.59333,-99.66722
KWHB,485,Tulsa,OK,DTV,26.0,36.04306,-95.95333
KWRW-LD,593,Oklahoma City,OK,LPD,15.0,35.44311,-97.48256
KWTV-DT,539,Oklahoma City,OK,DTV,748.0,35.59781,-97.48978
KXAP-LD,479,Tulsa,OK,LPD,15.0,36.15742,-95.97642
KZLL-LD,533,Tulsa,OK,LPD,5.0,36.13133,-96.07058
K02JG-D,57,Propsect,OR,LPT,0.013,42.72733,-122.60892
K02JJ-D,57,Williams,OR,LPT,0.07,42.38206,-123.27589
K03IM-D,63,Eugene,OR,LPD,0.1,44.00194,-123.115
K04BJ-D,69,La Pine,OR,LPT,0.023,43.67206,-121.5075
K04JZ-D,69,Gold Hill,OR,LPT,0.012,42.42789,-123.00225
K04OS-D,69,Reedsport,OR,LPT,0.3,43.72233,-124.09567
K04SG-D,69,Salem,OR,LPD,3.0,44.98278,-123.14333
K05NQ-D,79,Portland,OR,LPD,3.0,45.45361,-122.54694
K06NS-D,85,Chiloquin,OR,LPT,0.193,42.26236,-121.75722
K07AAV-D,177,Portland,OR,LPD,0.6,45.49089,-122.64128
K07GI-D,177,Prospect,OR,LPT,0.01,42.72806,-122.60889
K07HS-D,177,Williams,OR,LPT,0.002,42.1665,-123.29919
K07NR-D,177,"Lakeview, Etc.",OR,LPT,0.3,42.20486,-120.328
K07PZ-D,177,Cave Junction,OR,LPD,0.028,42.25844,-123.66117
K07YV-D,177,The Dalles,OR,LPT,0.128,45.71178,-121.11728
K08AK-D,183,"Port Orford, Etc.",OR,LPT,0.074,42.74008,-124.50592
K08KW-D,183,Richland,OR,LPT,0.01,44.85569,-117.15767
K08LG-D,183,"Silver Lake, Etc.",OR,LPT,0.22,43.16486,-120.87997
K08PZ-D,183,Corvallis,OR,LPT,0.1,44.50469,-122.96
K09AAK-D,189,Madras,OR,LPT,1.0,44.43789,-120.95475
K09VC-D,189,Paisley,OR,LPT,0.13,42.69539,-120.55389
K09YE-D,189,La Pine,OR,LPT,0.15,43.67206,-121.5075
K10NF-D,195,Halfway,OR,LPT,0.028,44.87958,-117.03044
K11BX-D,201,Sutherlin,OR,LPT,0.46,43.37194,-123.06456
K11GH-D,201,"Tri Cities, Etc",OR,LPT,0.0312,42.9015,-123.28644
K11GT-D,201,Eugene,OR,LPT,3.0,44.00197,-123.11622
K11KI-D,201,"Dorena, Etc",OR,LPT,0.024,43.71767,-122.83869
K11SZ-D,201,Oakridge,OR,LPT,0.186,43.77622,-122.40475
K11VI-D,201,Elkton,OR,LPT,0.13,43.62083,-123.53528
K13HM-D,213,Myrtle Creek,OR,LPT,0.024,43.01778,-123.31389
K13MI-D,213,Cedar Valley,OR,LPD,0.123,42.39742,-124.36542
K13PE-D,213,Shady Grove,OR,LPT,0.0075,42.70589,-122.81047
K13PF-D,213,Pinehurst,OR,LPT,0.013,42.13928,-122.44139
K13PI-D,213,Ruch & Applegate,OR,LPT,0.007,42.21983,-123.03419
K14GW-D,473,Corvallis,OR,LPD,4.44,44.64011,-123.27481
K14LP-D,473,Cottage Grove,OR,LPT,0.2,43.77789,-123.04344
K14MQ-D,473,Coos Bay,OR,LPD,4.82,43.39239,-124.13181
K14QH-D,473,Butte Falls,OR,LPT,0.07,42.57317,-122.57197
K14RW-D,473,Grants Pass,OR,LPD,10.0,42.4515,-123.29756
K14SC-D,473,Ashland,OR,LPD,0.5,42.29789,-122.75142
K14TH-D,473,Williams,OR,LPT,0.025,42.1665,-123.29919
K15BP-D,479,Grants Pass,OR,LPT,0.849,42.4515,-123.29756
K15DS-D,479,"Newport, Etc.",OR,LPD,2.0,44.75622,-124.04817
K15HU-D,479,Lakeview,OR,LPT,0.075,42.25264,-120.63994
K15IM-D,479,"Brookings, Etc",OR,LPT,1.0,42.12286,-124.30008
K15IX-D,479,Rainier,OR,LPT,0.34,46.16261,-122.85261
K15JG-D,479,Scottsburg,OR,LPT,0.5,43.64706,-123.82481
K15JZ-D,479,Applegate Valley,OR,LPT,0.05,42.21872,-123.03531
K15KB-D,479,Squaw Valley,OR,LPT,0.1,42.39722,-124.36511
K15KE-D,479,"Klamath Falls, Etc",OR,LPT,0.15,42.23792,-121.7675
K15KF-D,479,Coos Bay,OR,LPT,5.0,43.394,-124.13342
K15KJ-D,479,Gold Hill,OR,LPT,1.65,42.42778,-123.00225
K15KL-D,479,Jacksonville,OR,LPT,0.135,42.34167,-122.91
K15KN-D,479,Roseburg,OR,LPT,1.1,43.20206,-123.38286
K15KV-D,479,Rockaway Beach,OR,LPT,0.975,45.74369,-123.94094
K16EM-D,485,"Prineville, Etc.",OR,LPT,0.2,44.43511,-120.95336
K16IE-D,485,Coos Bay,OR,LPT,3.0,43.31147,-124.23761
K16KI-D,485,Bend,OR,LPD,15.0,44.07483,-121.33058
K16LI-D,485,Port Orford,OR,LPT,0.375,42.74453,-124.50342
K16LL-D,485,Cottage Grove,OR,LPT,0.2,43.77789,-123.04344
K16LN-D,485,Pendleton,OR,LPT,2.0,45.21289,-119.29583
K16ML-D,485,Corvallis,OR,LPT,2.2,44.50469,-122.96
K16NK-D,485,Cave Junction,OR,LPD,0.6,42.25844,-123.66311
K17DU-D,491,Christmas Valley,OR,LPD,5.55,43.16514,-120.88025
K17EZ-D,491,Rogue River,OR,LPD,0.687,42.54074,-123.24771
K17GK-D,491,Arlington,OR,LPT,0.3,45.76372,-120.24558
K17GV-D,491,Rainier,OR,LPT,0.34,46.16261,-122.85261
K17HA-D,491,Astoria,OR,LPT,5.0,46.28619,-123.89708
K17NJ-D,491,Rockaway Beach,OR,LPT,0.975,45.74369,-123.94094
K18EL-D,497,Newberg/Tigard,OR,LPT,1.5,45.35417,-122.98914
K18FR-D,497,Newport,OR,LPT,2.912,44.75622,-124.04983
K18HH-D,497,The Dalles,OR,LPT,1.0,45.71178,-121.11728
K18KI-D,497,Baker City,OR,LPT,1.0,44.59903,-117.78381
K18LR-D,497,Harrisburg,OR,LPD,15.0,44.00167,-123.11433
K18LU-D,497,"Glendale, Etc.",OR,LPT,0.4,42.60011,-123.36589
K18OJ-D,497,Cottage Grove,OR,LPT,0.2,43.77789,-123.04344
K19BK-D,503,Lakeview,OR,LPT,1.22,42.17819,-120.35633
K19EC-D,503,Mapleton,OR,LPD,2.4,44.0665,-123.62953
K19EI-D,503,Pacific C/Cloverdale,OR,LPT,0.55,45.21314,-123.75511
K19GH-D,503,"Eugene, Etc.",OR,DCA,5.07,44.11556,-123.00028
K19HH-D,503,"Midland, Etc.",OR,LPT,3.0,42.09847,-121.63469
K19HS-D,503,Grants Pass,OR,LPT,0.2,42.41178,-123.28283
K19KP-D,503,Hermiston,OR,LPD,15.0,45.98011,-119.29667
K19LT-D,503,"Prineville, Etc.",OR,LPT,15.0,44.43789,-120.95475
K19MI-D,503,Salem,OR,LPD,2.0,44.98456,-123.14286
K19NM-D,503,Portland,OR,LPD,15.0,45.85925,-122.455
K20DD-D,509,"Albany, Etc.",OR,LPD,2.0,44.50469,-122.96
K20EH-D,509,Hood River,OR,LPD,0.258,45.74181,-121.57975
K20HT-D,509,Rockaway Beach,OR,LPT,0.975,45.74369,-123.94094
K20IR-D,509,Cottage Grove,OR,LPT,0.2,43.77789,-123.04344
K20IV-D,509,"Baker City, Etc.",OR,LPT,5.0,44.59903,-117.78381
K20KV-D,509,Medford,OR,LPD,2.0,42.29761,-122.75114
K20LL-D,509,Reedsport,OR,LPT,0.78,43.72233,-124.09567
K20MJ-D,509,Milton-Freewater,OR,LPT,1.0,45.83178,-118.26133
K20MK-D,509,Roseburg,OR,LPT,0.408,43.20056,-123.38389
K21BG-D,515,Jacksonville,OR,LPT,0.614,42.29817,-122.75031
K21DE-D,515,Seaside-Astoria,OR,LPD,1.86,46.28619,-123.89764
K21FS-D,515,Eugene,OR,LPT,1.1,44.19761,-122.98675
K21JI-D,515,"Cave Junction, Etc.",OR,LPT,0.25,42.25844,-123.66117
K21KB-D,515,Brookings,OR,LPD,0.53,42.12286,-124.30008
K21KE-D,515,Canyonville,OR,LPD,0.36,42.9015,-123.28644
K21LB-D,515,Lincoln City,OR,LPD,1.0,44.94525,-124.00678
K21LY-D,515,Mapleton,OR,LPT,0.45,44.04983,-123.84703
K21MB-D,515,Scottsburg,OR,LPT,0.5,43.64706,-123.82481
K21MS-D,515,La Grande,OR,LPT,0.4,45.30956,-117.73381
K22GX-D,521,Tri City,OR,LPT,0.61,43.00344,-123.35783
K22HO-D,521,Cottage Grove,OR,LPT,0.2,43.77789,-123.04344
K22IL-D,521,"Prineville, Etc.",OR,LPT,0.25,44.43678,-120.95419
K22IQ-D,521,Cave Junction,OR,LPT,0.1,42.25789,-123.662
K22JS-D,521,Ashland,OR,LPD,1.0,42.07014,-122.60789
K22KC-D,521,The Dalles,OR,LPT,2.4,45.71178,-121.11728
K22LY-D,521,Baker Valley,OR,LPT,1.0,44.59903,-117.78381
K22MB-D,521,Roseburg,OR,LPT,7.0,43.20597,-123.36497
K22OB-D,521,Medford,OR,LPD,0.1,42.44639,-123.05731
K23CU-D,527,Prineville,OR,LPD,0.28,44.43733,-120.95419
K23DB-D,527,La Grande,OR,LPD,0.3,45.30956,-117.73381
K23EX-D,527,Medford,OR,DCA,3.42,42.35622,-122.97697
K23FH-D,527,Milton-Freewater,OR,LPT,0.6,45.83178,-118.26133
K23GK-D,527,Astoria,OR,LPT,5.75,46.28619,-123.89708
K23KD-D,527,"Coos Bay, Etc.",OR,LPT,10.0,43.394,-124.13342
K23ME-D,527,Camas Valley,OR,LPT,0.5,43.00161,-123.77683
K23NS-D,527,Rockaway Beach,OR,LPT,0.975,45.74369,-123.94094
K23OC-D,527,Lincoln City/Newport,OR,LPD,7.21,44.75622,-124.04817
K23OS-D,527,London Springs,OR,LPT,0.012,43.63678,-123.09403
K23OV-D,527,Hood River,OR,LPT,1.2,45.74178,-121.57978
K23PA-D,527,Klamath Falls,OR,LPD,0.1,42.195,-121.82167
K23PN-D,527,La Pine,OR,LPT,0.28,43.65011,-121.43
K24FH-D,533,"Glide, Etc.",OR,LPT,1.1,43.37108,-123.06422
K24JE-D,533,Sunriver,OR,LPT,0.36,43.87344,-121.50419
K24KG-D,533,Madras,OR,LPT,0.54,44.579,-121.15364
K24LY-D,533,Cottage Grove,OR,LPT,0.2,43.77789,-123.04344
K24MC-D,533,Baker Valley,OR,LPT,1.0,44.59903,-117.78381
K24ME-D,533,Milton-Freewater,OR,LPT,1.0,45.83178,-118.26133
K24MF-D,533,Florence,OR,LPT,2.5,43.95694,-124.075
K24MH-D,533,Powers,OR,LPT,0.554,42.91606,-124.07889
K25EN-D,539,Gold Beach,OR,LPT,0.117,42.44,-124.41722
K25GA-D,539,Redmond/Prineville,OR,LPD,1.6,44.43511,-120.95392
K25IM-D,539,Medford,OR,LPD,0.362,42.06456,-122.47917
K25JW-D,539,"Hugo, Etc.",OR,LPT,0.68,42.48939,-123.30547
K25KS-D,539,The Dalles,OR,LPT,2.4,45.71178,-121.11728
K25NI-D,539,Mapleton,OR,LPT,0.45,44.04983,-123.84703
K25OJ-D,539,La Grande,OR,LPT,1.2,45.43733,-117.89797
K25OK-D,539,Yoncalla,OR,LPD,0.196,43.63844,-123.32703
K25OO-D,539,Pendleton,OR,LPT,0.63,45.589,-118.57994
K26DB-D,545,Astoria,OR,LPT,5.0,46.28592,-123.89847
K26FQ-D,545,John Day,OR,LPT,0.3,44.43403,-118.95883
K26FV-D,545,La Grande,OR,LPT,0.4,45.30956,-117.73381
K26HO-D,545,Glide,OR,LPT,2.0,43.37178,-123.0645
K26KQ-D,545,Christmas Valley,OR,LPT,0.5,43.55681,-120.07411
K26MZ-D,545,Cottage Grove,OR,LPT,0.2,43.77789,-123.04344
K26NB-D,545,Klamath Falls,OR,LPT,0.89,42.09722,-121.63417
K26NE-D,545,Florence,OR,LPT,2.5,43.95694,-124.075
K26NJ-D,545,Powers,OR,LPT,0.554,42.91606,-124.07889
K26NQ-D,545,Hood River,OR,LPT,1.2,45.74178,-121.57978
K26NX-D,545,Madras,OR,LPT,0.63,44.579,-121.15364
K27CL-D,551,Coos Bay/North Bend,OR,LPT,5.6,43.39028,-124.13139
K27DO-D,551,"Bend, Etc.",OR,LPT,5.0,44.43678,-120.95419
K27JY-D,551,London Springs,OR,LPT,0.012,43.63678,-123.09403
K27KW-D,551,"Gold Hill, Etc",OR,LPT,0.1,42.42789,-123.00225
K27MX-D,551,Baker Valley,OR,LPT,1.0,44.59903,-117.78381
K28CQ-D,557,Hood River,OR,LPT,1.2,45.74178,-121.57978
K28FP-D,557,Astoria,OR,LPD,15.0,46.28592,-123.89847
K28FT-D,557,Milton-Freewater,OR,LPT,1.0,45.83178,-118.26133
K28GD-D,557,"Heppner, Etc.",OR,LPT,2.1,45.21289,-119.29583
K28GG-D,557,Medford,OR,LPD,0.56,42.29789,-122.75142
K28IH-D,557,Rainier,OR,LPT,0.34,46.16261,-122.85261
K28JC-D,557,Enterprise,OR,LPT,0.165,45.39931,-117.38878
K28KI-D,557,Roseburg,OR,LPD,15.0,43.23528,-123.32278
K28LO-D,557,Paisley,OR,LPT,0.5,42.39097,-120.36883
K28MH-D,557,Bend,OR,LPD,0.1,44.02889,-121.31333
K28MJ-D,557,Tillamook,OR,LPT,1.13,45.21397,-123.75428
K28NO-D,557,Rogue River,OR,LPT,0.025,42.44539,-123.21672
K28NY-D,557,La Grande,OR,LPT,1.2,45.43733,-117.89797
K28NZ-D,557,Florence,OR,LPT,2.5,43.95694,-124.075
K28OD-D,557,Powers,OR,LPT,0.554,42.91606,-124.07889
K28OV-D,557,Madras,OR,LPT,0.63,44.579,-121.15364
K28QR-D,557,La Pine,OR,LPD,0.28,43.65011,-121.43
K29AZ-D,563,Newport,OR,LPT,5.7,44.75622,-124.04983
K29EG-D,563,"Milton, Etc",OR,LPT,1.0,45.83178,-118.26133
K29EL-D,563,La Grande,OR,LPT,0.4,45.30956,-117.73381
K29JN-D,563,Gold Beach,OR,LPT,0.55,42.44,-124.41722
K29KR-D,563,Camas Valley,OR,LPT,1.0,43.00161,-123.77683
K29KU-D,563,Bend,OR,LPD,1.65,44.28053,-121.53819
K29LL-D,563,"Phoenix, Talent",OR,LPT,1.0,42.29761,-122.75114
K29LW-D,563,Rockaway Beach,OR,LPT,0.975,45.74369,-123.94094
K29NI-D,563,Cave Junction,OR,LPT,1.12,42.258,-123.66178
K30BN-D,569,Coos Bay,OR,LPD,4.75,43.39239,-124.13181
K30JT-D,569,La Pine,OR,LPT,0.28,43.65011,-121.43
K30OA-D,569,Milton-Freewater,OR,LPT,1.2,45.8315,-118.26161
K30OC-D,569,Cottage Grove,OR,LPT,0.2,43.77789,-123.04344
K30OF-D,569,Baker Valley,OR,LPT,1.0,44.59903,-117.78381
K30OG-D,569,La Grande,OR,LPT,1.2,45.43733,-117.89797
K30QD-D,569,"Ontario, Etc.",OR,LPT,0.35,44.06319,-116.90597
K31AE-D,575,Sutherlin,OR,LPT,3.8,43.37178,-123.0645
K31GN-D,575,La Grande,OR,LPT,0.4,45.30956,-117.73381
K31GP-D,575,"Brookings, Etc.",OR,LPT,0.4,42.05225,-124.28147
K31HK-D,575,Rainier,OR,LPT,0.2,46.16261,-122.85261
K31HZ-D,575,"The Dalles, Etc.",OR,LPT,1.03,45.71178,-121.11728
K31KZ-D,575,Lakeview,OR,LPD,1.58,42.18792,-120.35133
K31NH-D,575,Klamath Falls,OR,LPD,0.6,42.09875,-121.63497
K31NO-D,575,Bend,OR,LPD,15.0,44.07761,-121.33142
K31OQ-D,575,Grants Pass,OR,LPT,1.5,42.41181,-123.28292
K31PI-D,575,London Springs,OR,LPT,0.012,43.63678,-123.09403
K32CC-D,581,"Montgomery Ranch,Etc",OR,LPD,0.39,43.87344,-121.50419
K32DE-D,581,Pendleton,OR,LPT,2.1,45.21289,-119.29583
K32DY-D,581,Medford,OR,DCA,15.0,42.29817,-122.75031
K32FI-D,581,Yoncalla,OR,LPD,0.174,43.63844,-123.32703
K32HF-D,581,Florence,OR,LPT,2.5,43.95694,-124.075
K32JL-D,581,Powers,OR,LPT,0.554,42.91606,-124.07889
K32KP-D,581,Black Butte Ranch,OR,LPT,0.189,44.35128,-121.69136
K32LW-D,581,Cottage Grove,OR,LPT,0.2,43.77789,-123.04344
K32LY-D,581,La Grande,OR,LPT,1.2,45.43733,-117.89797
K32NK-D,581,"Lincoln City, Etc.",OR,LPT,5.0,44.75622,-124.04817
K33CP-D,587,Gold Beach,OR,LPT,0.5,42.44,-124.41722
K33FS-D,587,La Grande,OR,LPT,0.4,45.30956,-117.73381
K33GJ-D,587,Merlin,OR,LPD,0.226,42.59956,-123.36617
K33KD-D,587,London Springs,OR,LPT,0.012,43.63678,-123.09403
K33LZ-D,587,Myrtle Point,OR,LPT,0.325,43.17897,-124.15369
K33NY-D,587,Roseburg,OR,LPD,0.645,43.20056,-123.38389
K33PM-D,587,Gold Hill,OR,LPD,0.615,42.42817,-123.00231
K34AI-D,593,La Pine,OR,LPT,0.72,43.87344,-121.50419
K34DC-D,593,Astoria,OR,LPT,0.536,46.28592,-123.89847
K34DI-D,593,Pendleton,OR,LPT,2.1,45.21289,-119.29583
K34DJ-D,593,"Phoenix, Etc.",OR,LPT,12.0,42.29819,-122.75086
K34IC-D,593,Glide,OR,LPD,1.03,43.37344,-123.06506
K34JR-D,593,Madras,OR,LPT,0.63,44.579,-121.15364
K34KE-D,593,Hood River,OR,LPT,1.2,45.74178,-121.57978
K34KJ-D,593,Harbor,OR,LPD,0.5,42.04508,-124.23453
K34LS-D,593,Seneca,OR,LPT,0.29,44.29403,-119.04217
K34NG-D,593,La Grande,OR,LPT,1.2,45.43733,-117.89797
K34NI-D,593,Florence,OR,LPD,3.0,43.95614,-124.07497
K34NO-D,593,Grants Pass,OR,LPT,2.0,42.45142,-123.298
K34NS-D,593,Milton-Freewater,OR,LPT,1.0,45.83178,-118.26133
K34PJ-D,593,Tillamook,OR,LPT,1.0,45.21397,-123.75428
K35CR-D,599,"Tillamook, Etc.",OR,LPD,0.35,45.21397,-123.75428
K35FO-D,599,Milton-Freewater,OR,LPT,0.435,45.83178,-118.26133
K35GA-D,599,La Grande,OR,LPT,0.4,45.30956,-117.73381
K35HW-D,599,Florence,OR,LPT,2.5,43.95694,-124.075
K35JH-D,599,London Springs,OR,LPT,0.012,43.63678,-123.09403
K35LD-D,599,Prineville,OR,LPT,1.0,44.43789,-120.95475
K35MS-D,599,"Canyonville, Etc",OR,LPD,0.132,42.90211,-123.28611
K35MT-D,599,Port Orford,OR,LPT,0.45,42.74456,-124.50344
K35OH-D,599,Roseburg,OR,LPD,1.0,43.20256,-123.38008
K35PQ-D,599,Powers,OR,LPT,0.554,42.91606,-124.07889
K35PS-D,599,Eugene,OR,LPD,14.0,44.00194,-123.115
K35PY-D,599,Medford,OR,LPD,15.0,42.29889,-122.75
K36BA-D,605,Burns,OR,LPT,0.62,43.57292,-119.13131
K36BX-D,605,Coos Bay,OR,LPD,4.73,43.39239,-124.13181
K36DP-D,605,Pendleton,OR,LPT,2.1,45.21289,-119.29583
K36FG-D,605,"Hood River, Etc.",OR,LPT,1.2,45.74178,-121.57978
K36GU-D,605,Rockaway Beach,OR,LPT,0.975,45.74369,-123.94094
K36IB-D,605,"Midland, Etc.",OR,LPT,4.0,42.07764,-121.97472
K36JZ-D,605,Roseburg,OR,LPD,1.0,43.20256,-123.38008
K36LI-D,605,Astoria,OR,LPT,5.0,46.26242,-123.88689
K36NF-D,605,Grants Pass,OR,DCA,0.267,42.38206,-123.27589
K36NL-D,605,Cottage Grove,OR,LPT,0.2,43.77789,-123.04344
K36NP-D,605,Baker Valley,OR,LPT,1.0,44.59903,-117.78381
K36OD-D,605,North La Pine,OR,LPT,0.38,43.87344,-121.50419
K36OG-D,605,Bend,OR,LPD,5.0,44.19744,-120.97792
K36OJ-D,605,Rainier,OR,LPT,0.5,46.16261,-122.85261
K36QX-D,605,Salem,OR,LPT,15.0,44.99694,-123.15417
KABH-CD,491,Bend,OR,DCA,15.0,44.07483,-121.33058
KAMK-LD,79,Eugene,OR,LPD,0.5,44.00264,-123.1135
KATU,533,Portland,OR,DTV,1000.0,45.51606,-122.73419
KBLN-TV,569,Grants Pass,OR,DTV,2.0,42.38206,-123.27589
KBND-LD,473,Bend,OR,LPD,2.3,44.07728,-121.33353
KBNZ-LD,177,Bend,OR,LPD,3.0,44.07728,-121.33353
KCBY-TV,593,Coos Bay,OR,DTV,450.0,43.39039,-124.13064
KCKW-LD,539,Eugene,OR,LPD,6.5,44.11586,-123.00011
KDKF,563,Klamath Falls,OR,DTV,4.87,42.09708,-121.63414
KDOV-LD,497,Medford,OR,LPD,1.56,42.29761,-122.75114
KDRV,207,Medford,OR,DTV,16.9,42.6915,-123.23006
KDSO-LD,533,Medford,OR,LPD,1.54,42.29761,-122.75114
KEPB-TV,563,Eugene,OR,DTV,80.0,44.00167,-123.11583
KEVU-CD,527,Eugene,OR,DCA,7.66,44.00083,-123.11361
KEZI,189,Eugene,OR,DTV,21.6,44.29094,-123.53953
KFBI-LD,503,Medford,OR,LPD,0.25,42.29819,-122.75031
KFFX-TV,201,Pendleton,OR,DTV,60.0,45.74753,-118.0385
KFTS,587,Klamath Falls,OR,DTV,9.6,42.09708,-121.63414
KFXO-CD,479,Bend,OR,DCA,15.0,44.07761,-121.33142
KGW,545,Portland,OR,DTV,1000.0,45.52236,-122.74708
KGWZ-LD,527,Portland,OR,LPD,15.0,45.52236,-122.74708
KJYY-LD,563,Portland,OR,LPD,15.0,45.51606,-122.73419
KKEI-CD,605,Portland,OR,DCA,8.65,45.52236,-122.74708
KLSR-TV,575,Eugene,OR,DTV,88.0,44.00083,-123.11361
KMCB,521,Coos Bay,OR,DTV,100.0,43.39039,-124.13064
KMTR,491,Eugene,OR,DTV,300.0,44.00167,-123.11583
KMVU-DT,545,Medford,OR,DTV,16.2,42.29817,-122.74919
KNMT,581,Portland,OR,DTV,777.0,45.51606,-122.73419
KOAB-TV,201,Bend,OR,DTV,90.0,44.07778,-121.33361
KOAC-TV,177,Corvallis,OR,DTV,18.1,44.64,-123.27472
KOBI,79,Medford,OR,DTV,6.35,42.69667,-123.22861
KOHD,497,Bend,OR,DTV,84.1,44.07778,-121.33361
KOIN,539,Portland,OR,DTV,1000.0,45.51606,-122.73419
KOPB-TV,195,Portland,OR,DTV,46.0,45.52236,-122.74708
KORK-CD,599,Portland,OR,DCA,15.0,45.52236,-122.74708
KORS-CD,485,Portland,OR,DCA,15.0,45.52236,-122.74708
KORY-CD,479,Eugene,OR,DCA,15.0,44.00194,-123.115
KOTI,213,Klamath Falls,OR,DTV,9.0,42.09667,-121.63361
KOXI-CD,509,Portland,OR,DCA,15.0,45.52236,-122.74708
KPIC,503,Roseburg,OR,DTV,50.0,43.23528,-123.32278
KPME-CD,479,Portland,OR,DCA,15.0,45.52236,-122.74708
KPTV,207,Portland,OR,DTV,46.0,45.52167,-122.74917
KPWC-LD,85,Tillamook,OR,LPD,3.0,44.97706,-123.14258
KPXG-LD,515,Portland,OR,LPD,15.0,45.52236,-122.74708
KPXG-TV,521,Salem,OR,DTV,1000.0,45.52236,-122.74708
KQRE-CD,509,Bend,OR,DCA,9.3,44.43678,-120.95419
KRCW-TV,587,Salem,OR,DTV,750.0,45.51606,-122.73419
KRHP-CD,473,The Dalles,OR,DCA,0.676,45.65122,-121.14283
KSLM-LD,551,Dallas,OR,LPD,15.0,44.97706,-123.14258
KSYS,183,Medford,OR,DTV,16.9,42.69206,-123.23033
KTCW,605,Roseburg,OR,DTV,38.9,43.20597,-123.36497
KTVC,497,Roseburg,OR,DTV,50.0,43.23567,-123.32228
KTVL,485,Medford,OR,DTV,350.0,42.08097,-122.72028
KTVR,213,La Grande,OR,DTV,16.1,45.309,-117.73269
KTVZ,515,Bend,OR,DTV,131.8,44.07761,-121.33142
KUNP,485,La Grande,OR,DTV,18.95,45.309,-117.73269
KUNP-LD,593,Portland,OR,LPD,15.0,45.52028,-122.74472
KVAL-TV,557,Eugene,OR,DTV,1000.0,44.00167,-123.11583
KVDO-LD,593,Albany,OR,LPD,2.5,44.50528,-122.96167
KWVT-LD,201,Salem,OR,LPD,3.0,45.52278,-122.75306
KDKA-TV,539,Pittsburgh,PA,DTV,1000.0,40.49389,-80.01889
KYW-TV,569,Philadelphia,PA,DTV,1000.0,40.0425,-75.24222
W03CD-D,63,Pittsburgh,PA,LPD,1.3,40.29333,-80.05139
W03CE-D,63,Lancaster,PA,LPT,3.0,40.12222,-77.07
W04EI-D,69,Chambersburg,PA,LPD,0.3,40.04722,-77.75139
W07DC-D,177,Allentown/Bethlehem,PA,LPT,0.025,40.57222,-75.43056
W07ED-D,177,Chambersburg,PA,LPD,1.0,40.04722,-77.75139
W09DB-D,189,Williamsport,PA,DCA,0.75,41.21889,-76.95722
W09DJ-D,189,"Wilkes-Barre, Etc.",PA,DCA,0.4,41.19839,-75.81964
W10CP-D,195,Towanda,PA,LPT,0.066,41.68117,-76.48158
W11EH-D,201,Chambersburg,PA,LPD,0.3,40.04722,-77.75139
W12EE-D,207,Chambersburg,PA,LPD,0.3,40.04722,-77.75139
W14CO-D,473,"Clarks Summit, Etc.",PA,LPT,0.092,41.467,-75.68628
W14FG-D,473,Harrisburg,PA,LPD,15.0,40.31556,-76.95222
W15CO-D,479,Towanda,PA,LPT,0.034,41.68117,-76.48158
W16EJ-D,485,Reading,PA,LPD,15.0,40.31556,-76.95222
W19FN-D,503,Harrisburg,PA,LPT,15.0,40.91944,-77.97417
W20AD-D,509,Williamsport,PA,LPT,0.056,41.24811,-77.03244
W20CP-D,509,Mansfield,PA,LPT,2.3,41.7595,-76.92494
W20EI-D,509,Towanda,PA,LPT,3.6,41.68379,-76.48297
W20EU-D,509,Chambersburg,PA,LPT,15.0,40.05008,-77.74747
W21EU-D,515,Harrisburg,PA,LPT,15.0,40.31556,-76.95222
W21EY-D,515,State College,PA,LPD,15.0,40.81375,-77.91608
W24CS-D,533,Reading,PA,LPT,5.0,40.35397,-75.89881
W24DB-D,533,Clarks Summit,PA,DCA,5.0,41.43586,-75.72842
W24EU-D,533,Erie,PA,LPD,15.0,42.05083,-79.75528
W24FK-D,533,Waynesboro,PA,LPD,15.0,39.79064,-77.67486
W25FG-D,539,Millersburg,PA,LPD,2.5,40.04169,-75.23614
W25GR-D,539,Berwick,PA,LPD,15.0,41.00528,-76.21639
W26CV-D,545,Mansfield,PA,LPT,0.098,41.7595,-76.92494
W26EQ-D,545,State College,PA,LPD,15.0,40.71667,-77.89267
W28FL-D,557,New Freedom,PA,LPD,4.0,39.51503,-76.55936
W28FN-D,557,Scranton,PA,LPD,15.0,41.43586,-75.72842
W29EU-D,563,"Clarks Summit, Etc.",PA,LPT,0.9,41.467,-75.68628
W29FQ-D,563,Pottsville,PA,LPT,0.8,40.67592,-76.19797
W30EB-D,569,Kingston,PA,LPD,9.5,41.31494,-75.88836
W30EI-D,569,Sharon,PA,LPD,15.0,41.23806,-80.43028
W30FH-D,569,Chambersburg,PA,LPT,15.0,40.04528,-77.75306
W31FT-D,575,Lopez,PA,LPD,15.0,41.18361,-75.86694
W31FV-D,575,Williamsport,PA,LPD,15.0,41.21889,-76.95722
W32DH-D,581,Erie,PA,LPD,15.0,42.03783,-80.06189
W33EM-D,587,Pittsburgh,PA,LPT,2.5,40.15681,-79.32539
W33FP-D,587,Marietta,PA,LPD,15.0,39.90508,-76.58256
W35EJ-D,599,Pittsburgh,PA,LPD,15.0,40.12753,-80.16067
W35EK-D,599,New Castle,PA,LPD,15.0,41.06647,-80.09578
W35ES-D,599,Erie,PA,LPD,15.0,42.12444,-80.06472
W36EY-D,605,Berwick,PA,DCA,15.0,41.00564,-76.21353
W36FK-D,605,Altoona,PA,LPT,3.0,40.78953,-79.16317
WATM-TV,575,Altoona,PA,DTV,790.0,40.56833,-78.44361
WBPA-LD,207,Pittsburgh,PA,LPD,3.0,40.44617,-79.96394
WBPH-TV,189,Bethlehem,PA,DTV,80.6,40.56444,-75.44
WBRE-TV,201,Wilkes-Barre,PA,DTV,30.0,41.18278,-75.87361
WBYD-CD,503,Pittsburgh,PA,DCA,15.0,40.43972,-79.71944
WBZM-LD,527,Wilkes-Barre,PA,LPD,14.5,41.18361,-75.86694
WCAU,557,Philadelphia,PA,DTV,745.0,40.04169,-75.23614
WDUM-LD,485,Philadelphia,PA,LPD,5.0,40.04169,-75.23614
WEFG-LD,605,Philadelphia,PA,LPD,15.0,40.07333,-75.19083
WELL-LD,563,Philadelphia,PA,LPD,15.0,40.04169,-75.23614
WEPA-LD,503,Erie,PA,LPD,6.0,42.10417,-80.06917
WFMZ-TV,189,Allentown,PA,DTV,80.6,40.56444,-75.44
WFPA-CD,599,Philadelphia,PA,DCA,15.0,40.04169,-75.23614
WFXP,545,Erie,PA,DTV,930.0,42.04028,-80.06889
WGAL,183,Lancaster,PA,DTV,59.0,40.03444,-76.61861
WHP-TV,581,Harrisburg,PA,DTV,1000.0,40.34531,-76.86897
WHTM-TV,195,Harrisburg,PA,DTV,28.1,40.31606,-76.95028
WHVL-LD,551,"State College, Etc.",PA,LPD,15.0,40.91944,-77.97417
WICU-TV,207,Erie,PA,DTV,6.8,42.03778,-80.06194
WIIC-LD,195,Pittsburgh,PA,LPD,3.0,40.43994,-79.71897
WINP-TV,485,Pittsburgh,PA,DTV,775.0,40.44617,-79.96394
WITF-TV,605,Harrisburg,PA,DTV,84.0,40.34544,-76.86878
WJAC-TV,599,Johnstown,PA,DTV,1000.0,40.37139,-78.98194
WJET-TV,557,Erie,PA,DTV,650.0,42.04028,-80.06889
WJMB-CD,491,Butler,PA,DCA,7.5,40.92611,-79.89361
WKBS-TV,85,Altoona,PA,DTV,3.1,40.56769,-78.44033
WKHU-CD,581,Kittanning,PA,DCA,4.9,40.78847,-79.53458
WLHY-LD,575,Lebanon - Harrisburg - York - La-Caster,PA,LPD,15.0,39.90508,-76.58256
WLVT-TV,189,Allentown,PA,DTV,80.6,40.56444,-75.44
WLYH,195,Red Lion,PA,DTV,28.1,40.31606,-76.95028
WLZH-LD,473,Harrisburg/Lancaster,PA,LPD,15.0,39.20139,-75.56472
WMVH-CD,581,Charleroi,PA,DCA,15.0,40.39689,-79.95897
WNEP-TV,515,Scranton,PA,DTV,760.0,41.18211,-75.87083
WOLF-TV,521,Hazleton,PA,DTV,220.0,41.18283,-75.86986
WOSC-CD,545,Pittsburgh,PA,DCA,30.0,40.44617,-79.96394
WPCB-TV,557,Greensburg,PA,DTV,530.0,40.39278,-79.78139
WPCW,201,Jeannette,PA,DTV,30.0,40.49389,-80.01889
WPDN-LD,533,Pittsburgh,PA,LPD,10.0,40.44611,-79.96389
WPGH-TV,509,Pittsburgh,PA,DTV,800.0,40.49528,-80.00444
WPHA-CD,533,Philadelphia,PA,DCA,15.0,40.04169,-75.23614
WPHL-TV,491,Philadelphia,PA,DTV,645.0,40.04192,-75.23942
WPMT,605,York,PA,DTV,84.0,40.34544,-76.86878
WPNT,515,Pittsburgh,PA,DTV,721.0,40.49528,-80.00444
WPPT,189,Philadelphia,PA,DTV,80.6,40.56444,-75.44
WPSG,587,Philadelphia,PA,DTV,1000.0,40.0425,-75.24222
WPSU-TV,479,Clearfield,PA,DTV,810.0,41.12228,-78.44136
WPTG-CD,569,Pittsburgh,PA,DCA,30.0,40.44617,-79.96394
WPVI-TV,85,Philadelphia,PA,DTV,45.0,40.04417,-75.24028
WPXI,527,Pittsburgh,PA,DTV,500.0,40.46325,-80.00431
WQAV-CD,545,Allentown,PA,DCA,15.0,40.03881,-75.23689
WQED,69,Pittsburgh,PA,DTV,35.0,40.44617,-79.96394
WQLN,551,Erie,PA,DTV,191.0,42.04258,-80.0655
WQMY,563,Williamsport,PA,DTV,50.0,41.20033,-77.11994
WQPX-TV,587,Scranton,PA,DTV,700.0,41.435,-75.72611
WSEE-TV,515,Erie,PA,DTV,96.0,42.03778,-80.06194
WSRG-LD,581,Scranton,PA,LPD,15.0,41.43586,-75.72842
WSWB,593,Scranton,PA,DTV,120.0,41.43586,-75.72842
WTAE-TV,551,Pittsburgh,PA,DTV,850.0,40.28028,-79.80278
WTAJ-TV,533,Altoona,PA,DTV,788.0,40.56694,-78.44139
WTOO-CD,521,Johnstown,PA,DCA,15.0,40.37106,-78.98392
WTOO-LD,491,Altoona,PA,LPD,15.0,40.56769,-78.44033
WTVE,521,Willow Grove,PA,DTV,15.0,40.04169,-75.23614
WTXF-TV,575,Philadelphia,PA,DTV,1000.0,40.04056,-75.23833
WVIA-TV,515,Scranton,PA,DTV,760.0,41.18211,-75.87083
WWAT-CD,563,Charleroi,PA,DCA,15.0,40.44617,-79.96394
WWCP-TV,183,Johnstown,PA,DTV,9.3,40.18103,-79.1515
WWKH-CD,521,Uniontown,PA,DCA,15.0,39.85458,-79.65581
WWLM-CD,605,Washington,PA,DCA,13.0,40.49672,-80.11894
WXBU,581,Lancaster,PA,DTV,1000.0,40.34531,-76.86897
WXTM-LD,497,Erie,PA,LPD,7.0,42.03783,-80.06189
WYLN-CD,545,Hazleton,PA,DCA,5.5,40.96944,-75.95639
WYOU,207,Scranton,PA,DTV,30.0,41.18278,-75.87361
WZPA-LD,581,Philadelphia,PA,LPD,15.0,39.73444,-74.84083
W02CS-D,57,Ponce,PR,LPD,2.8,18.15208,-66.5534
W02CT-D,57,Arecibo,PR,LPD,0.3,18.45356,-66.73961
W02CU-D,57,Mayaguez,PR,LPD,3.0,18.31661,-67.17961
W04DV-D,69,Naranjito,PR,LPD,3.0,18.17242,-66.59169
W05CY-D,79,Mayaguez,PR,LPD,3.0,18.14889,-66.98889
W05DA-D,79,Fajardo,PR,LPD,0.3,18.27861,-65.67
W05DB-D,79,Ponce,PR,LPD,0.3,17.97903,-66.61319
W06DA-D,85,Aguada,PR,LPD,3.0,18.148,-66.98294
W08EH-D,183,Ponce,PR,LPD,3.0,18.15217,-66.55378
W08EI-D,183,Guaynabo,PR,LPD,3.0,18.27956,-65.94328
W08EJ-D,183,Anasco,PR,LPD,3.0,18.31268,-67.18219
W10BG-D,195,Mayaguez,PR,DCA,1.0,18.32383,-67.16989
W10DD-D,195,San Juan,PR,LPD,3.0,18.29189,-66.16656
W13DI-D,213,"Yauco, Etc.",PR,LPD,0.3,18.14772,-66.98322
W16CW-D,485,Villalba,PR,LPD,15.0,18.15206,-66.55372
W16DX-D,485,Aguada,PR,LPD,15.0,18.32328,-67.16989
W17DL-D,491,Toa Baja,PR,LPD,3.0,18.273,-66.09292
W17EA-D,491,Arroyo,PR,LPD,2.5,18.03133,-66.11875
W18DQ-D,497,Isabela-Mayaguez,PR,LPD,15.0,18.14772,-66.98328
W18DZ-D,497,Ceiba,PR,LPD,3.0,18.27997,-65.66917
W19EP-D,503,Culebra,PR,LPD,3.0,18.27997,-65.66917
W19EY-D,503,Toa Baja,PR,LPD,3.0,18.273,-66.09292
W20DQ-D,509,Luquillo,PR,LPD,15.0,18.32944,-65.68611
W20DR-D,509,Humacao,PR,LPD,13.5,18.11094,-66.05139
W20DS-D,509,Caguas,PR,LPD,10.0,17.99111,-66.10658
W20EJ-D,509,San Juan,PR,LPD,15.0,18.27361,-66.09444
W21CX-D,515,Mayaguez,PR,LPD,1.81,18.31222,-67.19139
W22FA-D,521,Mayaguez,PR,LPD,15.0,18.14772,-66.98319
W25FY-D,539,Fajardo,PR,LPT,15.0,18.32944,-65.68611
W27DZ-D,551,Mayaguez,PR,LPD,1.0,18.22753,-67.10978
W28EH-D,557,Adjuntas,PR,LPT,0.336,18.16911,-66.70294
W28EQ-D,557,Utuado,PR,LPT,0.5,18.28194,-66.72603
W29EE-D,563,San Lorenzo,PR,LPD,15.0,18.27361,-66.09444
W30ED-D,569,Guayama,PR,LPD,15.0,18.03133,-66.11875
W31DV-D,575,Guayama,PR,LPD,14.5,18.265,-66.085
W32FB-D,581,Ceiba,PR,LPD,3.0,18.26867,-66.0555
W33ED-D,587,Vieques,PR,LPD,3.0,18.27997,-65.66917
W33EL-D,587,Caguas,PR,LPD,15.0,18.2555,-66.02347
W34FK-D,593,Anasco,PR,LPD,2.5,18.31078,-67.18544
W35DS-D,599,Yauco,PR,LPD,15.0,18.07806,-66.74833
WAPA-TV,551,San Juan,PR,DTV,1000.0,18.11319,-66.05258
WCCV-TV,599,Arecibo,PR,DTV,60.0,18.23333,-66.75917
WDWL,533,Bayamon,PR,DTV,120.0,18.278,-66.10878
WECN,497,Naranjito,PR,DTV,50.0,18.29078,-66.26683
WELU,521,Toa Baja,PR,DTV,12.7,18.29189,-66.16656
WIDP,593,Guayama,PR,DTV,40.3,18.27694,-65.85222
WIMN-CD,605,Arecibo,PR,DCA,15.0,18.45183,-66.63711
WIPM-TV,581,Mayaguez,PR,DTV,583.0,18.14767,-66.98253
WIPR-TV,545,San Juan,PR,DTV,200.0,18.265,-66.085
WIRS,491,Yauco,PR,DTV,35.2,18.32383,-67.16992
WJPX,515,San Juan,PR,DTV,1000.0,18.27722,-65.85361
WJWN-TV,587,San Sebastian,PR,DTV,621.0,18.14767,-66.98253
WKAQ-TV,557,San Juan,PR,DTV,925.0,18.11319,-66.05258
WKHD-LD,479,Mayaguez,PR,LPD,0.7,18.14992,-66.98706
WKPV,605,Ponce,PR,DTV,23.5,18.07856,-66.74683
WLII-DT,201,Caguas,PR,DTV,160.0,18.27972,-66.1125
WMTJ,479,Fajardo,PR,DTV,174.0,18.30772,-65.79486
WNJX-TV,575,Mayaguez,PR,DTV,476.0,18.14767,-66.98253
WNTE-LD,569,Mayaguez,PR,LPD,15.0,18.148,-66.98294
WOLE-DT,207,Aguadilla,PR,DTV,44.0,18.14889,-66.98889
WORA-TV,563,Mayaguez,PR,DTS,1000.0,18.14889,-66.98889
WORO-DT,213,Fajardo,PR,DTV,38.0,18.30806,-65.79444
WOST,509,Mayaguez,PR,DTV,95.0,18.14889,-66.98889
WQHA,539,Aguada,PR,DTV,21.0,18.17244,-66.59175
WQQZ-CD,533,Ponce,PR,DCA,15.0,18.07744,-66.75044
WQSJ-CD,527,Quebradillas,PR,DCA,15.0,18.31078,-67.18544
WQTO,539,Ponce,PR,DTV,800.0,18.07806,-66.74833
WRUA,485,Fajardo,PR,DTV,50.0,18.30806,-65.79444
WSJN-CD,521,San Juan,PR,DCA,12.7,18.29189,-66.16656
WSJP-LD,545,Aguadilla,PR,LPD,10.0,18.31272,-67.18222
WSJU-LD,581,Ceiba,PR,LPD,3.0,18.27856,-65.66989
WSTE-DT,177,Ponce,PR,DTS,25.0,18.04583,-66.65417
WSUR-DT,189,Ponce,PR,DTV,21.6,18.16753,-66.57661
WTCV,515,San Juan,PR,DTV,1000.0,18.27722,-65.85361
WTIN-TV,473,Ponce,PR,DTV,750.0,18.16744,-66.57628
WTPM-LD,557,Mayaguez-Anasco,PR,LPD,8.2,18.31111,-67.18456
WUJA,533,Caguas,PR,DTV,120.0,18.278,-66.10878
WUSP-LD,479,Ponce,PR,LPD,15.0,18.15217,-66.55378
WVDO-LD,69,Carolina,PR,LPD,3.0,18.27744,-65.85294
WVEO,491,Aguadilla,PR,DTV,35.2,18.32383,-67.16992
WVOZ-TV,605,Ponce,PR,DTV,23.5,18.07856,-66.74683
WVQS-LD,473,Isabel Segunda,PR,LPD,4.0,18.30806,-65.79444
WVSN,527,Humacao,PR,DTV,50.0,18.27694,-65.85222
WVTE-LD,63,Guaynabo,PR,LPD,2.7,18.27828,-66.10931
WWKQ-LD,593,Quebradillas,PR,LPD,2.5,18.47936,-66.92628
WWXY-LD,57,San Juan,PR,LPD,3.0,18.27794,-66.10886
WXWZ-LD,605,Guayama,PR,LPD,15.0,18.11056,-66.05167
W26FS-D,545,Providence,RI,LPD,15.0,41.68517,-71.51058
WJAR,539,Providence,RI,DTV,1000.0,41.86539,-71.28686
WNAC-TV,207,Providence,RI,DTV,30.0,41.87667,-71.28194
WPRI-TV,177,Providence,RI,DTV,27.0,41.87056,-71.29528
WPXQ-TV,491,Newport,RI,DTV,1000.0,41.49492,-71.78464
WRIW-CD,57,Providence,RI,DCA,13.6,41.86539,-71.28686
WSBE-TV,57,Providence,RI,DTV,13.6,41.86539,-71.28686
WYCN-LD,575,Providence,RI,LPD,12.655,41.99706,-71.15397
W04EG-D,69,Greenville,SC,LPD,3.0,34.9415,-82.41122
W04EL-D,69,Beaufort,SC,LPD,1.0,32.45528,-80.77583
W06DK-D,85,Pageland,SC,LPD,0.5,34.46528,-80.09556
W07EC-D,177,Hilton Head,SC,LPD,3.0,32.16078,-80.76339
W10AJ-D,195,Greenville,SC,LPT,3.0,34.94231,-82.41208
W14EP-D,473,"Beaufort, Etc.",SC,LPD,15.0,32.40086,-80.73928
W14FB-D,473,Florence,SC,LPD,15.0,34.27167,-79.72583
W15DC-D,479,Florence,SC,LPD,15.0,34.18083,-79.3975
W15ES-D,479,Georgetown,SC,LPD,15.0,33.44667,-79.29958
W16DY-D,485,Honea Path,SC,LPD,13.4,34.94067,-82.41122
W21FB-D,515,Greenwood,SC,LPD,15.0,34.47083,-81.88139
W22EY-D,521,Greenville,SC,LPD,2.5,35.18222,-82.68194
W25FQ-D,539,Florence,SC,LPD,15.0,34.18083,-79.3975
W29EN-D,563,Beaufort-Ladys Island,SC,LPD,15.0,32.40086,-80.73928
W30CV-D,569,Hilton Head Island,SC,DCA,13.7,32.22753,-80.85411
W31DY-D,575,Pickens,SC,LPT,0.25,34.94122,-82.41094
W31FD-D,575,Bluffton-Hilton Head,SC,LPD,15.0,32.40086,-80.73928
W33DN-D,587,Florence,SC,LPD,6.8,34.36183,-79.75147
W35ED-D,599,Florence,SC,LPD,15.0,34.28003,-79.74289
WACH,521,Columbia,SC,DTV,460.0,34.11622,-80.76386
WAZS-LD,521,North Charleston,SC,LPD,15.0,32.92861,-80.10333
WBSE-LD,551,Charleston,SC,LPD,15.0,32.82044,-79.94883
WBTW,213,Florence,SC,DTV,31.6,34.36806,-79.32222
WCBD-TV,509,Charleston,SC,DTV,779.0,32.94028,-79.69556
WCIV,539,Charleston,SC,DTV,1000.0,32.94028,-79.69556
WCSC-TV,503,Charleston,SC,DTV,625.0,32.92472,-79.69917
WEBA-TV,515,Allendale,SC,DTV,371.0,33.18778,-81.39708
WFDY-LD,575,Myrtle Beach,SC,LPD,15.0,33.60089,-79.05119
WFXB,605,Myrtle Beach,SC,DTV,1000.0,34.18889,-79.18306
WGGS-TV,563,Greenville,SC,DTS,125.0,34.94067,-82.41122
WGSC-CD,183,Murrells Inlet,SC,DCA,0.8,33.56444,-79.05194
WGSI-CD,183,Murrells Inlet,SC,DCA,0.8,33.56444,-79.05194
WGWG,593,Charleston,SC,DTV,630.0,32.92472,-79.69917
WHDC-LD,207,Charleston,SC,LPD,1.9,32.81806,-79.83528
WHMC,557,Conway,SC,DTV,950.0,33.94972,-79.10833
WHNS,491,Greenville,SC,DTV,364.0,35.18222,-82.68194
WIS,195,Columbia,SC,DTV,57.0,34.125,-80.75611
WITV,533,Charleston,SC,DTV,1000.0,32.92472,-79.69917
WJNI-LD,605,North Charleston,SC,LPD,15.0,32.92861,-80.10333
WJPM-TV,485,Florence,SC,DTV,67.0,34.28003,-79.74289
WJWJ-TV,581,Beaufort,SC,DTV,385.0,32.71181,-80.68161
WKDC-LD,485,Columbia,SC,LPD,15.0,34.11622,-80.76386
WKTC,575,Sumter,SC,DTV,426.0,34.11622,-80.76386
WLCN-CD,497,Charleston,SC,DCA,15.0,32.81806,-79.83528
WLOW-LD,569,Charleston,SC,LPD,15.0,32.82044,-79.94883
WLTX,479,Columbia,SC,DTV,700.0,34.09722,-80.76389
WMBE-LD,521,Myrtle Beach,SC,LPD,15.0,33.59111,-79.04833
WMBF-TV,581,Myrtle Beach,SC,DTV,530.0,33.73081,-79.07539
WMYA-TV,599,Anderson,SC,DTV,750.0,34.6475,-82.27
WMYT-TV,539,Rock Hill,SC,DTV,1000.0,35.36236,-81.15508
WNEH,545,Greenwood,SC,DTV,147.0,34.37219,-82.16775
WNGS-LD,587,Greenville,SC,LPD,13.0,34.94056,-82.41111
WNSC-TV,593,Rock Hill,SC,DTV,1000.0,34.83981,-81.01833
WNTV,183,Greenville,SC,DTV,180.0,34.94122,-82.41028
WOLO-TV,177,Columbia,SC,DTV,43.7,34.11622,-80.76386
WPAM-LD,497,Lexington,SC,LPD,4.0,33.82917,-81.44033
WPDE-TV,551,Florence,SC,DTV,580.0,34.3675,-79.33
WQHI-LD,587,Myrtle Beach,SC,LPD,15.0,33.78461,-78.87864
WRET-TV,183,Spartanburg,SC,DTV,180.0,34.94122,-82.41028
WRJA-TV,563,Sumter,SC,DTV,158.8,33.88111,-80.27056
WRLK-TV,587,Columbia,SC,DTV,281.0,34.11861,-80.93686
WSPA-TV,201,Spartanburg,SC,DTV,33.5,35.17019,-82.2905
WSQY-LD,605,Greenville,SC,LPD,9.5,34.9415,-82.41122
WTAT-TV,491,Charleston,SC,DTV,450.0,32.94028,-79.69556
WTES-LD,599,Columbia,SC,LPD,15.0,34.125,-80.75611
WTGS,545,Hardeeville,SC,DTV,957.0,32.04611,-81.34056
WVEB-LD,521,Florence,SC,LPD,5.0,35.19897,-80.87658
WWMB,545,Florence,SC,DTV,655.0,34.3675,-79.33
WXIV-LD,473,Myrtle Beach,SC,LPD,15.0,33.73081,-79.07539
WYFF,569,Greenville,SC,DTV,1000.0,35.11194,-82.60639
WZCH-LD,599,Charleston,SC,LPD,15.0,32.92472,-79.69917
WZRB,539,Columbia,SC,DTV,155.0,34.04417,-80.99722
K04GW-D,69,Spearfish,SD,LPT,0.028,44.4925,-103.83528
K06QJ-D,85,Sioux Falls,SD,LPD,3.0,43.505,-96.55639
K08PM-D,183,Wagner,SD,LPT,0.03,43.18917,-98.07139
K10PS-D,195,Pine Ridge,SD,LPT,0.03,43.01608,-102.57236
K14IO-D,473,Pierre,SD,LPT,1.6,44.31167,-100.35278
K14TP-D,473,Aberdeen,SD,LPD,15.0,45.42389,-98.51722
K14TQ-D,473,Rapid City,SD,LPD,15.0,44.0925,-103.24861
K15IZ-D,479,Edgemont,SD,LPT,0.03,43.36914,-103.73575
K15MY-D,479,Caputa,SD,LPD,15.0,44.06667,-103.25083
K16OI-D,485,Pierre,SD,LPD,15.0,44.37269,-100.40772
K17KW-D,491,Gettysburg,SD,LPD,4.0,45.39722,-99.94167
K17NF-D,491,Brookings,SD,LPD,4.27,44.33944,-96.76889
K17PP-D,491,Sioux Falls,SD,LPD,15.0,43.50306,-96.57722
K18OK-D,497,Sioux Falls,SD,LPD,15.0,43.57386,-96.64911
K19CG-D,503,Belle Fourche,SD,LPT,0.214,44.65664,-103.84742
K19NR-D,503,Sioux Falls,SD,LPD,15.0,43.57386,-96.64911
K20PH-D,509,Sioux Falls,SD,LPT,13.2,43.51861,-96.535
K22KD-D,521,Sioux Falls,SD,LPD,0.25,43.505,-96.55639
K22OV-D,521,Caputa,SD,LPD,15.0,44.06667,-103.25083
K24DT-D,533,Aberdeen,SD,LPT,0.737,45.47472,-98.52722
K25OU-D,539,Brookings,SD,LPD,4.5,44.30083,-96.76667
K27HJ-D,551,Pierre,SD,LPT,6.76,44.31167,-100.35278
K28OE-D,557,Watertown,SD,LPT,4.92,44.87111,-97.10972
K29OF-D,563,Deadwood,SD,LPD,15.0,44.32667,-103.83722
K31QA-D,575,Deadwood,SD,LPD,15.0,44.32667,-103.83722
K32DK-D,581,Watertown,SD,LPD,2.28,44.86556,-97.10583
K32FW-D,581,Pierre,SD,LPD,1.0,44.37192,-100.40819
K33GX-D,587,Springfield,SD,LPD,7.014,42.80722,-97.97944
K33MI-D,587,Aberdeen,SD,LPT,15.0,45.47472,-98.52722
K34GM-D,593,Pierre,SD,LPD,1.64,44.37192,-100.40819
K35GR-D,599,Badger,SD,LPT,6.76,44.4875,-97.23917
K35MW-D,599,Lead,SD,LPD,15.0,44.32833,-103.83472
K36NW-D,605,Aberdeen,SD,LPD,3.0,45.47472,-98.52722
K36NX-D,605,Pringle,SD,LPT,4.346,43.74528,-103.48111
KAUN-LD,539,Sioux Falls,SD,LPD,0.72,43.53556,-96.74306
KBHE-TV,545,Rapid City,SD,DTV,79.06,44.05222,-103.24333
KCLO-TV,485,Rapid City,SD,DTV,150.0,44.07028,-103.25083
KCPO-LD,545,Sioux Falls,SD,LPD,5.0,43.55389,-96.685
KCSD-TV,533,Sioux Falls,SD,DTV,80.9,43.57442,-96.65558
KCWS-LD,551,Sioux Falls,SD,LPD,0.72,43.53556,-96.74306
KDLO-TV,63,Florence,SD,DTV,14.4,44.96556,-97.58972
KDLT-TV,515,Sioux Falls,SD,DTV,589.0,43.505,-96.55639
KDLV-TV,545,Mitchell,SD,DTV,1000.0,43.75917,-98.4125
KDSD-TV,491,Aberdeen,SD,DTV,37.82,45.49833,-97.67472
KELO-TV,201,Sioux Falls,SD,DTV,30.0,43.51861,-96.535
KESD-TV,183,Brookings,SD,DTV,15.0,44.33778,-97.22861
KEVN-LD,527,Rapid City,SD,LPD,15.0,44.06667,-103.25083
KEVN-TV,177,Rapid City,SD,DTV,43.5,44.06667,-103.25083
KHME,57,Rapid City,SD,DTV,18.2,44.06872,-103.25139
KIVV-TV,79,Lead,SD,DTV,9.2,44.325,-103.83778
KKRA-LD,539,Rapid City,SD,LPD,2.6,44.0925,-103.24861
KNBN,515,Rapid City,SD,DTV,50.0,44.0925,-103.24861
KPLO-TV,213,Reliance,SD,DTV,46.9,43.9075,-99.69639
KPRY-TV,503,Pierre,SD,DTV,311.0,44.05194,-100.08444
KPSD-TV,213,Eagle Butte,SD,DTV,27.0,45.05389,-102.26361
KQME,195,Lead,SD,DTV,34.8,44.32667,-103.83722
KQSD-TV,201,Lowry,SD,DTV,33.72,45.27722,-99.98639
KRPC-LP,587,Rapid City,SD,LPD,15.0,44.04694,-103.24639
KSFL-TV,605,Sioux Falls,SD,DTV,36.9,43.50389,-96.57189
KSFY-TV,213,Sioux Falls,SD,DTV,22.7,43.51861,-96.535
KSXF-LD,527,Sioux Falls,SD,LPD,15.0,43.79317,-96.80997
KTSD-TV,195,Pierre,SD,DTV,54.7,43.96806,-99.59472
KTTM,207,Huron,SD,DTV,12.6,44.19417,-98.31833
KTTW,177,Sioux Falls,SD,DTV,7.5,43.50389,-96.57189
KUSD-TV,593,Vermillion,SD,DTV,277.0,43.05028,-96.78389
KWBH-LD,551,Rapid City,SD,LPD,2.6,44.0925,-103.24861
KZSD-TV,183,Martin,SD,DTV,44.7,43.43306,-101.555
K35QL-D,599,Memphis,TN,LPD,15.0,35.31361,-90.25639
KPMF-LD,533,Memphis,TN,LPD,15.0,35.27583,-89.77722
W02DC-D,57,Nashville,TN,LPD,3.0,36.00467,-86.83381
W05DS-D,79,Memphis,TN,LPD,3.0,35.17472,-89.84528
W08ES-D,183,Memphis,TN,LPD,3.0,34.91714,-89.79428
W09DM-D,189,Nashville,TN,LPD,3.0,36.17703,-86.77811
W09DQ-D,189,Murfreesboro,TN,LPD,3.0,35.86986,-86.38758
W09DU-D,189,Memphis,TN,LPD,0.11,35.11225,-89.892
W11DM-D,201,Collegedale,TN,LPD,3.0,35.02581,-85.07353
W12DR-D,207,Jackson,TN,LPD,1.0,35.46861,-89.28111
W12EB-D,207,Clarksville,TN,LPD,3.0,36.63489,-87.31775
W13DZ-D,213,Nashville,TN,LPD,0.4,36.15167,-86.78583
W14EE-D,473,Algood,TN,LPD,15.0,36.19247,-85.42314
W15EA-D,479,Memphis,TN,DCA,15.0,35.27583,-89.77722
W16ET-D,485,Athens,TN,LPD,1.0,35.46433,-84.59994
W18EW-D,497,Jackson,TN,LPD,2.5,35.87825,-87.72
W18FQ-D,497,Nashville,TN,LPD,15.0,36.26803,-86.79575
W19FF-D,503,Knoxville,TN,LPD,15.0,35.99567,-83.95642
W21FC-D,515,Memphis,TN,LPD,15.0,35.17472,-89.84528
W23FY-D,527,Knoxville,TN,LPD,2.5,35.99567,-83.95642
W26ET-D,545,Murfreesboro/Smyrna,TN,LPD,5.0,35.21,-85.27842
W29FR-D,563,Lebanon-Nashville,TN,LPD,15.0,36.15361,-86.37944
W29GO-D,563,Chattanooga,TN,LPD,15.0,35.12922,-85.33381
W30EG-D,569,Knoxville,TN,LPD,15.0,35.99567,-83.95642
W32EV-D,581,Lexington,TN,DCA,15.0,35.23217,-88.36022
W33EB-D,587,Olive Hill,TN,LPD,15.0,35.20647,-88.05892
W34GK-D,593,Cleveland,TN,LPD,12.0,35.23358,-84.85453
W35EY-D,599,Knoxville,TN,LPD,15.0,35.99567,-83.95642
WANF-LD,581,Dyersburg,TN,LPD,10.0,36.07739,-89.49117
WAPK-CD,485,Bristol Va/Kingsport,TN,DCA,13.0,36.43139,-82.1375
WATE-TV,545,Knoxville,TN,DTV,930.0,36.00356,-83.94278
WATN-TV,539,Memphis,TN,DTV,1000.0,35.27583,-89.77722
WBBJ-TV,599,Jackson,TN,DTV,857.0,35.63778,-88.6925
WBII-CD,509,Memphis,TN,DCA,15.0,34.83528,-89.17528
WBIR-TV,195,Knoxville,TN,DTV,40.9,36.00528,-83.93972
WBXX-TV,575,Crossville,TN,DTV,834.0,36.10917,-84.33806
WCKV-LD,521,Clarksville,TN,LPD,15.0,36.52753,-87.35833
WCNT-LD,479,Chattanooga,TN,LPD,15.0,35.14828,-85.02272
WCTE,521,Cookeville,TN,DTV,200.0,36.17389,-85.34361
WDDA-LD,533,Chattanooga,TN,LPD,15.0,35.12922,-85.33381
WDEF-TV,183,Chattanooga,TN,DTV,35.9,35.135,-85.32361
WDHC-LD,497,Dickson-Nashville,TN,LPD,4.0,36.29333,-87.30567
WDNM-LD,521,Memphis,TN,LPD,15.0,35.17472,-89.84528
WDNN-CD,509,Chattanooga,TN,DCA,15.0,35.21,-85.27842
WDSI-TV,473,Chattanooga,TN,DTV,120.0,35.16075,-85.31828
WDTT-LD,491,Knoxville,TN,LPD,15.0,35.99567,-83.95642
WEMT,557,Greeneville,TN,DTV,1000.0,36.4495,-82.10797
WETP-TV,533,Sneedville,TN,DTV,313.0,36.38119,-83.18022
WEZK-LD,485,Knoxville,TN,LPD,15.0,36.01,-83.9325
WFBI-LD,593,South East Memphis,TN,LPD,15.0,35.20953,-89.81706
WFET-LD,563,Columbia,TN,LPD,15.0,35.62922,-86.92503
WFLI-TV,527,Cleveland,TN,DTV,550.0,35.16075,-85.31828
WHBQ-TV,213,Memphis,TN,DTV,95.0,35.17472,-89.84528
WHTN,485,Murfreesboro,TN,DTV,900.0,36.08342,-86.43078
WIIW-LD,473,Nashville,TN,LPD,15.0,36.14083,-86.86556
WJDE-CD,527,Nashville,TN,DCA,15.0,36.23497,-86.75536
WJDP-LD,201,Pigeon Forge,TN,LPD,0.25,35.81203,-83.66794
WJFB,539,Lebanon,TN,DTV,1000.0,36.26803,-86.79575
WJHL-TV,189,Johnson City,TN,DTV,38.0,36.43186,-82.13756
WJKT,515,Jackson,TN,DTV,193.0,35.79083,-89.09944
WJNK-LD,593,Nashville,TN,LPD,15.0,36.26803,-86.79575
WKNO,563,Memphis,TN,DTV,835.0,35.15444,-89.82222
WKNX-TV,177,Knoxville,TN,DTV,55.0,36.01,-83.9325
WKOP-TV,563,Knoxville,TN,DTV,146.0,35.99567,-83.95642
WKPT-CD,521,Kingsport,TN,DCA,3.5,36.52689,-82.58686
WKPT-TV,581,Kingsport,TN,DTV,265.0,36.43139,-82.1375
WKPZ-CD,503,Kingsport,TN,DCA,15.0,36.52689,-82.58686
WKRN-TV,551,Nashville,TN,DTV,1000.0,36.04722,-86.83028
WKUW-LD,557,White House,TN,LPD,10.0,36.26803,-86.79575
WLJT-DT,551,Lexington,TN,DTV,142.0,35.70333,-88.60278
WLLC-LD,503,Nashville,TN,LPD,14.9,36.16361,-86.77917
WLMT,575,Memphis,TN,DTV,1000.0,35.27583,-89.77722
WMC-TV,569,Memphis,TN,DTV,515.0,35.16861,-89.885
WNAB,569,Nashville,TN,DTV,510.0,36.26383,-86.79414
WNBA-LD,177,Memphis,TN,LPD,3.0,35.17472,-89.84528
WNBJ-LD,485,Jackson,TN,LPD,15.0,35.60314,-88.79783
WNPT,177,Nashville,TN,DTV,17.65,36.04719,-86.83014
WNPX-LD,533,Nashville,TN,LPD,12.0,35.92225,-86.71283
WNPX-TV,581,Franklin,TN,DTV,550.0,36.52667,-86.68722
WNTU-LD,545,Nashville,TN,LPD,15.0,36.26803,-86.79575
WOOT-LD,503,Chattanooga,TN,LPD,15.0,35.20722,-85.28111
WOPI-CD,201,"Bristol,Va/Kingsport",TN,DCA,3.0,36.43139,-82.1375
WPDP-CD,587,Cleveland,TN,DCA,11.58,35.13478,-84.62242
WPED-LD,503,Memphis,TN,LPD,15.0,34.98944,-89.8625
WPGD-TV,587,Hendersonville,TN,DTV,1000.0,36.26803,-86.79575
WPGF-LD,85,Memphis,TN,LPD,3.0,35.20953,-89.81706
WPRQ-LD,201,Memphis,TN,LPD,3.0,35.11225,-89.892
WPXK-TV,497,Jellico,TN,DTV,1000.0,36.00528,-83.93972
WPXX-TV,587,Memphis,TN,DTV,537.0,35.21139,-89.815
WQEK-LD,491,Memphis,TN,LPD,10.0,35.27583,-89.77722
WQEO-LD,581,Memphis,TN,LPD,15.0,35.27583,-89.77722
WRCB,213,Chattanooga,TN,DTV,160.0,35.16117,-85.31411
WREG-TV,557,Memphis,TN,DTV,906.0,35.18111,-89.83222
WRTN-LD,491,Alexandria,TN,LPD,11.8,36.26803,-86.79575
WSMV-TV,195,Nashville,TN,DTV,42.4,36.14083,-86.86556
WTCI,599,Chattanooga,TN,DTV,200.0,35.20722,-85.28111
WTME-LD,473,Memphis,TN,LPD,15.0,35.17472,-89.84528
WTNB-CD,79,Cleveland,TN,DCA,3.0,35.20722,-85.28111
WTNX-LD,479,Nashville,TN,LPD,15.0,36.26803,-86.79575
WTNZ,479,Knoxville,TN,DTV,280.0,35.99567,-83.95642
WTVC,189,Chattanooga,TN,DTV,90.0,35.16075,-85.31828
WTVF,605,Nashville,TN,DTV,1000.0,36.26806,-86.78778
WTWV,527,Memphis,TN,DTV,1000.0,35.20953,-89.81706
WUWT-LD,533,Union City,TN,LPD,14.3,36.44617,-89.03672
WUXP-TV,515,Nashville,TN,DTV,1000.0,36.26383,-86.79414
WVLR,605,Tazewell,TN,DTV,798.0,36.25842,-83.6285
WVLT-TV,593,Knoxville,TN,DTV,1000.0,35.99567,-83.95642
WWHL-LD,575,Nashville,TN,LPD,14.3,36.04633,-86.82964
WWWB-LD,63,Clarkrange,TN,LPD,3.0,35.98339,-85.04022
WWWN-LD,485,Memphis,TN,LPD,15.0,35.20953,-89.81706
WYHB-CD,539,Chattanooga,TN,DCA,15.0,35.21,-85.27842
WYJJ-LD,593,Jackson,TN,LPD,15.0,35.64697,-88.83339
WZTV,509,Nashville,TN,DTV,1000.0,36.26383,-86.79414
K02RA-D,57,Beaumont,TX,LPD,0.06,29.97669,-93.93356
K03IJ-D,63,College Station,TX,LPD,2.73,30.55458,-96.03119
K03JE-D,63,Victoria,TX,LPD,0.75,29.19278,-97.46444
K04SD-D,69,Nixon,TX,LPD,1.2,29.43308,-97.84417
K06QA-D,85,Odessa,TX,LPD,1.0,32.08639,-102.28667
K07AAD-D,177,Fort Worth,TX,LPD,1.4,32.73892,-97.09161
K07AAE-D,177,Lingleville-Crowley,TX,LPD,3.0,32.69489,-97.50547
K07AAF-D,177,Corsicana,TX,LPD,3.0,32.39069,-97.40114
K09YZ-D,189,Beeville-Refugio,TX,DCA,0.3,28.38894,-97.47197
K11XN-D,201,Mineral Wells,TX,LPD,0.2,32.69489,-97.50547
K12XA-D,207,Abilene,TX,LPD,3.0,32.10056,-98.34639
K12XO-D,207,Midland/Odessa,TX,LPD,0.1,32.08639,-102.28667
K12XZ-D,207,League City/Texas City,TX,LPD,3.0,29.59344,-95.05364
K13ZQ-D,213,Lubbock,TX,LPT,3.0,33.52606,-101.86906
K14NR-D,473,Marshall,TX,LPD,15.0,32.55953,-94.41022
K14QT-D,473,Texarkana,TX,LPD,15.0,33.43119,-94.087
K14QV-D,473,Childress,TX,LPT,0.25,34.44153,-100.23803
K15NK-D,479,Lubbock,TX,LPD,15.0,33.51606,-101.84886
K16LY-D,485,Childress,TX,LPT,0.25,34.44153,-100.23803
K17DS-D,491,Clarendon,TX,LPT,0.51,34.90306,-100.93028
K17HI-D,491,Amarillo,TX,LPD,1.5,35.24206,-101.81242
K17MJ-D,491,San Antonio,TX,LPD,15.0,29.44164,-98.50633
K17MP-D,491,Midland,TX,LPD,15.0,32.025,-101.96844
K17OS-D,491,Laredo,TX,LPD,0.1,27.40028,-99.44778
K17PM-D,491,Brownwood,TX,LPT,10.0,31.86997,-99.12053
K18MD-D,497,Childress,TX,LPT,0.25,34.44153,-100.23803
K18NO-D,497,Lubbock,TX,LPD,0.1,33.55333,-101.82083
K18OA-D,497,Abilene,TX,LPD,0.75,32.41344,-100.10731
K18OO-D,497,Bryan,TX,LPD,6.0,30.68783,-96.42567
K19KE-D,503,Wichita Falls,TX,LPD,15.0,33.90111,-98.53944
K20PC-D,509,Centerville,TX,LPD,15.0,31.06628,-95.5265
K21GU-D,515,Midland,TX,LPD,0.1,31.95833,-102.13333
K21IR-D,515,Childress,TX,LPT,0.25,34.44153,-100.23803
K21NW-D,515,Tulia,TX,LPT,0.464,34.53667,-101.74083
K21OC-D,515,Corpus Christi,TX,LPD,15.0,27.79097,-97.45069
K21PE-D,515,Tyler,TX,LPD,15.0,32.54,-95.22
K21PO-D,515,Bryan,TX,LPD,15.0,30.63297,-96.2745
K22JA-D,521,Corpus Christi,TX,DCA,15.0,27.75914,-97.60758
K22JR-D,521,Turkey,TX,LPT,0.47,34.40033,-101.12014
K22NO-D,521,Tulia,TX,LPT,0.464,34.53667,-101.74083
K22NR-D,521,Stephenville,TX,LPD,15.0,32.26917,-98.31444
K22OK-D,521,Calvert,TX,LPD,3.2,30.93983,-96.58514
K22PQ-D,521,Abilene,TX,LPD,15.0,32.38739,-99.78106
K23DE-D,527,Childress,TX,LPT,0.25,34.44153,-100.23803
K24HH-D,533,Wichita Falls,TX,DCA,5.0,33.88972,-98.55861
K24IX-D,533,Turkey,TX,LPT,0.47,34.40033,-101.12014
K24MO-D,533,Tyler,TX,LPD,0.1,32.35167,-95.30083
K24NK-D,533,Memphis,TX,LPT,0.46,34.805,-100.60361
K24NR-D,533,Amarillo,TX,LPD,0.1,35.30917,-101.69917
K24OJ-D,533,Uvalde,TX,LPT,4.28,29.53203,-99.74447
K25CP-D,539,Tulia,TX,LPT,0.478,34.53667,-101.74083
K25CQ-D,539,Childress,TX,LPT,0.25,34.44153,-100.23803
K25LG-D,539,Tyler,TX,LPD,15.0,32.06139,-95.31417
K25OB-D,539,San Antonio,TX,DCA,15.0,29.27494,-98.26472
K25QA-D,539,Odessa,TX,LPD,0.15,31.85206,-102.45569
K26JR-D,545,Turkey,TX,LPT,0.47,34.40033,-101.12014
K26KC-D,545,Dallas,TX,LPD,4.45,32.58408,-96.96356
K26NK-D,545,Wichita Falls,TX,LPT,15.0,33.89,-98.55875
K26OL-D,545,Mineral Wells,TX,LPD,15.0,32.85139,-98.10883
K26PJ-D,545,Lubbock,TX,LPD,15.0,33.50231,-101.87258
K26PS-D,545,Dallas,TX,LPD,15.0,33.11369,-96.48789
K27HM-D,551,Quanah,TX,LPT,0.25,34.21139,-99.735
K27OG-D,551,Clarendon,TX,LPT,0.51,34.90306,-100.93028
K27OJ-D,551,El Paso,TX,LPD,15.0,31.80525,-106.48353
K28KV-D,557,Turkey,TX,LPT,0.47,34.40033,-101.12014
K28OF-D,557,Memphis,TX,LPT,0.46,34.805,-100.60361
K28QF-D,557,Sherman,TX,LPD,15.0,34.03278,-96.80028
K28QM-D,557,Beaumont,TX,LPD,0.2,30.06764,-94.14878
K28QN-D,557,Willis,TX,LPD,15.0,30.59997,-95.90544
K29FR-D,563,Quanah,TX,LPT,0.25,34.21139,-99.735
K29MZ-D,563,Clarendon,TX,LPT,0.51,34.90306,-100.93028
K29NW-D,563,Midland,TX,LPD,0.1,31.95833,-102.13333
K29OH-D,563,Victoria,TX,LPD,15.0,28.69153,-96.52406
K29OV-D,563,Texarkana,TX,LPD,15.0,33.44628,-94.07642
K30HH-D,569,Memphis,TX,LPT,0.46,34.805,-100.60361
K30LD-D,569,Wichita Falls,TX,LPD,0.1,33.90869,-98.49614
K30QR-D,569,Bryan,TX,LPD,15.0,30.63297,-96.2745
K30RB-D,569,Beaumont,TX,LPD,0.3,29.97667,-93.93417
K30RN-D,569,Texarkana,TX,LPD,15.0,33.43372,-94.10714
K31HC-D,575,Quanah,TX,LPT,0.25,34.21139,-99.735
K31KJ-D,575,Big Springs,TX,LPT,15.0,32.22178,-101.45872
K31KK-D,575,Kingsville-Alice,TX,DCA,15.0,27.66972,-97.91678
K31OV-D,575,Clarendon,TX,LPT,0.51,34.90306,-100.93028
K31PR-D,575,Alto,TX,LPD,15.0,31.76894,-95.10456
K32EH-D,581,Memphis,TX,LPT,0.46,34.805,-100.60361
K32OC-D,581,Corpus Christi,TX,LPD,15.0,27.79097,-97.45069
K32OJ-D,581,Austin,TX,LPD,7.5,30.28642,-97.73939
K32OV-D,581,Lubbock,TX,LPD,15.0,33.51606,-101.84886
K33HG-D,587,Quanah,TX,LPT,0.25,34.21139,-99.735
K33PX-D,587,Clarendon,TX,LPT,0.51,34.90306,-100.93028
K33QP-D,587,Corpus Christi,TX,LPD,15.0,27.84081,-97.54625
K34FM-D,509,Austin,TX,LPD,15.0,30.3225,-97.80111
K34KO-D,593,Tulia,TX,LPT,0.464,34.53667,-101.74083
K34LK-D,593,Beaumont,TX,LPD,1.0,30.04389,-94.11944
K34MX-D,593,Odessa,TX,LPD,8.0,32.08639,-102.28667
K34NB-D,593,Lubbock,TX,LPD,0.1,33.55333,-101.82083
K34NQ-D,593,Memphis,TX,LPT,0.46,34.805,-100.60361
K34RK-D,593,Albany,TX,LPT,14.7,32.71094,-99.42172
K34RM-D,593,Jasper,TX,LPT,15.0,30.97556,-93.99028
K35EM-D,599,Quitaque,TX,LPT,0.51,34.40033,-101.12014
K35MF-D,599,Big Spring,TX,LPD,0.1,32.28206,-101.49319
K35PH-D,599,College Station,TX,LPD,0.2,30.64306,-96.33139
K35QF-D,599,Beaumont,TX,LPD,15.0,30.19056,-93.88547
K36CA-D,605,Memphis,TX,LPT,0.46,34.805,-100.60361
K36CC-D,605,Tulia,TX,LPT,0.464,34.53667,-101.74083
K36ID-D,605,Beaumont,TX,LPD,15.0,30.19056,-93.88556
K36LD-D,605,Austin,TX,LPD,15.0,30.66103,-96.41669
K36ND-D,605,Victoria,TX,LPD,0.7,28.77247,-96.95497
K36PZ-D,605,Big Spring,TX,LPD,0.1,32.28206,-101.49319
K36QA-D,605,Lufkin,TX,LPD,0.1,31.36078,-94.64872
KABB,569,San Antonio,TX,DTV,1000.0,29.29139,-98.27028
KABI-LD,581,Snyder,TX,LPD,1.33,32.75944,-100.91306
KACV-TV,189,Amarillo,TX,DTV,30.0,35.34253,-101.82256
KADF-LD,509,Austin,TX,LPD,15.0,30.3225,-97.80111
KADT-LD,485,Austin,TX,LPD,3.0,30.32328,-97.79986
KAGS-LD,527,Bryan,TX,LPD,2.1,30.68783,-96.42567
KAHO-LD,69,Woodville,TX,LPD,3.0,29.82611,-95.37664
KAKW-DT,213,Killeen,TX,DTV,39.0,30.72619,-97.99039
KAMC,551,Lubbock,TX,DTV,1000.0,33.52606,-101.86906
KAMR-TV,503,Amarillo,TX,DTV,400.0,35.34253,-101.82256
KAMU-TV,207,College Station,TX,DTV,3.2,30.63,-96.34278
KANG-LD,515,San Angelo,TX,LPD,5.9,31.49639,-100.47789
KAOB-LD,581,Beaumont,TX,LPD,7.0,30.10989,-94.02842
KAOM-LD,533,Sweetwater,TX,LPD,0.275,32.41344,-100.10731
KAUO-LD,473,Amarillo,TX,LPD,3.0,35.17386,-101.95403
KAUZ-TV,521,Wichita Falls,TX,DTV,433.0,33.90111,-98.53944
KAVU-TV,509,Victoria,TX,DTV,1000.0,28.84539,-97.12611
KAXW-LD,599,Mullin,TX,LPD,15.0,31.31258,-97.25744
KAXX-LD,599,San Antonio,TX,LPD,15.0,29.44164,-98.50633
KAZD,575,Lake Dallas,TX,DTV,1000.0,32.58764,-96.96667
KAZH-LD,599,Mcallen,TX,LPD,5.0,26.25703,-98.23181
KBFW-LD,85,Arlington,TX,LPD,0.3,32.75028,-97.33444
KBJE-LD,563,Tyler,TX,LPD,1.0,32.25944,-95.36778
KBMN-LD,189,Houston,TX,LPD,3.0,29.80172,-95.23439
KBMT,207,Beaumont,TX,DTV,26.3,30.19056,-93.88556
KBOP-LD,509,Dallas-Ft Worth,TX,LPD,15.0,32.58889,-96.96831
KBPX-LD,551,Houston,TX,LPD,15.0,29.76022,-95.36381
KBTV-TV,551,Port Arthur,TX,DTV,1000.0,30.15575,-93.98628
KBTX-TV,485,Bryan,TX,DTV,685.0,30.55458,-96.03119
KBVO,551,Llano,TX,DTV,660.0,30.67694,-98.56667
KBVO-CD,575,Austin,TX,DCA,15.0,30.32611,-97.79972
KBZO-LD,569,Lubbock,TX,LPD,15.0,33.52606,-101.86906
KCBD,599,Lubbock,TX,DTV,1000.0,33.50231,-101.87258
KCCX-LD,533,Corpus Christi,TX,LPD,15.0,27.79097,-97.45069
KCEB,599,Longview,TX,DTV,15.0,32.45436,-95.13064
KCEN-TV,189,Temple,TX,DTV,25.0,31.27361,-97.22083
KCIT,479,Amarillo,TX,DTV,925.0,35.34253,-101.82256
KCOR-CD,551,San Antonio,TX,DCA,15.0,29.41833,-98.49222
KCOS,213,El Paso,TX,DTV,42.0,31.7875,-106.48028
KCPN-LD,587,Amarillo,TX,LPD,15.0,35.34253,-101.82256
KCRP-CD,491,Corpus Christi,TX,DCA,15.0,27.76975,-97.44886
KCTL-LD,563,Livingston,TX,LPD,11.0,30.34294,-95.1255
KCVH-LD,85,Houston,TX,LPD,3.0,29.56256,-95.50997
KCWT-CD,527,La Feria,TX,DCA,15.0,26.08861,-98.0625
KCWX,183,Fredericksburg,TX,DTS,35.0,30.13714,-98.61003
KDAF,581,Dallas,TX,DTV,780.0,32.54317,-96.95914
KDBC-TV,497,El Paso,TX,DTV,1000.0,31.81528,-106.48944
KDFI,551,Dallas,TX,DTV,1000.0,32.58533,-96.97836
KDFW,599,Dallas,TX,DTV,1000.0,32.58533,-96.97836
KDHU-LD,177,Houston,TX,LPD,0.3,29.57111,-95.51056
KDJB-LD,551,Hondo,TX,LPD,8.0,29.36306,-99.62083
KDKJ-LD,551,Tyler,TX,LPD,3.0,32.25944,-95.36778
KDTN,563,Denton,TX,DTV,415.0,32.58944,-96.97025
KDTX-TV,515,Dallas,TX,DTV,735.0,32.58944,-96.97025
KEDT,527,Corpus Christi,TX,DTV,50.0,27.65583,-97.56556
KEHO-LD,563,Houston,TX,LPD,15.0,29.80172,-95.23439
KENS,563,San Antonio,TX,DTV,1000.0,29.26986,-98.26553
KEOO-LD,533,Midland,TX,LPD,15.0,32.08639,-102.28667
KEOT-LD,575,Abilene,TX,LPD,0.775,32.41344,-100.10731
KERA-TV,473,Dallas,TX,DTV,975.0,32.54333,-96.95917
KETF-CD,575,Laredo,TX,DCA,15.0,27.52028,-99.52222
KETH-TV,533,Houston,TX,DTV,1000.0,29.57103,-95.51064
KETK-TV,521,Jacksonville,TX,DTV,1000.0,32.06139,-95.31417
KEUS-LD,515,San Angelo,TX,LPD,5.9,31.49639,-100.47789
KEYE-TV,593,Austin,TX,DTV,1000.0,30.32203,-97.8035
KEYU,575,Borger,TX,DTV,700.0,35.29283,-101.84539
KFAA-TV,569,Decatur,TX,DTV,1000.0,32.58533,-96.97836
KFAW-LD,581,Midland,TX,LPD,15.0,32.29583,-102.16667
KFDA-TV,195,Amarillo,TX,DTV,62.0,35.29278,-101.84556
KFDM,479,Beaumont,TX,DTV,560.0,30.14028,-93.97917
KFDX-TV,557,Wichita Falls,TX,DTV,1000.0,33.88972,-98.55861
KFLZ-LD,85,San Antonio,TX,LPD,3.0,29.35861,-98.35222
KFOX-TV,479,El Paso,TX,DTV,1000.0,31.81528,-106.48944
KFTH-DT,605,Alvin,TX,DTV,1000.0,29.57111,-95.51056
KFWD,189,Fort Worth,TX,DTV,26.0,32.58889,-96.96831
KFXK-TV,509,Longview,TX,DTV,845.0,32.26011,-94.95089
KFXL-LD,563,Lufkin,TX,LPD,15.0,31.36556,-94.76667
KFXV-LD,509,Mcallen,TX,LPD,15.0,26.08861,-98.0625
KGBS-CD,503,Austin,TX,DCA,15.0,30.32328,-97.79986
KGBT-TV,497,Harlingen,TX,DTV,362.0,26.10064,-97.83931
KGEW-LD,587,Port Arthur,TX,LPD,15.0,29.97667,-93.93417
KGMM-CD,605,San Antonio,TX,DCA,15.0,29.44164,-98.50633
KGNS-TV,183,Laredo,TX,DTV,20.0,27.67278,-99.66444
KGSA-LD,527,San Antonio,TX,LPD,7.0,29.42058,-98.50647
KGSW-LD,521,Keene,TX,LPD,7.0,32.40569,-97.33203
KHCE-TV,485,San Antonio,TX,DTV,1000.0,29.29025,-98.25583
KHFD-LD,213,Denton,TX,LPD,3.0,32.58408,-96.96356
KHLM-LD,195,Houston,TX,LPD,3.0,29.56256,-95.50997
KHOU,201,Houston,TX,DTV,60.0,29.56106,-95.50125
KHPF-CD,599,Fredericksburg,TX,DCA,0.06,30.30417,-98.86472
KHPK-LD,195,De Soto,TX,LPD,3.0,32.58944,-96.97025
KHPL-CD,479,La Grange,TX,DCA,0.023,29.91269,-96.88161
KHPM-CD,509,San Marcos,TX,DCA,0.024,29.89086,-97.94864
KHPX-CD,563,Georgetown,TX,DCA,0.189,30.60139,-97.65972
KHPZ-CD,539,Round Rock,TX,DCA,0.085,30.60139,-97.65972
KHTM-LD,213,Lufkin,TX,LPD,0.1,31.36078,-94.64872
KHTX-LD,563,Huntsville,TX,LPD,15.0,30.70347,-95.476
KHXL-LD,207,Houston,TX,LPD,2.25,29.70494,-95.74883
KIAH,593,Houston,TX,DTV,1000.0,29.56861,-95.49944
KIBN-LD,533,Lufkin,TX,LPD,5.0,31.36722,-94.76556
KIDY,503,San Angelo,TX,DTV,3.7,31.58944,-100.51694
KIII,183,Corpus Christi,TX,DTV,160.0,27.65861,-97.60139
KINT-TV,539,El Paso,TX,DTV,1000.0,31.79611,-106.48306
KISA-LD,521,San Antonio,TX,LPD,15.0,29.44164,-98.50633
KITU-TV,563,Beaumont,TX,DTV,920.0,30.17833,-93.9075
KIVY-LD,491,Crockett,TX,LPD,15.0,31.30572,-95.45189
KJBO-LD,599,Wichita Falls,TX,LPD,10.0,33.89,-98.55875
KJJM-LD,207,Dallas & Mesquite,TX,LPD,2.5,32.73892,-97.09161
KJST-LD,201,Mcallen,TX,LPD,3.0,26.25703,-98.23181
KJTL,479,Wichita Falls,TX,DTV,1000.0,34.20139,-98.72944
KJTV-CD,587,Wolfforth,TX,DCA,15.0,33.50231,-101.87258
KJTV-TV,201,Lubbock,TX,DTV,41.0,33.54164,-101.83711
KJYK-LD,503,Beaumont,TX,LPD,15.0,29.97669,-93.93356
KKPD-LD,569,Tyler,TX,LPD,5.0,32.25944,-95.36778
KLAO-LD,63,Corpus Christi,TX,LPD,0.1,27.8,-97.39194
KLBB-LD,503,Lubbock,TX,LPD,15.0,33.50231,-101.87258
KLBK-TV,575,Lubbock,TX,DTV,400.0,33.52606,-101.86906
KLCW-TV,527,Wolfforth,TX,DTV,200.0,33.50231,-101.87258
KLDO-TV,503,Laredo,TX,DTV,150.0,27.66525,-99.60872
KLEG-CD,557,Dallas,TX,DCA,15.0,32.78,-96.80389
KLGV-LD,605,Longview,TX,LPD,8.0,32.44917,-94.72667
KLKW-LD,521,Amarillo,TX,LPD,1.0,35.1725,-101.95417
KLMV-LD,479,Laredo,TX,LPD,15.0,27.52469,-99.52244
KLNM-LD,581,Lufkin,TX,LPD,2.0,31.373,-94.66231
KLRN,189,San Antonio,TX,DTV,28.0,29.3275,-98.355
KLRU,521,Austin,TX,DTV,700.0,30.32203,-97.8035
KLST,201,San Angelo,TX,DTV,18.8,31.36722,-100.04694
KLTJ,527,Galveston,TX,DTV,350.0,29.57111,-95.51056
KLTV,177,Tyler,TX,DTV,66.0,32.54,-95.22
KLUF-LD,551,Lufkin,TX,LPD,0.1,31.36078,-94.64872
KLUJ-TV,515,Harlingen,TX,DTV,33.9,26.21694,-97.78028
KMBH,485,Harlingen,TX,DTV,618.0,26.12083,-97.82194
KMDF-LD,521,Midland,TX,LPD,15.0,31.89731,-102.33764
KMID,545,Midland,TX,DTV,1000.0,32.09761,-102.28958
KMLM-DT,479,Odessa,TX,DTV,27.9,32.0485,-102.30156
KMOL-LD,491,Victoria,TX,LPD,15.0,28.84539,-97.12611
KMYL-LD,521,Lubbock,TX,LPD,15.0,33.50231,-101.87258
KMYS,581,Kerrville,TX,DTV,1000.0,29.61078,-98.89281
KNAV-LD,521,Dallas,TX,LPD,15.0,32.58944,-96.97025
KNCD-LD,527,Nacogdoches,TX,LPD,0.75,31.41944,-94.80111
KNCT,491,Belton,TX,DTV,1000.0,31.322,-97.3175
KNIC-DT,497,Blanco,TX,DTV,1000.0,29.69683,-98.51272
KNKC-LD,563,Lubbock,TX,LPD,15.0,33.51606,-101.84886
KNVA,527,Austin,TX,DTV,500.0,30.32611,-97.79972
KNVO,491,Mcallen,TX,DTV,1000.0,26.08861,-98.0625
KNWS-LD,551,Brownsville,TX,LPD,15.0,26.15042,-97.51631
KNXG-LD,551,College Station,TX,LPD,15.0,30.55458,-96.03119
KOBS-LD,503,San Antonio,TX,LPD,2.0,29.76797,-98.24336
KODF-LD,63,Dallas,TX,LPD,2.5,32.58408,-96.96356
KOPS-LD,539,Beaumont,TX,LPD,15.0,30.13389,-94.11944
KORO,551,Corpus Christi,TX,DTV,1000.0,27.70806,-97.63333
KOSA-TV,177,Odessa,TX,DTV,48.0,31.86411,-102.57847
KPBT-TV,557,Odessa,TX,DTV,515.0,32.08639,-102.28667
KPCB-DT,491,Snyder,TX,DTV,5.0,32.78111,-100.89806
KPEJ-TV,527,Odessa,TX,DTV,600.0,32.09761,-102.28958
KPFW-LD,79,Dallas,TX,LPD,3.0,32.73892,-97.09161
KPKN-LD,599,Tyler,TX,LPD,15.0,32.45436,-95.13064
KPLE-CD,569,Killeen,TX,DCA,9.3,31.08083,-97.745
KPRC-TV,599,Houston,TX,DTV,1000.0,29.56861,-95.49944
KPTB-DT,485,Lubbock,TX,DTV,50.0,33.55333,-101.82083
KPTD-LP,563,Paris,TX,LPD,415.0,32.58944,-96.97025
KPTF-DT,497,Farwell,TX,DTV,50.0,34.43925,-103.20661
KPXB-TV,581,Conroe,TX,DTV,1000.0,29.56106,-95.50125
KPXD-TV,539,Arlington,TX,DTV,1000.0,32.59028,-96.97333
KPXL-TV,545,Uvalde,TX,DTV,228.0,29.62,-99.04919
KQHO-LD,551,Houston,TX,LPD,15.0,29.76022,-95.36381
KQKT-LD,497,Tyler,TX,LPD,0.1,32.35167,-95.30083
KQSY-LD,569,Corpus Christi,TX,LPD,15.0,27.76975,-97.44886
KQVE-LD,213,San Antonio,TX,LPD,3.0,29.44164,-98.50633
KQZY-LD,587,Victoria,TX,LPD,11.7,28.84539,-97.12611
KRBC-TV,563,Abilene,TX,DTV,1000.0,32.27722,-99.59778
KRGV-TV,213,Weslaco,TX,DTV,87.5,26.10064,-97.83931
KRHD-CD,479,Bryan,TX,DCA,12.0,30.75744,-96.46794
KRIS-TV,545,Corpus Christi,TX,DTV,1000.0,27.75914,-97.60758
KRIV,545,Houston,TX,DTV,1000.0,29.57472,-95.49389
KRTX-LD,509,San Antonio,TX,LPD,10.0,29.45969,-98.40708
KRZG-CD,551,Mcallen,TX,DCA,15.0,26.26728,-98.31994
KSAA-LD,195,San Antonio,TX,LPD,2.5,29.44164,-98.50633
KSAN-TV,485,San Angelo,TX,DTV,1000.0,31.62306,-100.4375
KSAT-TV,207,San Antonio,TX,DTV,74.0,29.27,-98.25889
KSCC,503,Corpus Christi,TX,DTV,350.0,27.75914,-97.60758
KSCE,515,El Paso,TX,DTV,150.0,31.80525,-106.48353
KSOY-LD,593,Mcallen,TX,LPD,15.0,26.10064,-97.83931
KSSJ-LD,587,San Antonio,TX,LPD,15.0,29.44164,-98.50633
KSTR-DT,593,Irving,TX,DTV,1000.0,32.54317,-96.95914
KTAB-TV,569,Abilene,TX,DTV,1000.0,32.27722,-99.59778
KTAL-TV,545,Texarkana,TX,DTV,888.0,32.90306,-94.00583
KTBC,177,Austin,TX,DTV,98.6,30.31,-97.79306
KTBU,587,Conroe,TX,DTV,1000.0,29.56256,-95.50997
KTDJ-LD,79,Dayton,TX,LPD,3.0,29.76023,-95.36382
KTES-LD,545,Abilene,TX,LPD,15.0,32.41344,-100.10731
KTFN,509,El Paso,TX,DTV,1000.0,31.80525,-106.48353
KTFO-CD,605,Austin,TX,DCA,15.0,30.32611,-97.79972
KTFV-CD,581,Mcallen,TX,DCA,15.0,26.08861,-98.0625
KTLE-LD,509,Odessa,TX,LPD,15.0,31.89731,-102.33764
KTLM,473,Rio Grande City,TX,DTV,350.0,26.51722,-98.65222
KTMD,521,Galveston,TX,DTV,1000.0,29.57111,-95.51056
KTNR-LD,57,Laredo,TX,LPD,3.0,27.40028,-99.44778
KTPN-LD,605,Tyler,TX,LPD,15.0,32.36447,-95.27236
KTRE,189,Lufkin,TX,DTV,23.5,31.41944,-94.80111
KTRK-TV,213,Houston,TX,DTV,32.4,29.57431,-95.49381
KTSM-TV,485,El Paso,TX,DTV,250.0,31.80525,-106.48353
KTTZ-TV,539,Lubbock,TX,DTV,290.0,33.58194,-101.89083
KTVT,503,Fort Worth,TX,DTV,1000.0,32.54317,-96.95914
KTWC-LD,503,Tyler,TX,LPD,15.0,32.25944,-95.36778
KTXA,497,Fort Worth,TX,DTV,1000.0,32.54317,-96.95914
KTXC-LD,599,Amarillo,TX,LPD,15.0,35.29283,-101.84539
KTXD-TV,527,Greenville,TX,DTV,1000.0,32.58944,-96.97025
KTXE-LD,521,San Angelo,TX,LPD,15.0,31.485,-100.4575
KTXH,503,Houston,TX,DTV,1000.0,29.57472,-95.49389
KTXS-TV,509,Sweetwater,TX,DTV,710.0,32.41344,-100.10731
KTXU-LD,533,West Lake Hills,TX,LPD,0.1,30.26469,-97.74461
KUBE-TV,575,Baytown,TX,DTV,1000.0,29.57111,-95.51056
KUGB-CD,557,Houston,TX,DCA,15.0,29.57111,-95.51056
KUHT,183,Houston,TX,DTV,49.8,29.57111,-95.51056
KULC-LD,545,Port Arthur,TX,LPD,15.0,29.97667,-93.93417
KUMJ-LD,527,Beaumont,TX,LPD,7.5,30.10989,-94.02842
KUMY-LD,521,Beaumont,TX,LPD,15.0,30.08108,-94.09978
KUNU-LD,551,Victoria,TX,LPD,10.0,28.84539,-97.12611
KUPB,497,Midland,TX,DTV,1000.0,31.83872,-102.5335
KUVM-CD,509,Missouri City,TX,DCA,15.0,29.56256,-95.50997
KUVM-LD,195,Houston,TX,LPD,3.0,29.56256,-95.50997
KUVN-CD,201,Fort Worth,TX,DCA,2.2,32.80833,-97.13069
KUVN-DT,587,Garland,TX,DTV,1000.0,32.58944,-96.97025
KVAD-LD,485,Amarillo,TX,LPD,2.6,35.26156,-101.88161
KVAT-LD,599,Austin,TX,LPD,15.0,30.32328,-97.79986
KVAW,497,Eagle Pass,TX,DTV,50.0,28.72583,-100.47667
KVCT,539,Victoria,TX,DRT,15.0,28.84539,-97.12611
KVCV-LD,527,Victoria,TX,LPD,15.0,28.97461,-97.08139
KVDA,479,San Antonio,TX,DTV,805.0,29.29417,-98.25889
KVDF-CD,575,San Antonio,TX,DCA,15.0,29.44164,-98.50633
KVEO-TV,533,Brownsville,TX,DTV,1000.0,26.10064,-97.83931
KVHC-LD,201,San Antonio,TX,LPD,3.0,29.622,-98.57067
KVIA-TV,491,El Paso,TX,DTV,263.0,31.80525,-106.48353
KVII-TV,509,Amarillo,TX,DTV,1000.0,35.375,-101.88278
KVQT-LD,473,Houston,TX,LPD,15.0,29.57111,-95.51056
KVTX-LD,479,Victoria,TX,LPD,15.0,28.84539,-97.12611
KVUE,587,Austin,TX,DTV,1000.0,30.32203,-97.8035
KVVV-LD,479,Houston,TX,LPD,15.0,29.57111,-95.51056
KWAB-TV,587,Big Spring,TX,DTV,33.5,32.28206,-101.49319
KWES-TV,189,Odessa,TX,DTV,94.4,31.98806,-102.87861
KWEX-DT,533,San Antonio,TX,DTV,785.0,29.27494,-98.26472
KWKT-TV,557,Waco,TX,DTV,244.0,31.31489,-97.32697
KWTC-LD,473,Austin,TX,LPD,15.0,30.20389,-98.77861
KWTX-TV,195,Waco,TX,DTV,39.0,31.322,-97.3175
KWWT,569,Odessa,TX,DTV,50.0,32.04803,-102.29597
KXAN-TV,515,Austin,TX,DTV,700.0,30.32611,-97.79972
KXAS-TV,533,Fort Worth,TX,DTV,925.0,32.58528,-96.96861
KXCC-LD,485,Corpus Christi,TX,LPD,7.5,27.76975,-97.44886
KXDA-LD,79,Garland,TX,LPD,3.0,32.90111,-96.6875
KXFX-CD,509,Brownsville,TX,DCA,0.5,25.96403,-97.52036
KXII,207,Sherman,TX,DTV,36.0,34.03278,-96.80028
KXLK-CD,473,Austin,TX,DCA,15.0,30.32611,-97.79972
KXLN-DT,569,Rosenberg,TX,DTV,1000.0,29.56256,-95.50997
KXNU-CD,195,Laredo,TX,DCA,3.0,27.67278,-99.66444
KXOF-CD,551,Laredo,TX,DCA,3.2,27.52028,-99.52222
KXTQ-CD,533,Lubbock,TX,DCA,15.0,33.50231,-101.87258
KXTS-LD,545,Victoria,TX,LPD,15.0,28.84539,-97.12611
KXTX-TV,605,Dallas,TX,DTV,925.0,32.58528,-96.96861
KXVA,479,Abilene,TX,DTV,31.0,32.27544,-99.59017
KXXV,545,Waco,TX,DTV,1000.0,31.33806,-97.31028
KXXW-LD,213,Tyler,TX,LPD,3.0,32.25944,-95.36778
KYAZ,539,Katy,TX,DTV,1000.0,29.56256,-95.50997
KYDF-LD,593,Corpus Christi,TX,LPD,15.0,27.79097,-97.45069
KYLE-TV,563,Bryan,TX,DTV,56.7,30.68783,-96.42567
KYLX-CD,213,Laredo,TX,DCA,3.0,27.67278,-99.66444
KYTX,479,Nacogdoches,TX,DTV,873.0,31.90583,-95.085
KYVV-TV,557,Del Rio,TX,DTV,237.0,29.34444,-100.86111
KZCZ-LD,509,College Station,TX,LPD,15.0,31.31258,-97.25744
KZFW-LD,85,Dallas,TX,LPD,0.34,32.58889,-96.96831
KZJL,515,Houston,TX,DTV,1000.0,29.56256,-95.50997
KZTV,195,Corpus Christi,TX,DTV,39.0,27.70806,-97.63333
NEW,509,Waco,TX,DTV,125.0,31.33783,-97.31028
WFAA,183,Dallas,TX,DTV,45.6,32.58533,-96.97836
WOAI-TV,557,San Antonio,TX,DTV,800.0,29.26986,-98.26553
K02RI-D,57,Cedar City Canyon,UT,LPT,0.15,37.59911,-112.85719
K03IW-D,63,Cedar Canyon,UT,LPT,0.015,37.59911,-112.85719
K04RU-D,69,Long Valley Junction,UT,LPT,0.038,37.50703,-112.51064
K04RV-D,69,Salina & Redmond,UT,LPT,0.06,38.877,-111.87617
K04RW-D,69,Cedar Canyon,UT,LPT,0.015,37.59911,-112.85719
K05AR-D,79,Rockville,UT,LPT,0.031,37.15236,-113.03192
K05BU-D,79,Enterprise,UT,LPT,0.014,37.59997,-113.73411
K05MX-D,79,Nephi,UT,LPD,0.2,39.73272,-111.94353
K05ND-D,79,Long Valley Junction,UT,LPT,0.031,37.50703,-112.51064
K05NF-D,79,Salina,UT,LPT,0.09,38.87689,-111.87631
K05NG-D,79,Cedar Canyon,UT,LPT,0.015,37.59911,-112.85719
K06JA-D,85,Cedar Canyon,UT,LPT,0.015,37.59911,-112.85719
K06QS-D,85,Salina & Redmond,UT,LPT,0.06,38.877,-111.87617
K07AAA-D,177,Helper,UT,LPT,0.07,39.68494,-110.84208
K07AAB-D,177,"Roosevelt, Etc.",UT,LPT,0.047,40.32411,-110.15597
K07CG-D,177,Toquerville,UT,LPT,0.031,37.27247,-113.27689
K07ED-D,177,Enterprise,UT,LPT,0.031,37.59997,-113.73411
K07GQ-D,177,Cedar City,UT,LPT,0.24,37.63908,-113.03211
K07ZE-D,177,"Rural Juab, Etc.,",UT,LPT,0.1,39.49178,-111.82781
K07ZT-D,177,Long Valley Junction,UT,LPT,0.022,37.50703,-112.51064
K07ZU-D,177,"Blanding, Monticello",UT,LPT,0.15,37.83949,-109.46234
K07ZV-D,177,Sigurd & Salina,UT,LPT,0.115,38.877,-111.87617
K07ZW-D,177,Marysvale,UT,LPT,0.118,38.50706,-112.19764
K07ZX-D,177,Woodland & Kamas,UT,LPT,0.041,40.56683,-111.24297
K07ZY-D,177,"Beaver, Etc.",UT,LPT,0.8,38.45656,-112.6575
K07ZZ-D,177,East Price,UT,LPT,0.07,39.6105,-110.81375
K08BO-D,183,Virgin,UT,LPT,0.047,37.23156,-113.20947
K08EN-D,183,"Pine Valley, Etc.",UT,LPT,0.031,37.67664,-113.65467
K08PC-D,183,"Hildale, Etc. (Az)",UT,LPT,0.02,36.894,-113.03242
K08PF-D,183,Leamington,UT,LPT,0.038,39.53208,-112.31372
K08PJ-D,183,Cedar City,UT,LPT,0.3,37.63911,-113.03214
K08PW-D,183,"Laketown, Etc.",UT,LPT,0.3394,41.88242,-111.26992
K08PX-D,183,Long Valley Junction,UT,LPT,0.015,37.50703,-112.51064
K08PY-D,183,Blanding/Monticello,UT,LPT,0.15,37.83958,-109.46239
K08QA-D,183,"Aurora, Etc.",UT,LPT,0.05,39.49178,-111.82781
K08QC-D,183,Sigurd & Salina,UT,LPT,0.115,38.877,-111.87617
K08QD-D,183,Woodland & Kamas,UT,LPT,0.041,40.56683,-111.24297
K08QF-D,183,East Price,UT,LPT,0.07,39.6105,-110.81375
K08QG-D,183,Helper,UT,LPT,0.07,39.68494,-110.84208
K08QH-D,183,"Roosevelt, Etc.",UT,LPT,0.047,40.32411,-110.15597
K08QL-D,183,Logan,UT,LPD,0.75,41.75575,-112.02356
K08QM-D,183,Grantsville,UT,LPD,3.0,40.60772,-112.15806
K08RB-D,183,Oak City,UT,LPT,0.06,39.321,-112.4725
K09CJ-D,189,Cedar City,UT,LPT,0.3,37.63831,-113.03189
K09SU-D,189,"Hildale, Etc. (Az)",UT,LPT,0.13,36.89367,-113.03117
K09YW-D,189,Leamington,UT,LPT,0.038,39.53208,-112.31372
K09ZK-D,189,Long Valley Junction,UT,LPT,0.022,37.50703,-112.50989
K09ZN-D,189,"Blanding, Monticello",UT,LPT,0.15,37.83949,-109.46234
K09ZO-D,189,Juab,UT,LPT,0.05,39.49189,-111.82769
K09ZP-D,189,Sigurd & Salina,UT,LPT,0.115,38.877,-111.87617
K09ZQ-D,189,Marysvale,UT,LPT,0.118,38.50706,-112.19764
K09ZR-D,189,Woodland & Kamas,UT,LPT,0.041,40.56683,-111.24297
K09ZT-D,189,Beaver,UT,LPT,0.5,38.45653,-112.6575
K09ZU-D,189,East Price,UT,LPT,0.07,39.6105,-110.81375
K09ZV-D,189,Helper,UT,LPT,0.07,39.68411,-110.84208
K09ZW-D,189,"Roosevelt, Etc.",UT,LPT,0.047,40.32411,-110.15597
K10LM-D,195,"Laketown, Etc.",UT,LPT,0.3394,41.88192,-111.27017
K10PN-D,195,"Cedar City, Etc.",UT,LPT,0.25,37.63911,-113.03214
K10QR-D,195,Leamington,UT,LPT,0.038,39.53208,-112.31372
K10RF-D,195,Long Valley Junction,UT,LPT,0.022,37.50703,-112.51064
K10RG-D,195,Rural Juab County,UT,LPT,0.115,39.49189,-111.82769
K10RH-D,195,Salina & Redmond,UT,LPT,0.115,38.877,-111.87617
K10RI-D,195,Marysvale,UT,LPT,0.118,38.50706,-112.19764
K10RJ-D,195,Woodland & Kamas,UT,LPT,0.041,40.56683,-111.24297
K10RK-D,195,Blanding/Monticello,UT,LPT,0.15,37.83958,-109.46239
K10RL-D,195,East Price,UT,LPT,0.07,39.6105,-110.81375
K10RN-D,195,Helper,UT,LPT,0.07,39.68467,-110.84236
K10RO-D,195,"Roosevelt, Etc.",UT,LPT,0.047,40.32411,-110.15597
K10RP-D,195,Santa Clara,UT,LPT,1.0,37.15519,-113.88319
K11CQ-D,201,Cedar City,UT,LPT,0.24,37.63908,-113.03211
K11OO-D,201,"Pine Valley, Etc.",UT,LPT,0.073,37.50853,-113.66353
K11QQ-D,201,"Hildale, Etc. (Az)",UT,LPT,0.031,36.91608,-113.03353
K11VY-D,201,Toquerville,UT,LPD,0.003,37.28986,-113.27625
K11XB-D,201,Long Valley Junction,UT,LPT,0.022,37.50703,-112.51064
K11XC-D,201,Salina & Redmond,UT,LPT,0.115,38.877,-111.87617
K11XD-D,201,"Rural Juab, Etc.",UT,LPT,0.115,39.49189,-111.82769
K11XE-D,201,Marysvale,UT,LPT,0.118,38.50706,-112.19764
K11XF-D,201,Woodland,UT,LPT,0.041,40.56683,-111.24297
K11XG-D,201,Logan,UT,LPD,0.2,41.61139,-111.9525
K11XH-D,201,Blanding/Monticello,UT,LPT,0.15,37.83958,-109.46239
K11XI-D,201,Beaver Etc.,UT,LPT,0.5,38.45656,-112.6575
K11XK-D,201,Helper,UT,LPT,0.07,39.68494,-110.84208
K11XL-D,201,"Roosevelt, Etc.",UT,LPT,0.047,40.32411,-110.15597
K11XM-D,201,East Price,UT,LPT,0.07,39.6105,-110.81375
K11YD-D,201,Eskdale Garrison,UT,LPT,0.06,39.10428,-113.95344
K12MI-D,207,"Laketown, Etc",UT,LPT,0.3394,41.88192,-111.27017
K12QQ-D,207,Cedar City,UT,LPT,0.25,37.63911,-113.03214
K12QY-D,207,Leamington,UT,LPT,0.079,39.53208,-112.31372
K12WZ-D,207,Long Valley Junction,UT,LPT,0.022,37.50703,-112.51064
K12XC-D,207,Salina & Redmond,UT,LPT,0.115,38.877,-111.87617
K12XD-D,207,"Aurora, Etc.",UT,LPT,0.13,39.49189,-111.82769
K12XE-D,207,Woodland,UT,LPT,0.015,40.56661,-111.24297
K12XG-D,207,Roosevelt,UT,LPT,0.047,40.32411,-110.15597
K12XH-D,207,Price,UT,LPT,0.07,39.6105,-110.81375
K12XI-D,207,Helper,UT,LPT,0.07,39.68494,-110.84208
K13AAD-D,213,Long Valley Junction,UT,LPT,0.032,37.50703,-112.51064
K13AAF-D,213,Monticello/Blanding,UT,LPT,0.15,37.83958,-109.46239
K13AAH-D,213,Salina & Redmond,UT,LPT,0.115,38.877,-111.87617
K13AAI-D,213,Marysvale,UT,LPT,0.118,38.50706,-112.19764
K13AAJ-D,213,Woodland & Kamas,UT,LPT,0.041,40.56633,-111.24267
K13AAL-D,213,Beaver Etc.,UT,LPT,0.17,38.45656,-112.6575
K13AAM-D,213,"Garrison, Etc.",UT,LPT,0.06,39.10428,-113.95342
K13AAN-D,213,Roosevelt,UT,LPT,0.047,40.32411,-110.15597
K13AAO-D,213,Helper,UT,LPT,0.07,39.68494,-110.84208
K13AAP-D,213,East Price,UT,LPT,0.07,39.6105,-110.81375
K13ABA-D,213,Leamington,UT,LPT,0.038,39.53208,-112.31372
K13CP-D,213,Cedar City,UT,LPT,0.3,37.63831,-113.03189
K13OG-D,213,"Rural Juab, Etc.",UT,LPT,0.1,39.49178,-111.82781
K13QK-D,213,Virgin,UT,LPT,0.01,37.22883,-113.21178
K14LW-D,473,Myton,UT,LPT,0.32,40.36133,-110.78986
K14PA-D,473,Rural Juab County,UT,LPT,0.25,39.49178,-111.82781
K14PF-D,473,"Peoa, Oakley",UT,LPT,0.114,40.72244,-111.36433
K14QC-D,473,Mexican Hat,UT,LPT,0.172,37.14961,-109.86042
K14QS-D,473,Wanship,UT,LPT,0.114,40.80903,-111.3955
K14QX-D,473,Hatch,UT,LPT,0.09,37.67664,-112.37289
K14QY-D,473,Rural Sevier County,UT,LPT,0.01,38.51225,-111.78431
K14QZ-D,473,Mount Pleasant,UT,LPT,0.055,39.53931,-111.38883
K14RA-D,473,"Teasdale,Torrey",UT,LPT,0.072,38.28325,-111.51078
K14RC-D,473,"Richfield, Etc.",UT,LPT,0.165,38.63469,-112.06022
K14RD-D,473,Koosharem,UT,LPT,0.055,38.47856,-111.82361
K14RE-D,473,Panguitch,UT,LPT,0.035,37.82097,-112.45808
K14RG-D,473,Circleville,UT,LPT,0.045,38.21133,-112.23447
K14RH-D,473,Henrieville,UT,LPT,0.01,37.54967,-111.99006
K14RI-D,473,Nephi,UT,LPT,0.037,39.73272,-111.94353
K14RJ-D,473,Mayfield,UT,LPT,0.05,39.11175,-111.71828
K14RL-D,473,Samak,UT,LPT,0.063,40.63222,-111.26017
K14RM-D,473,"Laketown, Etc.",UT,LPT,0.075,41.88242,-111.26992
K14RN-D,473,Scipio,UT,LPT,0.01,39.20253,-112.14375
K14RO-D,473,"St. George, Etc.",UT,LPT,0.25,37.06361,-113.57222
K14RP-D,473,Leamington,UT,LPT,0.95,39.53208,-112.31372
K14RT-D,473,Fruitland,UT,LPT,0.11,40.20494,-110.89633
K14RU-D,473,Spring Glen,UT,LPT,0.006,39.53022,-111.05156
K15CD-D,479,Mayfield,UT,LPT,0.01,39.11689,-111.72853
K15FL-D,479,Park City,UT,LPT,0.77,40.683,-111.52353
K15FQ-D,479,"Milford, Etc.",UT,LPT,0.25,38.52044,-113.28731
K15GZ-D,479,Wendover,UT,LPT,0.07,40.74117,-114.03728
K15HE-D,479,Hatch,UT,LPT,0.028,37.67664,-112.37289
K15HG-D,479,Mount Pleasant,UT,LPT,0.01,39.53931,-111.38883
K15HH-D,479,Green River,UT,LPT,0.02,38.97636,-110.18289
K15HM-D,479,Montezuma Crk./Aneth,UT,LPT,0.011,37.26008,-109.29025
K15HN-D,479,Bluff & Area,UT,LPT,0.0025,37.27028,-109.55456
K15IA-D,479,Orderville,UT,LPT,0.03,37.27358,-112.62686
K15JV-D,479,Mexican Hat,UT,LPT,0.172,37.14961,-109.86042
K15KQ-D,479,Coalville,UT,LPT,0.107,40.92386,-111.39806
K15KS-D,479,"Garfield, Etc.",UT,LPT,0.155,37.75586,-111.87494
K15KT-D,479,Rural Sevier County,UT,LPT,0.01,38.51225,-111.78431
K15KU-D,479,"Teasdale,Torrey",UT,LPT,0.072,38.28325,-111.51078
K15KX-D,479,Circleville,UT,LPT,0.045,38.21133,-112.23447
K15KY-D,479,"Richfield, Etc.",UT,LPT,0.165,38.63469,-112.06022
K15KZ-D,479,Koosharem,UT,LPT,0.055,38.47856,-111.82361
K15LA-D,479,Panguitch,UT,LPT,0.035,37.82097,-112.45808
K15LC-D,479,Henrieville,UT,LPT,0.01,37.54967,-111.99006
K15LE-D,479,Heber City,UT,LPT,0.355,40.56244,-111.47572
K15LJ-D,479,"Enterprise, Etc.",UT,LPT,0.03,37.50622,-113.66083
K15LK-D,479,Scipio,UT,LPT,0.05,39.20253,-112.14375
K15LL-D,479,Leamington,UT,LPT,0.95,39.53208,-112.31372
K15LO-D,479,Fruitland,UT,LPT,0.11,40.20494,-110.89633
K15LP-D,479,Rural Carbon County,UT,LPT,0.34,39.75606,-110.99125
K15LQ-D,479,Orangeville,UT,LPT,0.34,39.20994,-111.14239
K15LW-D,479,Utahn,UT,LPT,0.491,40.36128,-110.79264
K16BO-D,485,"Milford, Etc.",UT,LPT,0.115,38.52042,-113.28744
K16BT-D,485,Orderville,UT,LPT,0.03,37.27358,-112.62686
K16DS-D,485,St. George,UT,LPT,0.25,37.06358,-113.573
K16HD-D,485,Green River,UT,LPT,0.02,38.97636,-110.18289
K16HI-D,485,Navajo Mountain,UT,LPT,0.0056,37.02136,-110.76692
K16HJ-D,485,Oljeto,UT,LPT,0.011,37.04094,-110.33053
K16HK-D,485,Mexican Hat,UT,LPT,0.0056,37.14983,-109.86036
K16HV-D,485,Mayfield,UT,LPT,0.01,39.11175,-111.71828
K16IB-D,485,Mount Pleasant,UT,LPT,0.012,39.53931,-111.38883
K16II-D,485,Hilldale,UT,LPT,0.06,36.894,-113.03164
K16LW-D,485,Provo,UT,LPD,1.5,40.27328,-111.92489
K16LZ-D,485,Rural Garfield Coun,UT,LPT,0.155,37.75586,-111.87494
K16MB-D,485,Hatch,UT,LPT,0.09,37.67664,-112.37289
K16MC-D,485,Rural Sevier County,UT,LPT,0.01,38.51225,-111.78431
K16MD-D,485,"Teasdale,Torrey",UT,LPT,0.072,38.28325,-111.51078
K16ME-D,485,"Richfield, Etc.",UT,LPT,0.165,38.63469,-112.06022
K16MF-D,485,Koosharem,UT,LPT,0.055,38.47856,-111.82361
K16MG-D,485,Panguitch,UT,LPT,0.035,37.82097,-112.45808
K16MH-D,485,Henrieville,UT,LPT,0.01,37.54967,-111.99006
K16MI-D,485,Nephi,UT,LPT,0.036,39.73272,-111.94353
K16MK-D,485,"Laketown, Etc.",UT,LPT,0.075,41.88192,-111.27017
K16MM-D,485,Circleville,UT,LPT,0.045,38.21133,-112.23447
K16MN-D,485,Wendover,UT,LPD,0.133,40.74122,-114.03733
K16MP-D,485,Bluff & Area,UT,LPT,0.0025,37.27028,-109.55456
K16MQ-D,485,Montezuma Ck & Aneth,UT,LPT,0.011,37.26008,-109.29025
K16MS-D,485,Cedar City,UT,LPT,0.32,37.63831,-113.03189
K16MT-D,485,Leamington,UT,LPT,0.95,39.53208,-112.31372
K16MU-D,485,Scipio,UT,LPT,0.05,39.20253,-112.14375
K16MX-D,485,Myton,UT,LPT,0.49,40.36128,-110.79264
K16MZ-D,485,Orangeville,UT,LPT,0.34,39.20994,-111.14239
K16NA-D,485,Price,UT,LPT,0.34,39.75606,-110.99125
K16NC-D,485,Fruitland,UT,LPT,0.11,40.20494,-110.89633
K17DG-D,491,Rural Summit County,UT,LPT,0.078,40.85494,-111.47964
K17DM-D,491,Myton,UT,LPT,0.491,40.36128,-110.79264
K17HQ-D,491,Hatch,UT,LPT,0.028,37.67664,-112.37289
K17HW-D,491,Green River,UT,LPT,0.02,38.97636,-110.18289
K17HX-D,491,Minersville,UT,LPT,0.13,38.52042,-113.28747
K17IE-D,491,Navajo Mountain Scho,UT,LPT,0.0056,37.02136,-110.76692
K17IF-D,491,Oljeto,UT,LPT,0.011,37.04094,-110.33053
K17IH-D,491,Montezuma Creek-Anet,UT,LPT,0.011,37.26008,-109.29025
K17II-D,491,Logan,UT,LPD,0.951,41.55111,-111.93697
K17IP-D,491,"Huntsville, Etc.",UT,LPT,0.012,41.33886,-111.81639
K17JC-D,491,Orderville,UT,LPT,0.03,37.27358,-112.62686
K17JD-D,491,Mount Pleasant,UT,LPT,0.012,39.53931,-111.38883
K17JE-D,491,Mayfield,UT,LPT,0.01,39.11175,-111.71828
K17JF-D,491,"Bluff, Etc",UT,LPD,0.0025,37.27028,-109.55456
K17JH-D,491,"Mexican Hat, Etc",UT,LPT,0.0056,37.1415,-109.86036
K17JK-D,491,"Cane Beds,Az/Hildale",UT,LPT,0.06,36.894,-113.03164
K17MB-D,491,Circleville,UT,LPT,0.065,38.21133,-112.23447
K17MT-D,491,"Garfield, Etc",UT,LPT,0.155,37.75586,-111.87494
K17MU-D,491,Rural Sevier County,UT,LPT,0.01,38.51225,-111.78431
K17MV-D,491,"Richfield, Etc.",UT,LPT,0.165,38.63469,-112.06022
K17MZ-D,491,Torrey,UT,LPT,0.072,38.28325,-111.51078
K17NA-D,491,Panguitch,UT,LPT,0.035,37.82097,-112.45808
K17NB-D,491,Henrieville,UT,LPT,0.01,37.54967,-111.99006
K17ND-D,491,Koosharem,UT,LPT,0.055,38.47856,-111.82361
K17NK-D,491,Cedar City,UT,LPT,0.32,37.63831,-113.03189
K17NL-D,491,Enterprise,UT,LPT,0.1,37.50619,-113.66083
K17NM-D,491,Scipio,UT,LPT,0.05,39.20253,-112.14375
K17NN-D,491,Leamington,UT,LPT,0.95,39.53208,-112.31372
K17NP-D,491,"Columbia, Etc.",UT,LPT,0.34,39.75606,-110.99125
K17NQ-D,491,Orangeville,UT,LPT,0.34,39.20994,-111.14239
K17NY-D,491,Fruitland,UT,LPT,0.11,40.20494,-110.89633
K17PT-D,491,Fillmore,UT,LPT,0.06,39.321,-112.4725
K18DL-D,497,Logan,UT,LPT,1.21,41.55111,-111.93697
K18ET-D,497,Orderville,UT,LPT,0.03,37.27358,-112.62686
K18FU-D,497,Rural Beaver County,UT,LPT,0.135,38.5205,-113.28744
K18GX-D,497,Juab,UT,LPT,0.3,39.49178,-111.82781
K18HZ-D,497,Navajo Mountain,UT,LPT,0.0056,37.02136,-110.76692
K18IA-D,497,Oljeto,UT,LPT,0.011,37.04094,-110.33053
K18IB-D,497,Mexican Hat,UT,LPT,0.0056,37.14983,-109.86036
K18IT-D,497,Green River,UT,LPT,0.02,38.97636,-110.18289
K18IU-D,497,Mayfield,UT,LPT,0.01,39.11175,-111.71828
K18IV-D,497,Mount Pleasant,UT,LPT,0.01,39.53931,-111.38883
K18JU-D,497,Utahn,UT,LPT,0.491,40.36128,-110.79264
K18KC-D,497,Wendover,UT,LPT,0.07,40.74117,-114.03728
K18KO-D,497,Rural Summit County,UT,LPT,0.078,40.85494,-111.47964
K18MC-D,497,Enterprise,UT,LPT,0.011,37.50619,-113.66083
K18ME-D,497,"Richfield, Etc",UT,LPT,0.165,38.63469,-112.06022
K18MF-D,497,"Torrey, Etc.",UT,LPT,0.072,38.28325,-111.51078
K18MG-D,497,Panguitch,UT,LPT,0.035,37.82097,-112.45808
K18MH-D,497,Rural Garfield,UT,LPT,0.155,37.75586,-111.87494
K18MI-D,497,"Circleville, Etc.",UT,LPT,0.045,38.21133,-112.23447
K18MJ-D,497,Nephi,UT,LPT,0.036,39.73272,-111.94353
K18MK-D,497,Hatch,UT,LPT,0.09,37.67664,-112.37289
K18ML-D,497,Henrieville,UT,LPT,0.01,37.55333,-111.99611
K18MM-D,497,Rural Sevier County,UT,LPT,0.01,38.51225,-111.78431
K18MN-D,497,Koosharem,UT,LPT,0.055,38.47856,-111.82361
K18MQ-D,497,Bluff & Area,UT,LPT,0.0025,37.27028,-109.55456
K18MR-D,497,Montezuma Creek-Anet,UT,LPT,0.011,37.26008,-109.29025
K18MT-D,497,Cedar City,UT,LPT,0.38,37.63908,-113.03292
K18MV-D,497,"Scipio,Holden",UT,LPT,0.05,39.20253,-112.14375
K18MW-D,497,Leamington,UT,LPT,0.95,39.53208,-112.31372
K18MX-D,497,"Orangeville, Etc.",UT,LPT,0.34,39.20994,-111.14239
K18MY-D,497,East Carbon County,UT,LPT,0.34,39.75606,-110.99125
K18OI-D,497,Salt Lake City,UT,LPT,15.0,40.68222,-112.20333
K19DU-D,503,Summit County,UT,LPT,0.078,40.85494,-111.47964
K19EY-D,503,Myton,UT,LPT,0.049,40.36128,-110.79264
K19GJ-D,503,Hatch,UT,LPT,0.028,37.67664,-112.37289
K19GM-D,503,Circleville,UT,LPT,0.065,38.21133,-112.23447
K19GN-D,503,Mount Pleasant,UT,LPT,0.01,39.53931,-111.38883
K19GS-D,503,"Rural Beaver, Etc.",UT,LPT,0.15,38.52042,-113.28747
K19HA-D,503,"Navajo Mtn.Sch.,Etc.",UT,LPT,0.0056,37.02136,-110.76692
K19HB-D,503,Oljeto,UT,LPT,0.011,37.04094,-110.33053
K19HE-D,503,Bluff,UT,LPT,0.0025,37.27028,-109.55456
K19HQ-D,503,Virgin,UT,LPT,0.125,37.23156,-113.22614
K19HU-D,503,Montezuma Ck&Aneth,UT,LPT,0.011,37.26008,-109.29025
K19ID-D,503,Green River,UT,LPT,0.02,38.97636,-110.18289
K19IG-D,503,"Mexican Hat, Etc",UT,LPT,0.0056,37.1415,-109.86036
K19KQ-D,503,Orderville,UT,LPT,0.03,37.27358,-112.62686
K19LF-D,503,Koosharem,UT,LPT,0.055,38.47856,-111.82361
K19LG-D,503,Rural Garfield Count,UT,LPT,0.155,37.75586,-111.87494
K19LH-D,503,"Teasdale, Etc.",UT,LPT,0.072,38.28325,-111.51078
K19LK-D,503,Panguitch,UT,LPT,0.035,37.82097,-112.45808
K19LL-D,503,Henrieville,UT,LPT,0.01,37.54967,-111.99006
K19LN-D,503,Mayfield,UT,LPT,0.05,39.11175,-111.71828
K19LO-D,503,Rural Sevier County,UT,LPT,0.01,38.51225,-111.78431
K19LR-D,503,"Huntsville, Etc.",UT,LPT,0.012,41.33886,-111.81639
K19LU-D,503,Cedar City,UT,LPT,0.32,37.63908,-113.03211
K19LV-D,503,St. George,UT,LPT,1.6,37.06386,-113.573
K19LY-D,503,Scipio,UT,LPT,0.05,39.20253,-112.14375
K19MA-D,503,Leamington,UT,LPT,0.95,39.53208,-112.31372
K19MD-D,503,Orangeville,UT,LPT,0.34,39.20994,-111.14239
K19MF-D,503,East Carbon County,UT,LPT,0.34,39.75606,-110.99125
K19MH-D,503,Fruitland,UT,LPT,0.11,40.20494,-110.89633
K20GH-D,509,"Milford, Etc.",UT,LPT,0.115,38.5205,-113.28744
K20GJ-D,509,Bloomington,UT,LPT,0.4,37.06361,-113.57222
K20JE-D,509,"Navajo Mtn.Sch.,Etc.",UT,LPT,0.0056,37.02136,-110.76692
K20JF-D,509,Oljeto,UT,LPT,0.011,37.04094,-110.33053
K20JZ-D,509,Green River,UT,LPT,0.02,38.97636,-110.18289
K20KC-D,509,"Mexican Hat, Etc",UT,LPT,0.0056,37.1415,-109.86036
K20LF-D,509,Wendover,UT,LPT,0.07,40.74117,-114.03728
K20MF-D,509,Orderville,UT,LPT,0.03,37.27358,-112.62686
K20MR-D,509,"Garfield, Etc.",UT,LPT,0.155,37.75586,-111.87494
K20MS-D,509,"Richfield, Etc.",UT,LPT,0.165,38.63469,-112.06022
K20MT-D,509,Mount Pleasant,UT,LPT,0.055,39.53931,-111.38883
K20MU-D,509,"Bicknell, Etc.",UT,LPT,0.072,38.28325,-111.51078
K20MV-D,509,Koosharem,UT,LPT,0.055,38.47856,-111.82361
K20MW-D,509,Rural Sevier County,UT,LPT,0.01,38.51225,-111.78431
K20MX-D,509,"Panguitch, Etc.",UT,LPT,0.035,37.82097,-112.45808
K20MY-D,509,Henriville,UT,LPT,0.01,37.54967,-111.99006
K20MZ-D,509,Mayfield,UT,LPT,0.05,39.11175,-111.71828
K20NA-D,509,Hatch,UT,LPT,0.09,37.67664,-112.37289
K20NB-D,509,Circleville,UT,LPT,0.045,38.21133,-112.23447
K20NC-D,509,Logan,UT,LPT,2.82,41.55092,-111.93697
K20ND-D,509,Summit County,UT,LPT,0.309,40.85494,-111.47964
K20NK-D,509,Cedar City,UT,LPT,0.32,37.63908,-113.03211
K20NM-D,509,Leamington,UT,LPT,0.95,39.53208,-112.31372
K20NN-D,509,Scipio,UT,LPT,0.05,39.20253,-112.14375
K20NP-D,509,Spring Glen,UT,LPT,0.195,39.75633,-110.99014
K20NQ-D,509,Orangeville,UT,LPT,0.34,39.20994,-111.14239
K20NU-D,509,Tabiona & Myton,UT,LPT,0.306,40.36128,-110.78981
K20NV-D,509,Fruitland,UT,LPT,0.11,40.20494,-110.89633
K20OB-D,509,Nephi,UT,LPT,0.036,39.73272,-111.94353
K21EI-D,515,"Beryl, Modena Etc.",UT,LPT,0.1,37.70383,-113.74217
K21EZ-D,515,Price,UT,LPT,0.355,39.75606,-110.99125
K21FT-D,515,Myton,UT,LPT,0.049,40.36128,-110.79264
K21IB-D,515,Circleville,UT,LPT,0.065,38.21133,-112.23447
K21IC-D,515,Mount Pleasant,UT,LPT,0.01,39.53931,-111.38883
K21IL-D,515,Apple Valley,UT,LPT,0.075,37.11664,-113.13131
K21IU-D,515,"Navajo Mtn.Sch.,Etc.",UT,LPT,0.0056,37.02136,-110.76692
K21IV-D,515,Oljeto,UT,LPT,0.011,37.04094,-110.33053
K21IW-D,515,Mexican Hat,UT,LPT,0.0056,37.14983,-109.86036
K21IX-D,515,Montezuma Crk/Aneth,UT,LPT,0.011,37.26008,-109.29025
K21JV-D,515,Green River,UT,LPT,0.02,38.97636,-110.18289
K21JZ-D,515,Nephi,UT,LPT,0.063,39.73272,-111.94353
K21KC-D,515,"Bluff, Etc",UT,LPT,0.0025,37.27028,-109.55456
K21KI-D,515,Hatch,UT,LPT,0.05,37.67664,-112.37289
K21KL-D,515,Rural Beaver County,UT,LPT,0.025,38.52042,-113.28747
K21MU-D,515,Summit County,UT,LPT,0.446,40.85494,-111.47936
K21MX-D,515,"Garfield, Etc.",UT,LPT,0.155,37.75586,-111.87494
K21MY-D,515,"Richfield, Etc.",UT,LPT,0.165,38.63469,-112.06022
K21MZ-D,515,Koosharem,UT,LPT,0.055,38.47856,-111.82361
K21NA-D,515,Bicknell & Teasdale,UT,LPT,0.072,38.28325,-111.51078
K21NB-D,515,Rural Sevier County,UT,LPT,0.01,38.51225,-111.78431
K21NC-D,515,Henrieville,UT,LPT,0.01,37.54967,-111.99006
K21ND-D,515,Mayfield,UT,LPT,0.05,39.11175,-111.71828
K21NE-D,515,Panguitch,UT,LPT,0.035,37.82097,-112.45808
K21NH-D,515,"Laketown, Etc.",UT,LPT,0.075,41.88192,-111.27017
K21NI-D,515,Wendover,UT,LPT,0.07,40.74117,-114.03728
K21NK-D,515,Cedar City,UT,LPT,0.32,37.63908,-113.03211
K21NN-D,515,"Scipio,Holden",UT,LPT,0.05,39.20253,-112.14375
K21NO-D,515,Leamington,UT,LPT,0.95,39.53208,-112.31372
K21NP-D,515,Orangeville,UT,LPT,0.34,39.20994,-111.14239
K22DM-D,521,Rural Summit County,UT,LPT,0.078,40.85494,-111.47964
K22FS-D,521,"Beaver, Etc.",UT,LPT,0.25,38.5205,-113.28744
K22FW-D,521,Mount Pleasant,UT,LPT,0.055,39.53931,-111.38883
K22IE-D,521,"Navajo Mtn.Sch.,Etc.",UT,LPT,0.0056,37.02136,-110.76692
K22IF-D,521,Oljeto,UT,LPT,0.011,37.04094,-110.33053
K22IG-D,521,Mexican Hat,UT,LPT,0.0056,37.14983,-109.86036
K22IP-D,521,Virgin,UT,LPT,0.125,37.23156,-113.20947
K22IX-D,521,Mayfield,UT,LPT,0.01,39.11497,-111.73664
K22JG-D,521,Green River,UT,LPT,0.02,38.97636,-110.18289
K22JZ-D,521,Spring Glen,UT,LPT,0.006,39.82272,-110.99125
K22LW-D,521,Orderville,UT,LPT,0.03,37.27358,-112.62686
K22MH-D,521,Logan,UT,LPD,1.8,41.55092,-111.93697
K22MM-D,521,Garfield County,UT,LPT,0.155,37.75586,-111.87494
K22MP-D,521,"Richfield, Etc.",UT,LPT,0.165,38.63469,-112.06022
K22MU-D,521,Circleville,UT,LPT,0.045,38.21133,-112.23447
K22MV-D,521,Teasdale,UT,LPT,0.072,38.28325,-111.51078
K22MW-D,521,Panguitch,UT,LPT,0.035,37.82097,-112.45808
K22MX-D,521,Henrieville,UT,LPT,0.01,37.54967,-111.99006
K22NB-D,521,Kanarraville Etc.,UT,LPT,0.04,37.48781,-113.20544
K22NC-D,521,"Scipio,Holden",UT,LPT,0.05,39.20253,-112.14375
K22NE-D,521,Myton,UT,LPT,0.49,40.36128,-110.79264
K22NF-D,521,Orangeville,UT,LPT,0.34,39.20994,-111.14239
K22OO-D,521,Nephi,UT,LPT,0.05,39.49178,-111.82781
K22PH-D,521,Bloomington,UT,LPT,0.13,37.06333,-113.57389
K23DV-D,527,"Beryl, Modena, New",UT,LPT,0.1,37.70383,-113.74217
K23FT-D,527,Myton,UT,LPT,0.426,40.36128,-110.78981
K23IC-D,527,"Huntsville, Etc.",UT,LPT,0.012,41.33886,-111.81639
K23IV-D,527,Spring Glen,UT,LPT,0.006,39.75606,-110.99125
K23JC-D,527,Montezuma Crk/Aneth,UT,LPT,0.011,37.26008,-109.29025
K23JN-D,527,Virgin,UT,LPT,0.125,37.23156,-113.20947
K23JV-D,527,Green River,UT,LPT,0.02,38.97636,-110.18289
K23JX-D,527,Hatch,UT,LPT,0.05,37.67664,-112.37289
K23KC-D,527,"Bluff, Etc",UT,LPT,0.0025,37.27028,-109.55456
K23KO-D,527,Rural Beaver County,UT,LPT,0.03,38.52042,-113.28747
K23KP-D,527,Fishlake Resort,UT,LPT,0.01,38.51667,-111.74667
K23MT-D,527,Mexican Hat,UT,LPT,0.171,37.14961,-109.86042
K23NK-D,527,Orderville,UT,LPT,0.038,37.27358,-112.62686
K23NR-D,527,Mount Pleasant,UT,LPT,0.055,39.53931,-111.38883
K23NT-D,527,Mayfield,UT,LPT,0.05,39.11175,-111.71828
K23NU-D,527,"Richfield, Etc.",UT,LPT,0.165,38.63469,-112.06022
K23NV-D,527,Summit County,UT,LPT,0.309,40.85494,-111.47964
K23NY-D,527,St. George,UT,LPT,0.2,37.06333,-113.57389
K23OA-D,527,Kanarraville,UT,LPT,0.04,37.48781,-113.20544
K23OD-D,527,Scipio,UT,LPT,0.05,39.20253,-112.14375
K23OH-D,527,Orangeville,UT,LPT,0.34,39.20994,-111.14239
K23QF-D,527,Rural Garfield,UT,LPT,0.105,37.75589,-111.87422
K24CY-D,533,St. George,UT,LPT,0.3,37.06386,-113.57272
K24FE-D,533,"Beaver, Etc",UT,LPT,0.239,38.518,-113.28494
K24HP-D,533,"Price, Etc.",UT,LPT,0.006,39.75606,-110.99125
K24IN-D,533,Green River,UT,LPT,0.02,38.97636,-110.18289
K24LX-D,533,Orderville,UT,LPT,0.03,37.27358,-112.62686
K24MQ-D,533,Marysvale,UT,LPT,0.115,38.50706,-112.19764
K24MU-D,533,Summit County,UT,LPT,0.309,40.85494,-111.47964
K24MY-D,533,Kanarraville,UT,LPT,0.04,37.48781,-113.20544
K24NA-D,533,Delta,UT,LPT,0.75,39.35331,-112.35325
K24NC-D,533,Roosevelt,UT,LPT,0.3,40.32411,-110.156
K24ND-D,533,Orangeville,UT,LPT,0.34,39.20994,-111.14239
K25GS-D,539,Manti And Ephraim,UT,LPT,0.14,39.323,-111.77381
K25GY-D,539,"Beryl, Modena, New C",UT,LPT,0.1,37.70383,-113.74217
K25IX-D,539,"Huntsville, Etc.",UT,LPT,0.012,41.33886,-111.81639
K25JJ-D,539,"Fillmore,Meadow,Etc.",UT,LPT,0.15,39.03606,-112.32608
K25JT-D,539,Blanding/Monticello,UT,LPT,0.0037,37.83947,-109.46233
K25LH-D,539,Fishlake Resort,UT,LPT,0.01,38.51667,-111.74667
K25NN-D,539,Nephi,UT,LPT,0.028,39.49178,-111.82781
K25OW-D,539,Marysvale,UT,LPT,0.115,38.50706,-112.19764
K25OY-D,539,Summit County,UT,LPT,0.309,40.85494,-111.47964
K25OZ-D,539,East Price,UT,LPT,0.028,39.6105,-110.81375
K25PA-D,539,St. George,UT,LPT,0.3,37.06361,-113.57333
K25PB-D,539,"Rural Iron, Etc.",UT,LPT,0.26,38.52042,-113.28747
K25PD-D,539,"Parowan, Enoch, Para",UT,LPT,0.25,37.84169,-112.97483
K25PF-D,539,"Delta, Oak City, Etc",UT,LPT,0.15,39.35331,-112.35236
K25PH-D,539,Roosevelt,UT,LPT,0.084,40.32411,-110.15597
K25PM-D,539,Helper,UT,LPT,0.07,39.68467,-110.84236
K25RS-D,539,Nephi,UT,LPT,0.028,39.49178,-111.82781
K26EA-D,545,"Milford, Etc.",UT,LPT,0.3,38.52042,-113.28747
K26IH-D,545,"Manti, Etc.",UT,LPT,0.14,39.32314,-111.77458
K26IK-D,545,Heber & Midway,UT,LPT,0.356,40.56244,-111.47572
K26LR-D,545,Helper,UT,LPT,0.006,39.68494,-110.84208
K26NV-D,545,Fishlake Resort,UT,LPT,0.01,38.51667,-111.74667
K26NW-D,545,Marysvale,UT,LPT,0.115,38.50706,-112.19764
K26NY-D,545,Kanab,UT,LPT,0.063,37.05961,-112.52006
K26NZ-D,545,"Kanarraville, New Ha",UT,LPT,0.04,37.48781,-113.20544
K26OA-D,545,"Parowan, Enoch, Para",UT,LPT,0.25,37.84169,-112.97483
K26OB-D,545,"Fillmore, Etc.",UT,LPT,0.15,39.03606,-112.32608
K26OC-D,545,Delta,UT,LPT,0.15,39.35331,-112.35236
K26OF-D,545,Roosevelt,UT,LPT,0.084,40.32411,-110.15597
K26OI-D,545,East Price,UT,LPT,0.07,39.6105,-110.81375
K26PK-D,545,Nephi,UT,LPT,0.05,39.49178,-111.82781
K26QF-D,545,"Santa Clara, Etc.",UT,LPT,0.3,37.15519,-113.88319
K27GB-D,551,"Beryl, Modena, New C",UT,LPT,0.1,37.70383,-113.74217
K27GC-D,551,Heber/Midway,UT,LPT,0.356,40.56244,-111.47572
K27GD-D,551,Park City,UT,LPT,0.077,40.683,-111.52353
K27HR-D,551,Manti & Ephraim,UT,LPT,0.14,39.32314,-111.77458
K27IS-D,551,Emery,UT,LPT,0.012,38.93108,-111.191
K27JT-D,551,"Fillmore, Etc.",UT,LPT,0.15,39.03606,-112.32608
K27JV-D,551,Kanab,UT,LPT,0.063,37.05961,-112.52006
K27KC-D,551,Ferron,UT,LPT,0.02,39.09317,-111.14525
K27KE-D,551,Huntington,UT,LPT,0.02,39.33536,-110.98028
K27KH-D,551,Orderville,UT,LPT,0.038,37.37392,-112.53622
K27KR-D,551,Fishlake Resort,UT,LPT,0.01,38.51667,-111.74667
K27NG-D,551,Fountain Green,UT,LPT,0.05,39.53419,-111.58667
K27NH-D,551,"Morgan, Etc.",UT,LPT,0.011,41.06867,-111.65947
K27NJ-D,551,"Rural Beaver, Etc.",UT,LPT,0.3,38.52042,-113.28747
K27NK-D,551,"Parowan, Enoch, Etc.",UT,LPT,0.25,37.84169,-112.97483
K27NM-D,551,"Delta, Etc.",UT,LPT,0.15,39.35331,-112.35236
K27NO-D,551,Vernal,UT,LPT,0.3,40.36719,-109.13094
K27NP-D,551,Duchesne,UT,LPT,0.065,40.15494,-110.39208
K27NQ-D,551,Helper,UT,LPT,0.07,39.68467,-110.84236
K27NU-D,551,Green River,UT,LPT,0.02,39.26608,-110.60764
K27NV-D,551,Scofield,UT,LPT,0.072,39.79439,-111.14156
K27NW-D,551,East Price,UT,LPT,0.07,39.6105,-110.81375
K27NY-D,551,Clear Creek,UT,LPT,0.07,39.64586,-111.15478
K27PV-D,551,St. George,UT,LPT,1.1,37.15503,-113.88322
K28EA-D,557,Washington,UT,LPT,0.25,37.15414,-113.88411
K28GM-D,557,Rural Garfield Count,UT,LPT,0.105,38.54172,-112.07303
K28IT-D,557,Kanab,UT,LPT,0.063,37.05961,-112.52006
K28JK-D,557,"Huntsville, Liberty",UT,LPT,0.012,41.33886,-111.81639
K28JL-D,557,"Morgan, Etc.",UT,LPT,0.011,41.06867,-111.65947
K28JN-D,557,"Manti, Etc.",UT,LPT,0.14,39.32314,-111.77458
K28JR-D,557,Wanship,UT,LPT,0.005,40.80886,-111.3955
K28JS-D,557,Samak,UT,LPT,0.0028,40.63222,-111.26017
K28KN-D,557,Emery,UT,LPT,0.012,38.93108,-111.191
K28KP-D,557,Clear Creek,UT,LPT,0.006,39.64586,-110.15483
K28KQ-D,557,Ferron,UT,LPT,0.02,39.09317,-111.14525
K28KR-D,557,Huntington,UT,LPT,0.02,39.33536,-110.98028
K28OJ-D,557,Tropic & Cannonville,UT,LPT,0.09,37.71136,-112.07761
K28OK-D,557,Hanksville,UT,LPT,0.01,38.37317,-110.70036
K28OL-D,557,"Loa, Etc.",UT,LPT,0.031,38.40678,-111.69847
K28OM-D,557,Escalante,UT,LPT,0.09,37.78625,-111.59442
K28OO-D,557,Fountain Green,UT,LPT,0.05,39.53419,-111.58667
K28OP-D,557,Boulder,UT,LPT,0.01,37.89806,-111.41958
K28OQ-D,557,Fishlake Resort,UT,LPT,0.01,38.51667,-111.74667
K28OR-D,557,Caineville,UT,LPT,0.054,38.36061,-110.89428
K28OS-D,557,Logan,UT,LPT,2.82,41.55092,-111.93697
K28OT-D,557,Coalville,UT,LPT,0.107,40.92392,-111.39806
K28OU-D,557,"Henefer, Etc.",UT,LPD,0.11,40.97783,-111.43614
K28OW-D,557,"Parowan, Enoch, Etc.",UT,LPT,0.25,37.84169,-112.97483
K28PC-D,557,"Fillmore, Etc.",UT,LPT,0.15,39.03606,-112.32608
K28PD-D,557,"Delta, Etc.",UT,LPT,0.15,39.35331,-112.35236
K28PE-D,557,"Kanarraville, Etc.",UT,LPT,0.04,37.48781,-113.20544
K28PF-D,557,"Vernal, Etc.",UT,LPT,0.17,40.35022,-109.16428
K28PG-D,557,Price,UT,LPT,0.259,39.52967,-111.05183
K28PH-D,557,Duchesne,UT,LPT,0.012,40.15492,-110.39211
K28PI-D,557,Emery,UT,LPT,0.012,38.93108,-111.191
K28PK-D,557,Scofield,UT,LPT,0.072,39.71106,-111.15628
K28PN-D,557,Green River,UT,LPT,0.02,39.18275,-110.60764
K28PR-D,557,Castle Dale,UT,LPT,0.02,39.18275,-110.60764
K28PT-D,557,"Manila, Etc",UT,LPT,0.089,40.95931,-109.41708
K28PU-D,557,Randolph,UT,LPT,0.084,41.62519,-111.12378
K28RE-D,557,Eskdale Garrison,UT,LPT,0.06,39.10428,-113.95342
K29EM-D,563,Manti & Ephraim,UT,LPT,0.14,39.32314,-111.77458
K29FA-D,563,"Beryl, Modena Etc.",UT,LPT,0.1,37.70383,-113.74217
K29FY-D,563,Henefer/Echo,UT,LPT,0.065,40.97772,-111.43631
K29GJ-D,563,Tropic & Cannonville,UT,LPT,0.095,37.71136,-112.07761
K29HN-D,563,Escalante,UT,LPT,0.09,37.78625,-111.59442
K29HX-D,563,Wanship,UT,LPT,0.005,40.80903,-111.3955
K29II-D,563,Park City,UT,LPT,0.077,40.683,-111.52353
K29IM-D,563,Samak,UT,LPT,0.0028,40.63222,-111.26017
K29IN-D,563,Coalville And Adj.Ar,UT,LPT,0.008,40.92392,-111.39806
K29IV-D,563,Fremont,UT,LPT,0.01,38.43275,-111.63319
K29IW-D,563,Clear Creek,UT,LPT,0.006,39.64586,-111.15486
K29IX-D,563,Caineville,UT,LPT,0.05,38.36061,-110.89428
K29IY-D,563,Ferron,UT,LPT,0.02,39.09317,-111.14525
K29IZ-D,563,Huntington,UT,LPT,0.02,39.33536,-110.98028
K29JA-D,563,Alton,UT,LPT,0.038,37.37392,-112.53622
K29JQ-D,563,Fishlake Resort,UT,LPT,0.01,38.51667,-111.74667
K29KD-D,563,Delta,UT,LPT,0.75,39.35331,-112.35325
K29LB-D,563,"Vernal, Etc.",UT,LPT,0.17,40.35086,-109.16319
K29LX-D,563,Hanksville,UT,LPT,0.01,38.37317,-110.70036
K29LZ-D,563,Fountain Green,UT,LPT,0.05,39.53419,-111.58667
K29MA-D,563,Boulder,UT,LPT,0.01,37.89806,-111.41958
K29MB-D,563,Antimony,UT,LPT,0.033,38.18242,-112.04089
K29MC-D,563,Heber City,UT,LPT,0.17,40.56244,-111.47572
K29MF-D,563,Peoa And Oakley,UT,LPT,0.105,40.72244,-111.36433
K29MH-D,563,Kanab,UT,LPT,0.063,37.05961,-112.52006
K29MI-D,563,"Parowan, Enoch, Etc.",UT,LPT,0.25,37.84169,-112.97483
K29MJ-D,563,Rockville,UT,LPT,0.13,37.15239,-113.03117
K29ML-D,563,Kanarraville/New Har,UT,LPT,0.04,37.48781,-113.20544
K29MN-D,563,"Fillmore, Etc.",UT,LPT,0.15,39.03606,-112.32608
K29MP-D,563,Garrison,UT,LPT,0.06,39.10428,-113.95342
K29MR-D,563,Emery,UT,LPT,0.012,38.93108,-111.191
K29MS-D,563,Green River,UT,LPT,0.02,39.18275,-110.60764
K29MT-D,563,Scofield,UT,LPT,0.072,39.79439,-111.14156
K29MV-D,563,Spring Glen,UT,LPT,0.006,39.53022,-111.05156
K29MW-D,563,Duchesne,UT,LPT,0.102,40.15492,-110.39211
K29MX-D,563,"Manila, Etc",UT,LPT,0.089,40.95931,-109.41708
K29MY-D,563,Randolph,UT,LPT,0.084,41.62519,-111.12378
K29OJ-D,563,"Washington, Etc.",UT,LPT,1.0,37.15522,-113.88311
K29OW-D,563,Rural Garfield,UT,LPT,0.105,38.54175,-112.07228
K30GA-D,569,Garfield County,UT,LPT,0.105,38.54172,-112.07303
K30JB-D,569,"Morgan, Etc.",UT,LPT,0.011,41.06867,-111.66031
K30JG-D,569,Randolph & Woodruff,UT,LPT,0.011,41.62519,-111.12378
K30KC-D,569,Samak,UT,LPT,0.0028,40.63222,-111.26017
K30KE-D,569,Wanship,UT,LPT,0.005,40.80903,-111.3955
K30KG-D,569,"Coalville, Etc.",UT,LPT,0.008,40.92392,-111.39806
K30KH-D,569,Emery,UT,LPT,0.012,38.93108,-111.191
K30KJ-D,569,Manti & Ephrain,UT,LPT,0.14,39.32314,-111.77458
K30KK-D,569,Fountain Green,UT,LPT,0.01,39.53419,-111.58667
K30KM-D,569,"Vernal, Etc",UT,LPT,0.17,40.35086,-109.16319
K30LF-D,569,Duchesne,UT,LPT,0.102,40.15492,-110.39211
K30LY-D,569,"Manila, Etc",UT,LPT,0.072,40.95931,-109.41708
K30OE-D,569,Alton,UT,LPT,0.032,37.37392,-112.53622
K30OL-D,569,"Washington, Etc.",UT,LPT,0.2,37.15528,-113.88111
K30ON-D,569,Capitol Reef Nationa,UT,LPT,0.06,38.29619,-111.29239
K30OO-D,569,Caineville,UT,LPT,0.054,38.36061,-110.89428
K30OP-D,569,Hanksville,UT,LPT,0.01,38.37317,-110.70036
K30OQ-D,569,Fremont,UT,LPT,0.031,38.40678,-111.69847
K30OR-D,569,Escalante,UT,LPT,0.09,37.78625,-111.59442
K30OS-D,569,Antimony,UT,LPT,0.033,38.18242,-112.04089
K30OT-D,569,Tropic/Cannonville,UT,LPT,0.09,37.71136,-112.07761
K30OV-D,569,Boulder,UT,LPT,0.01,37.89806,-111.41958
K30OW-D,569,Fishlake Resort,UT,LPT,0.01,38.51667,-111.74667
K30OY-D,569,Logan,UT,LPT,2.82,41.55092,-111.93697
K30PC-D,569,Henefer & Echo,UT,LPT,0.11,40.97783,-111.43614
K30PD-D,569,Kanab,UT,LPT,0.063,37.05961,-112.52006
K30PE-D,569,"Parowan, Enoch Etc.",UT,LPT,0.25,37.84169,-112.97483
K30PF-D,569,Fillmore Etc.,UT,LPT,0.15,39.03606,-112.32608
K30PG-D,569,"Delta, Oak City, Etc",UT,LPT,0.15,39.35331,-112.35236
K30PH-D,569,"Beaver, Etc.",UT,LPT,0.2,38.45656,-112.6575
K30PI-D,569,Garrison,UT,LPT,0.06,39.10428,-113.95342
K30PJ-D,569,"Beryl, New Castle, M",UT,LPT,0.1,37.70383,-113.74217
K30PK-D,569,"Kanarraville, Etc.",UT,LPT,0.04,37.48781,-113.20544
K30PM-D,569,Price,UT,LPT,0.284,39.53022,-111.05156
K30PN-D,569,Green River,UT,LPT,0.02,39.18275,-110.60764
K30PO-D,569,Scofield,UT,LPT,0.072,39.79439,-111.14156
K30PP-D,569,Ferron,UT,LPT,0.02,39.09317,-111.14525
K30PQ-D,569,Clear Creek,UT,LPT,0.07,39.64586,-111.15486
K30PS-D,569,Huntington,UT,LPT,0.02,39.33536,-110.98028
K31EI-D,575,Cedar Canyon,UT,LPT,0.2,37.59911,-112.85719
K31EL-D,575,"Tropic, Etc.",UT,LPT,0.096,37.71136,-112.07761
K31FN-D,575,Manti & Ephraim,UT,LPT,0.14,39.32314,-111.77458
K31FP-D,575,Heber/Midway,UT,LPT,0.356,40.56244,-111.47572
K31FQ-D,575,Park City,UT,LPT,0.077,40.683,-111.52353
K31IS-D,575,Toquerville,UT,LPT,0.22,37.28942,-113.27689
K31IU-D,575,"Morgan, Etc.",UT,LPT,0.011,41.06867,-111.65947
K31JB-D,575,"Hanna, Etc.",UT,LPT,0.012,40.3855,-110.75847
K31JC-D,575,Duchesne,UT,LPT,0.012,40.15492,-110.39211
K31JE-D,575,Escalante,UT,LPT,0.09,37.78625,-111.59442
K31JF-D,575,Boulder,UT,LPT,0.003,37.89806,-111.41958
K31JL-D,575,"Vernal, Etc.",UT,LPT,0.17,40.35078,-109.16319
K31JN-D,575,Scofield,UT,LPT,0.006,39.71106,-111.15628
K31JP-D,575,"Manila, Etc.",UT,LPT,0.0056,40.95931,-109.41708
K31JX-D,575,Rockville,UT,LPT,0.13,37.15236,-113.03192
K31KC-D,575,Coalville&Adj.,UT,LPT,0.008,40.92392,-111.39806
K31KN-D,575,Caineville,UT,LPT,0.05,38.36061,-110.89428
K31KP-D,575,Alton,UT,LPT,0.038,37.37392,-112.53622
K31LA-D,575,Fremont,UT,LPT,0.01,38.43275,-111.63319
K31LC-D,575,Nephi,UT,LPT,0.063,39.73272,-111.94353
K31LG-D,575,Emery,UT,LPT,0.012,38.93108,-111.191
K31LH-D,575,Fishlake Resort,UT,LPT,0.01,38.51667,-111.74667
K31MC-D,575,"Spring Glen, Etc.",UT,LPT,0.006,39.53022,-111.05156
K31NK-D,575,"Peoa,Oakley",UT,LPT,0.105,40.72244,-111.36433
K31NP-D,575,Rural Garfield Count,UT,LPT,0.088,38.54172,-112.07303
K31NU-D,575,Hanksville,UT,LPT,0.01,38.37317,-110.70036
K31NX-D,575,Fountain Green,UT,LPT,0.05,39.53419,-111.58667
K31OA-D,575,Antimony,UT,LPT,0.033,38.18242,-112.04089
K31OB-D,575,Randolph,UT,LPT,0.084,41.62519,-111.12378
K31OD-D,575,"Henefer, Etc.",UT,LPT,0.11,40.97783,-111.43708
K31OF-D,575,Kanab,UT,LPT,0.063,37.05961,-112.52006
K31OG-D,575,"Parowan, Enoch, Etc.",UT,LPT,0.25,37.84169,-112.97483
K31OI-D,575,"Beryl, Modena Etc.",UT,LPT,0.1,37.70383,-113.74217
K31OJ-D,575,"Delta, Etc.",UT,LPT,0.75,39.35331,-112.35239
K31OK-D,575,"Beaver, Etc.",UT,LPT,0.2,38.45656,-112.6575
K31OM-D,575,"Garrison, Etc.",UT,LPT,0.06,39.10428,-113.95342
K31ON-D,575,"Fillmore, Etc.",UT,LPT,0.15,39.03606,-112.32608
K31OO-D,575,Green River,UT,LPT,0.02,39.18275,-110.60764
K31OS-D,575,Ferron,UT,LPT,0.02,39.09317,-111.14525
K31OT-D,575,Clear Creek,UT,LPT,0.07,39.64586,-111.15486
K31OU-D,575,Huntington,UT,LPT,0.02,39.33536,-110.98028
K31QE-D,575,Kanarraville Etc.,UT,LPT,0.04,37.48781,-113.20544
K31QF-D,575,Salt Lake City,UT,LPD,1.0,40.60772,-112.15806
K31QR-D,575,Scipio,UT,LPT,0.05,39.20253,-112.14375
K32AG-D,581,"Parowan, Enoch, Etc.",UT,LPT,0.25,37.84169,-112.97483
K32DC-D,581,Kanab,UT,LPT,0.063,37.05961,-112.52006
K32HK-D,581,"Morgan, Etc.",UT,LPT,0.011,41.06867,-111.65947
K32HP-D,581,"Hanna, Etc.",UT,LPT,0.012,40.3855,-110.75847
K32HQ-D,581,Boulder,UT,LPT,0.003,37.89806,-111.41958
K32HV-D,581,"Vernal, Etc.",UT,LPT,0.17,40.35086,-109.16342
K32HX-D,581,Duchesne,UT,LPT,0.012,40.15492,-110.39211
K32IA-D,581,"Manila, Etc.",UT,LPT,0.0056,40.95931,-109.41708
K32IS-D,581,"Henefer, Etc.",UT,LPT,0.005,40.97783,-111.43614
K32IT-D,581,Coalville And Adj. A,UT,LPT,0.008,40.92392,-111.39806
K32IU-D,581,Wanship,UT,LPT,0.005,40.80886,-111.3955
K32IZ-D,581,Scofield,UT,LPT,0.006,39.79456,-111.14161
K32JB-D,581,Fountain Green,UT,LPT,0.01,39.53419,-111.58667
K32JI-D,581,Emery,UT,LPT,0.012,38.93108,-111.191
K32JW-D,581,"Fillmore, Etc.",UT,LPT,0.15,39.03606,-112.32608
K32LZ-D,581,Alton,UT,LPT,0.06,37.37392,-112.53622
K32MI-D,581,"Delta, Oak City, Etc",UT,LPT,0.75,39.35331,-112.35236
K32MK-D,581,Park City,UT,LPT,0.093,40.683,-111.52353
K32ML-D,581,Rural Garfield Count,UT,LPT,0.088,38.54172,-112.07303
K32MO-D,581,Capitol Reef Nationa,UT,LPT,0.06,38.29619,-111.29239
K32MP-D,581,Caineville,UT,LPT,0.054,38.36061,-110.89428
K32MQ-D,581,Fremont,UT,LPT,0.031,38.40678,-111.69847
K32MR-D,581,Escalante,UT,LPT,0.09,37.78625,-111.59442
K32MT-D,581,"Tropic, Etc.",UT,LPT,0.09,37.71136,-112.07761
K32MU-D,581,Hanksville,UT,LPT,0.01,38.37317,-110.70036
K32MV-D,581,Antimony,UT,LPT,0.033,38.18242,-112.04089
K32MW-D,581,Logan,UT,LPT,2.82,41.55092,-111.93697
K32MX-D,581,Randolph & Woodruff,UT,LPT,0.084,41.62519,-111.12378
K32MY-D,581,Heber/Midway,UT,LPT,0.356,40.56244,-111.47572
K32MZ-D,581,Samak,UT,LPT,0.063,40.63222,-111.26017
K32NB-D,581,Beaver Etc.,UT,LPT,0.2,38.45656,-112.6575
K32NC-D,581,Toquerville,UT,LPT,0.06,37.28989,-113.27547
K32ND-D,581,"Modena, Etc.",UT,LPT,0.1,37.70383,-113.74217
K32NE-D,581,"Garrison, Etc.",UT,LPT,0.06,39.10428,-113.95342
K32NF-D,581,Spring Glen,UT,LPT,0.006,39.53022,-111.05156
K32NG-D,581,Green River,UT,LPT,0.02,39.18275,-110.60764
K32NH-D,581,Ferron,UT,LPT,0.02,39.09317,-111.14525
K32NI-D,581,Clear Creek,UT,LPT,0.07,39.64586,-111.15486
K32NJ-D,581,Huntington,UT,LPT,0.02,39.33536,-110.98028
K33DO-D,587,Vernal,UT,LPT,0.17,40.35086,-109.16319
K33EB-D,587,Cedar Canyon,UT,LPT,0.2,37.59911,-112.85719
K33FT-D,587,"Manti, Ephraim",UT,LPT,0.14,39.32314,-111.77458
K33FX-D,587,Heber/Midway,UT,LPT,0.356,40.56244,-111.47572
K33FY-D,587,Park City,UT,LPT,0.077,40.683,-111.52353
K33HX-D,587,Tropic & Cannonville,UT,LPT,0.096,37.71136,-112.07761
K33IZ-D,587,Boulder,UT,LPT,0.003,37.89806,-111.41958
K33JE-D,587,"Modena, Beryl, Etc.",UT,LPT,0.01,37.70531,-113.74444
K33JG-D,587,"Peoa, Oakley",UT,LPT,0.011,40.72244,-111.36433
K33JI-D,587,Scofield,UT,LPT,0.006,39.71106,-111.15628
K33JW-D,587,Rockville/Springdale,UT,LPT,0.13,37.15236,-113.03192
K33KF-D,587,"Kanarraville, Etc",UT,LPT,0.07,37.48781,-113.20544
K33KH-D,587,Nephi,UT,LPT,0.063,39.73272,-111.94353
K33KI-D,587,Spring Glen,UT,LPT,0.006,39.53022,-111.05156
K33KW-D,587,"Delta, Etc.",UT,LPT,0.75,39.35331,-112.35325
K33LA-D,587,Duchesne,UT,LPT,0.102,40.15492,-110.39211
K33LV-D,587,"Henefer, Etc",UT,LPT,0.121,40.97783,-111.43708
K33NQ-D,587,Alton,UT,LPT,0.038,37.37392,-112.53622
K33NT-D,587,Kanab,UT,LPT,0.063,37.05961,-112.52006
K33OI-D,587,Hanksville,UT,LPT,0.01,38.37317,-110.70103
K33OJ-D,587,"Garfield, Etc.",UT,LPT,0.088,38.54172,-112.07303
K33OL-D,587,Fremont,UT,LPT,0.031,38.43275,-111.63319
K33OM-D,587,Caineville,UT,LPT,0.054,38.36061,-110.89428
K33OO-D,587,Antimony,UT,LPT,0.033,38.18242,-112.04089
K33OQ-D,587,Escalante,UT,LPT,0.09,37.78625,-111.59442
K33OU-D,587,Fountain Green,UT,LPT,0.05,39.53419,-111.58667
K33OX-D,587,Samak,UT,LPT,0.063,40.63222,-111.26017
K33OY-D,587,Blanding/Monticello,UT,LPT,0.105,37.83958,-109.46239
K33OZ-D,587,"Parowan, Enoch, Etc.",UT,LPT,0.25,37.84169,-112.97483
K33PC-D,587,Santa Clara,UT,LPT,0.2,37.15514,-113.88317
K33PD-D,587,"Toquerville, Hurrica",UT,LPT,0.06,37.28989,-113.27547
K33PF-D,587,"Beaver, Etc.",UT,LPT,0.2,38.45656,-112.6575
K33PH-D,587,"Garrison, Etc.",UT,LPT,0.06,39.10428,-113.95342
K33PJ-D,587,Emery,UT,LPT,0.012,38.93108,-111.191
K33PK-D,587,Green River,UT,LPT,0.02,39.18275,-110.60764
K33PN-D,587,Ferron,UT,LPT,0.02,39.09317,-111.14525
K33PO-D,587,Clear Creek,UT,LPT,0.07,39.64586,-111.15486
K33PP-D,587,Huntington,UT,LPT,0.02,39.33536,-110.98028
K33PQ-D,587,"Manila, Etc",UT,LPT,0.089,40.95931,-109.41708
K33PS-D,587,Randolph,UT,LPT,0.084,41.62519,-111.12378
K33QZ-D,587,"Fillmore, Etc.",UT,LPT,0.15,39.03606,-112.32608
K34AG-D,593,"Parowan, Enoch, Etc.",UT,LPT,0.25,37.84169,-112.97483
K34CX-D,593,Apple Valley,UT,LPD,0.667,37.11386,-113.12844
K34FO-D,593,Alton,UT,LPT,0.038,37.37392,-112.53622
K34FR-D,593,Randolph & Woodruff,UT,LPT,0.284,41.62519,-111.12378
K34FV-D,593,Duchesne,UT,LPT,0.102,40.15492,-110.39211
K34GO-D,593,Fillmore,UT,LPT,0.15,39.03606,-112.32608
K34IW-D,593,"Hanna, Etc.",UT,LPT,0.012,40.3855,-110.75847
K34IY-D,593,Boulder,UT,LPT,0.003,37.89806,-111.41958
K34JB-D,593,"Vernal, Etc.",UT,LPT,0.17,40.35086,-109.16319
K34JD-D,593,"Manila, Etc.",UT,LPT,0.005,40.95931,-109.41672
K34KP-D,593,Clear Creek,UT,LPT,0.006,39.64586,-111.15486
K34KQ-D,593,Fountain Green,UT,LPT,0.01,39.53419,-111.58667
K34NT-D,593,Hanksville,UT,LPT,0.01,38.37317,-110.70103
K34NW-D,593,Rural Garfield Count,UT,LPT,0.088,38.54172,-112.07303
K34NY-D,593,Escalante,UT,LPT,0.09,37.78625,-111.59442
K34NZ-D,593,Fremont,UT,LPT,0.031,38.43275,-111.63319
K34OA-D,593,Capitol Reef Nationa,UT,LPT,0.06,38.29619,-111.29239
K34OC-D,593,Antimony,UT,LPT,0.033,38.18242,-112.04089
K34OD-D,593,"Tropic, Etc.",UT,LPT,0.09,37.71136,-112.07761
K34OE-D,593,"Manti, Etc.",UT,LPT,0.16,39.32314,-111.77458
K34OF-D,593,Caineville,UT,LPT,0.054,38.36061,-110.89428
K34OI-D,593,Logan,UT,LPT,2.82,41.55092,-111.93697
K34OJ-D,593,Park City,UT,LPT,0.093,40.683,-111.52353
K34OK-D,593,Coalville,UT,LPT,0.107,40.92392,-111.39806
K34OL-D,593,Wanship,UT,LPT,0.114,40.80856,-111.39547
K34OM-D,593,"Henefer, Etc.",UT,LPT,0.11,40.97783,-111.43614
K34ON-D,593,Samak,UT,LPT,0.063,40.63222,-111.26017
K34OO-D,593,Blanding/Monticello,UT,LPT,0.5,37.83958,-109.46239
K34OP-D,593,Kanab,UT,LPT,0.063,37.05961,-112.52006
K34OQ-D,593,Beaver Etc.,UT,LPT,0.2,38.45656,-112.6575
K34OT-D,593,Toquerville & Leeds,UT,LPT,0.107,37.28942,-113.27661
K34OU-D,593,"Beryl, Modena Etc.",UT,LPT,0.1,37.70383,-113.74217
K34OV-D,593,"Washington, Etc.",UT,LPT,0.12,37.15528,-113.88111
K34OX-D,593,"Delta, Etc.",UT,LPT,0.15,39.35331,-112.35236
K34PA-D,593,"Garrison, Etc.",UT,LPT,0.06,39.10428,-113.95342
K34PB-D,593,Emery,UT,LPT,0.012,38.93108,-111.191
K34PC-D,593,Green River,UT,LPT,0.02,39.18275,-110.60764
K34PD-D,593,Spring Glen,UT,LPT,0.006,39.53022,-111.05156
K34PF-D,593,Scofield,UT,LPT,0.072,39.79439,-111.14156
K34PH-D,593,Ferron,UT,LPT,0.02,39.09317,-111.14525
K34PI-D,593,Huntington,UT,LPT,0.02,39.33536,-110.98028
K35EW-D,599,Heber/Midway,UT,LPT,0.356,40.56244,-111.47572
K35FS-D,599,"Santa Clara, Etc.",UT,LPT,0.287,37.15414,-113.85967
K35GG-D,599,"Huntsville, Etc.",UT,LPT,0.12,41.33881,-111.81631
K35IJ-D,599,Hanna & Tabiona,UT,LPT,0.012,40.3855,-110.75847
K35IK-D,599,Duchesne,UT,LPT,0.012,40.15492,-110.39211
K35IQ-D,599,"Vernal, Etc.",UT,LPT,0.17,40.35086,-109.16319
K35IR-D,599,"Garrison, Etc.",UT,LPT,0.06,39.10428,-113.95342
K35IS-D,599,"Peoa,Oakley",UT,LPT,0.011,40.72244,-111.36433
K35JJ-D,599,Scofield,UT,LPT,0.006,39.79456,-111.14161
K35JK-D,599,Fountain Green,UT,LPT,0.01,39.53419,-111.58667
K35JZ-D,599,Alton,UT,LPT,0.038,37.37392,-112.53622
K35KL-D,599,"Manila, Etc",UT,LPT,0.089,40.95931,-109.41708
K35NC-D,599,Hanksville,UT,LPT,0.01,38.37317,-110.70103
K35ND-D,599,"Rural Garfield, Etc.",UT,LPT,0.088,38.54172,-112.07303
K35NE-D,599,Fremont,UT,LPT,0.031,38.43275,-111.63319
K35NG-D,599,Escalante,UT,LPT,0.09,37.78625,-111.59442
K35NJ-D,599,Antimony,UT,LPT,0.033,38.18242,-112.04089
K35NK-D,599,Cannonville,UT,LPT,0.09,37.71136,-112.07761
K35NL-D,599,Boulder,UT,LPT,0.01,37.89806,-111.41958
K35NM-D,599,Caineville,UT,LPT,0.054,38.36061,-110.89428
K35NN-D,599,Randolph & Woodruff,UT,LPT,0.084,41.62519,-111.12378
K35NO-D,599,Blanding/Monticello,UT,LPT,0.5,37.83958,-109.46239
K35NP-D,599,"Kanarraville, New Ha",UT,LPT,0.04,37.48781,-113.20544
K35NT-D,599,"Parowan, Enoch, Para",UT,LPT,0.25,37.84169,-112.97483
K35NU-D,599,"Delta, Etc.",UT,LPT,0.15,39.35331,-112.35236
K35NV-D,599,"Beryl, Newcastle Mod",UT,LPT,0.1,37.70383,-113.74217
K35NW-D,599,Beaver Etc.,UT,LPT,0.2,38.45656,-112.6575
K35NX-D,599,"Fillmore, Etc.",UT,LPT,0.15,39.03606,-112.32608
K35OA-D,599,Emery,UT,LPT,0.012,38.93108,-111.191
K35OB-D,599,Green River,UT,LPT,0.02,39.18275,-110.60764
K35OC-D,599,Ferron,UT,LPT,0.02,39.09317,-111.14525
K35OD-D,599,Clear Creek,UT,LPT,0.07,39.64586,-111.15486
K35OE-D,599,Huntington,UT,LPT,0.02,39.33536,-110.98028
K35OP-D,599,Park City,UT,LPT,0.08,40.683,-111.52353
K36AI-D,605,"Parowan, Enoch, Etc.",UT,LPT,0.25,37.84169,-112.97483
K36AK-D,605,Blanding/Monticello,UT,LPT,0.105,37.83958,-109.46239
K36FM-D,605,Beaver Etc.,UT,LPT,0.31,38.45647,-112.65825
K36FS-D,605,Randolph,UT,LPT,0.284,41.62519,-111.12378
K36FT-D,605,"Santa Clara, Etc.",UT,LPT,0.225,37.15525,-113.883
K36IG-D,605,Antimony,UT,LPT,0.006,38.18242,-112.04089
K36IK-D,605,"Delta, Oak City, Etc",UT,LPT,0.008,39.35331,-112.35236
K36IL-D,605,Hanna & Tabiona,UT,LPT,0.012,40.3855,-110.75847
K36IM-D,605,"Duchesne, Etc.",UT,LPT,0.012,40.15492,-110.39211
K36IQ-D,605,"Vernal, Etc.",UT,LPT,0.17,40.35086,-109.16319
K36IR-D,605,"Garrison, Etc.",UT,LPT,0.06,39.10428,-113.95342
K36JT-D,605,Clear Creek,UT,LPT,0.006,39.64586,-111.15486
K36JW-D,605,Spring Glen,UT,LPT,0.006,39.53022,-111.05156
K36KI-D,605,"Fillmore, Etc.",UT,LPT,0.15,39.03606,-112.32608
K36LE-D,605,"Manila, Etc",UT,LPT,0.089,40.95931,-109.41708
K36MI-D,605,Fountain Green,UT,LPT,0.01,39.53419,-111.58667
K36NO-D,605,"Alton, Etc.",UT,LPT,0.022,37.37392,-112.53622
K36OE-D,605,Garfield County,UT,LPT,0.088,38.54172,-112.07303
K36OH-D,605,Fremont,UT,LPT,0.031,38.43275,-111.63322
K36OI-D,605,Manti/Ephraim,UT,LPT,0.035,39.32194,-111.77111
K36OM-D,605,Tropic,UT,LPT,0.09,37.71136,-112.07761
K36ON-D,605,Escalante,UT,LPT,0.09,37.78625,-111.59442
K36OO-D,605,Boulder,UT,LPT,0.01,37.89806,-111.41958
K36OP-D,605,Hanksville,UT,LPT,0.01,38.37317,-110.70103
K36OQ-D,605,Caineville,UT,LPT,0.054,38.36061,-110.89428
K36OR-D,605,Logan,UT,LPT,2.82,41.55092,-111.93697
K36OT-D,605,Coalville,UT,LPT,0.107,40.92392,-111.39806
K36OV-D,605,Wanship,UT,LPT,0.114,40.80903,-111.3955
K36OW-D,605,Henefer & Echo,UT,LPT,0.11,40.97783,-111.43614
K36OX-D,605,Samak,UT,LPT,0.063,40.63222,-111.26017
K36PA-D,605,"Kanarraville, Etc.",UT,LPT,0.04,37.48781,-113.20544
K36PC-D,605,Emery,UT,LPT,0.012,38.93108,-111.191
K36PD-D,605,Green River,UT,LPT,0.02,39.18275,-110.60764
K36PF-D,605,Ferron,UT,LPT,0.02,39.09317,-111.14525
K36PG-D,605,Huntington,UT,LPT,0.02,39.33536,-110.98028
K36PK-D,605,"Peoa, Etc.",UT,LPT,0.105,40.72244,-111.36433
KBTU-LD,479,Salt Lake City,UT,LPD,5.0,40.68214,-112.20319
KBYU-TV,491,Provo,UT,DTV,298.0,40.65917,-112.20278
KCBU,479,Price,UT,DTV,0.2,39.757,-110.98969
KCSG,473,Cedar City,UT,DTV,25.0,37.63958,-113.03303
KCVB-LD,545,Logan,UT,LPD,0.535,41.55103,-111.93575
KEJT-CD,515,Salt Lake City,UT,DCA,15.0,40.66022,-112.20217
KEMS,485,Vernal,UT,DTV,48.5,40.35111,-109.15419
KJZZ-TV,503,Salt Lake City,UT,DTV,312.0,40.65917,-112.20278
KKRP-LD,515,St. George,UT,LPD,0.3,37.06361,-113.57333
KMTI-LD,581,Manti And Ephraim,UT,LPD,0.14,39.32147,-111.77056
KMYU,189,St. George,UT,DTV,3.2,37.06333,-113.57389
KPDR-LD,521,Salt Lake City,UT,LPD,15.0,40.60772,-112.15806
KPNZ,533,Ogden,UT,DTV,450.0,40.65917,-112.20278
KSL-TV,527,Salt Lake City,UT,DTV,398.0,40.65917,-112.20278
KSTU,557,Salt Lake City,UT,DTV,350.0,40.65911,-112.203
KSUD-LD,587,Salt Lake City,UT,LPD,7.5,40.6825,-112.20333
KSVC-LD,207,Marysvale,UT,LPD,0.1,38.38553,-112.33325
KSVN-CD,539,Ogden,UT,DCA,14.0,40.65972,-112.20208
KTMW,509,Salt Lake City,UT,DTV,55.3,40.65333,-112.2025
KTTA-LD,533,Monroe,UT,LPD,0.165,38.63469,-112.06022
KTVX,569,Salt Lake City,UT,DTV,390.0,40.65917,-112.20278
KUCL-LD,545,Salt Lake City,UT,LPD,12.71,40.72467,-111.81353
KUCW,599,Ogden,UT,DTV,432.0,40.65917,-112.20278
KUED,551,Salt Lake City,UT,DTV,374.0,40.65917,-112.20278
KUEN,605,Ogden,UT,DTV,200.0,40.65917,-112.20278
KUES,503,Richfield,UT,DTV,0.33,38.63442,-112.05992
KUEW,497,St. George,UT,DTV,1.62,37.06386,-113.573
KULU-LD,485,Park City,UT,LPD,0.76,40.85411,-111.48158
KULX-CD,473,Ogden,UT,DCA,15.0,40.65944,-112.20222
KUPX-TV,563,Provo,UT,DTV,530.0,40.65333,-112.2025
KUTA-LD,545,Ogden,UT,LPD,15.0,41.16583,-112.01528
KUTF,207,Logan,UT,DTV,22.3,41.78408,-112.23272
KUTH-DT,581,Provo,UT,DTV,194.0,40.27917,-111.93417
KUTO-LD,479,Logan,UT,LPD,5.0,41.61139,-111.95247
KUTV,593,Salt Lake City,UT,DTV,423.0,40.65917,-112.20278
NEW,207,Waynesboro,VA,DTV,10.0,38.16497,-79.31389
W05AA-D,79,Roanoke,VA,LPT,0.097,37.23233,-80.04725
W15DO-D,479,Sussex County,VA,LPD,6.9,36.07672,-76.66181
W18EG-D,497,Onancock,VA,LPT,8.0,37.84242,-75.57114
W18FL-D,497,Roanoke,VA,LPD,15.0,37.31528,-79.63472
W22EX-D,521,Staunton,VA,LPT,15.0,38.16539,-79.31197
W25AA-D,539,Onancock,VA,LPT,7.9,37.84242,-75.57114
W26EV-D,545,Portsmouth,VA,LPD,15.0,36.81583,-76.46639
W26FT-D,545,Roanoke,VA,LPD,15.0,37.42522,-79.87475
W27EZ-D,551,Dumfries,VA,LPD,15.0,38.65036,-77.44256
W32EW-D,581,Roanoke,VA,LPD,15.0,37.37306,-79.9275
W32GI-D,581,Floris,VA,LPD,15.0,39.04175,-77.59547
W33FH-D,587,Lynchburg,VA,LPD,15.0,37.19753,-79.35164
W33FI-D,587,Bluefield,VA,LPD,15.0,37.22008,-81.25528
W35ER-D,599,Roanoke,VA,LPD,15.0,37.19389,-80.15683
WAHU-LD,575,Crozet,VA,LPD,15.0,37.9845,-78.48086
WAPW-CD,527,"Abingdon, Etc.",VA,DCA,15.0,36.90133,-81.54292
WAVY-TV,503,Portsmouth,VA,DTV,1000.0,36.82083,-76.51111
WBRA-TV,213,Roanoke,VA,DTV,66.0,37.19611,-80.15444
WCAV,581,Charlottesville,VA,DTV,205.0,37.9845,-78.48086
WCVE-TV,521,Richmond,VA,DTV,310.0,37.51267,-77.60133
WCVW,563,Richmond,VA,DTV,112.0,37.51267,-77.60133
WCYB-TV,599,Bristol,VA,DTV,1000.0,36.4495,-82.10797
WDBJ,569,Roanoke,VA,DTV,1000.0,37.19519,-80.15614
WDCN-LD,85,Fairfax,VA,LPD,3.0,38.8745,-77.22322
WDCO-CD,533,Woodstock,VA,DCA,15.0,38.94006,-77.08125
WDWA-LD,563,Damascus,VA,LPD,15.0,39.21908,-76.97475
WFDC-DT,479,Arlington,VA,DTV,1000.0,38.94,-77.08139
WFWG-LD,569,Richmond,VA,LPD,8.0,37.51267,-77.60133
WFXR,605,Roanoke,VA,DTV,944.0,37.19661,-80.15406
WGBS-LD,207,Carrollton,VA,LPD,2.7,36.86086,-76.35267
WGNT,509,Portsmouth,VA,DTV,570.0,36.80883,-76.50314
WHRO-TV,575,Hampton-Norfolk,VA,DTV,1000.0,36.80883,-76.50314
WHSV-TV,509,Harrisonburg,VA,DTV,271.0,38.1655,-79.31247
WHTJ,545,Charlottesville,VA,DTV,300.0,37.98333,-78.48361
WITD-CD,527,Chesapeake,VA,DCA,1.48,36.82083,-76.51111
WJDG-LD,527,Grundy,VA,LPD,0.325,37.18039,-81.37731
WJDW-LD,599,Tazewell,VA,LPD,15.0,37.19094,-81.53008
WJGN-CD,551,Chesapeake,VA,DCA,12.0,36.86086,-76.35267
WJHJ-LD,593,"Newport News, Etc.",VA,LPD,15.0,36.81667,-76.46806
WKIN-CD,177,"Weber Cy,Va-Kpt,Tn",VA,DCA,0.26,36.52703,-82.58653
WKTD-CD,491,Portsmouth,VA,DCA,14.35,36.82083,-76.51111
WLFG,473,Grundy,VA,DTS,479.0,36.82981,-82.079
WMDV-LD,527,Danville,VA,LPD,15.0,36.74233,-79.38367
WMTO-LD,85,Norfolk,VA,LPD,3.0,36.81222,-76.46222
WNLO-CD,473,Norfolk,VA,DCA,15.0,36.82083,-76.51111
WNVC,545,Culpeper,VA,DTV,300.0,37.98333,-78.48361
WNVT,521,Spotsylvania,VA,DTV,310.0,37.51267,-77.60133
WPMC-CD,605,Mappsville,VA,DCA,0.09,37.84242,-75.57114
WPXR-TV,551,Roanoke,VA,DTV,609.0,37.19889,-80.15
WPXV-TV,581,Norfolk,VA,DTV,865.0,36.81667,-76.46806
WPXW-TV,599,Manassas,VA,DTV,949.0,38.96386,-77.10478
WRIC-TV,557,Petersburg,VA,DTV,1000.0,37.51267,-77.60133
WRID-LD,605,Richmond,VA,LPD,15.0,37.50639,-77.50306
WRLH-TV,533,Richmond,VA,DTV,1000.0,37.51267,-77.60133
WSET-TV,177,Lynchburg,VA,DTV,40.0,37.31528,-79.63472
WSLS-TV,593,Roanoke,VA,DTV,1000.0,37.20092,-80.148
WSVF-CD,605,Harrisonburg,VA,DCA,15.0,38.393,-78.76997
WSVW-LD,569,Harrisonburg,VA,LPD,12.0,38.393,-78.76997
WTKR,485,Norfolk,VA,DTV,610.0,36.80883,-76.50314
WTPC-TV,177,Virginia Beach,VA,DTV,85.0,36.80883,-76.50314
WTVR-TV,527,Richmond,VA,DTV,410.0,37.51267,-77.60133
WTVZ-TV,587,Norfolk,VA,DTV,1000.0,36.80883,-76.50314
WUDW-LD,479,Richmond,VA,LPD,8.0,37.51267,-77.60133
WUPV,183,Ashland,VA,DTV,30.0,37.74222,-77.25389
WVAD-LD,539,Chesapeake,VA,LPD,15.0,36.81039,-76.28256
WVAW-LD,485,Charlottesville,VA,LPD,15.0,37.9845,-78.48086
WVBT,515,Virginia Beach,VA,DTV,850.0,36.82083,-76.51111
WVEC,599,Hampton,VA,DTV,1000.0,36.81667,-76.46806
WVIR-CD,599,Charlottesville,VA,DCA,15.0,37.98403,-78.48111
WVIR-TV,569,Charlottesville,VA,DRT,15.0,38.31083,-78.00342
WVPT,479,Staunton,VA,DTS,195.0,38.16511,-79.31392
WVPY,479,New Market,VA,DTS,195.0,38.16511,-79.31392
WWBK-LD,539,Richmond,VA,LPD,15.0,37.51267,-77.60133
WWBT,195,Richmond,VA,DTV,29.0,37.50639,-77.50306
WWCW,515,Lynchburg,VA,DTV,938.0,37.32083,-79.6325
WYAT-LD,539,Martinsville,VA,LPD,1.24,36.69194,-79.87222
WYSJ-CD,605,Yorktown,VA,DCA,15.0,36.81667,-76.46856
WZBJ-CD,503,Lynchburg,VA,DCA,15.0,37.35914,-79.15869
WZTD-LD,593,Richmond,VA,LPD,15.0,37.51267,-77.60133
W05AW-D,79,Christiansted,VI,LPT,3.0,17.75497,-64.79931
W05DP-D,79,Charlotte Amalie,VI,LPT,2.8,18.32992,-64.91061
W18EN-D,497,"Sion Farm, St Croix",VI,LPD,3.0,17.74556,-64.83611
W31EJ-D,575,"Tutu, St Thomas",VI,LPD,3.0,18.35772,-64.9715
WCVI-TV,527,Christiansted,VI,DTV,23.7,17.74806,-64.72778
WSVI,509,Christiansted,VI,DTV,1.01,17.74469,-64.83431
WTJX-TV,605,Charlotte Amalie,VI,DTV,42.9,18.35578,-64.94764
WVGN-LD,503,Charlotte Amalie,VI,LPD,3.25,18.35528,-64.94694
WVXF,491,Charlotte Amalie,VI,DTV,4.2,18.35528,-64.94694
WZVI,515,Charlotte Amalie,VI,DTV,6.0,18.32992,-64.91061
W20EH-D,509,"Pownal, Etc.",VT,LPT,1.26,42.86383,-73.23253
W23EU-D,527,Rutland,VT,LPT,0.69,43.56778,-73.00833
W25BT-D,539,Monkton,VT,LPT,0.369,44.22336,-73.12372
W30DM-D,569,"Manchester, Etc.",VT,LPT,0.796,43.16589,-73.11536
W34GE-D,593,Springfield,VT,LPD,15.0,43.28106,-72.48728
WCAX-TV,509,Burlington,VT,DTV,423.0,44.52572,-72.81558
WETK,581,Burlington,VT,DTV,90.0,44.52558,-72.81372
WFFF-TV,485,Burlington,VT,DTV,40.0,44.52589,-72.8154
WHNH-CD,57,"Manchester, Etc.",VT,DCA,3.0,41.70361,-72.83194
WNNE,473,Montpelier,VT,DTV,650.0,44.52558,-72.81567
WVER,195,Rutland,VT,DTS,15.0,43.65875,-73.10656
WVNY,177,Burlington,VT,DTV,14.0,44.52589,-72.8154
WVTB,557,St. Johnsbury,VT,DTV,84.1,44.57069,-71.89308
WYBM-LD,575,Brattleboro,VT,LPD,15.0,42.88933,-72.61378
K02RN-D,57,Seattle,WA,LPT,3.0,47.46889,-121.8225
K06PU-D,85,Yakima,WA,LPD,0.3,46.64056,-120.39722
K06QD-D,85,Pasco,WA,LPD,0.3,46.104,-119.13111
K07JO-D,177,Chelan Butte,WA,LPT,0.03,47.80706,-120.03422
K08AP-D,183,Brewster & Pateros,WA,LPT,0.003,48.01653,-119.982
K08AY-D,183,Winthrop-Twisp,WA,LPT,0.035,48.31792,-120.11617
K08CW-D,183,Malott Wakefield,WA,LPT,0.013,48.32653,-119.70478
K08CX-D,183,Tonasket,WA,LPT,0.015,48.78994,-119.38156
K08CY-D,183,Riverside,WA,LPT,0.002,48.49583,-119.515
K08QY-D,183,Seattle,WA,LPT,1.9,47.27872,-122.51289
K09AAL-D,189,"Spokane, Etc.",WA,LPT,0.2,47.57611,-117.30056
K09BI-D,189,Methow,WA,LPT,0.002,48.03681,-119.98644
K09ES-D,189,Cashmere,WA,LPT,0.01,47.53028,-120.48167
K09UP-D,189,Colville,WA,LPT,0.69,48.61753,-118.05986
K10AP-D,195,Brewster & Pateros,WA,LPT,0.02,48.01653,-119.982
K10BD-D,195,Winthrop-Twisp,WA,LPT,0.035,48.31792,-120.11617
K10DK-D,195,Malott Wakefield,WA,LPT,0.002,48.32653,-119.70478
K10DL-D,195,Tonasket,WA,LPT,0.015,48.78125,-119.38728
K10DM-D,195,Riverside,WA,LPT,0.002,48.49583,-119.515
K10LG-D,195,Dryden,WA,LPT,0.018,47.59983,-120.50925
K10RA-D,195,Coulee City,WA,LPT,0.009,47.64783,-119.38656
K11BM-D,201,Methow,WA,LPT,0.002,48.03681,-119.98644
K11EZ-D,201,Cashmere,WA,LPT,0.01,47.53028,-120.48167
K11WY-D,201,Coulee City,WA,LPT,0.03,47.64783,-119.38656
K12AV-D,207,Brewster & Pateros,WA,LPT,0.02,48.01653,-119.982
K12BA-D,207,Winthrop-Twisp,WA,LPT,0.035,48.31792,-120.11617
K12CV-D,207,Riverside,WA,LPT,0.001,48.49583,-119.515
K12CW-D,207,Malott Wakefield,WA,LPT,0.002,48.32653,-119.70478
K12CX-D,207,Tonasket,WA,LPT,0.015,48.78125,-119.38728
K12LV-D,207,Dryden,WA,LPT,0.018,47.59983,-120.50925
K12RD-D,207,Coulee City,WA,LPT,0.009,47.64783,-119.38656
K13ABC-D,213,Tonasket,WA,LPT,0.015,48.78994,-119.38155
K13ABD-D,213,Malott Wakefield,WA,LPT,0.002,48.32653,-119.70478
K13ABF-D,213,Riverside,WA,LPD,0.001,48.49583,-119.515
K13BA-D,213,Winthrop-Twisp,WA,LPT,0.035,48.31792,-120.11617
K13ER-D,213,Cashmere,WA,LPT,0.01,47.53028,-120.48167
K14HT-D,473,"Walla Walla, Etc.",WA,LPT,3.0,45.83189,-118.26139
K14SF-D,473,Brewster & Pateros,WA,LPT,0.04,48.01986,-119.97811
K15KC-D,479,Yakima,WA,LPD,15.0,46.53292,-120.49483
K15MI-D,479,Centralia/Chelasis,WA,LPD,6.1,46.55417,-123.05833
K15MW-D,479,Bellingham,WA,LPD,10.0,48.55861,-122.41083
K15NL-D,479,Omak,WA,LPT,0.2,48.44925,-119.30928
K15NN-D,479,Wenatchee,WA,LPD,0.5,47.53042,-120.48194
K16LV-D,485,Grays River,WA,LPT,0.5,46.46092,-123.55069
K17EV-D,491,Omak,WA,LPT,0.2,48.44925,-119.30928
K17IL-D,491,"Ellensburg, Etc.",WA,LPT,0.105,46.88733,-120.44256
K17KR-D,491,Mazama,WA,LPT,0.05,48.53875,-120.31328
K17NX-D,491,Centralia/Chehalis,WA,LPD,6.43,46.55417,-123.05833
K17OY-D,491,Centerville,WA,LPD,0.2,45.59444,-121.12972
K18AD-D,497,"East Wenatchee, Etc.",WA,LPT,0.06,47.274,-120.40617
K18NH-D,497,Puyallup,WA,LPT,4.4,47.17342,-122.26539
K18NI-D,497,"Point Pulley, Etc.",WA,LPT,2.2,47.42842,-122.439
K18NJ-D,497,Bellingham,WA,LPD,10.6,48.67917,-122.84333
K19AU-D,503,"Omak, Okanogan, Etc.",WA,LPT,0.2,48.44925,-119.30928
K19JC-D,503,Mazama,WA,LPT,0.05,48.53875,-120.31328
K19JX-D,503,Yakima,WA,LPD,15.0,46.531,-120.515
K19KU-D,503,Walla Walla,WA,LPT,1.0,45.83178,-118.26133
K19NN-D,503,"Moses Lake, Etc.",WA,LPT,2.0,47.32019,-119.80133
K20JL-D,509,"Ellensburg, Etc.",WA,LPT,0.105,46.88733,-120.44256
K20KG-D,509,Pasco,WA,LPD,1.0,46.23433,-119.3215
K20LQ-D,509,Yakima,WA,LPT,15.0,46.531,-120.515
K20NF-D,509,Seattle,WA,LPD,5.0,47.63167,-122.35083
K20NL-D,509,"Grays River, Lebam",WA,LPT,1.0,46.46092,-123.55069
K20PT-D,509,Wenatchee,WA,LPD,0.5,47.53042,-120.48194
K21JQ-D,515,Walla Walla,WA,DCA,1.36,45.98872,-118.17578
K21LD-D,515,Mazama,WA,LPT,0.05,48.53875,-120.31328
K21OT-D,515,Pasco-Kennewick,WA,LPD,13.5,46.10372,-119.13139
K22MO-D,521,Pateros,WA,LPD,2.16,48.01975,-119.97827
K23JU-D,527,Prosser,WA,LPD,2.02,46.18622,-119.75531
K23MU-D,527,Bridgeport,WA,LPT,0.071,48.04819,-119.712
K23NE-D,527,Ellensburg,WA,LPT,2.25,46.88733,-120.44256
K23PG-D,527,Yakima,WA,LPD,0.5,46.52856,-120.51853
K24IT-D,533,Hoquiam,WA,LPD,0.2,46.17794,-123.43778
K24LM-D,533,Bridgeport,WA,LPT,0.071,48.04819,-119.712
K24OS-D,533,Sunnyside,WA,LPT,15.0,46.18622,-119.75503
K24PB-D,533,Wenatchee,WA,LPD,0.5,47.53042,-120.48194
K25CG-D,539,Aberdeen,WA,LPD,8.15,46.92786,-123.73764
K25FP-D,539,Ellensburg,WA,LPD,0.43,46.88678,-120.44172
K25NY-D,539,Bridgeport,WA,LPT,0.071,48.04819,-119.712
K25PV-D,539,Yakima,WA,LPD,15.0,46.52817,-120.52228
K26GV-D,545,Omak,WA,LPD,0.29,48.44903,-119.30892
K26NF-D,545,Ellensburg,WA,LPT,1.53,46.88733,-120.44256
K26NM-D,545,Pullman,WA,LPT,6.0,46.86175,-117.17569
K27NZ-D,551,Longview,WA,LPD,0.956,46.18186,-122.95056
K27OO-D,551,Ellensburg,WA,LPD,13.3,46.88731,-120.44269
K28KW-D,557,Sunnyside,WA,LPD,4.0,46.33011,-120.03725
K28QK-D,557,Pasco,WA,LPD,15.0,46.11517,-119.02642
K28QL-D,557,Yakima,WA,LPD,5.0,46.52856,-120.51853
K28RJ-D,557,Wenatchee,WA,LPD,1.0,47.53039,-120.48189
K29ED-D,563,Everett,WA,LPD,2.2,47.97842,-122.1265
K29IB-D,563,"Grays River, Etc.",WA,LPT,0.45,46.46092,-123.55069
K29NM-D,563,Spokane,WA,LPD,15.0,47.57906,-117.29853
K29OZ-D,563,Wenatchee,WA,LPD,1.0,47.53039,-120.48189
K30RC-D,569,Bellingham,WA,LPD,7.5,48.68039,-122.84067
K31AH-D,575,"Omak, Etc",WA,LPT,0.2,48.44925,-119.30928
K31IR-D,575,Grays River,WA,LPT,0.8,46.46092,-123.55069
K31KL-D,575,Walla Walla,WA,DCA,2.8,46.06239,-118.38469
K31KT-D,575,Moses Lake,WA,LPD,1.0,47.19661,-119.22594
K31KW-D,575,Richland,WA,LPD,6.01,46.23433,-119.3215
K31QJ-D,575,Sunnyside-Grandview,WA,LPT,15.0,46.18622,-119.75503
K32IG-D,581,"Ellensburg, Etc.",WA,LPT,0.12,46.88733,-120.44256
K32KY-D,581,Pasco,WA,LPD,15.0,46.10372,-119.13139
K32MC-D,581,Baker Flats Area,WA,LPT,1.2,47.31917,-120.23917
K33EJ-D,587,Walla Walla,WA,DCA,15.0,45.98428,-118.16994
K33NM-D,587,"Omak, Etc.",WA,LPT,0.2,48.44925,-119.30928
K34MZ-D,593,Prosser,WA,LPT,1.37,46.1865,-119.75472
K34ND-D,593,Moses Lake,WA,LPD,15.0,47.32028,-119.80125
K34NN-D,593,Brewster & Pateros,WA,LPT,0.04,48.01986,-119.97811
K35HU-D,599,Grays River,WA,LPT,1.7,46.46092,-123.55069
K35MN-D,599,"Omak, Etc.",WA,LPT,0.2,48.44925,-119.30928
K35QN-D,599,Cashmere,WA,LPD,1.0,47.53039,-120.48189
K36EW-D,605,College Place,WA,DCA,0.226,46.03933,-118.37953
K36KY-D,605,Wenatchee,WA,LPD,1.52,47.32236,-120.24089
K36NZ-D,605,Clarkston,WA,LPD,6.0,46.45097,-117.04764
K36PH-D,605,Methow,WA,LPT,0.4,48.03681,-119.98644
KAYU-TV,557,Spokane,WA,DTV,445.0,47.57889,-117.29722
KBCB,503,Bellingham,WA,DTV,208.0,48.67917,-122.84333
KBTC-TV,551,Tacoma,WA,DTV,100.0,47.27872,-122.51289
KBWU-LD,605,"Richland, Etc.,",WA,LPD,13.3,46.104,-119.13111
KCKA,503,Centralia,WA,DTV,187.0,46.55417,-123.05833
KCPQ,213,Tacoma,WA,DTV,30.0,47.54778,-122.8075
KCTS-TV,189,Seattle,WA,DTV,21.7,47.61583,-122.30889
KCYU-LD,563,Yakima,WA,LPD,15.0,46.531,-120.515
KDHW-CD,599,Yakima,WA,DCA,15.0,46.531,-120.515
KDYS-LD,581,Spokane,WA,LPD,10.0,47.59922,-117.30033
KEPR-TV,497,Pasco,WA,DTV,150.0,46.09722,-119.1925
KEVE-LD,575,Vancouver,WA,LPD,15.0,45.52028,-122.74472
KFFV,485,Seattle,WA,DTV,260.0,47.61544,-122.30939
KGPX-TV,593,Spokane,WA,DTV,60.0,47.59306,-117.29722
KHBA-LD,599,Spokane,WA,LPD,10.7,47.57906,-117.29853
KHPN-LD,545,Olympia,WA,LPD,15.0,46.97289,-123.13947
KHQ-TV,479,Spokane,WA,DTV,1000.0,47.58111,-117.2975
KIMA-TV,587,Yakima,WA,DTV,100.0,46.5325,-120.51028
KING-TV,539,Seattle,WA,DTV,715.0,47.63167,-122.35083
KIRO-TV,527,Seattle,WA,DTV,715.0,47.63303,-122.35664
KNDO,485,Yakima,WA,DTV,150.0,46.53278,-120.50833
KNDU,545,Richland,WA,DTV,150.0,46.10306,-119.13139
KOMO-TV,569,Seattle,WA,DTV,915.0,47.63194,-122.35389
KONG,575,Everett,WA,DTV,701.0,47.63167,-122.35083
KORX-CD,485,Walla Walla,WA,DCA,1.0,45.98428,-118.16994
KPDX,569,Vancouver,WA,DTV,741.0,45.52167,-122.74917
KQAH-LD,599,Maltby,WA,LPD,15.0,47.63303,-122.35664
KQUP,533,Pullman,WA,DTV,57.0,47.25822,-117.091
KQUP-LD,473,Spokane,WA,LPD,15.0,47.60072,-117.33186
KREM,509,Spokane,WA,DTV,810.0,47.59472,-117.29917
KRLB-LD,563,"Richland, Etc",WA,LPD,4.9,46.23536,-119.32147
KRUM-LD,581,Seattle,WA,LPD,15.0,47.63167,-122.35083
KSKN,605,Spokane,WA,DTV,1000.0,47.59472,-117.29917
KSPS-TV,177,Spokane,WA,DTV,45.1,47.57611,-117.30056
KSTW,201,Tacoma,WA,DTV,100.0,47.61528,-122.30917
KTBW-TV,515,Tacoma,WA,DTV,107.0,47.54694,-122.79556
KTNW,521,Richland,WA,DTV,55.0,46.10356,-119.12906
KUNS-TV,533,Bellevue,WA,DTV,625.0,47.63194,-122.35389
KUNW-CD,569,Yakima,WA,DCA,15.0,46.5325,-120.51028
KUSE-LD,207,Seattle,WA,LPD,3.0,47.50453,-121.96944
KVBI-CD,491,Clarkston,WA,DCA,1.54,46.45097,-117.04736
KVEW,551,Kennewick,WA,DTV,160.0,46.10317,-119.1335
KVOS-TV,473,Bellingham,WA,DTV,535.0,48.68039,-122.84067
KVVK-CD,479,"Kennewick, Etc.",WA,DCA,15.0,46.09722,-119.1925
KWAL,189,Walla Walla,WA,DTV,160.0,46.53083,-117.945
KWDK,593,Tacoma,WA,DTV,123.0,47.50453,-121.96944
KWPX-TV,587,Bellevue,WA,DTV,480.0,47.50453,-121.96944
KWSU-TV,195,Pullman,WA,DTV,23.0,46.86175,-117.17569
KWWO-LD,491,Walla Walla,WA,LPD,15.0,45.79997,-118.37764
KWYT-LD,605,Yakima,WA,LPD,15.0,46.53292,-120.49483
KXLY-TV,213,Spokane,WA,DTV,34.5,47.92167,-117.11444
KYMU-LD,85,Seattle,WA,LPD,3.0,47.63303,-122.35664
KYPK-LD,581,Yakima,WA,LPD,13.7,46.53292,-120.49483
KYVE,515,Yakima,WA,DTV,50.0,46.53264,-120.51033
KZJO,605,Seattle,WA,DTV,1000.0,47.61564,-122.30844
K31GH-D,575,Hayward,WI,LPT,9.484,45.99803,-91.40433
KBJR-TV,503,Superior,WI,DTV,384.0,46.78919,-92.11428
W15EE-D,479,Ashland,WI,LPT,4.93,46.58981,-90.83703
W16DU-D,485,Bloomington,WI,LPT,4.58,42.90242,-90.94653
W17DZ-D,491,Sister Bay,WI,LPT,9.36,45.23786,-87.09128
W18FK-D,497,Elk Mound,WI,LPT,15.0,44.8,-91.46583
W19DP-D,503,La Crosse,WI,LPD,15.0,44.04194,-91.68
W19EN-D,503,River Falls,WI,LPT,6.0,44.90278,-92.68994
W20FH-D,509,Green Bay,WI,LPD,15.0,44.35889,-87.98289
W21DS-D,515,Sayner/Vilas County,WI,LPT,15.0,46.03194,-89.53028
W21EF-D,515,Fond Du Lac,WI,LPT,2.5,43.80031,-88.36983
W21EW-D,515,Wausau,WI,LPD,15.0,44.98319,-89.60214
W22FK-D,521,La Crosse,WI,LPD,7.5,43.85281,-90.46014
W23BW-D,527,Madison,WI,DCA,15.0,43.0525,-89.47833
W23FC-D,527,Eau Claire,WI,LPD,15.0,44.88292,-91.58708
W24CL-D,533,Grantsburg,WI,LPT,3.71,45.84133,-92.47069
W25FT-D,539,Madison,WI,LPD,7.5,43.85281,-90.46014
W26EE-D,545,Wittenberg,WI,LPD,15.0,44.96497,-89.00511
W27AU-D,551,Wausau,WI,LPD,1.1,44.88806,-89.65194
W29ET-D,563,Coloma,WI,LPT,4.0,44.02022,-89.55869
W30BU-D,569,Green Bay,WI,LPD,1.0,44.35925,-87.98575
W30DZ-D,569,Fence,WI,LPT,3.22,45.73533,-88.42731
W31EV-D,575,Stevens Point,WI,LPD,15.0,44.47739,-89.95806
W33DH-D,587,Eau Claire,WI,LPD,15.0,44.8,-91.46583
W34FC-D,593,La Crosse,WI,LPT,15.0,43.80639,-91.3675
W35DM-D,599,Minocqua,WI,LPT,2.3,46.03194,-89.53028
W35DY-D,599,Stoughton,WI,LPT,2.5,42.58953,-89.16919
W35EQ-D,599,Green Bay,WI,LPT,15.0,44.33336,-87.98214
W36EI-D,605,Wausau,WI,LPD,0.2,45.05611,-89.465
W36FN-D,605,Baraboo,WI,LPD,7.5,43.85281,-90.46014
WACY-TV,605,Appleton,WI,DTV,85.0,44.35833,-87.98011
WAOW,189,Wausau,WI,DTV,96.3,44.92061,-89.69131
WBAY-TV,527,Green Bay,WI,DTV,1000.0,44.40961,-88.00186
WBME-CD,491,Milwaukee,WI,DCA,15.0,43.11167,-87.93056
WCWF,479,Suring,WI,DTV,600.0,44.40889,-87.99194
WDJT-TV,563,Milwaukee,WI,DTV,1000.0,43.11167,-87.93056
WDMW-LD,533,Milwaukee,WI,LPD,15.0,42.96806,-88.18892
WEAU,491,Eau Claire,WI,DTV,740.0,44.66389,-90.96139
WECX-LD,473,Eau Claire,WI,LPD,10.1,44.66389,-90.96139
WEUX,515,Chippewa Falls,WI,DTV,600.0,44.95667,-91.66778
WFRV-TV,521,Green Bay,WI,DTV,1000.0,44.33336,-87.98214
WGBA-TV,473,Green Bay,WI,DTV,500.0,44.35833,-87.98011
WGBD-LD,491,Green Bay,WI,LPD,15.0,44.40889,-87.99194
WHA-TV,509,Madison,WI,DTV,200.0,43.05583,-89.535
WHLA-TV,479,La Crosse,WI,DTV,400.0,43.80508,-91.36808
WHRM-TV,533,Wausau,WI,DTV,400.0,44.92061,-89.69131
WHWC-TV,551,Menomonie,WI,DTV,400.0,45.04692,-91.86322
WIFS,515,Janesville,WI,DTV,175.0,43.05583,-89.535
WISC-TV,201,Madison,WI,DTV,46.9,43.05583,-89.535
WISN-TV,557,Milwaukee,WI,DTV,1000.0,43.11167,-87.92833
WITI,575,Milwaukee,WI,DTV,1000.0,43.09056,-87.89722
WIWN,79,Fond Du Lac,WI,DTV,9.0,43.09617,-87.90417
WJFW-TV,485,Rhinelander,WI,DTV,269.0,45.6675,-89.20806
WKBT-DT,183,La Crosse,WI,DTV,38.7,44.09111,-91.33806
WKOW,545,Madison,WI,DTV,800.0,43.05583,-89.535
WLAX,587,La Crosse,WI,DTV,1000.0,43.80444,-91.37217
WLEF-TV,605,Park Falls,WI,DTV,400.0,45.94514,-90.27292
WLUK-TV,497,Green Bay,WI,DTV,500.0,44.40889,-87.99194
WLWK-CD,503,Sturgeon Bay,WI,DCA,4.1,44.90381,-87.36894
WMEI,575,Shawano,WI,DTV,1000.0,44.33336,-87.98214
WMKE-CD,605,Milwaukee,WI,DCA,15.0,43.09617,-87.90417
WMLW-TV,491,Racine,WI,DTV,15.0,43.11167,-87.93056
WMOW,213,Crandon,WI,DTV,3.2,45.57317,-88.88297
WMSN-TV,497,Madison,WI,DTV,440.0,43.05583,-89.535
WMTV,503,Madison,WI,DTV,155.0,43.05083,-89.48694
WMVS,183,Milwaukee,WI,DTV,32.0,43.09617,-87.90417
WMVT,183,Milwaukee,WI,DTV,32.0,43.09617,-87.90417
WMWD-LD,479,Madison,WI,LPD,15.0,43.0525,-89.47833
WMWI-LD,491,Verona,WI,LPD,15.0,43.16942,-89.26067
WNWE,545,Eagle River,WI,DTV,1.4,45.77494,-89.24875
WPDR-LD,599,Tomah,WI,LPD,15.0,43.89722,-90.5825
WPNE-TV,539,Green Bay,WI,DTV,400.0,44.40961,-88.00186
WPVS-LD,189,Milwaukee,WI,LPD,3.0,43.09617,-87.90417
WPXE-TV,569,Kenosha,WI,DTV,800.0,43.09056,-87.89722
WQOW,539,Eau Claire,WI,DTV,253.0,44.8,-91.46583
WRJT-LD,593,Wausau,WI,LPD,7.5,44.64264,-89.85667
WSAW-TV,177,Wausau,WI,DTV,72.0,44.92061,-89.69131
WTAS-LD,527,Waukesha,WI,LPD,15.0,42.96806,-88.18892
WTMJ-TV,581,Milwaukee,WI,DTV,1000.0,43.09139,-87.90194
WTPX-TV,503,Antigo,WI,DTV,24.5,45.05917,-89.43611
WTSJ-LD,545,Milwaukee,WI,LPD,10.0,43.09617,-87.90417
WVCY-TV,575,Milwaukee,WI,DTV,1000.0,43.09056,-87.89722
WVTV,551,Milwaukee,WI,DTV,1000.0,43.09667,-87.905
WWRS-TV,593,Mayville,WI,DTV,504.0,43.4365,-88.52608
WXOW,557,La Crosse,WI,DTV,251.0,43.80639,-91.3675
WYOW,557,Eagle River,WI,DTV,80.0,45.77494,-89.24875
WYTU-LD,485,Milwaukee,WI,LPD,7.0,43.11167,-87.93056
WZAW-LD,587,Wausau,WI,LPD,15.0,45.05611,-89.465
WZCK-LD,533,Madison,WI,LPD,15.0,43.0525,-89.47667
WZEO-LD,545,La Crosse,WI,LPD,15.0,43.74786,-91.2985
W16DT-D,485,Keyser,WV,LPD,15.0,39.38231,-79.07897
W17EF-D,491,Wheeling,WV,LPT,15.0,40.21611,-80.55833
W17FA-D,491,Parkersburg,WV,LPD,15.0,39.22542,-81.60664
W19FP-D,503,Wheeling,WV,LPD,15.0,40.06131,-80.75228
W19FS-D,503,Beckley,WV,LPD,15.0,37.79019,-81.17136
W19FT-D,503,Huntington,WV,LPD,15.0,38.41972,-82.40167
W21DZ-D,515,Romney,WV,LPT,15.0,39.31586,-78.71858
W21EA-D,515,Parkersburg,WV,LPD,0.1,39.34994,-81.56539
W22CV-D,521,Moorefield,WV,LPT,0.095,38.98258,-78.90833
W23FX-D,527,Charleston,WV,LPD,15.0,38.31406,-81.52836
W24ER-D,533,Clarksburg,WV,LPD,4.75,39.27556,-80.29528
W24ES-D,533,Moorefield,WV,LPT,0.1,38.98258,-78.90833
W25FR-D,539,Clarksburg,WV,LPD,0.2,39.39258,-81.21483
W25FS-D,539,Clarksburg,WV,LPD,1.0,39.30056,-80.34333
W25FX-D,539,Sutton,WV,LPD,0.2,38.66353,-80.71222
W25GL-D,539,Charleston,WV,LPD,15.0,38.3305,-81.66072
W26EW-D,545,Huntington,WV,LPD,15.0,38.41972,-82.40167
W27EE-D,551,Martinsburg,WV,LPD,15.0,39.46006,-78.06242
W27EF-D,551,Charleston,WV,LPD,0.83,38.37528,-81.65556
W27EI-D,551,Moorefield,WV,LPT,0.1,38.98258,-78.90833
W28DR-D,557,Cedarville,WV,LPT,10.1,38.72864,-80.66342
W29DH-D,563,Moorefield,WV,LPT,0.1,38.98258,-78.90833
W29GC-D,563,Kingwood,WV,LPD,15.0,39.44356,-79.60792
W31FR-D,575,Morgantown,WV,LPD,15.0,39.50722,-79.91583
W33EJ-D,587,Moorefield,WV,LPT,0.1,38.98258,-78.90833
W34FE-D,593,Parkersburg,WV,LPD,15.0,39.24669,-81.41694
W35DI-D,599,Roanoke,WV,LPD,0.2,39.30056,-80.34333
W36FR-D,605,Parkersburg,WV,LPD,15.0,39.34994,-81.56539
WBOY-TV,207,Clarksburg,WV,DTV,12.25,39.285,-80.32944
WCHS-TV,563,Charleston,WV,DTV,533.0,38.40778,-81.90333
WDTV,587,Weston,WV,DTV,935.0,39.30056,-80.34333
WHJC-LP,551,Williamson,WV,LPD,7.5,37.70472,-82.21444
WHWV-LD,515,Huntington,WV,LPD,15.0,38.39881,-82.30306
WIYE-LD,545,Parkersburg,WV,LPD,15.0,39.34994,-81.56539
WLFB,539,Bluefield,WV,DTV,734.0,37.22008,-81.25528
WLPX-TV,497,Charleston,WV,DTV,765.0,38.50586,-82.20897
WNPB-TV,593,Morgantown,WV,DTV,660.0,39.69583,-79.76222
WOAY-TV,575,Oak Hill,WV,DTV,320.0,37.95739,-81.15056
WOCW-LD,587,Charleston,WV,LPD,15.0,38.46997,-81.77644
WOVA-CD,509,Parkersburg,WV,DCA,15.0,39.34994,-81.56539
WOWK-TV,195,Huntington,WV,DTV,37.0,38.50586,-82.20897
WSAZ-TV,521,Huntington,WV,DTV,800.0,38.51008,-82.21931
WSWP-TV,183,Grandview,WV,DTV,29.9,37.89622,-80.98897
WTAP-TV,599,Parkersburg,WV,DTV,350.0,39.34994,-81.56539
WTRF-TV,177,Wheeling,WV,DTV,25.4,40.06147,-80.75203
WUSV-LD,485,Fairmont,WV,LPD,0.27,39.27556,-80.29528
WVAH-TV,533,Charleston,WV,DTV,533.0,38.40778,-81.90333
WVFX,213,Clarksburg,WV,DTV,32.0,39.30056,-80.34333
WVMY-LD,183,Parkersburg,WV,LPD,1.3,39.33822,-81.49889
WVNS-TV,201,Lewisburg,WV,DTV,10.0,37.77292,-80.70714
WVPB-TV,189,Huntington,WV,DTV,30.0,38.49481,-82.20069
WVUX-LD,195,Fairmont,WV,LPD,3.0,39.28661,-80.3655
WVVA,491,Bluefield,WV,DTV,545.0,37.25586,-81.18147
WWPX-TV,213,Martinsburg,WV,DTV,4.2,39.23917,-77.77111
WWVW-LD,183,Wheeling,WV,LPD,1.5,40.06147,-80.75203
WZTS-LD,485,Summersville,WV,LPD,0.5,37.928,-80.96967
K02LH-D,57,Clarks Fork,WY,LPT,0.04,44.89356,-109.64017
K05GJ-D,79,"Thayne, Etc.",WY,LPT,0.216,43.02297,-111.07325
K07HM-D,177,"Big Piney, Etc.",WY,LPT,0.012,42.56964,-109.91153
K07PB-D,177,"Thayne, Etc.",WY,LPT,0.261,43.02297,-111.07325
K09XK-D,189,Sheridan,WY,LPD,2.29,44.62689,-107.11478
K09XL-D,189,Douglas,WY,LPD,0.057,42.76306,-105.42072
K10FQ-D,195,"Big Laramie, Etc.",WY,LPT,1.0,41.23775,-105.46386
K10HO-D,195,"Big Piney, Etc.",WY,LPT,0.049,42.56964,-109.91153
K11RN-D,201,Douglas,WY,LPT,0.16,42.76306,-105.42072
K12LI-D,207,"Thayne, Etc.",WY,LPT,0.261,43.10511,-111.12272
K13NZ-D,213,Shoshoni,WY,LPT,0.14,43.45717,-108.20119
K14RF-D,473,Cody,WY,LPT,0.733,44.58717,-108.85292
K15HK-D,479,Sheridan,WY,LPT,15.0,44.62381,-107.11808
K15II-D,479,Newcastle,WY,LPT,0.23,43.83997,-104.20131
K15KM-D,479,Sundance,WY,LPT,0.92,44.38803,-104.37689
K15MP-D,479,Rawlins,WY,LPT,2.75,41.68128,-107.237
K16AE-D,485,Gillette,WY,LPD,0.77,44.30472,-105.56528
K16CS-D,485,"Pinedale, Etc.",WY,LPT,0.25,42.91908,-110.01514
K16HW-D,485,"Evanston, Etc.",WY,LPT,0.394,41.35106,-110.89794
K16IO-D,485,Chugwater,WY,LPT,0.9,41.76911,-104.81689
K16JI-D,485,Casper,WY,LPD,12.6,42.84997,-106.36358
K16LM-D,485,Teton Village,WY,LPT,0.5,43.5965,-110.86956
K16LT-D,485,"Dubois, Etc.",WY,LPT,0.3,43.49939,-109.68847
K16NU-D,485,"Mountain View, Etc.",WY,LPT,0.3,41.10533,-110.21069
K17JZ-D,491,Bondurant,WY,LPT,0.491,43.10622,-110.23128
K17KC-D,491,Meeteetse,WY,LPT,1.3,44.21217,-108.859
K17NG-D,491,Sage Junction,WY,LPT,2.0,41.81897,-110.97411
K18JA-D,497,Pinedale,WY,LPT,0.1,42.91908,-110.01514
K18JD-D,497,Torrington,WY,LPT,0.23,42.07633,-104.19161
K18JJ-D,497,Crowheart,WY,LPT,0.335,43.13506,-108.91719
K18NV-D,497,Cheyenne,WY,LPD,4.66,41.15958,-104.72217
K19FG-D,503,Jackson,WY,LPT,0.9,43.46203,-110.75356
K19FX-D,503,Laramie,WY,LPT,0.68,41.28497,-105.44525
K19GX-D,503,Buffalo,WY,LPT,0.2,44.25303,-106.67308
K19HJ-D,503,"Pinedale, Etc.",WY,LPT,0.1,42.91908,-110.01514
K19KW-D,503,Greybull,WY,LPT,1.15,44.413,-107.99761
K19LM-D,503,"Cody, Powell",WY,LPT,1.0,44.58717,-108.85292
K19MG-D,503,Rawlins,WY,LPT,0.32,41.77103,-107.23803
K20LT-D,509,"Diamond Basin, Etc.",WY,LPT,1.26,44.49356,-109.16931
K20PK-D,509,Hulett,WY,LPT,0.8,44.71433,-104.57519
K21JU-D,515,Meeteetse,WY,LPT,1.34,44.21217,-108.85817
K22AD-D,521,Gillette,WY,LPD,0.48,44.24806,-105.495
K22CI-D,521,Lander,WY,LPT,0.94,42.89522,-108.72678
K22IY-D,521,Big Piney,WY,LPT,0.27,42.91908,-110.01514
K22MC-D,521,Casper,WY,LPD,0.1,42.74361,-106.30917
K22NJ-D,521,Lucerne,WY,LPT,0.87,44.05275,-107.84928
K22PA-D,521,Wheatland,WY,LPT,1.2,42.04531,-104.95772
K22PP-D,521,Jackson,WY,LPD,0.5,43.47075,-110.76633
K23DS-D,527,Evanston,WY,LPT,0.23,41.35022,-110.90517
K23IX-D,527,"Clark, Etc.",WY,LPT,0.25,44.93883,-109.11736
K23QB-D,527,Freedom,WY,LPT,0.2,43.10513,-111.12271
K24GT-D,533,Kemmerer,WY,LPT,0.37,41.83806,-110.50389
K24MJ-D,533,Shoshoni,WY,LPT,1.0,43.43778,-107.99667
K24MK-D,533,Glenrock,WY,LPT,0.4,42.89117,-105.86828
K24OE-D,533,Jackson,WY,LPD,0.5,43.47076,-110.76625
K25LI-D,539,Wright,WY,LPT,0.9,43.72386,-105.885
K25OV-D,539,Cody,WY,LPT,0.708,44.58717,-108.85289
K25RJ-D,539,Freedom,WY,LPT,0.2,43.10511,-111.12271
K26LW-D,545,Sheridan,WY,LPT,1.43,44.60189,-106.93228
K26NL-D,545,Gillette,WY,LPT,5.8,44.30472,-105.56528
K26OM-D,545,Shoshoni,WY,LPT,0.3,43.43778,-107.99667
K26QH-D,545,Cheyenne,WY,LPD,15.0,41.14861,-104.95667
K27KV-D,551,Evanston,WY,LPT,0.55,41.35161,-110.90628
K27OU-D,551,Lovell,WY,LPT,0.9,44.81658,-107.90456
K27PT-D,551,Casper,WY,LPT,3.3,42.74056,-106.36
K28HL-D,557,Riverton,WY,LPT,0.3,43.45758,-108.19494
K28JU-D,557,"Rock Springs, Etc.",WY,LPT,0.5,41.57861,-109.32056
K28KM-D,557,Clareton,WY,LPD,1.12,43.70222,-105.1025
K29HG-D,563,Jackson,WY,LPD,0.128,43.59714,-110.87075
K29HV-D,563,"La Barge, Etc.",WY,LPT,0.25,42.15742,-110.32819
K29IG-D,563,Sunlight Basin,WY,LPT,0.22,44.75394,-109.375
K29IH-D,563,"Meeteetse, Etc.",WY,LPT,1.25,44.21228,-108.85833
K29JO-D,563,Douglas,WY,LPT,1.1,42.72361,-105.30667
K30GV-D,569,Shoshoni,WY,LPT,0.3,43.45758,-108.19494
K30MX-D,569,Wyodak,WY,LPT,1.2,44.30472,-105.56528
K30OU-D,569,"Cody, Etc",WY,LPT,1.2,44.58717,-108.85289
K31DC-D,575,Freedom,WY,LPT,0.2,43.11881,-111.13019
K31FW-D,575,Lyman,WY,LPT,0.3,41.10522,-110.20431
K31JO-D,575,"Wood River, Etc.",WY,LPT,0.25,44.07494,-108.93678
K31LF-D,575,Clareton,WY,LPT,0.245,43.74447,-105.4675
K32IF-D,581,"North Fork, Etc.",WY,LPT,0.2,44.49356,-109.16931
K32JN-D,581,"Big Piney, Etc",WY,LPT,0.02,42.56964,-109.91153
K32PH-D,581,Freedom,WY,LPT,0.2,43.10513,-111.12269
K33DS-D,587,Freedom-Etna,WY,LPT,0.2,43.10511,-111.12272
K33IX-D,587,Rock Springs,WY,LPD,0.1,41.59722,-109.23
K33JQ-D,587,"Big Piney, Etc.",WY,LPT,0.02,42.56964,-109.91153
K35CV-D,599,Shoshoni,WY,LPT,0.88,43.45744,-108.20147
K36JD-D,605,Jackson,WY,LPD,0.085,43.46186,-110.75408
K36JO-D,605,Cheyenne,WY,LPT,15.0,41.15958,-104.72217
K36OU-D,605,Mountain View,WY,LPT,0.3,41.10533,-110.21069
K36QW-D,605,Casper,WY,LPT,15.0,42.74056,-106.36
KCWC-DT,183,Lander,WY,DTV,60.0,42.58306,-108.71056
KCWY-DT,207,Casper,WY,DTV,16.5,42.74361,-106.30722
KFNB,509,Casper,WY,DTV,52.4,42.74056,-106.36
KFNE,195,Riverton,WY,DTV,11.3,43.45717,-108.20119
KFNR,189,Rawlins,WY,DTV,0.978,41.77103,-107.23803
KGSC-LD,587,Cheyenne,WY,LPD,10.0,41.15958,-104.72217
KGWC-TV,473,Casper,WY,DTV,53.3,42.74056,-106.36
KGWL-TV,177,Lander,WY,DTV,14.3,42.89522,-108.72678
KGWN-TV,569,Cheyenne,WY,DTV,459.0,41.10011,-105.007
KGWR-TV,213,Rock Springs,WY,DTV,14.2,41.43911,-109.11233
KKTQ-CD,485,Cheyenne,WY,DCA,1.0,41.14861,-104.95667
KLWY,551,Cheyenne,WY,DTV,169.0,41.05014,-104.89264
KOPA-CD,189,Gillette,WY,DCA,0.3,44.24306,-105.53917
KPTW,183,Casper,WY,DTV,11.5,42.74064,-106.36072
KQCK,201,Cheyenne,WY,DTV,31.1,40.54625,-105.19775
KSGW-TV,213,Sheridan,WY,DTV,50.0,44.62217,-107.11644
KSWY,177,Sheridan,WY,DTV,0.34,44.62306,-107.11728
KTWO-TV,491,Casper,WY,DTV,52.9,42.74056,-106.36
KWYP-DT,183,Laramie,WY,DTV,64.0,41.30983,-105.45556
